user_id,session_start_dttm,moscow_flag,desktop_flag,satisfaction_metric,_rand device,_rand group,_rand metric
95739,2024-01-01 00:19:48,0,0,-0.5813107815109928,0.10745999826150177,0.039784037877410916,0.268182437831365
49362,2024-01-01 00:32:59,0,0,2.64811216182388,0.7065619938610384,0.5487248813899582,0.15492762851028807
16377,2024-01-01 00:40:00,1,0,0.0446884911801912,0.3180516987101314,0.28548422421576625,0.8613252037802602
64361,2024-01-01 00:55:24,0,1,4.141647600870462,0.23399979503152413,0.34072175223122614,0.78255390453497
65977,2024-01-01 01:01:21,0,1,1.159843523037472,0.4340749876327712,0.29448841145857096,0.7915541075359483
87899,2024-01-01 01:13:48,0,1,0.0489648113461635,0.37509103240572494,0.648953185443939,0.5809780312445879
9025,2024-01-01 01:20:42,0,0,1.594690211370184,0.9491272138244405,0.3892972818587369,0.3160460246181349
81925,2024-01-01 01:32:42,0,0,1.721225372799792,0.7109118609714237,0.4578326080483136,0.4841160630296495
97871,2024-01-01 01:57:24,0,0,2.322135894078477,0.689681370685509,0.23511811742153355,0.6789564932515167
87064,2024-01-01 02:07:11,1,0,1.0639777113688549,0.2442795917771614,0.759537629141731,0.8997219655344674
15407,2024-01-01 03:08:14,0,0,0.762740280902598,0.6856631751519214,0.8135437858880565,0.6294446140941106
86913,2024-01-01 03:17:11,0,1,2.412732611595988,0.7442340531471886,0.25062759992129635,0.12096462638310723
24818,2024-01-01 03:26:29,1,1,2.532309185553349,0.32779599007089333,0.7239779880940678,0.26423922076959694
97657,2024-01-01 04:22:33,1,0,0.5786627253543006,0.9901933999422841,0.29025837580473546,0.535106676529896
70820,2024-01-01 04:24:06,1,1,2.365444064364078,0.9238538274098728,0.6802915872232995,0.5819547408248973
61718,2024-01-01 04:25:34,0,0,1.889346253772349,0.42347799704112354,0.31900329251147774,0.34000913805214406
21384,2024-01-01 04:43:55,0,0,1.635843338265932,0.12776720991763135,0.6951652807977471,0.0067137602620355175
16802,2024-01-01 05:34:57,1,0,-0.3090950523879856,0.42678185919298517,0.7560556732132919,0.41474211295626306
82175,2024-01-01 05:38:09,0,0,1.0465131702147414,0.57603691620397,0.13065920292239552,0.7857994493729602
88540,2024-01-01 06:19:11,0,0,3.063894535656668,0.3996983647541693,0.42157335890555125,0.31399133948435587
57158,2024-01-01 06:36:53,0,1,1.4877572709284623,0.012319271432373657,0.6893718330739905,0.22578839423200825
53875,2024-01-01 06:38:05,0,1,3.2225413386740303,0.19075408801467886,0.6891245509922106,0.9054792457693852
47552,2024-01-01 06:43:09,1,1,2.777791935428948,0.16311642476078103,0.810031006412157,0.24544657135670322
89467,2024-01-01 06:57:51,1,0,0.9582027721244876,0.5831315557708184,0.17631512328302013,0.9667327972468707
88308,2024-01-01 07:09:39,1,1,3.1272412069680326,0.7056480397564965,0.14414155806094608,0.3249937756212268
37051,2024-01-01 07:12:46,1,0,1.1615246521538467,0.5549800544053739,0.941464792575006,0.07083134367072874
15906,2024-01-01 07:52:47,0,0,2.0793156564321205,0.7844325546504386,0.38001106596473866,0.14114441985910842
75970,2024-01-01 08:01:14,1,0,0.6710801296666229,0.7881298133413849,0.06532332459765167,0.5870908877443113
20577,2024-01-01 08:28:34,1,1,2.368750784082499,0.9082920702397529,0.9455757955562493,0.28918673087701985
25944,2024-01-01 08:40:51,0,1,2.4675093422520455,0.2745659415851016,0.4182596480629276,0.5188783300751046
1995,2024-01-01 08:41:54,1,0,1.01839421557132,0.39437703815296543,0.14140697687359527,0.8012291888457637
27503,2024-01-01 09:16:12,0,1,1.1862272717521225,0.8258331282989089,0.7234150277252169,0.9042881560562084
17097,2024-01-01 09:46:34,1,0,0.3486257099324478,0.8758464039130454,0.5201702224840665,0.9613134224475881
54166,2024-01-01 09:49:41,1,0,1.704190345123167,0.4677248053381723,0.1257849590665604,0.6453795912510498
6501,2024-01-01 10:20:16,1,1,1.8860525423451249,0.2486388316955157,0.25238552113844126,0.2796404842157112
17663,2024-01-01 10:28:25,1,0,0.6967983832895025,0.9221617694090777,0.7595818704512827,0.945930993399557
53761,2024-01-01 11:17:54,1,0,-0.2123682930597257,0.8494590797118343,0.12195955278115878,0.29938041638097923
24289,2024-01-01 11:28:45,1,0,1.089508999763814,0.9109610111184929,0.13412536404096098,0.650702553053353
87529,2024-01-01 11:33:27,1,0,2.0813747939371465,0.20255530618589124,0.33766511034748425,0.6401082500716221
21698,2024-01-01 11:35:33,0,0,0.0568400756306104,0.9507242197668557,0.0860733077403888,0.42076324306575075
12529,2024-01-01 12:04:22,1,0,0.7722344544186571,0.5121307804284857,0.40856813799719216,0.07435878022801579
73615,2024-01-01 12:05:28,0,0,1.4914525899395903,0.5600645438394642,0.0680600789007797,0.33562427476570356
19012,2024-01-01 12:19:53,1,0,2.0955224114958098,0.5145529635507552,0.7326697798639651,0.44350217404259196
58547,2024-01-01 12:23:57,0,0,1.7329085574375345,0.26829474709840695,0.34301217599249667,0.8705015023977517
18427,2024-01-01 12:39:56,1,1,0.6978204931376819,0.3964567116387663,0.007717169860550488,0.8429214745834516
59627,2024-01-01 12:40:48,0,0,1.7722114773525048,0.5042335363951053,0.5924984341658319,0.04478917827424522
36835,2024-01-01 12:47:19,0,0,-0.3150291055377534,0.7442725084944033,0.22804595329679977,0.2563371168468933
51418,2024-01-01 13:15:14,1,1,2.940564716391214,0.10584536024628233,0.7055483245866608,0.8229310465032177
34671,2024-01-01 13:16:16,0,1,1.1755187843087604,0.7262346931966767,0.9101095140084385,0.636844465900188
83,2024-01-01 13:16:55,1,0,-1.1375005960805875,0.5021420868570052,0.7573182477393158,0.8808845368889905
97581,2024-01-01 13:20:06,0,0,2.461799167547305,0.3418115104424806,0.07910769026624387,0.40354339865654476
20495,2024-01-01 13:21:33,0,1,1.845470517931198,0.6789158850889963,0.8474142291934504,0.8400322756278809
63707,2024-01-01 13:25:23,0,1,1.5935849836153844,0.25489882643745865,0.22554054444333382,0.15682001679744462
81447,2024-01-01 13:40:51,1,0,0.6265570336504849,0.24606945216026443,0.6804282852408744,0.8725243944022917
35486,2024-01-01 13:47:16,1,1,1.041117399171001,0.29667918913989644,0.5581188191333394,0.43280629129641035
71962,2024-01-01 13:50:31,1,0,1.9785928636649643,0.4273822184244046,0.9929271040321764,0.9859374182032493
49362,2024-01-01 14:03:16,0,1,1.9831988424957112,0.995688272488762,0.5172564127461566,0.16952921060968174
67810,2024-01-01 14:25:56,1,1,2.4308210030078827,0.6660785637913003,0.6399900739059933,0.20249528861489674
88997,2024-01-01 14:41:13,0,1,1.9500740890137471,0.18897535773377516,0.4971381611536687,0.7250554379056543
17723,2024-01-01 14:51:57,0,0,2.31003969286695,0.5534243393194305,0.4379673721824041,0.025249928558112478
21203,2024-01-01 15:07:19,0,0,2.9822603001455894,0.48710826633680004,0.36379543659719704,0.9088840453817653
89948,2024-01-01 15:12:55,1,1,2.066030697561216,0.5756855183710912,0.9852782487578053,0.2621776713290369
1010,2024-01-01 15:22:03,0,0,1.5262020181238958,0.41086670285212035,0.3286092666301723,0.8604695728203733
66756,2024-01-01 15:36:38,0,1,3.1289722927208916,0.9346366915457563,0.5332496036531638,0.7870059828060005
64011,2024-01-01 15:39:18,1,0,1.9747518150865817,0.31859682009083556,0.9368374579611427,0.9032015962366333
26911,2024-01-01 15:51:33,1,0,-0.2792539721752665,0.048825919748532676,0.30203418744038446,0.9238971036620198
73073,2024-01-01 16:00:25,0,0,-0.5452999455287577,0.6337043395729556,0.05264153263165505,0.48425972884693613
25586,2024-01-01 16:08:37,0,1,2.8784503013072724,0.29163634680828554,0.11013395371245194,0.18546026636413038
28887,2024-01-01 16:15:53,1,1,2.304717079754431,0.09710320045830523,0.3315510594270247,0.3479703882717653
6659,2024-01-01 16:28:27,1,0,0.6591034205549827,0.7964658728595627,0.8465341961814313,0.05333466411970311
10169,2024-01-01 16:29:10,0,1,1.8151376364547391,0.7795977795862844,0.7817822039787158,0.0675903829128136
35366,2024-01-01 16:36:25,1,0,1.6107421557961945,0.6217959422095042,0.31683281851070766,0.5451059952597838
21761,2024-01-01 16:37:09,0,0,1.8743424284463872,0.026067402504556747,0.49770151336151514,0.024921325892533597
40529,2024-01-01 16:42:14,0,0,0.1538978638226691,0.45981235224313544,0.32593269450031004,0.41905513425066654
64775,2024-01-01 16:52:04,0,0,0.501062450038054,0.886092602025325,0.7785151874245962,0.2586736362048332
44634,2024-01-01 17:11:35,1,1,2.615979422575496,0.8422096966023073,0.2015731651938103,0.1842724503600328
72204,2024-01-01 17:30:09,1,0,0.4617009046833505,0.09285875059096371,0.3883995804346786,0.7586667193550206
83157,2024-01-01 17:37:58,0,1,1.6478664495117703,0.5707128530008696,0.6059775594709361,0.8128334929210836
57824,2024-01-01 17:56:11,1,0,-0.8959851991460643,0.28266976136001487,0.7399758006676821,0.7926813157711172
91632,2024-01-01 17:56:39,1,0,-0.4126410226012216,0.1574672867897281,0.26903870618040626,0.5780273149638575
67627,2024-01-01 17:59:29,1,0,1.9364004170146472,0.27914557480775803,0.6820399300801886,0.9148186109818719
66159,2024-01-01 18:01:49,1,0,2.4210759380697837,0.2902300203808109,0.06523275569026599,0.7069534604621851
87072,2024-01-01 18:14:52,0,0,1.2363242820282008,0.6407707072519317,0.7551849909055437,0.8502823662400619
51342,2024-01-01 18:28:33,0,0,-0.3811639314907737,0.38761712233803713,0.7311874559198829,0.5137630981921031
45817,2024-01-01 18:30:52,1,0,2.362458244000213,0.664967164008248,0.7348300016631533,0.23547337896574527
37051,2024-01-01 18:32:19,1,0,2.003476290877664,0.5750779080760842,0.4040168929371024,0.3020681199873435
89257,2024-01-01 18:33:54,0,0,2.106006291502786,0.236767461053341,0.5131017924587052,0.16187005769085117
71811,2024-01-01 18:38:07,1,0,1.265528649116472,0.7376132908492042,0.6193655496296523,0.49396485097954956
94797,2024-01-01 19:47:53,0,1,1.1407075371167616,0.7131023752074782,0.7426083976995541,0.15827668550828022
65276,2024-01-01 19:55:58,0,0,2.940866939181869,0.009678036374676569,0.6294302662577504,0.42653181224743897
32375,2024-01-01 19:59:06,0,1,2.7432541712034424,0.1503736852720896,0.940257129890692,0.5614428310063077
27605,2024-01-01 20:37:04,0,0,1.1071550728393236,0.4476027656290791,0.8802500164266172,0.2933665575938035
18290,2024-01-01 20:37:40,0,0,2.1379567694000485,0.4542438218881669,0.7841849605135407,0.6196720170497206
1963,2024-01-01 20:39:48,0,0,0.9622449655514694,0.5278867519813893,0.7222464050656241,0.6736130675368894
56238,2024-01-01 20:43:37,0,1,1.3190704555960586,0.4536110128270632,0.7696161384968443,0.5051272635766931
31454,2024-01-01 20:47:05,0,1,2.650592787824701,0.3334996901194758,0.00040097871466149293,0.243841283460822
51405,2024-01-01 21:02:17,0,0,2.9250128017358517,0.6433866339263861,0.9511388611436757,0.9072494505875885
40567,2024-01-01 21:04:37,0,1,2.7504511958064572,0.6251817623951701,0.40781164712632245,0.43630152940128375
88066,2024-01-01 21:16:51,1,0,0.715900994639217,0.9239320725233995,0.2178784566648908,0.4639636833016162
97436,2024-01-01 21:18:52,0,0,0.7685532023112089,0.01622778741340125,0.3537252284475998,0.7648406506243133
33608,2024-01-01 21:26:32,0,1,1.1469560724264198,0.9370944926856706,0.01722262215895176,0.239091492454499
85970,2024-01-01 21:41:48,0,0,1.2414521596024293,0.7846912636850076,0.0817226787612596,0.3463861534742845
96797,2024-01-01 21:56:56,0,1,2.1278404031672853,0.7430591382613513,0.695546626310324,0.7257619778224934
44303,2024-01-01 21:57:49,0,0,0.7771778242427887,0.88597102090868,0.6242358545625889,0.7921331309990461
29905,2024-01-01 22:08:40,0,1,0.9600158937595044,0.3001133087330614,0.9699412060399223,0.4240624523337204
92559,2024-01-01 22:35:10,0,1,1.683757407656418,0.9115305107482897,0.7404532993843871,0.8912812804986333
73530,2024-01-01 22:41:23,0,0,0.7564719582751385,0.6868630982216622,0.42506768346326074,0.8437179245704062
46767,2024-01-01 22:54:49,0,0,1.1018206131032986,0.039450209947781256,0.08811968248866764,0.895942679428913
84100,2024-01-01 22:57:04,1,0,2.440812598004263,0.8663203681243209,0.9276978495921034,0.6780125136224114
81579,2024-01-01 23:00:44,1,0,-0.1904837546883553,0.6841531653782831,0.945180717290453,0.048724832648858296
72842,2024-01-01 23:17:45,1,0,1.550433510934785,0.14441692061904665,0.1765221551760624,0.7385799581357649
72842,2024-01-01 23:19:48,1,1,2.8793979748628287,0.42605677206200965,0.3323535339129209,0.8671395581409225
28061,2024-01-01 23:28:37,0,0,0.7179855180647903,0.5496000479878584,0.8833861418649653,0.7704872302629535
34671,2024-01-01 23:31:33,0,1,1.5716721778368927,0.07451356322206348,0.15574319118986735,0.670514459830814
31647,2024-01-01 23:38:25,0,0,1.1001696379934738,0.09891711163903072,0.24565087517128814,0.05326740204114144
36558,2024-01-02 00:46:07,0,0,0.2391352549518232,0.5026909468738976,0.5986559448631666,0.07665506979470504
4783,2024-01-02 01:06:09,1,0,1.4045451930861568,0.6772566680512848,0.2198856392579125,0.4748245940813125
42377,2024-01-02 01:09:39,0,0,1.0784501307779113,0.030700249688950798,0.24961430221906045,0.6247258144784164
940,2024-01-02 01:33:43,0,1,2.586222331359278,0.5991502238832073,0.5929675609065203,0.42321505467603127
76358,2024-01-02 02:31:16,1,0,1.339641766713351,0.9953994028558647,0.8703255814611194,0.810514550986404
85420,2024-01-02 02:36:22,0,1,3.494941311234396,0.03450126745083004,0.5616274630716278,0.00289970478470003
9286,2024-01-02 03:03:05,0,0,0.8301255164202608,0.8536990877240214,0.06460893850167304,0.5277893316785727
20495,2024-01-02 03:04:12,0,0,0.2726322593408681,0.9786254247442542,0.7936370369763207,0.8782905415020447
57094,2024-01-02 03:22:42,0,1,2.8714287779481897,0.714642337303605,0.36932955209688356,0.6723256825268151
85970,2024-01-02 03:38:50,0,0,1.5811988119942524,0.8634819628233019,0.7670181488996504,0.34203999687127407
91538,2024-01-02 04:11:58,0,1,2.116685809140728,0.5283402406780647,0.3844527582709445,0.1265423510515249
44268,2024-01-02 04:18:11,0,0,-0.1846846436623241,0.3241891511216344,0.19914980527009774,0.27432900181652997
13464,2024-01-02 04:43:09,0,1,1.5296273457072045,0.734395265359976,0.46192382713572755,0.043703006524651755
66056,2024-01-02 04:51:22,1,0,0.6877318053933471,0.29067504873637284,0.47973260387623173,0.5070375645675886
53473,2024-01-02 05:26:03,1,1,1.5376482073354327,0.10314804072439154,0.054645543253751705,0.9121081399901002
9922,2024-01-02 05:29:51,0,0,-0.3357205093045694,0.2804776590457779,0.26585124755705714,0.5931929614538285
67627,2024-01-02 06:02:08,1,0,1.1133705380252237,0.3120780291809474,0.6490293473100679,0.9421922475391107
86021,2024-01-02 06:41:54,1,0,0.3509402469587206,0.04730651192135016,0.25637185964279363,0.10509577782858104
97939,2024-01-02 06:49:35,0,0,1.447715030095068,0.4583614813031569,0.2828402435078057,0.8983887125450243
67308,2024-01-02 07:09:05,1,0,1.309002356085701,0.7887382528633865,0.9298814009613829,0.7580840570643914
28778,2024-01-02 07:51:08,0,0,-0.3375436932928941,0.4729763417498619,0.03389553567837211,0.1496673526504445
46381,2024-01-02 07:55:30,0,0,3.054545094620777,0.03576550082732943,0.13864273573274488,0.9832431840725009
40567,2024-01-02 08:05:37,0,1,1.3344902927113056,0.9250397467526441,0.12828414197479687,0.6991476138487
72842,2024-01-02 08:23:05,1,0,-0.1903434881683701,0.09096137562369067,0.7059528432544294,0.20292186434416337
13931,2024-01-02 08:23:51,1,0,1.510707949213514,0.6396417861999261,0.5747501467363378,0.9568612728379571
17015,2024-01-02 08:46:03,0,0,0.1736568231710917,0.741719483808515,0.4941404678226806,0.86563466402615
65350,2024-01-02 08:47:14,0,0,0.9275876611694563,0.09188411586619061,0.22771780622474347,0.5199326033888964
37812,2024-01-02 08:59:30,1,0,-0.3235883014013891,0.760950828746185,0.335459594477288,0.04049826850432381
59342,2024-01-02 09:08:03,1,1,2.543154268305195,0.17567204284780513,0.9369470393256375,0.07232948595512889
37403,2024-01-02 09:18:59,1,0,0.185830018013887,0.330756733150012,0.7688427375614079,0.6582111931402311
67457,2024-01-02 09:19:48,0,0,0.0795442437507002,0.9914239358668357,0.7943829386384413,0.14093172325887915
93640,2024-01-02 09:29:20,0,0,2.5611865331764823,0.8404672340501743,0.9086396869837188,0.5310058387020175
24818,2024-01-02 09:34:26,1,1,2.223595548774682,0.24086954276149375,0.48283416939548784,0.1264946365175571
17892,2024-01-02 09:38:27,0,0,1.4906069024558883,0.35794537915064983,0.4323695787926045,0.7345594657000072
29184,2024-01-02 09:39:01,1,0,1.6450166893150602,0.4166596225601954,0.8085750699389229,0.3975025212077914
99755,2024-01-02 09:44:48,0,0,1.0403364055546906,0.28052489478492915,0.7063258211905641,0.5348944489296891
49297,2024-01-02 10:03:32,0,0,0.8459666834241335,0.31328678785847874,0.537387194647937,0.32448054820860095
15110,2024-01-02 10:12:33,0,0,-0.3938351520346257,0.6058059250974803,0.8232591668127307,0.6681518231934714
44303,2024-01-02 10:13:42,0,0,2.381279015558926,0.8577453962960386,0.23270921426218938,0.15839926971127405
38024,2024-01-02 10:33:34,0,1,2.857975881257154,0.1477515901023959,0.9097642684539041,0.29714988984045954
38747,2024-01-02 10:47:47,0,1,1.0805477139983886,0.6507872591599493,0.7407492431113792,0.7668203183174311
62360,2024-01-02 10:59:19,1,1,1.6512749277515624,0.5660160182430384,0.3633185350944713,0.09189528820329596
99795,2024-01-02 11:22:03,0,0,1.9268559135765413,0.2690878790331912,0.6358843041195744,0.1493159796524548
81829,2024-01-02 11:28:50,0,0,2.676594798245697,0.49146250938924096,0.6346262339100267,0.05617289027793482
10948,2024-01-02 11:33:17,1,1,0.3171302283841952,0.23669523888733934,0.7452336821016576,0.9116877221806013
49070,2024-01-02 11:37:32,0,0,1.356756290308358,0.46264332970685296,0.6096579412551298,0.04272700616083236
65514,2024-01-02 11:59:37,0,0,0.9383346807934592,0.6469577851638246,0.287078274138744,0.7677355182655603
48236,2024-01-02 12:01:23,0,0,-0.7040996256474057,0.21244281518313612,0.894359476160621,0.18708808072191807
5473,2024-01-02 12:02:46,0,1,0.5428441801443336,0.2981101770376744,0.877136763292587,0.2648782167090601
99346,2024-01-02 12:02:47,0,0,1.1860528436521889,0.2822273572319156,0.14276744651149464,0.5670453677857511
93342,2024-01-02 12:08:06,0,0,1.4464610212451874,0.8987214505442731,0.04227072816008548,0.8352654722978963
97081,2024-01-02 12:24:25,1,0,1.8630924536109084,0.4394825462238253,0.19099903795075224,0.14065202588171466
30395,2024-01-02 12:51:03,0,0,-0.0366228991646004,0.23610364990987243,0.8171189520047388,0.6034073064796772
64361,2024-01-02 12:51:16,0,1,0.8667127859965194,0.10536076605600753,0.8090256745073032,0.6398497648755698
11835,2024-01-02 12:53:34,1,1,2.289119398689984,0.07234978955672389,0.7658693251967613,0.00289221898498937
26116,2024-01-02 13:00:20,1,0,0.7472776874269416,0.3485102161163146,0.46980394554109073,0.06778639094753403
22766,2024-01-02 13:01:55,1,0,1.557575842824816,0.2952669693604354,0.09033040696367411,0.5975160910258848
42610,2024-01-02 13:15:34,0,0,0.3743758935986039,0.05980523246032965,0.0005981122180541698,0.943663177875126
23024,2024-01-02 13:31:40,0,1,2.678913563071895,0.1690725084228083,0.4560840857805356,0.4804568047687311
59627,2024-01-02 13:45:09,0,0,2.6054833827939645,0.4427721220804719,0.5209661946212241,0.6814903282159969
85427,2024-01-02 13:46:21,0,0,1.3519307708186574,0.3577244943704443,0.9697831057549515,0.04214948853187339
35019,2024-01-02 13:48:37,0,0,1.6568185267201376,0.7102713271960459,0.5066564849513343,0.5147460139337957
66545,2024-01-02 13:51:52,0,1,1.7248577487733163,0.8954959799684364,0.3613115659117977,0.4926281144961515
37992,2024-01-02 13:59:39,0,0,0.7336029248074912,0.7655636464182731,0.38239568616473185,0.9491954992943591
59627,2024-01-02 14:14:23,0,0,3.032337024710338,0.3081014958884304,0.5324565089009204,0.9205166836918964
32286,2024-01-02 14:24:37,0,0,-0.8979355185014963,0.2744459328824629,0.15297924429574883,0.22298918403783263
33072,2024-01-02 14:28:57,0,0,1.8508609038591928,0.2335467772724753,0.6340569135108702,0.9309045769034233
76701,2024-01-02 14:39:40,1,0,-0.2560547928680381,0.12137498376155875,0.7169414837323073,0.6808729694729824
26116,2024-01-02 14:44:36,1,0,0.887836099889416,0.45846205619923863,0.432134581923186,0.001859396402101643
56955,2024-01-02 14:48:43,1,0,-0.5403543758484106,0.4536520688249339,0.8370707637187225,0.7030042166447658
76832,2024-01-02 14:59:45,0,0,2.075722967494192,0.5353962971841683,0.056418062076349806,0.06655650646912925
88066,2024-01-02 15:01:22,1,0,2.048952866361442,0.17561806961358528,0.6515748951118133,0.8932383004037492
73479,2024-01-02 15:02:26,0,0,0.3916325040959816,0.698174493371418,0.14030929185341434,0.5996233458958427
83157,2024-01-02 15:05:22,0,1,1.6803287836426986,0.732005292080939,0.4086274502947006,0.7088411315674105
5878,2024-01-02 15:18:15,0,0,1.9375229217497576,0.053522474159196864,0.5700121949882564,0.8272428932584662
9286,2024-01-02 15:31:19,0,1,2.218688596729013,0.24877027242627592,0.4440546068951826,0.9158020763744807
48519,2024-01-02 15:40:09,0,1,1.361122151756658,0.9173180813716695,0.36167667047653596,0.06110640579594173
64811,2024-01-02 16:14:30,0,0,1.4097512196232898,0.33205023450175364,0.21902475867742421,0.6354679866253375
28801,2024-01-02 16:15:19,0,0,-0.5856033746002556,0.09590487162046657,0.8891457991745656,0.5751960090662582
57047,2024-01-02 16:16:22,1,0,0.9399077522448686,0.739100224933304,0.8025783571824877,0.4104771144786955
21518,2024-01-02 16:52:49,0,0,0.8132418651956473,0.030893540012353893,0.36069305458616796,0.5463394976322203
91401,2024-01-02 16:54:13,0,1,2.2321613230667197,0.010147777553489279,0.8596276816499447,0.2938553608082607
36279,2024-01-02 17:01:15,1,1,0.7243136766620781,0.060006451189627,0.6909183719698468,0.34911683889252554
20577,2024-01-02 17:21:27,1,0,1.5458788377391453,0.46029248037053405,0.6132077871083264,0.8609754344468743
41237,2024-01-02 18:37:54,0,1,2.968278354591481,0.06929201725873702,0.6597411320847711,0.22775089371034418
9040,2024-01-02 19:24:39,0,0,1.3632630792475309,0.028585862610008284,0.08386265108010516,0.8083949182034361
14777,2024-01-02 19:29:09,0,0,1.1770493475099124,0.1820185944661048,0.7414852399780477,0.09902041884037871
43578,2024-01-02 19:50:28,1,1,2.6312882258385404,0.2701845014077471,0.45386101478438756,0.43199296523094
3396,2024-01-02 19:53:20,0,0,1.568444305594613,0.44932759226460717,0.8971772634660864,0.40394340352501357
61560,2024-01-02 20:03:51,1,1,2.711226579792855,0.8711756677585096,0.19660239575136063,0.04822084989777453
49155,2024-01-02 20:06:55,1,0,0.695522192253473,0.34985230872633943,0.79403881712184,0.5451002362358984
44592,2024-01-02 20:07:52,0,0,1.7849542886879182,0.8826647030573366,0.7760305644279594,0.8588385519468728
59194,2024-01-02 20:17:15,1,0,0.257321145298847,0.7149690833198191,0.09203199086811009,0.06372713693439491
29831,2024-01-02 20:22:04,1,0,1.7177256087500634,0.1281908766595149,0.9298158192574669,0.4702076005346273
94151,2024-01-02 20:26:20,0,0,2.568206447063832,0.4147733804919004,0.9838334845391393,0.9916185620555361
17663,2024-01-02 20:36:09,1,1,1.6651149700142251,0.47726939829276027,0.741490942564551,0.011684670683989151
36835,2024-01-02 20:45:06,0,1,2.0675790694888914,0.17325625669509548,0.3515862021206765,0.6897252618189542
71962,2024-01-02 21:16:03,1,0,1.0125785023518332,0.8579390916013282,0.2158326971123382,0.9632409120063757
55359,2024-01-02 21:47:09,0,0,1.3520029539376317,0.5944735056737314,0.22922299180017514,0.51595768533011
17321,2024-01-02 21:50:02,1,0,0.8187689654532988,0.8313476604666264,0.1653585897807931,0.41218733371716376
52784,2024-01-02 22:03:34,0,1,2.793347235199925,0.6621129537790698,0.8348783184378116,0.5678098534941655
77042,2024-01-02 22:08:53,0,0,2.306999553404016,0.6649016676559718,0.5594283770154073,0.6952894856767046
35486,2024-01-02 22:23:10,1,1,2.1627530651050058,0.3474742348201618,0.6732155031763262,0.6297997863399221
75582,2024-01-02 22:47:56,0,1,2.497160744053764,0.20619151914401668,0.8728245684786584,0.9631810650616072
65977,2024-01-02 23:01:52,0,0,1.7173484576086773,0.9061033625745192,0.041499111738614314,0.4671426083352598
87977,2024-01-02 23:03:12,0,0,1.4712504578458936,0.6161490647400916,0.8084512743525409,0.8745146285871773
79042,2024-01-02 23:09:04,0,0,1.384723314585234,0.27356684030062417,0.5272731658229561,0.012684648624937345
94151,2024-01-02 23:13:35,0,0,2.033809441398976,0.37065983089940635,0.8065421647084989,0.3925257724351401
69084,2024-01-02 23:19:17,0,0,0.7884533969194714,0.6498035549811645,0.6171101621627372,0.27776979537730184
49070,2024-01-02 23:28:58,0,0,0.6650679627263928,0.9841968000500174,0.18077327819853428,0.9506590498599817
69216,2024-01-02 23:38:38,0,0,1.725707983318722,0.525402449840921,0.29986244201961354,0.2344246243523498
29395,2024-01-02 23:40:16,0,1,1.1341688843067568,0.2107965852159176,0.7797784120373739,0.4797327701725961
68578,2024-01-02 23:49:03,0,1,1.8086956751183851,0.6386506687378691,0.5924570787427575,0.861157064044763
29905,2024-01-03 00:54:11,0,0,2.3363794578768244,0.7036762612329526,0.9039125832920848,0.6491505919457794
47552,2024-01-03 01:04:34,1,0,1.3282739620810304,0.7643981959595297,0.3900528089436087,0.08108669995535656
86354,2024-01-03 01:52:10,1,0,2.1915936141825663,0.8579550862309325,0.24760729330191866,0.27471344957532795
33835,2024-01-03 02:06:30,1,1,2.665385108972786,0.5787723236424318,0.919545725130998,0.7896938524427535
99795,2024-01-03 02:24:49,0,0,2.42953197456844,0.3665463747024611,0.7886442795758277,0.6087243247160123
2104,2024-01-03 02:25:16,0,0,1.0701355183661274,0.3156114293257849,0.023559246486603014,0.03376823307193588
72842,2024-01-03 03:05:37,1,1,2.625590393967337,0.8193776982972794,0.4722813501879829,0.19110635775647
25745,2024-01-03 03:14:10,1,1,1.3380740589333486,0.7634719054881558,0.6009436478242753,0.41177810211134214
95953,2024-01-03 03:36:31,0,0,0.2003425777023558,0.13483123021229348,0.23719088666995547,0.9601652444914596
1810,2024-01-03 03:50:41,0,1,2.4869724807855818,0.8806147753223909,0.768733205516923,0.18547771607222552
28590,2024-01-03 04:11:25,1,0,2.8009906006887366,0.519267567211849,0.8390390480931359,0.9626985613068917
25617,2024-01-03 04:37:33,1,0,1.0043076423431596,0.723636139520785,0.7723880690555167,0.9499804528595153
34608,2024-01-03 04:59:25,1,1,2.690485354067768,0.9535369935067535,0.02298763762522338,0.14558237018594833
49049,2024-01-03 05:00:57,1,0,1.04630996479414,0.13914578029668812,0.6600470451694399,0.6181985086791902
97137,2024-01-03 05:08:40,0,1,2.4567752375574115,0.9602159140469108,0.37943979527282623,0.6023258818284918
96079,2024-01-03 05:11:31,0,1,1.643736028938574,0.40787355888232535,0.8229681254886083,0.5409199919099896
93640,2024-01-03 06:25:30,0,0,3.022108950853476,0.558833780595018,0.1975411439687077,0.10667796077151392
42405,2024-01-03 06:26:00,0,0,0.1165748439123641,0.5674637011668534,0.833378548410634,0.7012613153516173
67542,2024-01-03 06:27:26,1,1,1.5767016879558462,0.7548537113313397,0.5357754449402568,0.2431581075323458
11228,2024-01-03 07:43:00,0,1,3.2992282977860654,0.6236924462322259,0.26431714611579316,0.9685333572542469
89948,2024-01-03 08:19:22,1,0,1.8617584942033671,0.5323754368534375,0.7490793572941201,0.03747814438584174
55003,2024-01-03 08:29:50,0,0,1.6232910662519706,0.2206450291667057,0.9645879834331957,0.6755888197741156
76832,2024-01-03 08:44:49,0,0,0.7344595253707638,0.617462236681931,0.0432176107463782,0.3552864838894333
72360,2024-01-03 09:01:56,0,0,3.417805536116446,0.1665457475010116,0.8085454289828714,0.7523177568761263
94060,2024-01-03 09:04:35,0,0,1.0516517144473152,0.8729196683244189,0.48287467953838015,0.49102493822114024
17892,2024-01-03 09:10:32,0,0,-0.0236477616998909,0.35439772477818465,0.2962506544749953,0.31749234333396303
15407,2024-01-03 09:15:54,0,1,1.9015145154905764,0.44441032796645386,0.824141001392423,0.903827027601263
49056,2024-01-03 09:22:14,0,0,0.9361294148755074,0.717103749477387,0.503168634714629,0.004577660463323419
29314,2024-01-03 09:25:22,1,0,1.2373381037938471,0.6864455752813248,0.5806749783320645,0.042753500430222746
21365,2024-01-03 09:54:25,1,1,0.3126655660419701,0.6549395499273947,0.7973829072992947,0.9309868663007473
67053,2024-01-03 10:00:58,0,0,1.0148858752075955,0.47306108162652305,0.5498898006774016,0.25546053974259475
90603,2024-01-03 10:04:40,1,0,0.3525897942983826,0.7304393760998247,0.8659486547715143,0.06622371590394283
38747,2024-01-03 10:06:43,0,0,0.0739219596495077,0.08591115045984521,0.7526407244415813,0.6944924675965547
18575,2024-01-03 10:20:30,0,1,1.6218374459606104,0.9364594260041544,0.8344513878434461,0.8512011129998566
26969,2024-01-03 10:40:51,0,0,0.0930630149040993,0.5821585880143597,0.8326014078894,0.3665224693991598
9040,2024-01-03 10:46:00,0,0,1.2566944990430855,0.5114553298958685,0.16116395428345243,0.14909392504685248
19012,2024-01-03 10:55:33,1,0,-0.555839411664935,0.6687768734953735,0.8339312933088144,0.9600121443325519
73735,2024-01-03 11:23:54,0,0,3.4927388666385184,0.2576991734866806,0.030223230431142056,0.19205506284861507
58547,2024-01-03 11:31:14,0,1,2.446531176029944,0.34337480038005874,0.5148635381169705,0.9632870405094008
12033,2024-01-03 11:34:03,1,0,0.7364098498417565,0.17804535123559628,0.7591630410912539,0.0889334844237114
85564,2024-01-03 11:37:26,1,1,1.6906534602797616,0.27005780804539703,0.06858728533997416,0.06788553011783183
61718,2024-01-03 12:03:16,0,0,-0.852727861690278,0.29334944477204283,0.734354608833027,0.8640474351291761
53778,2024-01-03 12:05:13,0,0,1.719093046088337,0.32607784920421823,0.3197445341933408,0.6598773950421267
64775,2024-01-03 12:12:13,0,0,0.9610899652137824,0.8130862701721774,0.3642704942441093,0.4839044043834516
81481,2024-01-03 12:20:23,1,0,2.367401527738422,0.9565356015629246,0.6113972580894791,0.44058183859309585
78553,2024-01-03 12:40:47,1,0,1.4481421446267064,0.06034004534711057,0.9462454304285332,0.8610888798023536
12332,2024-01-03 12:42:50,0,0,0.7260082351029968,0.6421291162490944,0.5537505346804489,0.18279701085412636
45814,2024-01-03 12:51:13,0,0,1.8061002168001363,0.6045075396405142,0.1876682401186437,0.7789454711775086
13085,2024-01-03 13:08:26,0,0,2.0520748860237426,0.665411711853827,0.9800739508138235,0.6707238141566099
13398,2024-01-03 13:11:36,0,0,-0.647777141104471,0.00292461306121361,0.7897659235576381,0.6642288664623959
94074,2024-01-03 13:33:11,0,0,0.8285501685122068,0.29608924455436325,0.7275974270708299,0.6079127630349661
95653,2024-01-03 13:39:49,1,0,-0.2907465369156183,0.6282169378399773,0.33913644139746457,0.06318297452039678
66571,2024-01-03 13:52:19,0,0,-0.3460613278449878,0.6537780988551293,0.29997222476303675,0.3015423979451227
12332,2024-01-03 13:55:36,0,0,2.91543469157286,0.022179498134571096,0.5910791131969103,0.09513362019869354
80944,2024-01-03 14:19:42,1,1,2.7375155684670864,0.5145430469364195,0.41971447807473705,0.5320892599653054
58194,2024-01-03 14:36:48,0,1,2.3997742267234368,0.26172486284919194,0.25840601057201096,0.20657135987229402
45814,2024-01-03 14:38:45,0,1,2.0124941187276875,0.5955914941482082,0.6937937338612649,0.07180263572255541
18692,2024-01-03 14:42:51,1,1,2.142425736070565,0.1431113238328775,0.3207618754094812,0.4176519926549288
23024,2024-01-03 14:46:46,0,0,2.3473232416135588,0.8683848127892,0.039099069664252806,0.5198397992793578
79469,2024-01-03 14:49:24,1,0,0.2986558502361583,0.29429022456435205,0.1072675925976404,0.49147252598174274
79748,2024-01-03 15:10:01,0,1,1.066382319990123,0.9316190031719345,0.9063270326642953,0.03979515361713459
59152,2024-01-03 15:42:01,0,0,0.6069470624139703,0.28495509461665913,0.4895052054010576,0.22136719472478028
12361,2024-01-03 16:01:43,0,0,1.3479344771827106,0.8778359003974608,0.4169570279924215,0.33063938097705226
93439,2024-01-03 16:06:33,1,1,1.920281789093601,0.532823737745067,0.5718469939835754,0.7473701015510493
27527,2024-01-03 16:10:08,1,0,0.5365553863746038,0.11974904753427429,0.10528410934676058,0.2633081995521602
59406,2024-01-03 16:11:02,1,0,0.2345046989577508,0.6139655643766321,0.05227675062097237,0.024616466508468826
8135,2024-01-03 16:23:47,0,0,2.42309514951162,0.8962607544926047,0.051219065442225875,0.21182161147970124
5755,2024-01-03 16:26:13,1,1,1.6369461534349283,0.4098597779500075,0.7456614040917954,0.18344146463645306
53005,2024-01-03 16:33:40,1,0,1.3482030159448188,0.7810423892877136,0.49014115410453274,0.3501327871968911
97418,2024-01-03 17:02:35,0,1,1.530597659797276,0.24317065303624785,0.8484240722234143,0.8568768962093908
20609,2024-01-03 17:08:35,0,0,0.9504096921180608,0.32265338097126495,0.4978801069616634,0.474590279880968
31636,2024-01-03 17:09:01,1,0,1.6451126876611215,0.8071468125036328,0.594892205923585,0.535631007543043
17726,2024-01-03 17:11:04,0,0,0.6234052769765147,0.3733548136247211,0.21126266826692253,0.2893159070068009
5206,2024-01-03 17:48:26,1,0,0.7671492838844152,0.5702872025939796,0.2557423449102574,0.32954428279768255
20189,2024-01-03 17:58:25,1,0,2.4680818226652974,0.9885367429237304,0.07198544299520016,0.04963789817937647
68479,2024-01-03 18:00:26,0,1,0.5528875275769127,0.40462686364571765,0.30512280693610494,0.10472708002405473
96483,2024-01-03 18:19:47,0,1,0.8041603544109603,0.10762402688887418,0.8941300774309123,0.7023245323362799
74156,2024-01-03 18:29:24,1,0,-0.7749430445787269,0.9080827289095067,0.44573884964931887,0.8403200210616447
48922,2024-01-03 19:24:10,0,0,1.968245592371294,0.41104561916418725,0.004139253378295793,0.8973442611448367
34704,2024-01-03 19:40:20,1,0,2.226940876435939,0.5588636952510836,0.25829434037901433,0.2820081751248166
12096,2024-01-03 19:45:47,1,0,0.4288640856402627,0.9097520789219737,0.5229069820660444,0.9764255830400705
66008,2024-01-03 20:09:58,0,1,0.6773003876455976,0.8539250340516512,0.9923312167140459,0.6388546729507053
15407,2024-01-03 20:29:22,0,1,1.5727473536634655,0.3010338145858621,0.9096236023535661,0.4477295248821095
9364,2024-01-03 20:42:23,1,0,0.8727466910147125,0.6862679107825685,0.38588204767563494,0.34935626906857076
75569,2024-01-03 21:00:53,1,0,1.853232662869076,0.5832693996801975,0.523882293345589,0.9213372082078992
79748,2024-01-03 21:17:03,0,0,0.452995279155005,0.6319853412943083,0.07278517939147455,0.45049876471838446
46381,2024-01-03 21:21:16,0,1,1.6182621060016709,0.9409380926233336,0.2600019769121954,0.9564942496176314
97081,2024-01-03 21:27:22,1,0,2.6647760587482714,0.9122218095372143,0.07366392151568202,0.9182131121832873
44277,2024-01-03 21:30:24,0,1,2.480746658905909,0.1944155993587975,0.06747450593826854,0.8771428550748647
63707,2024-01-03 21:32:59,0,0,0.90968098974487,0.09856388045870956,0.6701682371920094,0.9240289283892318
1152,2024-01-03 21:34:29,1,0,1.203206933393905,0.26628060371161544,0.6857810630828957,0.5508387910580633
77985,2024-01-03 21:43:10,1,0,1.7865167513318303,0.3070405403219243,0.6907637931072298,0.8858087785444235
32968,2024-01-03 21:55:28,0,1,1.0027531723985184,0.7717747572221028,0.49790043454403066,0.7784056479264909
14295,2024-01-03 22:03:01,0,0,0.5724455186704798,0.11894439051276517,0.8399237486386273,0.6767472832753959
20609,2024-01-03 22:05:45,0,1,1.094520944639939,0.5980644419399073,0.188656991413918,0.09215703147530552
72842,2024-01-03 22:14:07,1,0,2.4581708074791093,0.31431764165581433,0.5728340627765297,0.5662156604988332
10445,2024-01-03 22:16:08,0,0,1.7268728636964237,0.6750338160811231,0.554061889811451,0.31110526951746076
9844,2024-01-03 22:31:43,0,0,2.190600678867918,0.19280343994025917,0.47454688489002905,0.39871461636565164
30901,2024-01-03 22:33:45,1,0,-0.3895233522181258,0.6040363785551867,0.00586219465811344,0.5948879859613504
42035,2024-01-03 22:36:46,1,0,1.6308001641460197,0.8250846278995535,0.6114144247884237,0.8007633386280257
54166,2024-01-03 22:48:08,1,0,0.4205599144183006,0.4601871990034624,0.5025955534100234,0.943068816975103
26504,2024-01-03 22:49:34,0,0,-0.4773077543173321,0.20682881833820488,0.16028982470235165,0.5453428867233494
16665,2024-01-03 23:05:49,1,0,0.3472037061542055,0.08964688164821266,0.9267939091394396,0.2509557960743536
513,2024-01-03 23:16:54,1,0,2.3960915692447435,0.4785928271438613,0.5613033740079434,0.8520560845651363
54019,2024-01-03 23:51:08,0,1,2.1585396910767143,0.33994607207238425,0.31041898034018445,0.49000417702229515
90790,2024-01-03 23:54:40,1,0,0.3724227587889708,0.32408359376704476,0.733805472857315,0.8733440536172604
1876,2024-01-03 23:55:30,1,0,1.4024407533435217,0.964830141547959,0.7705540562454193,0.8026962404520672
48922,2024-01-04 00:59:34,0,1,3.3591875752404365,0.9204401264588673,0.5599961369755159,0.7401841498368685
84104,2024-01-04 01:03:58,0,0,1.0462032758149535,0.6149257540204633,0.5452568694187278,0.7690423836844519
86746,2024-01-04 01:35:59,0,0,1.610841031136689,0.9894135535046139,0.41199876618687103,0.04605103252842868
16994,2024-01-04 01:53:42,1,0,-0.9325890209406104,0.8703537632696451,0.67411247431144,0.598627068497875
93156,2024-01-04 01:56:16,0,0,0.8311574147970339,0.6760419190716143,0.9655401008926309,0.7685163488767853
52393,2024-01-04 02:37:14,0,1,2.3568710591495092,0.9443574473805058,0.3499858412721816,0.5119711191697033
69737,2024-01-04 02:54:52,0,0,2.386992729908838,0.07971638844349727,0.5512126446539785,0.9072779224127268
11368,2024-01-04 02:57:40,0,0,0.1393169568354745,0.9781470792482277,0.5931984488745139,0.800985704582283
93156,2024-01-04 03:41:47,0,0,0.3007479018359533,0.5050858709332171,0.5608200246004628,0.4976391873026075
59290,2024-01-04 03:54:06,1,0,-0.9387526270035254,0.09596488626849808,0.5615551102874438,0.8738993510909068
83667,2024-01-04 04:28:14,1,0,-0.2267687345516362,0.3758911731730967,0.23301360969212948,0.9534445359664216
45817,2024-01-04 05:49:55,1,0,1.2808543487255222,0.1392513493836589,0.07468966452046111,0.5285024326315771
79791,2024-01-04 06:00:41,0,1,1.0499779450894189,0.14889803847855776,0.19427989773385967,0.793994644572272
5528,2024-01-04 06:12:11,1,0,0.5517102263557664,0.5321384114183625,0.7513973045062667,0.7175923638863437
17321,2024-01-04 07:18:43,1,0,1.5615411546196447,0.5023422017385503,0.03699570110432515,0.9809636149598752
58419,2024-01-04 07:22:15,0,0,1.5223602138344687,0.16928320642592898,0.34040230752331224,0.11803904766489892
83294,2024-01-04 08:26:19,0,0,1.2470067074841742,0.7046975624374602,0.9248160347370763,0.11970574216712515
25743,2024-01-04 08:30:39,1,0,1.267774197492511,0.7223864254615187,0.6416853174059628,0.5198068683376827
10169,2024-01-04 08:33:56,0,0,-0.3610169279074695,0.6853036978307222,0.6286566527577341,0.41225277434434304
41040,2024-01-04 08:48:05,1,0,-0.1005653330301517,0.20877188705694383,0.9133811683287782,0.9503894271381071
25617,2024-01-04 08:53:47,1,1,1.6609669240994376,0.3883466884172163,0.643869928866366,0.8724623048084595
51418,2024-01-04 08:55:05,1,0,1.7691475019668077,0.5420854879879514,0.027876771738032824,0.7672524012626313
91840,2024-01-04 08:57:49,0,0,-0.0620462588465546,0.7813519840123385,0.8543927229862064,0.16264987162959343
26911,2024-01-04 09:02:38,1,0,0.8214280321061463,0.2848225702645101,0.18981488158447313,0.10028352769295013
73615,2024-01-04 09:06:40,0,0,1.2820878908348798,0.22289907945122223,0.3282321300971035,0.45639994307079934
25580,2024-01-04 09:08:29,1,1,2.219996683971765,0.47147933764060135,0.705147033274113,0.5687105987610591
25931,2024-01-04 09:22:29,0,0,3.6264849090369,0.3770097714146571,0.7770290223790016,0.01382657859468961
23911,2024-01-04 09:38:34,1,0,1.136774117316699,0.4853504780068153,0.2967301031509928,0.399778496589281
24726,2024-01-04 09:58:25,1,1,1.3602484672502522,0.7053373086198773,0.4940282697592867,0.336067763760161
55539,2024-01-04 10:04:15,1,0,1.5266980421045764,0.9684866649765586,0.09020843975100956,0.44284232235762266
2029,2024-01-04 10:06:36,0,0,2.973521436813671,0.9209601365077987,0.5925769602282824,0.9046145331600753
15182,2024-01-04 10:30:04,1,0,1.2284606817323211,0.4879231252356705,0.900180903146788,0.12628704820624903
48650,2024-01-04 10:30:18,1,0,0.3667457977264059,0.7743615332324989,0.004228790445364949,0.15547786403261754
64198,2024-01-04 10:31:05,1,0,0.218209770266672,0.5191896053763141,0.9207986816685179,0.09448811431103177
24887,2024-01-04 10:32:01,0,0,0.9495259272185782,0.531876413978272,0.26779790720201824,0.11962388338247065
38690,2024-01-04 10:40:56,0,1,0.8112369456771491,0.8108988144039685,0.04178798859703836,0.6972420575913955
77985,2024-01-04 10:52:14,1,1,2.021852145523443,0.8252833765426053,0.6029995628952218,0.49397896972197997
40350,2024-01-04 11:10:26,1,0,-0.3222863959001842,0.6759476584618522,0.7372121904562202,0.29205043224256766
81481,2024-01-04 11:41:59,1,0,1.935108761022784,0.8436188455091962,0.05569757586551993,0.6503005878958396
78472,2024-01-04 11:42:22,0,0,1.1368733206893848,0.8709972062231371,0.44907396184618187,0.7796062030347108
94994,2024-01-04 11:43:24,0,0,1.6964118908227692,0.22567373721833883,0.5053551100722473,0.7341724366096763
35049,2024-01-04 12:17:17,0,0,-0.21271879904259,0.09987988313977691,0.6500445094722279,0.013997626209776959
13931,2024-01-04 12:41:33,1,0,3.845294394907639,0.9947536760123725,0.538284504726453,0.24269063661011814
44277,2024-01-04 12:44:29,0,0,-0.5819525174378992,0.08437509637922758,0.6821860128872707,0.8657326697941874
91465,2024-01-04 13:13:18,0,0,1.5671707070196943,0.4157203878971645,0.38143489003842956,0.8372434650065507
24556,2024-01-04 13:13:42,0,0,0.8343495243159785,0.28976370374967064,0.0514248990470908,0.5379728484637151
76852,2024-01-04 13:21:07,0,0,1.0095522862568465,0.5772408445690049,0.17426304713450225,0.8721086331612626
74023,2024-01-04 13:21:36,1,0,1.7183478868941628,0.8734264331369179,0.3449921706527994,0.1619005432401882
43618,2024-01-04 13:43:10,1,0,0.7217462315428271,0.28682894468630404,0.4515384597815849,0.7245078214470524
58928,2024-01-04 14:17:21,1,0,0.3130623783341539,0.8093106612930454,0.6653688535609109,0.6164252059108525
20987,2024-01-04 14:27:27,0,1,2.0721295077138695,0.7351390798288306,0.997512399033463,0.7148666471761845
95402,2024-01-04 14:27:29,0,0,1.4878833420195663,0.9386483120808927,0.4246712926510361,0.598679257657949
49805,2024-01-04 15:08:47,0,0,1.0796727392675645,0.8289360322693706,0.5481605347011819,0.8333196815966315
93693,2024-01-04 15:21:27,0,1,1.79456244213237,0.6015802389175454,0.11226910866943063,0.21035873008138828
77472,2024-01-04 15:33:04,0,0,-0.734385762448901,0.6827172686194739,0.951819963102544,0.758642978872254
38606,2024-01-04 15:40:31,0,0,1.0806077756205217,0.8807806931449019,0.991320014747507,0.7980147508115462
49714,2024-01-04 15:45:15,0,0,1.4449420625446217,0.8022739698256742,0.2591542767445346,0.28942790540830565
78343,2024-01-04 15:47:14,0,1,0.976502507378135,0.842380028547158,0.29934983062741116,0.23966511933408474
53778,2024-01-04 15:53:23,0,0,0.8529265004913958,0.3312019012757219,0.35522424700154087,0.08003181390413305
6787,2024-01-04 16:18:58,0,0,0.218808973852994,0.09845669042080785,0.16811938869103904,0.27299317087017905
86585,2024-01-04 16:19:22,0,0,0.1084705453279637,0.12768414375578707,0.3874872829326864,0.3340476263282558
69035,2024-01-04 16:19:52,0,0,1.470450355570171,0.10670802378288924,0.3761390482610062,0.6308216287226581
40698,2024-01-04 16:24:01,0,1,1.610190196844232,0.9556376138548717,0.9000524286976095,0.7698119164962676
32611,2024-01-04 17:31:33,0,0,0.9143927022588524,0.5070421360794692,0.46142263074386836,0.6461621079276028
45755,2024-01-04 17:40:54,1,0,1.4274810421208386,0.6141485724043861,0.5243000034772181,0.03365216591751641
40350,2024-01-04 17:42:28,1,0,0.2102439198752201,0.736270602455237,0.764279582233527,0.9186051719545073
79042,2024-01-04 17:48:08,0,0,0.8579603917670598,0.860417690279646,0.8710826353212409,0.8115647249580319
20676,2024-01-04 18:07:26,0,1,2.8351112459145784,0.477458913420725,0.5029887393137747,0.882874751325789
45107,2024-01-04 18:37:15,1,0,0.2642480097496803,0.6889623149296367,0.9195377997970811,0.9292233913986734
45817,2024-01-04 18:41:00,1,0,1.3147463055895878,0.07439498055287386,0.8040409191872295,0.9671003263132039
64910,2024-01-04 18:55:55,1,0,1.6323761925657985,0.39037712715649364,0.8721758920535995,0.5439049691732819
83667,2024-01-04 19:15:22,1,1,2.4344236435458573,0.5546988060047259,0.7222146152704105,0.21865670456206998
29905,2024-01-04 19:51:26,0,0,2.2827928561027138,0.0978062455614308,0.509153767357312,0.557162798918979
87029,2024-01-04 20:28:57,0,0,1.9112280051906476,0.8897868080272272,0.6284414030988719,0.038689895573711164
51987,2024-01-04 20:31:26,1,0,0.2589814202211051,0.8708162701703764,0.2732129911638268,0.119842725227298
199,2024-01-04 20:43:55,0,1,1.7606443725269758,0.6590261255687728,0.8446050806173423,0.5216107825358657
46747,2024-01-04 20:56:52,0,1,0.5539421456115454,0.14040385975882208,0.8219152600098305,0.2100460509400437
91071,2024-01-04 21:01:53,0,0,1.701350838344826,0.8352614076504669,0.055825568098612055,0.7922197404171619
12525,2024-01-04 21:14:48,0,1,3.463302891219562,0.17284331244473594,0.6324538260407309,0.1047398082305101
24887,2024-01-04 21:20:09,0,0,-0.0501721196807103,0.7407877859982724,0.5919299743228219,0.49317682248468653
35366,2024-01-04 21:30:31,1,0,-0.0472087600770361,0.9170038876497548,0.9248459128441534,0.45667408332185166
21919,2024-01-04 21:35:33,0,0,1.5969458973088833,0.18569281662898685,0.9162486231407408,0.826961424876202
56955,2024-01-04 21:51:34,1,1,1.0734240585944752,0.8832190608079024,0.7796040726347562,0.8545386820800951
35366,2024-01-04 21:53:46,1,0,1.455298438416576,0.6764796025727677,0.5122490643061747,0.4327144496523816
20577,2024-01-04 21:54:38,1,1,0.2726795768076513,0.8998202307480013,0.9339146101569161,0.4656012063188866
1235,2024-01-04 22:04:40,0,1,1.4705072909361976,0.7468117695621086,0.3016968920105284,0.41991501354087046
60574,2024-01-04 22:17:25,0,0,0.7678743095046427,0.041572171840354,0.7200575746064936,0.24661018568599968
88997,2024-01-04 22:29:04,0,1,2.179275634956316,0.27888143096318496,0.6344842156780897,0.6511606042748224
72028,2024-01-04 22:44:22,1,0,1.668197843557631,0.07571906078458013,0.5493058506109522,0.21884253195519943
5206,2024-01-04 22:52:33,1,1,2.232676211354704,0.19662185148977485,0.2351570247303355,0.18771735994558858
36835,2024-01-04 22:59:16,0,0,0.5705273541054989,0.6139417866697859,0.2718053917418183,0.2206168029377974
73659,2024-01-04 23:01:25,0,0,0.8992220840540132,0.7319131189128486,0.3885055336344204,0.7667320072848625
93439,2024-01-04 23:11:28,1,1,2.237735602332278,0.4637322690962242,0.09051755673935513,0.6758116475390591
22821,2024-01-04 23:15:48,0,1,2.8403081374573955,0.8497543468421302,0.621334956615467,0.04304654170720967
10395,2024-01-04 23:18:07,1,0,2.350170051262012,0.47353354387938007,0.38894256518120984,0.2350303624874709
60382,2024-01-04 23:28:10,0,1,1.4058500443032056,0.9591413211694443,0.2767303748693817,0.5574104858551497
80021,2024-01-04 23:39:56,1,1,3.601778891320915,0.20865890354903038,0.7859004880497333,0.7423923493015804
54166,2024-01-05 00:42:23,1,0,-0.6667579329902373,0.9627506565466727,0.24508020800771624,0.3422187691912566
59494,2024-01-05 00:52:46,1,0,0.5071310521755985,0.36485937367008414,0.09108093650173088,0.9957733556454336
66706,2024-01-05 01:32:19,1,0,-0.3438989116913336,0.370856735089341,0.6315113742555178,0.6730250283167951
99792,2024-01-05 01:41:42,0,0,1.4599002663077705,0.11347301461016934,0.657640118878283,0.4986990636678106
53780,2024-01-05 01:46:13,0,1,2.9827395110230577,0.7151102838218063,0.4484802715267182,0.1659483898117794
13464,2024-01-05 02:12:16,0,1,2.635150946814404,0.15188158369318305,0.4601724083189431,0.5904211000147277
61560,2024-01-05 03:08:08,1,0,1.546089230831429,0.7246092713816019,0.539828507729966,0.3434657055937801
41237,2024-01-05 03:20:05,0,1,0.9643462471741884,0.6521815840853549,0.5878581822423349,0.48115541161211595
33608,2024-01-05 04:03:35,0,0,1.4203621258426238,0.48793149442465866,0.24137949797177727,0.29316068916326776
64183,2024-01-05 04:06:18,0,0,0.5605364866531097,0.8495280655846346,0.5622430196799991,0.8973518185519191
26112,2024-01-05 04:32:35,0,0,0.3270289822725353,0.5253015513393272,0.7703410303773268,0.07026848510182981
91840,2024-01-05 04:36:20,0,0,0.9500946089132872,0.6222900120643663,0.10927678481625125,0.05818407123778102
84100,2024-01-05 04:36:57,1,0,0.8287672559076737,0.1267614906791622,0.24309846787193856,0.6684001357486845
9838,2024-01-05 04:45:53,1,1,3.9967308916917865,0.7477587017815598,0.19270974526260665,0.11571901225605474
59494,2024-01-05 05:02:51,1,0,-0.7083998929533477,0.541066370883684,0.3987886827876599,0.10200147060197629
89532,2024-01-05 05:15:08,0,0,0.9288330111469134,0.5852807077952298,0.4321292025153608,0.2617053735416377
61508,2024-01-05 05:15:29,1,0,1.7504235544035769,0.507259270596516,0.6192720113907066,0.48345809937962003
21203,2024-01-05 05:57:50,0,1,1.387903200940192,0.6216878528290606,0.9669255225019676,0.873113526848578
9557,2024-01-05 05:59:17,0,0,1.1590962421890056,0.8259620420958359,0.9942276326095423,0.24420980495312483
74635,2024-01-05 06:08:44,1,0,0.3681843109172192,0.10592088587950599,0.06409509111533751,0.7611334244143892
50540,2024-01-05 06:14:44,0,0,-0.4771429651124275,0.6297632409028983,0.5954708868849264,0.34081952095840484
98840,2024-01-05 06:17:20,0,1,-0.1320462807313092,0.13878090384624286,0.2405746280143669,0.044260366116032346
96797,2024-01-05 06:39:27,0,0,2.1697461809855167,0.5943578026941557,0.6223916939723975,0.5581559749114376
1565,2024-01-05 06:55:37,0,0,0.7179709522100552,0.22583837766299275,0.12905615950101457,0.07263541403420426
25661,2024-01-05 07:27:14,0,0,0.7793439267587172,0.860300897540505,0.6109693374885908,0.9716658261177792
58372,2024-01-05 07:34:32,0,0,2.781226927581568,0.2890102706007809,0.6357520221974092,0.5690536598178838
1498,2024-01-05 07:46:22,0,1,3.767929913579883,0.19159937394876114,0.4206054059782286,0.9442922727241192
31786,2024-01-05 08:14:36,1,0,0.6252049252099168,0.34468907384813674,0.2620844429163842,0.6871537646789349
30901,2024-01-05 08:20:37,1,0,-0.2718551845008849,0.18026421941565418,0.7318613920186043,0.21717189788560898
99795,2024-01-05 08:20:44,0,1,2.267711462343836,0.5531146768626582,0.708974637699041,0.4037859759494069
98073,2024-01-05 08:33:05,0,1,1.010461879968136,0.763678249493101,0.11864181163375098,0.5477535481059199
21919,2024-01-05 08:40:30,0,1,1.8413651629613117,0.7546201540028229,0.20272577808758396,0.18225010616554072
8969,2024-01-05 08:43:52,1,1,1.500704401460848,0.38967185271505556,0.5328446079201883,0.012788903055292788
4247,2024-01-05 08:53:37,0,1,0.9844209187924584,0.10049636388626892,0.14848617961594568,0.12203467060216644
65308,2024-01-05 08:54:56,0,0,-0.8524229149889546,0.4796288268020631,0.12430400906598194,0.5933627385292102
26911,2024-01-05 09:16:41,1,0,1.042622523078706,0.15749160112989924,0.3974370509204801,0.67937166593762
92533,2024-01-05 09:34:35,0,1,4.128469732435164,0.9154007716497135,0.6027065728051054,0.8215287231535177
67810,2024-01-05 09:36:53,1,0,1.0709947154249482,0.25604629339912777,0.4057352479027123,0.22301400914917002
77347,2024-01-05 09:53:56,1,1,1.5136920909266691,0.1369079030050967,0.054439860035726095,0.8993081368163359
52784,2024-01-05 10:16:20,0,0,0.6333212063494779,0.2960229988914429,0.3122821583603612,0.09017700464583922
59508,2024-01-05 10:22:34,1,1,1.2747739354642469,0.06338962466371467,0.037975641261055015,0.07606845921475303
1876,2024-01-05 10:25:14,1,0,0.5259195266336387,0.7848923827234383,0.7421460677010647,0.6716332991942802
68596,2024-01-05 10:29:10,0,0,0.0547434481266237,0.5621998716860296,0.08837472350656861,0.3411511336392946
34948,2024-01-05 10:38:27,0,0,0.0636787249547065,0.9014063505053737,0.21633372219160207,0.3146741215267803
5285,2024-01-05 10:59:03,0,0,1.7593852088307431,0.30307791590127486,0.05518735057476154,0.987780249118664
21203,2024-01-05 11:03:47,0,1,0.6233138524436912,0.8556809545112743,0.1684612503798144,0.8081603273231953
10948,2024-01-05 11:10:55,1,0,0.6706084625873057,0.13575767223191015,0.7207889787255399,0.6398790249601937
34382,2024-01-05 11:22:22,0,1,0.325317055295643,0.4112831494065632,0.3249324287496381,0.39337435765454376
62936,2024-01-05 11:27:50,0,0,0.5032752972062946,0.1915193954248996,0.1647044035370292,0.4143709889724523
52705,2024-01-05 11:36:16,0,0,2.2993469305535403,0.4204526181066428,0.4095621925755595,0.9150221678705331
73974,2024-01-05 11:55:06,0,0,0.523115976966722,0.7800335680676694,0.7362017724355859,0.1582321417060787
10445,2024-01-05 12:23:53,0,0,-0.6595968383264046,0.7630895661306479,0.9955901621230137,0.9354669846778311
87184,2024-01-05 12:31:02,1,0,0.2512503760190824,0.2726635848654648,0.4226106410748285,0.19692936182575949
44709,2024-01-05 12:42:52,1,0,0.7725793692443436,0.30513614975365844,0.8970439060975988,0.6675701956372273
77985,2024-01-05 12:55:33,1,0,0.2730750410698431,0.4962235192342629,0.49119357250107254,0.48443306930568963
15135,2024-01-05 13:04:12,1,0,1.924699196769792,0.8364860467494827,0.6372819418165737,0.24048164679263562
28737,2024-01-05 13:08:48,1,0,0.8011683970211282,0.8435897021660984,0.39810903930945574,0.4034224253916241
75569,2024-01-05 13:11:32,1,0,1.9275457773135432,0.6569852435085743,0.345212270678356,0.2546608024616853
66726,2024-01-05 13:42:49,0,0,-0.5874928237313013,0.08679729415700843,0.2724316933122226,0.007518346425951394
15906,2024-01-05 15:07:54,0,1,1.9462174491816795,0.4132410846558653,0.8698187262353281,0.05702515929930185
15382,2024-01-05 15:09:05,1,0,-1.6251466840968023,0.7680173098838496,0.25599552302400097,0.8507601115535804
76358,2024-01-05 15:27:23,1,0,2.548725558462862,0.14599574231459245,0.2606533672260377,0.4339881863982966
99888,2024-01-05 15:30:13,1,0,-0.8857616105711281,0.6078499753476015,0.274642406817022,0.7507522818208192
19492,2024-01-05 15:35:15,1,0,2.544449478118673,0.3294149698719887,0.8430417175356253,0.28187543356046285
26969,2024-01-05 15:38:55,0,1,2.157048567445345,0.35503749674776175,0.11642494840269912,0.8734112814182099
54643,2024-01-05 15:41:12,0,0,1.4461410042476746,0.6644811048199816,0.24770193015206277,0.29275630655902984
20786,2024-01-05 15:46:27,1,1,3.065980230787644,0.1887329614686717,0.9776764316638807,0.8922103592245825
22764,2024-01-05 16:12:51,0,0,0.0935689407228367,0.17507849621677063,0.15343292935453368,0.2575814934589097
5986,2024-01-05 16:25:36,1,0,1.7222017089664576,0.5429020073793984,0.35090357472671674,0.7653112944503251
59492,2024-01-05 16:25:39,0,0,0.6808942594470253,0.3833551484494899,0.814455237751136,0.01147263259331388
50170,2024-01-05 16:32:14,0,0,1.6318046992119288,0.6302931964582676,0.32940074135526287,0.8516546682789128
99955,2024-01-05 16:57:40,0,1,2.4144094332759964,0.46234681270381617,0.0023595201773344288,0.4748751115194113
10445,2024-01-05 17:04:36,0,0,0.6252108472817419,0.9115164606145885,0.3115908076648708,0.9285972251453156
53473,2024-01-05 17:08:53,1,1,4.91386246600733,0.47956949586860254,0.8214624596574234,0.9599905284938349
52070,2024-01-05 17:23:00,1,1,1.7777773029012267,0.3608003908460675,0.5686573333457574,0.8293927334957654
94658,2024-01-05 17:45:56,1,0,1.3030482829327168,0.9511622498193385,0.7549974247431767,0.34609293830431787
80145,2024-01-05 17:54:18,1,1,2.3135138474501953,0.5397814386701003,0.540563747145535,0.8324623314081466
48421,2024-01-05 17:58:35,0,1,1.8592091135836148,0.30695877689928897,0.06981509154696564,0.01986505230953939
45893,2024-01-05 18:03:18,1,0,1.5903205729863903,0.8046823623562338,0.18369816867150968,0.012774757808843518
33893,2024-01-05 18:03:38,0,0,1.3011131671006937,0.7068030039745533,0.5561457743780341,0.48592207977517665
94078,2024-01-05 18:12:20,0,0,0.5119800984380655,0.30093028378728315,0.34715552468560007,0.5924597225046261
64274,2024-01-05 18:26:01,1,0,1.9829162064617616,0.047317727037291424,0.3640965195442599,0.20089438947219196
65977,2024-01-05 18:33:03,0,0,1.7577767609361872,0.2845452684912081,0.7567039115271821,0.7176175083884763
52492,2024-01-05 18:54:14,0,0,2.0904719911385654,0.045791690953860265,0.011558212538663182,0.7332526525083131
76200,2024-01-05 19:06:21,1,0,1.3970316022939802,0.8154815345725042,0.7387887300962936,0.30157077141196287
68275,2024-01-05 19:40:21,0,0,0.9349543272811908,0.9859025501834101,0.692068118525162,0.6380249929526327
73073,2024-01-05 19:49:06,0,0,2.3516813728601074,0.19601926456343044,0.06616931330087983,0.9028899078223138
1876,2024-01-05 19:57:57,1,0,0.1682388257371903,0.037320518428574645,0.5610917877914265,0.4828890362470206
91401,2024-01-05 19:58:13,0,1,0.8150562335829754,0.7792298172976893,0.3679513642010115,0.6642238616414279
66706,2024-01-05 20:00:06,1,1,2.8381265678943812,0.7301764480754701,0.6296458715341139,0.5288510964765516
67129,2024-01-05 20:03:50,1,0,1.8392013551522632,0.12402182607325407,0.39399348233007214,0.7940506139182716
58209,2024-01-05 20:11:22,1,0,0.5537947356527376,0.00924241843193363,0.7510751746370451,0.3698981834214996
2267,2024-01-05 20:13:10,0,0,1.3751081637541906,0.15145827784376487,0.7026785108221659,0.016999887449250295
16994,2024-01-05 20:24:58,1,1,1.584642739820315,0.7295176637391989,0.9619966510320865,0.0595470818553977
20987,2024-01-05 20:25:03,0,0,0.8220424442543135,0.31446362878269507,0.5971523927437292,0.7503959595833234
48533,2024-01-05 21:39:45,1,1,1.187058904689674,0.05942138131750507,0.2375286838283055,0.37570386068860273
9557,2024-01-05 21:44:09,0,1,1.034883237767628,0.5970823252683015,0.6794718174986198,0.7748026177021391
55003,2024-01-05 21:49:34,0,1,2.1302745214728858,0.38085119488790464,0.46390736503988916,0.42366814199165714
24726,2024-01-05 22:01:44,1,1,0.5291937054973421,0.9615376356295577,0.07412487517823463,0.2638716240991341
99755,2024-01-05 22:07:56,0,0,1.8999996644297332,0.11290533565308547,0.09220485167173842,0.11426764317527638
87072,2024-01-05 22:08:14,0,0,-0.7867265938449102,0.7632729622448104,0.12248206761994129,0.4409198735305263
150,2024-01-05 23:02:49,0,0,-0.2156563684719616,0.46282285117210464,0.9919236527642339,0.5132671233601688
78119,2024-01-05 23:09:53,0,0,0.5558785456344846,0.5692017551746221,0.4857951911207625,0.29081957788162527
17743,2024-01-05 23:24:39,1,0,-0.0554337809557043,0.5852231652064834,0.38792299734488345,0.9311071356322009
30395,2024-01-05 23:31:45,0,0,0.2423882754577526,0.09683043853765738,0.8210452547031151,0.5109622346102628
40311,2024-01-05 23:40:08,1,0,2.824879017807115,0.8360465706919796,0.09784736899020874,0.9069699706445755
85420,2024-01-05 23:41:46,0,0,3.7996972218373095,0.7883088846223126,0.8011547017735196,0.9240493551694239
68395,2024-01-06 00:04:04,0,0,1.714113748553301,0.360208759702229,0.5479355935008462,0.6676639742064637
64339,2024-01-06 00:09:12,0,1,1.178613320775614,0.5000880084790476,0.4140899752181175,0.6749979261191072
56258,2024-01-06 01:07:41,0,1,1.3452123045706097,0.537085713903315,0.8507045490947959,0.13666001454207066
74156,2024-01-06 01:14:08,1,0,0.7892810209232375,0.07939881989771003,0.22393163411544237,0.5317670988809429
83667,2024-01-06 01:18:52,1,0,1.183342213998421,0.05243459506078052,0.055559502183096576,0.5817419027557333
80759,2024-01-06 01:31:33,0,0,0.6516306367659278,0.5127395034279629,0.8611609317760289,0.26939804199878414
14320,2024-01-06 01:37:37,0,1,2.4287564384616136,0.16262306509743973,0.7261674660419332,0.9567112132870439
69134,2024-01-06 02:40:00,0,0,-0.1252235103798349,0.4601412267465296,0.712350101944461,0.4150584752163746
94505,2024-01-06 03:04:54,1,1,0.7220624256803807,0.7138904734566341,0.6462169478690727,0.8176818251257572
39777,2024-01-06 03:19:21,0,0,0.0325099226247654,0.632252527920808,0.20882528203277018,0.8513892920386891
18575,2024-01-06 03:21:22,0,0,0.1891110561914113,0.3422428350690492,0.8145264717975262,0.361731298815257
14008,2024-01-06 04:14:49,1,0,-0.3538075195468575,0.5171085997623234,0.03245775899321579,0.43337119520340706
89249,2024-01-06 04:25:36,0,0,0.7544985102644991,0.5774538846063945,0.23995206985535178,0.4798656252783364
11331,2024-01-06 05:00:30,1,0,1.5911065144305567,0.8829677659594946,0.80126604037284,0.9422048941716087
15110,2024-01-06 05:05:26,0,0,0.6709463279517839,0.7786996288205651,0.7023995913758636,0.9898862407414712
20987,2024-01-06 05:46:16,0,1,2.285826139602543,0.11537346610437893,0.4261154681599688,0.6853749870400971
40725,2024-01-06 05:48:19,0,1,2.931573012874244,0.5709289621709143,0.23390460187099393,0.8546719420772008
12034,2024-01-06 05:59:43,0,0,2.4310991655892975,0.55286513803623,0.7527131686765933,0.8229412398532286
83294,2024-01-06 06:00:28,0,0,1.5781549168645217,0.12156065723003706,0.8990703482571685,0.5704095547625954
8310,2024-01-06 06:33:08,1,0,0.2679920670942856,0.9920163773708117,0.2680668859477737,0.7522696351417086
15401,2024-01-06 06:37:43,0,0,0.8304136275027096,0.3051108715198818,0.9214959391801746,0.22534444932932307
21886,2024-01-06 06:52:40,1,1,2.1725879177221197,0.8107107225196805,0.9419200518387993,0.37128791961568475
6659,2024-01-06 07:05:25,1,0,1.267540286126554,0.5642801922657048,0.1880247223199475,0.01784760642022254
94151,2024-01-06 07:22:45,0,0,0.9371932768560444,0.48992829149526673,0.9347906129980728,0.3486415081241374
49852,2024-01-06 07:44:44,1,0,0.9362457350093516,0.8244402042947958,0.3456580735550354,0.5306196429341561
38929,2024-01-06 08:54:09,0,0,1.8663662349850396,0.8954344099340895,0.18472716700462533,0.4648177198710399
59194,2024-01-06 09:11:13,1,1,1.8813616738901175,0.5868923672219802,0.853836399885409,0.9130769288931745
79748,2024-01-06 09:35:05,0,0,0.4731468040128229,0.15048316106364534,0.35020869945579436,0.1402214117846069
4780,2024-01-06 09:47:36,0,0,-0.3827381702986268,0.8909718853204104,0.6341879241213703,0.8938039615588241
96483,2024-01-06 09:48:20,0,0,0.9120725905801024,0.5199112116435988,0.40881341819723027,0.9750209299087971
73974,2024-01-06 09:53:51,0,0,1.0859990650052156,0.3343207935513063,0.9533865235593686,0.418841777525232
65930,2024-01-06 10:02:34,1,0,0.6813269094231958,0.705055490024492,0.936291268410169,0.9553188011037523
45817,2024-01-06 10:05:30,1,0,-0.0263984541151933,0.1983667116024056,0.781603241360968,0.5107136002700143
56926,2024-01-06 10:22:30,1,0,-0.7157582843783166,0.09305418811651223,0.9737855389140953,0.2877934881614056
81925,2024-01-06 10:23:18,0,0,0.5098616517606207,0.5199097404150237,0.8742896343363741,0.42839307847326136
53854,2024-01-06 10:26:32,0,0,1.403376242526725,0.7427610802558676,0.576386987844146,0.8517483779819917
91576,2024-01-06 10:33:30,0,0,1.3948112711460907,0.7922839885753544,0.29693135190850106,0.7025909539537345
43578,2024-01-06 10:58:38,1,0,0.7441768657574177,0.1649572500911547,0.05893078604635782,0.02345558124363034
5755,2024-01-06 11:00:28,1,1,0.631840800754335,0.6334067182469995,0.5371375090404285,0.3937061470773684
24556,2024-01-06 11:00:50,0,0,3.14344682477698,0.25655613345477013,0.3531391864878801,0.05987683566969593
53005,2024-01-06 11:12:06,1,1,2.219382501363856,0.9091023451908441,0.46085070851683974,0.12337279206938034
49643,2024-01-06 11:39:06,0,0,0.5918268240110458,0.07010092717687677,0.6505629304586726,0.8021314486452381
36279,2024-01-06 12:06:41,1,0,-0.2119097199812767,0.13638638180592422,0.4288890298786544,0.08671478840336855
86102,2024-01-06 12:18:12,1,0,0.6951321370065928,0.5246841405516334,0.46414145285924957,0.20849266963901059
16665,2024-01-06 12:41:34,1,1,1.0970728219129735,0.8590515653279477,0.8142686827601058,0.7038201839343263
69879,2024-01-06 12:47:57,0,1,2.159991613573438,0.330615637903534,0.14004412027117263,0.9028449611699214
32474,2024-01-06 12:50:25,1,0,-0.2787099677768716,0.9175577751745373,0.10743312310569042,0.7588582397578901
32611,2024-01-06 13:19:49,0,0,-0.0925542703834125,0.699003590201112,0.719034824084571,0.1743328423418521
21761,2024-01-06 13:21:54,0,0,-0.1491592905386358,0.08984225945218005,0.5056886105457689,0.4490924559881806
65276,2024-01-06 13:30:40,0,0,2.1487423498227427,0.32981975785521367,0.9323461528777165,0.257206573159391
82458,2024-01-06 13:42:37,1,1,3.579091256410435,0.6844399234081804,0.24218716537331053,0.5077223416263459
94505,2024-01-06 13:47:04,1,0,-1.334177042210305,0.7735683445593883,0.202311359356108,0.02898064528673827
73264,2024-01-06 13:54:32,1,0,0.901136884037714,0.4004701646703711,0.971763317210555,0.6183165723941676
51418,2024-01-06 14:02:40,1,0,1.2960330770426174,0.3563211689292619,0.19118835298780945,0.02260892380500734
97436,2024-01-06 14:06:03,0,0,0.9060145672153784,0.26380300243413424,0.6758374180345561,0.9106452180870596
54019,2024-01-06 14:21:07,0,0,-0.2146683273085614,0.3056025926122339,0.8110353655535902,0.6053244164987189
53919,2024-01-06 14:32:39,1,0,3.739504133108306,0.6383474541546835,0.5407024170045927,0.22638422904788935
64361,2024-01-06 14:34:02,0,0,1.0175369016730584,0.47738558312387813,0.12824278285962754,0.714471937356737
56926,2024-01-06 14:42:34,1,0,1.315043036116171,0.4994705314283473,0.40314583918797053,0.7988761100599975
68589,2024-01-06 14:43:23,0,0,-0.183759097060195,0.3452569782198386,0.19107448159026486,0.19129882154607503
53147,2024-01-06 14:49:34,0,1,1.589072769166263,0.7679390293762889,0.9890666813499212,0.9973715909833661
26504,2024-01-06 15:08:48,0,1,3.306001741706825,0.7065709871821921,0.0315751528661824,0.17923836962123374
43743,2024-01-06 15:59:07,1,1,2.1832344372219064,0.9297496818678096,0.46379537736841836,0.35234941756759375
73479,2024-01-06 16:09:47,0,0,1.5628579201823911,0.765636040725951,0.054045287502776374,0.4628607519625356
2954,2024-01-06 16:12:23,0,0,1.4173708030318293,0.1799449246102951,0.9912768707587525,0.05547463739235914
67542,2024-01-06 17:11:38,1,0,2.8504632338437537,0.3722758744583108,0.07589390184919487,0.17945816562026806
624,2024-01-06 17:22:42,1,0,1.231009977255514,0.9508399936861398,0.1480345710705917,0.5711315893043134
12498,2024-01-06 18:57:48,0,1,0.7743942362327518,0.10360239610705035,0.7609108727721562,0.12627465836772422
87218,2024-01-06 19:47:59,0,1,1.959237473864566,0.2336645099388439,0.3099887844228262,0.0566220685337685
96064,2024-01-06 19:53:41,0,1,2.4460722014820804,0.6235801939831217,0.42312653870590333,0.4105425520996281
63509,2024-01-06 19:57:52,1,0,2.231979403265022,0.3786663722725738,0.39057689304447485,0.9466804731121106
9838,2024-01-06 20:03:16,1,0,1.0103355631823547,0.23507816686431315,0.7162184594336309,0.2802519264050922
9844,2024-01-06 20:08:23,0,0,0.2579865751102597,0.6759831633657224,0.6204296337655547,0.02238997434255685
20374,2024-01-06 20:27:42,0,1,1.54501651965922,0.0006453761102923616,0.5676445335215432,0.07648719794478254
20495,2024-01-06 20:35:43,0,0,0.2252280044216398,0.04325053338318685,0.016387791917896743,0.6344956545611011
87218,2024-01-06 20:46:22,0,1,2.838489203736345,0.8393256080446707,0.36285853119698974,0.8355504083900481
96006,2024-01-06 20:50:43,0,0,1.0915264392388613,0.17551669626991873,0.34043041065896473,0.6816743727393836
80944,2024-01-06 21:04:58,1,0,2.560350929874458,0.49028057141408743,0.7063207844472961,0.70932186746708
72718,2024-01-06 21:06:41,0,0,2.64273430193763,0.4674525344110645,0.8280163032426059,0.6934638272795305
79791,2024-01-06 21:06:47,0,1,2.384950966105863,0.22116311379560605,0.8477380004385285,0.7403777733544789
31786,2024-01-06 21:17:38,1,1,3.535755991995992,0.6633964602890777,0.5687402466339743,0.4409940269479594
9136,2024-01-06 21:32:48,0,1,1.8433621023419096,0.5328536275562681,0.8351103102670617,0.7053702332382817
61586,2024-01-06 21:42:23,1,0,1.8542398605768329,0.09185951333544984,0.9515356594973257,0.9130329787327881
84809,2024-01-06 21:56:59,0,0,1.2352897091698694,0.06216146320548288,0.017225655561123765,0.0846358642337336
18575,2024-01-06 22:11:35,0,0,0.8221742747113104,0.27933755637495894,0.1290886358077532,0.3004841801730189
19952,2024-01-06 22:12:42,1,0,0.6996917417636868,0.126358148018337,0.4729406552245822,0.877528806830353
79791,2024-01-06 22:24:04,0,0,1.958806656010961,0.16005108108956512,0.36391523765463685,0.9406367925992881
78264,2024-01-06 22:39:33,1,1,3.65092793223125,0.15684398524176058,0.48942229769841294,0.7971657487723366
79794,2024-01-06 22:51:29,1,0,1.2818085486835522,0.5805562945026236,0.15403936716876732,0.8948965131749288
71243,2024-01-06 23:05:17,1,1,0.7755309682794997,0.39524621244435054,0.27782603428271235,0.6297623630114599
23024,2024-01-06 23:23:32,0,0,-0.8721555024333958,0.9332213928184793,0.6134907609327024,0.7934318645130455
94797,2024-01-06 23:27:53,0,1,3.106288710059889,0.5685128231498067,0.02881662535051477,0.6408591207904158
29472,2024-01-06 23:34:38,0,0,2.664233251497638,0.7916044280294692,0.9383101893025255,0.16432593445566002
20248,2024-01-06 23:50:52,0,0,0.8619529247184664,0.7896992144925985,0.14778922199437783,0.7392850738428974
79748,2024-01-07 00:10:48,0,0,0.3487038736398554,0.6727907036984134,0.6351056537728886,0.7440530347337413
33244,2024-01-07 01:15:25,1,0,0.0189128418837216,0.6933935385165393,0.26354607739481606,0.6541529570069796
25455,2024-01-07 01:24:57,0,1,1.7761411831195004,0.22020251462097606,0.24767376241355976,0.729629117246539
45814,2024-01-07 02:43:31,0,0,1.7030254590454112,0.40947970650350474,0.7747073746761788,0.04791891794937653
34259,2024-01-07 03:24:12,1,0,0.9599050878955638,0.44702905692554773,0.9131836452717054,0.9930491831983755
79713,2024-01-07 03:40:24,1,0,2.352593909756546,0.00936893682361184,0.7264717638833362,0.12237394163595905
91723,2024-01-07 03:41:48,1,0,2.19972978034417,0.41681012878307944,0.758322683587522,0.5373309137669442
26623,2024-01-07 04:17:36,1,0,1.7900755494722314,0.5648374488109025,0.8794148111682577,0.6527886011069124
98385,2024-01-07 04:29:54,1,1,0.781186939576372,0.3609911487816303,0.3457858185345505,0.1337633199365852
20248,2024-01-07 05:08:27,0,0,0.5113174310370374,0.03504610668771857,0.20088338477165435,0.5675473077537173
89948,2024-01-07 05:12:09,1,0,-0.3018227522210976,0.17351209535370526,0.27357263917808194,0.8430042516254956
47552,2024-01-07 05:42:25,1,0,1.6658330978067155,0.5980021799962053,0.5511575407658782,0.7913057589763488
16602,2024-01-07 05:47:02,1,0,-0.368122846253305,0.3558848210455686,0.07139188461003276,0.5361034953857958
95739,2024-01-07 05:54:39,0,1,3.407481861313717,0.020780880630863252,0.7019688227111476,0.22987404677224132
47170,2024-01-07 05:58:16,0,0,0.9445466251920852,0.9379971492351813,0.6745171174264701,0.9482547450595982
23059,2024-01-07 06:09:25,0,1,2.176573358453711,0.8427436877853175,0.31817934415485893,0.10369562456628623
17109,2024-01-07 06:55:02,0,0,3.383861037981873,0.10233131963367526,0.6952454463142977,0.5181418562000033
36884,2024-01-07 06:55:31,0,0,2.4804530339306856,0.5334664773500365,0.3881944866411874,0.9191797423148824
36443,2024-01-07 06:57:20,0,0,-1.2369254987260212,0.46551002283502363,0.6230838549715584,0.29326527960301485
16473,2024-01-07 07:07:34,0,1,1.1218476330712492,0.9132646550453463,0.5408734564027126,0.16942309674482248
11489,2024-01-07 07:41:35,0,0,-0.2155028588456951,0.06493217122195316,0.9499091692885394,0.5675712921534547
10271,2024-01-07 08:09:25,1,0,2.307915623779839,0.7481941723500743,0.5612480331321325,0.9783933226914577
45893,2024-01-07 08:15:24,1,1,3.461444292242202,0.3665616932697189,0.9942383725513929,0.18650255910990865
89257,2024-01-07 08:27:19,0,0,2.2357828929941412,0.6216234821320042,0.34702204588482877,0.256512956719818
46967,2024-01-07 08:45:31,0,0,-0.970015031971576,0.4523965934828611,0.3978090208436953,0.3419253577970246
84523,2024-01-07 08:49:35,0,0,0.1621767412223503,0.15526989782440814,0.25450134856819995,0.9644438134798717
11419,2024-01-07 08:58:27,1,1,1.6168126788640125,0.06429638032678053,0.065031164620868,0.9726810310577477
4247,2024-01-07 09:23:33,0,1,2.3375745487989334,0.909483144755028,0.8838499904190659,0.20234587918770652
76237,2024-01-07 09:25:19,0,0,-0.6182272695183921,0.5813854753352736,0.8882925120616233,0.46847010695728764
12102,2024-01-07 09:27:11,0,0,0.5922692283955667,0.7168666788484594,0.9974515297454666,0.39025761381967106
97089,2024-01-07 09:36:33,0,1,2.0306314925944173,0.1841171325301474,0.17435681725118768,0.7884013015200043
39412,2024-01-07 10:04:38,1,0,0.6956593950820784,0.07737587662319478,0.06710456284708954,0.4910846436379481
16802,2024-01-07 10:06:39,1,0,0.94941259856657,0.45024798702750124,0.9431456709119406,0.15068541891130371
8135,2024-01-07 10:16:10,0,0,2.099183993785311,0.5785391759315524,0.6488288234579912,0.8239848738286981
5473,2024-01-07 10:26:46,0,0,1.3951731428154863,0.2578323334896224,0.8978782605451002,0.053328255678135594
30871,2024-01-07 10:35:03,1,0,0.7378957772553709,0.5388321863012318,0.3028407508127381,0.11534382492565609
79093,2024-01-07 10:59:04,0,0,0.5863947572555819,0.780515109815729,0.43057897681926294,0.11489902750777936
26046,2024-01-07 11:03:00,1,0,-0.4966604767228804,0.8850299535597907,0.7009898515002687,0.5668104244339676
70655,2024-01-07 11:10:17,1,0,-0.598498532013283,0.3840109687367491,0.9665598119783106,0.8682408117732643
45755,2024-01-07 11:29:21,1,1,0.673607282260436,0.04347187287734333,0.7006491738950846,0.6246075855398727
13067,2024-01-07 11:31:09,0,0,0.9338073673112388,0.14331576261651724,0.4670719803404303,0.05475583996985223
45893,2024-01-07 11:37:31,1,1,1.6723269056380392,0.15945097586570778,0.25223586343733306,0.11398112817564221
20676,2024-01-07 11:39:57,0,0,1.4017489193197463,0.06288957087651914,0.02797525334827089,0.10776811584051138
23604,2024-01-07 11:45:30,1,0,0.273005627592653,0.9255675205885154,0.08630980317609693,0.4181792977636639
71215,2024-01-07 12:17:45,0,1,1.1052729810441737,0.892878767954403,0.056812178743745,0.3017054980253917
12463,2024-01-07 12:35:28,0,0,-0.4217620690471155,0.6851996918074644,0.691821202238301,0.08009736245094501
96483,2024-01-07 12:43:52,0,0,-0.4342222074576032,0.8125103424353572,0.2765210618487052,0.22265582190663447
34976,2024-01-07 12:50:02,0,1,2.643938793276858,0.7029915377516347,0.9922588081254952,0.9340857144470074
91572,2024-01-07 13:01:57,1,0,1.11518088315279,0.2885334810523663,0.41410287820117564,0.6648461774233239
52055,2024-01-07 13:02:08,1,0,1.3964868174109184,0.7362463379093174,0.4816162099959539,0.7994747751976424
31446,2024-01-07 13:07:16,1,0,0.2741417793128607,0.6980051481803135,0.6512313129861154,0.22676601166776067
49643,2024-01-07 13:24:23,0,0,2.790898571232915,0.8425197801403119,0.5479184675205874,0.6199814037241604
83312,2024-01-07 13:46:14,1,0,0.3635039501517459,0.19276814217732297,0.665645891047187,0.5319301242556973
23304,2024-01-07 13:47:26,1,0,-0.4135173236526528,0.45488070927270874,0.1583822432209595,0.864887483051097
5285,2024-01-07 13:52:00,0,0,0.6838751280315127,0.11524528072395612,0.7176737532870066,0.5684986621316768
36903,2024-01-07 14:13:19,1,0,1.2963830201167543,0.07815008116152167,0.8354113284655463,0.6559303001080878
20786,2024-01-07 14:14:00,1,0,1.0125137594215303,0.08881805038395518,0.1770962184905771,0.9834634752721086
76237,2024-01-07 14:14:43,0,1,3.723665720783297,0.3488891258733401,0.34459965823176186,0.5190584180074368
76701,2024-01-07 14:19:32,1,1,1.8454943207500996,0.9978770620407089,0.014427886752416352,0.3893167275608118
32968,2024-01-07 14:19:55,0,1,1.304057388329297,0.23468740595067417,0.5889519349129025,0.6566473902139875
68778,2024-01-07 14:22:41,0,1,1.665876559299188,0.5567992653404398,0.4409193790045003,0.9211486756677816
48519,2024-01-07 14:24:12,0,0,1.025962113433505,0.12291875645992911,0.7930868585963827,0.5977555088333453
90876,2024-01-07 14:49:40,0,1,3.002757825304604,0.36026773076982965,0.5777433425911079,0.9038685927404635
92683,2024-01-07 14:56:20,1,0,-1.0028137385258296,0.6676951985903011,0.3746190856247653,0.31818720439898895
87864,2024-01-07 15:32:45,0,0,1.3513096759879175,0.2906091192161384,0.07262344391438613,0.5901428546277248
44875,2024-01-07 15:33:42,0,1,2.915902542356013,0.4519142769660396,0.4186924405450705,0.9125432499978539
396,2024-01-07 15:53:59,1,1,0.9156119277666336,0.8052106507505149,0.45050052936831775,0.05291488238082931
32286,2024-01-07 15:56:59,0,0,-0.3204231468444101,0.8168293725831001,0.700387297703017,0.4715407997873823
16345,2024-01-07 16:05:01,0,1,-0.0501721010310225,0.060290564638887156,0.15004217869923353,0.3211783510905657
9286,2024-01-07 16:08:03,0,1,1.951281598069882,0.6345428497747554,0.8869579143217473,0.6150199091405159
65202,2024-01-07 16:39:02,0,1,0.892954317956512,0.036545152865833486,0.478891202102218,0.40976682874010417
9728,2024-01-07 16:42:04,1,1,1.8365571014754871,0.6322981804104549,0.9016759429447325,0.434018042697475
11489,2024-01-07 16:51:36,0,1,2.538115437003926,0.014648140211118488,0.564735498072871,0.5933694211219342
35019,2024-01-07 16:55:22,0,0,1.66252612978128,0.06035073654194545,0.7975223431508157,0.6739456020489
9844,2024-01-07 16:57:58,0,0,1.6274938966718446,0.5323009364084194,0.23280594022441525,0.29320617990088693
11228,2024-01-07 17:02:30,0,1,2.2424967912712215,0.6188579747093279,0.8598828596893626,0.2652973717137195
22790,2024-01-07 17:04:27,0,0,0.7558912814778985,0.7130920514731961,0.0492458727022258,0.10525806700425566
47420,2024-01-07 17:11:50,0,0,-0.0406008548415046,0.5050666784213571,0.7211200452707675,0.9293678039508917
53465,2024-01-07 17:11:57,0,0,1.6423171465004949,0.6389200533486245,0.026784199480737736,0.7402363218926317
26807,2024-01-07 17:14:08,1,1,1.820480786717399,0.8553027560107812,0.0692606243321785,0.15442760174590342
56763,2024-01-07 17:17:43,1,0,1.3210460091648355,0.16194468183620303,0.7059060507647967,0.4692445493017928
79791,2024-01-07 17:41:46,0,0,1.319554006723361,0.808211903653895,0.13944767334998254,0.13159056696957305
26550,2024-01-07 17:52:16,0,1,1.1567697297071289,0.4945811628628838,0.7904669759171228,0.03640064412206123
13858,2024-01-07 17:53:14,1,0,2.2370505418424687,0.12503017797978222,0.3043559601787721,0.5113141662299642
77775,2024-01-07 18:01:09,1,1,2.6433267946890444,0.1854730986143257,0.8107461949004322,0.6086782879921774
25586,2024-01-07 18:22:25,0,0,0.2443532835748074,0.1027288925015658,0.5712584713380282,0.4103613535767454
60174,2024-01-07 18:32:01,1,0,1.2213752539762284,0.6975080092468495,0.29398428397048804,0.9465057081089655
67499,2024-01-07 18:39:54,0,0,-0.0562654082906679,0.3360558057837426,0.6678630846497648,0.9244226690062503
82234,2024-01-07 18:42:47,0,0,-0.0478402188698201,0.5901336068606364,0.24176832071638754,0.4305516609511866
57094,2024-01-07 18:56:39,0,0,1.0681009634377188,0.27090403452573997,0.015919253070386885,0.5460234700724987
88066,2024-01-07 19:04:35,1,1,2.0905849069017455,0.28750115416781186,0.04951427772318684,0.6226801311319442
27503,2024-01-07 19:17:13,0,1,2.228228330138905,0.757839943856376,0.9229076620942426,0.6722493130787063
10445,2024-01-07 19:28:54,0,0,3.4463178589103234,0.5991203318652811,0.6127559951056154,0.45115960275674494
17109,2024-01-07 19:29:06,0,1,2.0904897816278742,0.14576340535619492,0.34191656526131964,0.9298315000511583
76832,2024-01-07 19:43:51,0,0,0.7689403201005098,0.18960299370546396,0.0062332918183325425,0.42247831952186976
85970,2024-01-07 19:49:52,0,0,1.4697273397350483,0.9063561999822831,0.6976301786315544,0.3600397610502265
28323,2024-01-07 19:55:40,0,0,0.2444592812594715,0.7424839635415709,0.3529833878730393,0.626742971623452
53473,2024-01-07 19:59:24,1,0,-0.1016218295742619,0.6768950605859112,0.7675638660159048,0.7378620653559436
9025,2024-01-07 20:09:16,0,0,1.7552517759761006,0.3094683744618547,0.05690455203776579,0.9791389636460132
43889,2024-01-07 20:29:17,1,0,-1.3397481157073972,0.19877893070757358,0.14695944418342788,0.1520137188103392
26550,2024-01-07 20:32:41,0,0,0.2401320746550849,0.053455903458816345,0.5279954252630531,0.28653744980449936
75970,2024-01-07 20:33:32,1,1,1.6053948771404103,0.2539654440649305,0.6954921118216544,0.9673700015448085
89256,2024-01-07 20:48:40,1,0,0.6836345768385561,0.42492721478045414,0.18746137752022363,0.18416745147390057
37377,2024-01-07 20:49:38,0,1,1.9948781332799288,0.12549350058452546,0.6058721287907356,0.14711916759267374
19952,2024-01-07 20:54:49,1,0,-0.5948752640156001,0.8253566493773985,0.3022065242134496,0.6097474327631774
75380,2024-01-07 21:01:45,1,0,3.422447901083496,0.16518322480440462,0.9381050452105034,0.8672251916464638
93439,2024-01-07 21:32:49,1,0,1.323718895579065,0.39421297248259557,0.5371869506897502,0.8134419094620793
25586,2024-01-07 22:07:49,0,0,2.4066155336506445,0.0904232388484143,0.8378483256286321,0.33644184210933137
5763,2024-01-07 22:08:34,1,0,-0.0563464635034578,0.9842248052865573,0.013452133036746416,0.8647252081091638
28436,2024-01-07 22:20:21,1,0,1.3230832579379006,0.35160999612390875,0.5043905735999751,0.5497135999403903
24556,2024-01-07 22:43:25,0,0,1.8883575248346505,0.21951071072550976,0.4766472810015766,0.21263854411530392
72446,2024-01-07 22:50:59,0,1,1.5158305666664216,0.3120650139805664,0.12910895591653893,0.7576640365992107
30439,2024-01-07 23:16:13,0,0,1.0561433402441671,0.4312334587906882,0.22180176842104948,0.31119274952335707
9844,2024-01-07 23:16:15,0,0,-0.5223142306080597,0.7569968319398138,0.8250495911538681,0.849281957642579
85970,2024-01-07 23:16:15,0,1,3.337398107442744,0.040145510371592974,0.8808630943391527,0.8152297285017637
29627,2024-01-07 23:23:54,1,0,0.5242508806873827,0.8078353388528491,0.43147827632623637,0.7738397300345844
10395,2024-01-07 23:24:25,1,0,1.208649581873369,0.5315797399021309,0.7899546326127231,0.6744594691118238
5473,2024-01-07 23:35:18,0,0,-0.1231779820879617,0.8790936579288171,0.7718787498029483,0.3815876250694046
50615,2024-01-08 00:05:35,1,1,1.2709161622563916,0.3562716316040452,0.33430781514955643,0.44028249498907135
49070,2024-01-08 00:53:33,0,0,1.5169904721611418,0.2693318399472189,0.7657009606440857,0.6420275802415565
40240,2024-01-08 00:59:35,0,0,1.9675504159911352,0.13200237025534278,0.9310913579571577,0.27726021199612405
53875,2024-01-08 01:44:14,0,1,0.9032144215453604,0.20473291479870415,0.8704563297108402,0.9737815514265865
49317,2024-01-08 02:23:42,0,0,2.340254400951829,0.934978157696424,0.7788841175136897,0.17694741727261387
26307,2024-01-08 02:30:27,0,0,0.0052268809713551,0.11940598860165841,0.2908240014775324,0.0056595822201612744
21203,2024-01-08 02:33:44,0,0,0.754279226337801,0.21645879741519558,0.4335090447874287,0.5454072107134524
21203,2024-01-08 02:37:46,0,1,1.8373340794550923,0.6844730128055395,0.6996207427366559,0.04196339199609411
21761,2024-01-08 02:58:20,0,0,1.2194026697539058,0.6796337371154254,0.517891343279288,0.4185627677172825
65202,2024-01-08 03:14:56,0,0,1.32741109519754,0.97144277396661,0.9024414814952656,0.06115821026905599
87214,2024-01-08 03:21:39,1,1,1.4705605726339264,0.33965864974157844,0.2621270796160171,0.5090399096559123
26969,2024-01-08 04:25:19,0,1,1.1467566494411798,0.7884218168785392,0.3099559530870173,0.42340533147094694
94060,2024-01-08 05:25:19,0,0,2.3095256365144,0.9745146506955737,0.2726638665080159,0.6677837965378279
30360,2024-01-08 06:10:30,0,0,1.273321256536874,0.8375141429307553,0.9193122494795256,0.6099319105932975
2332,2024-01-08 07:36:13,1,0,1.234595580893437,0.23542428688687567,0.5220737018341979,0.5911322554846997
42045,2024-01-08 07:37:03,0,1,4.129247112028298,0.6941061389883787,0.9246924899865233,0.34821170187076755
15961,2024-01-08 07:53:46,1,0,0.3212118261578217,0.8547749244249798,0.7171074596012091,0.9232218329991471
23059,2024-01-08 08:09:16,0,0,0.3096704208222242,0.9103826289711916,0.09726384068246008,0.8752217879819357
86913,2024-01-08 08:32:30,0,0,1.6018956486064415,0.17398194783958032,0.2683887823500727,0.3560594012499335
42858,2024-01-08 08:36:07,1,0,0.1711248371997284,0.5903785323083736,0.23355748383024122,0.38913375461812527
83294,2024-01-08 08:44:29,0,0,0.6819725661929308,0.8689071694552873,0.5954396177502734,0.551699979859827
9922,2024-01-08 08:51:48,0,0,2.1662883065324867,0.5680657837175995,0.08397341696254079,0.09218609490252416
80944,2024-01-08 09:25:11,1,0,0.0919375676708499,0.1799409921976758,0.34180624572381635,0.276670852088974
77848,2024-01-08 09:48:25,1,1,-0.1472890297386548,0.939593307983679,0.6264762776125747,0.8187309531549991
4144,2024-01-08 10:03:11,0,1,0.2422716086433687,0.25382804994645114,0.09395273594609044,0.4809987497995102
26911,2024-01-08 10:14:42,1,0,2.0116604137066467,0.9722216261864319,0.8483767726273281,0.023274908179683695
61339,2024-01-08 10:52:10,1,0,1.2532045102953495,0.2771082893072463,0.8379142913890014,0.9479949023340729
46747,2024-01-08 11:08:58,0,0,1.7443335887496765,0.6466621163576827,0.3660362579967287,0.9295283130232112
48650,2024-01-08 11:32:41,1,0,1.1709553521875051,0.08750176001817112,0.28213025100968314,0.6977433050963551
67179,2024-01-08 11:37:43,1,0,0.6924722352829844,0.6318004794443253,0.3326625587340545,0.37944375892784343
83485,2024-01-08 12:01:22,0,1,0.712577418725969,0.9837900805602573,0.9711976700449423,0.5625647302677154
33835,2024-01-08 13:17:29,1,0,0.7605289348836765,0.9145528868940094,0.8970128320072065,0.43250128343661864
12033,2024-01-08 13:20:13,1,0,-0.123971762429434,0.0059603260816457615,0.9476699095170019,0.9028832184684682
44035,2024-01-08 13:21:00,0,0,2.7007927584283165,0.8850346490597185,0.04380231301608106,0.5429320885273217
26112,2024-01-08 13:21:01,0,0,0.6950778290608379,0.648710335142406,0.5998203249660597,0.14817866381188383
66056,2024-01-08 13:46:30,1,1,1.712616638450824,0.8756024418928424,0.958704909470057,0.6595046541371216
97856,2024-01-08 13:54:28,0,0,0.3779924760983121,0.9816700531543371,0.03121367735189351,0.7595928590305765
8969,2024-01-08 13:54:56,1,1,1.3458535599322037,0.7459189609382254,0.30744507547868416,0.3559583525758583
36072,2024-01-08 14:08:46,1,1,1.905737445747443,0.8671720324806327,0.7287894151140214,0.25546114467481595
52055,2024-01-08 14:10:46,1,1,1.1231392218324117,0.49416932185949247,0.05013610525736445,0.7422530670610018
36910,2024-01-08 14:11:36,0,0,1.296100589623271,0.23055510280952607,0.9717731781408253,0.29910032970279943
77042,2024-01-08 14:38:17,0,1,1.4092929860365135,0.5066094204163305,0.17759585784164944,0.9999059672560712
44875,2024-01-08 14:50:16,0,0,0.8869596291286157,0.5322007555137958,0.9218092398012934,0.14172425309245218
81447,2024-01-08 14:56:57,1,1,0.5329547546090094,0.6173946824185702,0.48150972071495557,0.10515596833192009
97581,2024-01-08 15:00:33,0,0,-0.563705118543149,0.011712962477186117,0.9835587172788424,0.33529966526937627
89424,2024-01-08 15:25:38,0,1,3.87684461128167,0.633960594408877,0.022994705068463683,0.5183949959589148
16345,2024-01-08 15:29:41,0,0,0.746162438874467,0.7043141391177367,0.9178818959786296,0.9098855579512185
83157,2024-01-08 15:31:50,0,0,2.5087196233225786,0.9773318626641477,0.0976714598888957,0.0024115712249140886
16602,2024-01-08 16:15:04,1,0,-0.0347209906847449,0.015646252479086353,0.3957551954510241,0.9633010434714755
13398,2024-01-08 16:15:34,0,0,0.3710546450672253,0.24930921114319904,0.8834039700181785,0.6132650545929306
20495,2024-01-08 16:25:05,0,1,0.9375855881404368,0.6425763376934128,0.9220961168758175,0.19538215685570914
98371,2024-01-08 17:09:17,1,0,1.983239969445404,0.49542773459481515,0.4785757769746354,0.917380417271723
48026,2024-01-08 17:10:35,0,0,0.1619808195743148,0.9852462769324472,0.9501114921394231,0.86095641287451
2433,2024-01-08 18:17:31,0,0,1.256458910858533,0.7733272980240873,0.9380054788695213,0.18705372914320573
21203,2024-01-08 18:22:14,0,0,0.1940822213823083,0.7593745416052546,0.6243849316899074,0.45098315517781373
42035,2024-01-08 18:27:53,1,0,1.89521840222618,0.966274679196236,0.5473092114173695,0.6824158954887865
43889,2024-01-08 18:31:32,1,0,-0.3677538987970592,0.6309343419758768,0.9125490455943639,0.29219920621000406
23292,2024-01-08 18:45:17,1,0,1.3127125792748018,0.10625890579914388,0.7776916818698965,0.5592533387912775
51987,2024-01-08 18:52:47,1,1,3.2058536208882336,0.3843513333709928,0.8601480124489981,0.43998822757063083
8310,2024-01-08 18:54:47,1,0,-0.253305262345163,0.21904383042006292,0.4899908278317838,0.9276755827398959
61835,2024-01-08 19:06:45,1,0,0.3503962904051692,0.529131416626857,0.3268641668296002,0.16171055067196072
59508,2024-01-08 19:12:16,1,0,0.5448826659613327,0.4814889891618571,0.7485514304389246,0.4218617586673269
64274,2024-01-08 19:28:11,1,0,-0.0444164883084323,0.34764287866748234,0.14249750410961048,0.1057247333596868
74792,2024-01-08 19:31:21,0,0,1.3616005218435836,0.9714933394331338,0.008080219377957998,0.9697792339626411
13757,2024-01-08 19:37:05,1,0,2.429787452470418,0.9028455756251916,0.5163369847744955,0.6600514263715168
25931,2024-01-08 19:37:56,0,0,3.238831666414424,0.316636891419102,0.8285882244033819,0.6562210101677908
15460,2024-01-08 20:57:56,0,0,-0.0341111395297102,0.4317986283401034,0.5826792235918706,0.9384142449171894
21384,2024-01-08 20:59:48,0,0,0.642469891445465,0.08125000276183159,0.006694868058774173,0.15525403438330443
88905,2024-01-08 21:05:48,0,1,4.517474037533921,0.8312109833917587,0.7075071200698249,0.4440263042084531
940,2024-01-08 21:12:48,0,0,0.3316616316452974,0.9079793225147993,0.306408540800443,0.9077183962284516
59194,2024-01-08 21:40:51,1,0,2.19662786898701,0.4255296680299312,0.4274024004565474,0.4484607755328802
4783,2024-01-08 21:47:10,1,0,1.4399239666876642,0.12658697197330915,0.8475850179541344,0.6069375556894865
5285,2024-01-08 21:47:34,0,0,1.283441435744637,0.8829170452879358,0.11572302196013129,0.07037557577644027
67702,2024-01-08 22:24:53,0,0,1.6869536677708163,0.5052575694923079,0.695866179692861,0.7172725467405762
32286,2024-01-08 22:24:55,0,0,1.4696967194853532,0.6714304079712993,0.6089817656773819,0.19113096871202329
4966,2024-01-08 22:27:13,0,0,2.7228298833690587,0.7036927616003634,0.8411704210185562,0.891373143824283
54230,2024-01-08 22:33:32,1,1,2.3156050035903406,0.8795059537349259,0.9991236873735331,0.32076737552143353
16994,2024-01-08 22:33:59,1,1,0.5365579981629969,0.5159100907911518,0.7818393801006399,0.5394982303749942
97035,2024-01-08 22:40:01,1,0,0.7443602949522045,0.7413551716768503,0.01678100478254585,0.14827251590415236
92559,2024-01-08 22:40:31,0,0,0.3819455932147925,0.7819017748263238,0.6336447580578632,0.9735512848621142
36112,2024-01-08 22:56:05,1,0,1.7752291868507144,0.6599441917019154,0.47287399884773984,0.33914321298874406
34259,2024-01-08 22:56:24,1,0,0.195850038425041,0.2781279456767356,0.17149304682637734,0.7534341634500085
82458,2024-01-09 00:00:46,1,1,1.7547221540578903,0.5613106925929571,0.4767212439126868,0.4708096084985204
15961,2024-01-09 00:15:45,1,1,3.191142953088865,0.15331754176135648,0.2210782659315892,0.759689828105677
67308,2024-01-09 00:53:15,1,0,0.8347320299775634,0.33326661280417347,0.8896004890032626,0.2591386261718073
85564,2024-01-09 00:56:33,1,0,0.1753774287953873,0.6007192542857718,0.4477633624854258,0.174048459466154
13757,2024-01-09 01:14:57,1,1,0.889569315585522,0.19964686508052754,0.8666786927566408,0.580217454535736
18120,2024-01-09 01:47:03,0,0,0.8310708436752616,0.05012279205391035,0.10683417684124263,0.45164030108196684
62820,2024-01-09 02:29:28,0,0,0.1126099779975462,0.6391540713868394,0.33238467361181767,0.27351358421984406
38606,2024-01-09 03:21:54,0,1,2.053155347577867,0.3867982279562605,0.7214959120386285,0.588865688538414
32611,2024-01-09 03:48:17,0,0,1.1616623863795537,0.7705229452504818,0.09487290909560997,0.055206524158128434
49070,2024-01-09 04:33:20,0,0,1.244939227044468,0.040473261403224714,0.48613153066002734,0.0520851372136939
83538,2024-01-09 04:38:37,0,1,0.8284333711746583,0.5688102007679448,0.4656592866605339,0.8057289798861317
11606,2024-01-09 04:55:19,0,0,0.9686452993234982,0.7788856108305638,0.19848698453460856,0.43996749848520345
52055,2024-01-09 05:29:20,1,1,2.2637172043565195,0.7519829361292145,0.5312710445160953,0.9128702438332472
82447,2024-01-09 05:34:17,1,0,0.0373695249140487,0.5800466905000147,0.21628530780954325,0.32727500507860285
54647,2024-01-09 06:45:35,0,1,4.093168308930595,0.7574087876727498,0.4211377144187892,0.8291587057926872
49805,2024-01-09 06:51:44,0,0,0.3715922213031344,0.8090567045378896,0.20745533621288903,0.8565408570418198
82728,2024-01-09 07:33:33,0,0,1.3991032052982533,0.1223593160948303,0.6519199672059723,0.06717025237837948
6593,2024-01-09 07:57:23,0,0,0.1758935007359955,0.4849750170095001,0.3002572659806444,0.20393731194537024
39496,2024-01-09 08:17:25,1,0,0.5383577970790548,0.41776701510722714,0.8231644287175762,0.7768531907594847
53780,2024-01-09 08:18:26,0,0,2.0635089284515264,0.5737965085162067,0.135787454255882,0.798271198860596
53465,2024-01-09 08:21:47,0,0,0.9060012257712152,0.4539775226837236,0.33840196754891927,0.5507231721713426
32968,2024-01-09 08:25:10,0,0,0.0352615569886577,0.9941492786367147,0.8241336608521385,0.49280937122295654
2029,2024-01-09 09:12:23,0,1,2.232169889626256,0.4309110257287053,0.8014226774831253,0.6232356770942145
29709,2024-01-09 09:25:49,0,0,1.7134604624444878,0.3890728325439874,0.34691170594835363,0.06797720034202437
83214,2024-01-09 09:47:22,0,1,1.2369427903052324,0.7682759295588654,0.2551852921689137,0.1497220855689433
47014,2024-01-09 09:51:20,1,1,2.927438481558181,0.8468917927860714,0.6488693121206965,0.22577002360075227
87064,2024-01-09 09:53:54,1,0,2.4159142745772684,0.6728400156683212,0.9143145302518816,0.31549291073052976
42610,2024-01-09 10:22:09,0,1,0.6251041916300182,0.8013563970416103,0.10800740317123159,0.12937450408188167
15214,2024-01-09 10:24:20,0,1,1.6317510432119695,0.036089874210178285,0.9737585106249588,0.8330323587087572
64959,2024-01-09 10:27:58,0,0,1.00518644865902,0.2639686681905401,0.3644111918160027,0.16205523399218835
11686,2024-01-09 10:54:39,1,1,3.728697644405592,0.34883875510463536,0.0893353650433486,0.247833749947876
94658,2024-01-09 11:00:18,1,1,3.836913528321314,0.16190977985846144,0.16744605379601418,0.5650096378773394
74156,2024-01-09 11:02:38,1,0,-0.2157982985088753,0.2792891500738156,0.6030950626926456,0.8660818776828845
68611,2024-01-09 11:03:36,0,1,3.5733549024752422,0.4322450029871784,0.4315006158524799,0.2532360427561571
96681,2024-01-09 11:05:27,1,1,1.2784419664571525,0.6652124332218993,0.5732280968711277,0.9322426859589222
46381,2024-01-09 11:19:02,0,1,1.7618262560253348,0.5008167701527171,0.8289085270662842,0.6858761728848005
92533,2024-01-09 11:41:47,0,0,-0.3565998509391139,0.3627586669900712,0.9959773026338176,0.7069084467669488
68395,2024-01-09 11:50:01,0,0,0.9007882647739492,0.4205323732992776,0.7835346972266217,0.9529740734616534
86428,2024-01-09 11:54:34,0,0,0.7804060107412403,0.6213771558409917,0.19910666705724178,0.07391736572836838
20786,2024-01-09 12:03:28,1,0,-0.2243034100422616,0.9185661831660255,0.9863553823178051,0.8329936963517516
55113,2024-01-09 12:10:10,0,1,2.316494261673308,0.8027818761723797,0.9442208973011909,0.9924569353553605
51547,2024-01-09 12:18:07,1,0,0.3479254305972056,0.708797395258199,0.884704753956684,0.7362206772852068
17981,2024-01-09 12:39:57,0,1,1.6238439287699007,0.627856861609322,0.4128885945373665,0.8989616655442582
53875,2024-01-09 12:50:30,0,0,1.3757302976123569,0.1983012505415891,0.7458433881850515,0.7332595650761213
78553,2024-01-09 13:09:45,1,0,1.361812944604983,0.6385593972689795,0.9474321528892152,0.8414584428366355
99795,2024-01-09 13:14:20,0,1,2.3415555509405097,0.8314947666368033,0.4951279281962392,0.684911245178321
77347,2024-01-09 13:34:50,1,0,-1.612195798319334,0.26875629160006487,0.2173356145888462,0.35134741243303946
14504,2024-01-09 14:09:13,0,1,2.0000843930914143,0.18773859291936146,0.0064892537608439715,0.7487183089142302
4783,2024-01-09 14:21:57,1,0,1.8658170031798191,0.4168733391303585,0.4098266691955317,0.3743041428466154
69426,2024-01-09 14:26:14,0,0,-1.2152801156034707,0.4200694049087097,0.1032099532743288,0.8258595766039545
44843,2024-01-09 14:39:36,1,0,-0.4434467969368396,0.9686348368670239,0.13792314491542146,0.20880956707199916
43578,2024-01-09 14:41:15,1,1,0.8875885280165821,0.8233613117878739,0.6582390495210124,0.04476834853669909
54230,2024-01-09 14:45:16,1,1,0.2554140130258073,0.6564930243383608,0.8636435953346275,0.1393413690831914
37051,2024-01-09 14:51:41,1,0,0.9015825913422196,0.509528479029263,0.577903930466117,0.8790832542103373
11419,2024-01-09 15:09:58,1,1,1.528475192550051,0.4713845731909979,0.7836282069659923,0.3241906558000489
70763,2024-01-09 15:30:46,1,1,2.7773375760617443,0.4873310660532254,0.8733953968524856,0.1025554071716962
60574,2024-01-09 15:31:22,0,1,3.012715817819829,0.8381245886740661,0.02788607898328288,0.08636216282431819
92533,2024-01-09 15:50:50,0,0,-0.5424846078015602,0.5365739793080468,0.941374480792805,0.4517496643131449
59494,2024-01-09 15:54:08,1,0,0.8426821671515337,0.27748948104665083,0.5345538852971341,0.977461945015394
36571,2024-01-09 16:02:47,0,0,0.8262376106378397,0.4138336495840105,0.10591753236196311,0.01503378712998038
78472,2024-01-09 16:07:22,0,0,0.9252374365866916,0.4997432820237401,0.7176949588686377,0.4115699009589183
15961,2024-01-09 16:30:07,1,0,3.198847853482332,0.0855155908026698,0.586218674813589,0.7041058505559451
63707,2024-01-09 16:32:24,0,0,0.8506647629285025,0.30629924558201527,0.34525683777766003,0.6426921610064285
12538,2024-01-09 16:41:47,0,1,1.0131429215717629,0.9435740103132129,0.5012479330581533,0.9362401132286817
11226,2024-01-09 16:50:43,1,1,2.155429327668466,0.0816092317684638,0.8043041394622721,0.1368938870174239
56607,2024-01-09 16:51:47,0,0,1.0610148554142054,0.32576513324776124,0.03166374747545975,0.18988811072750367
56763,2024-01-09 17:10:30,1,0,1.588735622881146,0.5137149890727148,0.6150619755203424,0.7657719703318404
12102,2024-01-09 17:55:39,0,0,0.6790201596162777,0.6936125684946168,0.27684496003778614,0.696871977244083
26112,2024-01-09 17:56:47,0,1,2.385846552556501,0.9158331697968729,0.0786304734003257,0.1232340358422116
84098,2024-01-09 17:56:58,0,1,1.7336125099910449,0.3867592765606981,0.04098659085842704,0.3126528759666467
68578,2024-01-09 18:50:26,0,1,1.8661770354839589,0.17431705799577812,0.6922824625744735,0.9860688143583155
30901,2024-01-09 19:26:17,1,0,1.5872576617448404,0.6888256053690093,0.20539519349181057,0.7701990191689438
5763,2024-01-09 20:06:20,1,0,0.8229864139235631,0.3241463908434081,0.6795570847207477,0.8095691162248744
32947,2024-01-09 20:21:40,0,0,0.3561759860274974,0.6451029520713429,0.3820028037293368,0.40784849284471636
40311,2024-01-09 20:25:00,1,0,1.1963946050101884,0.7452452110910762,0.29286736523222534,0.9834835462636412
37051,2024-01-09 20:30:31,1,0,1.092177107526833,0.5493295145370501,0.25622107155191043,0.7786272835313195
28737,2024-01-09 20:35:58,1,0,0.8397070571769809,0.5095061952661748,0.32323019877102543,0.9666929662440998
84003,2024-01-09 20:54:06,1,0,1.8894134565245253,0.6179026390106781,0.31440024842491143,0.8893384864850556
32947,2024-01-09 21:09:00,0,1,2.471538522545139,0.2339584731878659,0.9684821416244742,0.5614971627624153
64910,2024-01-09 21:13:47,1,0,1.181431397950362,0.8625226174766195,0.6131523598004791,0.20088610043657718
12332,2024-01-09 21:26:40,0,1,1.444672781180984,0.765321350567083,0.9731121821881745,0.7737918019152584
73076,2024-01-09 21:42:37,0,1,2.4801434033916108,0.6409009804410856,0.5676898077938587,0.6226591840448625
17726,2024-01-09 21:53:52,0,0,0.4338107251399994,0.16088969463252656,0.18626108487412374,0.992554631579588
18427,2024-01-09 21:58:48,1,0,1.572095723598482,0.7208300789153941,0.16356100217677938,0.07110083093411357
396,2024-01-09 22:04:39,1,1,2.2627492251471386,0.7702672996617134,0.7880119747475488,0.06492756718071746
79469,2024-01-09 22:06:40,1,0,1.1953809159387987,0.5781160968254291,0.7749608955172916,0.10894427205463342
67950,2024-01-09 22:06:45,1,1,4.905067169240407,0.23610893742403583,0.15473361786864548,0.6313524870124435
86102,2024-01-09 22:09:09,1,0,1.4152796902654534,0.6504512700648272,0.2790420697146525,0.8395946180686087
89195,2024-01-09 22:24:50,0,0,0.8488316193094506,0.6421157105358876,0.22452239705135968,0.3557369799300768
26623,2024-01-09 22:30:56,1,0,0.458399698566079,0.11275482503041001,0.5259366788468056,0.28166229934785614
54643,2024-01-09 22:31:34,0,0,0.9824020707443618,0.950661853884986,0.5945540626022022,0.5500126179809133
40780,2024-01-09 23:01:32,1,1,1.9027134015865104,0.0324524824728174,0.5033763992311491,0.6061751149780883
11686,2024-01-09 23:12:28,1,1,2.4347660744666184,0.9144802289744178,0.6842262991100474,0.564070527968353
49070,2024-01-09 23:21:05,0,0,1.6347106420900044,0.53739872965074,0.6202868688688823,0.42535174088337857
68596,2024-01-09 23:22:03,0,1,2.454420338214363,0.4111684639333666,0.7349048632800693,0.42159079925602083
33807,2024-01-09 23:23:18,0,0,0.3068130538575546,0.35768077350465266,0.7970873545887182,0.2079795939508412
25931,2024-01-09 23:32:30,0,1,2.3517564083992033,0.6872698687968188,0.5928899004780142,0.471753893532704
69426,2024-01-09 23:33:57,0,0,0.275426171812092,0.4655561573681344,0.8203584866641287,0.42502326152790393
67917,2024-01-09 23:35:15,1,0,1.5949524581768018,0.09401354385026295,0.35997479934698406,0.15315697356803581
35244,2024-01-10 00:13:35,0,0,-0.7162486774845516,0.2995051593054068,0.8651554165439291,0.8745828538523343
73479,2024-01-10 00:14:25,0,0,0.4402997288501866,0.9208903788829764,0.9376245062454656,0.9921063966061041
98385,2024-01-10 00:33:47,1,0,0.3912430763546739,0.5952119665839164,0.8397602221349064,0.6962834253249486
50540,2024-01-10 01:10:12,0,1,0.4661385950838623,0.7868640637790462,0.4884632465668479,0.8068771427818459
36558,2024-01-10 02:08:44,0,0,2.0100636968649277,0.6326523770622837,0.48865349431838967,0.7476416669488554
91401,2024-01-10 02:18:36,0,1,1.6280854186787102,0.4727773822738147,0.4770195850233928,0.10963442906841292
18897,2024-01-10 02:24:07,0,1,2.1525625121024685,0.2976224138110324,0.720802962228661,0.9586980881437493
8135,2024-01-10 02:50:04,0,0,1.436279453232864,0.7388551544145869,0.48458197424156346,0.13083706862158617
79713,2024-01-10 02:50:33,1,1,1.671474776877106,0.06701883939776954,0.917337097343607,0.9401360344229117
24818,2024-01-10 03:17:29,1,0,0.0227537688681435,0.3157105577493621,0.7041925840288179,0.6958035818374685
89813,2024-01-10 03:31:37,0,0,1.9746576907002027,0.9252279676618148,0.7746729805790292,0.9554201010382765
94957,2024-01-10 03:46:53,1,0,-1.4186142826957149,0.7905206275144833,0.9359701684037899,0.5609030599367363
29314,2024-01-10 03:48:23,1,1,1.9386756541711527,0.8878490400698603,0.48851252313992777,0.4519571122604772
48421,2024-01-10 04:02:29,0,1,3.3000445946989583,0.062039785457485785,0.8208099007710573,0.16178618296119507
3192,2024-01-10 04:46:37,1,1,2.0524667983562437,0.8710889393569352,0.880160036988759,0.8989879852576029
76744,2024-01-10 05:00:18,0,0,0.6040820355894023,0.4608804516071272,0.9039888652985628,0.4893530501514759
61540,2024-01-10 05:14:24,0,1,3.471491972993157,0.5349558039748175,0.6447262741214306,0.7768027537269188
9007,2024-01-10 05:41:35,0,1,2.582655241987707,0.9485092291035285,0.12818976829817752,0.9313895092612702
4565,2024-01-10 06:23:16,0,0,0.9117545497068998,0.5719754089612545,0.9046013788879975,0.5151297465506147
9040,2024-01-10 06:29:24,0,0,-0.8410361672928455,0.8649781009774177,0.26493876592701127,0.1526618559562467
60568,2024-01-10 08:01:54,1,1,2.0665458158592047,0.4460928600989402,0.8018147791987319,0.08189828633409946
57158,2024-01-10 08:03:54,0,0,1.7546436171726087,0.20066462009019115,0.8034284659964963,0.7950709358948435
97946,2024-01-10 08:23:29,1,1,1.6655438276441237,0.38697582715636525,0.12545997996526947,0.7324638070477854
98374,2024-01-10 08:27:49,0,0,0.7861443990060856,0.47228597459631183,0.9855195586291645,0.582081258270523
92599,2024-01-10 08:32:22,0,0,1.8606175223369632,0.7406980458771192,0.4923467604623194,0.8535457070428655
40943,2024-01-10 08:37:15,1,1,1.707828814196445,0.5670007824852363,0.8134615242540552,0.10362326185098458
24321,2024-01-10 08:48:57,1,0,0.2346444848796957,0.3173811708929356,0.3108811652862363,0.05934543084474064
45652,2024-01-10 08:54:45,0,0,1.2851238413422723,0.9726241803421597,0.5707118789605644,0.8036124770484384
23292,2024-01-10 08:56:18,1,0,0.7744329789313957,0.8460146759729666,0.9026986434771362,0.9813791224894459
57007,2024-01-10 08:56:24,1,1,2.438993158738299,0.08608391800999249,0.9697363275934432,0.6091877229707402
72323,2024-01-10 09:09:42,0,0,0.3908968561766792,0.003628797328672939,0.6627908427774759,0.9564245666540944
31636,2024-01-10 09:18:00,1,0,2.0171773476202053,0.8407922488818936,0.4415201067250568,0.6427249014327788
88308,2024-01-10 09:31:32,1,1,2.863828013698188,0.4789453847518851,0.7507063866366029,0.33670585271999165
18121,2024-01-10 09:33:30,1,1,2.439086678929576,0.09034842315196678,0.06658864849485802,0.27535274738119075
46758,2024-01-10 09:36:11,0,0,2.8504123223750257,0.7283671224942082,0.09868021154162321,0.5217127565075833
2850,2024-01-10 09:42:56,0,0,2.0261896681068636,0.7726833587329541,0.37225731692560493,0.3815226212911871
21007,2024-01-10 10:01:09,0,0,1.551954896305599,0.44030086980072936,0.7368106277208863,0.1812237604466872
22824,2024-01-10 10:12:17,0,1,0.2432782175214174,0.24103445958279346,0.5731098954383108,0.09844642380136237
16722,2024-01-10 10:13:25,0,0,1.7468468106342945,0.1386612232874248,0.3441019666529923,0.3484401900738723
40181,2024-01-10 10:40:10,0,0,1.7326395664654908,0.7669609464012008,0.22405123340974586,0.48515307641552163
43335,2024-01-10 10:40:56,0,0,0.4900228236657438,0.10851366532290374,0.3222077788526021,0.765345673597545
4966,2024-01-10 10:42:07,0,1,3.732311605409944,0.5047116968991009,0.2548086259896376,0.0134788437909793
74667,2024-01-10 11:05:37,0,0,-0.0527830631116625,0.08027603978421516,0.26394972767657565,0.9323107044441701
66726,2024-01-10 11:05:44,0,1,0.947101489296051,0.19634618142556692,0.30957039082596316,0.7043814217108464
63563,2024-01-10 11:06:34,0,0,1.5587710347377586,0.08533742462139682,0.9384545240218944,0.8563533422330563
81563,2024-01-10 11:14:09,1,0,1.4560121821091283,0.4711936314517934,0.8306774038370016,0.2340293525652628
29898,2024-01-10 11:14:27,1,1,2.3279954837141097,0.8264665601946936,0.6895293665630654,0.0720933422248724
9007,2024-01-10 11:20:18,0,0,-0.3316447600574832,0.5248189427473472,0.3820448623513155,0.7883122351123513
9007,2024-01-10 11:52:18,0,0,1.3053282873486918,0.5904142572036276,0.07432497496691548,0.027848770104728304
5763,2024-01-10 11:53:07,1,0,0.314757192820976,0.1397125429054743,0.13269295761420896,0.5401183561545425
73615,2024-01-10 12:31:06,0,0,1.5471223054393404,0.8329094123336765,0.199788202920808,0.8136735725938213
21384,2024-01-10 12:34:28,0,0,-0.3454710979328943,0.33099095568366854,0.6999762761844995,0.7458198646627973
55520,2024-01-10 12:43:03,1,0,0.6193751529336355,0.08050502239055846,0.8655133938781938,0.9006060404174965
8769,2024-01-10 12:51:32,1,0,0.3572164303592757,0.6696544767764017,0.5720852720266885,0.5422218230017618
68578,2024-01-10 12:56:30,0,0,2.338196132938653,0.46276054885841666,0.456238716433229,0.863470664174643
54631,2024-01-10 13:13:30,0,0,0.2664236564989594,0.17602420483727044,0.21742849623222493,0.08860928725764206
73192,2024-01-10 13:31:13,0,0,0.6483206203894837,0.8002536722314342,0.7946186407440123,0.41488122273853845
1876,2024-01-10 13:32:47,1,0,2.10767733948376,0.9666772869317618,0.7064231104835164,0.7692408812220181
48258,2024-01-10 13:43:16,1,0,1.2016575426344804,0.6693221775984307,0.2149254066242532,0.49708695811862624
35019,2024-01-10 14:10:03,0,0,1.061610346189476,0.9323983211276375,0.16507985268304615,0.3803341604148853
61339,2024-01-10 14:28:47,1,0,1.0943201563810974,0.6671282836625125,0.24935496384481293,0.571224404578951
94505,2024-01-10 14:34:37,1,0,1.3760695963207712,0.7491824988818772,0.49460144999196387,0.7680779561634785
40062,2024-01-10 14:39:47,0,0,2.1269431432122987,0.8150705038357982,0.06681801784322661,0.49124763490465595
28887,2024-01-10 14:45:27,1,0,-0.7646160523842684,0.3823247898524732,0.5192415318829833,0.01289904568366218
964,2024-01-10 14:57:41,1,0,0.2936244978842074,0.5973341220651238,0.1578860435407683,0.3341465711033669
58419,2024-01-10 15:00:44,0,1,3.1774118889776934,0.6752042927988369,0.15865837457883591,0.6455027890265294
12115,2024-01-10 15:25:57,0,0,0.7803383280614425,0.28375231919380617,0.36779639984341406,0.2582004685182858
13931,2024-01-10 15:39:13,1,0,0.9802421401641483,0.2927940395222872,0.9730213990516162,0.9904550418374012
26834,2024-01-10 15:45:05,0,0,2.276470882780929,0.3028350647079191,0.6538121785278251,0.3083815362743606
54230,2024-01-10 15:47:10,1,0,2.454518040959037,0.5366174809264337,0.6617291170221254,0.8120190838349693
35616,2024-01-10 15:53:29,0,1,2.827988176797059,0.09549029927300456,0.5265012688836144,0.8227417993987427
49643,2024-01-10 16:26:11,0,0,0.1817299610815421,0.9686568176560921,0.11349990348993089,0.5319526533763469
95653,2024-01-10 16:36:04,1,0,1.3567126390359523,0.42200123265847933,0.15362659145602098,0.7991396664705249
81268,2024-01-10 16:42:23,0,0,0.1913695301274446,0.9532481164032343,0.9965581377075351,0.4506824585186562
60382,2024-01-10 16:46:37,0,0,0.6956898305102075,0.6618660353111155,0.29304821958050986,0.8248067483814212
39777,2024-01-10 16:53:36,0,0,1.5585151816075626,0.9017728705690023,0.4977905862470058,0.8897100005788826
64361,2024-01-10 17:01:35,0,0,1.550345101404888,0.4239323175718971,0.5713779928140483,0.431196666194154
94074,2024-01-10 17:05:18,0,1,3.727350214164185,0.9162963016646969,0.5266223514367031,0.18857021900359994
1056,2024-01-10 17:11:36,1,1,3.743934526167792,0.7094914873922922,0.4269606707684729,0.428679690244151
3346,2024-01-10 17:18:25,1,0,1.5649406535468144,0.057793428488311926,0.1810052063541917,0.6911665598902808
44865,2024-01-10 17:24:18,0,0,-0.7333010446480788,0.3239538194956795,0.05402603259364147,0.16497458055209513
83294,2024-01-10 17:26:42,0,0,1.3497718177150593,0.3978227807111545,0.5952758713302418,0.3170184052528534
82674,2024-01-10 17:30:56,0,0,0.9286839328740653,0.014422165467840031,0.0678060771061868,0.9200647545316524
31688,2024-01-10 17:33:02,1,0,1.3611978840539962,0.2289224280291382,0.9182904558442349,0.6835025438740077
48493,2024-01-10 17:37:52,1,0,1.7757523004499094,0.9291195641629092,0.9197316477461451,0.7498115819057776
86507,2024-01-10 17:40:09,1,0,2.9944284946810726,0.670941540995232,0.8152231317836074,0.15459528618393337
1963,2024-01-10 17:44:06,0,0,-0.0091503413668418,0.07571429312592848,0.44792665777578444,0.341446486416048
62936,2024-01-10 17:57:46,0,0,2.3828722390407338,0.7641024488918639,0.9249978790935651,0.3536531261568213
15906,2024-01-10 18:23:12,0,0,0.5586855061043173,0.9475819466448232,0.6971529172734083,0.044778163974814045
45652,2024-01-10 18:33:20,0,0,0.883800715640246,0.011651827179986363,0.008863440670334177,0.0685804612570603
72360,2024-01-10 18:42:18,0,1,2.176512421372447,0.967220690957593,0.044525308016415854,0.8881154196513189
56617,2024-01-10 18:50:11,0,0,0.2334795530211296,0.4782417220842733,0.5166226357587198,0.3272059069774901
79713,2024-01-10 18:58:37,1,0,1.0298337871266383,0.41922766048081295,0.6348664007298094,0.8890872879996012
70960,2024-01-10 19:06:39,0,0,-0.1849652082842139,0.9186914619792622,0.8998361344874184,0.441499600916346
88610,2024-01-10 19:16:17,1,0,1.5219189602899696e-05,0.5406780597076218,0.5429485909357269,0.04832384592944583
86746,2024-01-10 19:18:39,0,0,1.1709383711283,0.4192975003002264,0.332151311145794,0.18517178336050066
48236,2024-01-10 19:43:21,0,1,1.7034290464652917,0.9621098999110433,0.6647263711729362,0.5831174999498738
54835,2024-01-10 19:48:29,0,0,-0.3279325139934412,0.6727229875944322,0.8810404443833998,0.8625467973308252
30876,2024-01-10 19:50:29,0,1,1.8965117319340392,0.8493907305985167,0.5927641794099773,0.24826076066518543
35019,2024-01-10 19:57:57,0,0,2.4687637446545816,0.8626141564893777,0.27194824981247523,0.0926436857101709
51547,2024-01-10 20:00:34,1,0,0.6293869464601378,0.9650039281732025,0.9587005792290099,0.4249710538839123
20987,2024-01-10 20:18:09,0,0,0.2218761581394082,0.6509915074606252,0.7506280047318186,0.11169001780444687
18335,2024-01-10 20:21:40,1,0,2.420027917787104,0.21759697689985058,0.7319278621348625,0.15402537923872628
5206,2024-01-10 20:29:10,1,0,1.077856724267304,0.37612430191385204,0.27624923280371705,0.3701700663742068
28737,2024-01-10 20:51:01,1,0,4.454046402244181,0.9912636479589196,0.9457532511232002,0.9774581004921968
53067,2024-01-10 21:01:32,1,0,3.2765386895430897,0.7442165609274739,0.3123081884502985,0.8216567714690851
36072,2024-01-10 21:11:49,1,0,0.8538859684054549,0.5153023743328893,0.1970734768124509,0.16843656097084891
45893,2024-01-10 21:14:51,1,1,2.2959939896870996,0.6743100908387061,0.4242015609852543,0.5690229534083555
26179,2024-01-10 21:18:40,1,1,-0.5666584409312976,0.9611937372919969,0.9753271078371848,0.4763952058285009
15214,2024-01-10 21:27:04,0,0,0.5190833338258594,0.5344144065522779,0.439334515854524,0.6455646357830274
25592,2024-01-10 21:40:28,1,1,1.7631497354903158,0.8496823001911863,0.6857447955412649,0.25771141833389366
39806,2024-01-10 21:55:43,1,0,2.0524230127991707,0.724734887375758,0.19662384822945256,0.7200535344223897
44194,2024-01-10 22:02:29,0,1,1.7480226217931143,0.617747640419212,0.8203049225186154,0.947498606219915
89195,2024-01-10 22:06:48,0,0,0.3544033975423278,0.5195887395112667,0.8292407959379199,0.37049861257318095
37051,2024-01-10 22:18:39,1,0,1.8177116062629124,0.0014781345003593849,0.7762907178871779,0.47803422479587687
24460,2024-01-10 22:25:01,0,0,0.1611438904874822,0.7621453856376476,0.8034160164377233,0.8398966357714119
40780,2024-01-10 22:57:46,1,0,0.6043564458739991,0.510206287777397,0.2634383328905594,0.31202747660573094
12890,2024-01-10 23:15:12,0,0,1.5332520212137632,0.3437561764014998,0.8392877456095234,0.4196631292146702
18439,2024-01-11 00:11:53,0,0,2.2095207024428865,0.4165211223868365,0.6607167511675488,0.7466760063563158
57866,2024-01-11 00:39:31,0,0,0.2538052464429506,0.19768601772016137,0.6844082662456268,0.33622769836830513
43521,2024-01-11 02:02:45,0,0,0.3316253167004661,0.9925471900910167,0.7201629362746192,0.9384106305666143
66814,2024-01-11 02:06:08,0,1,3.820646157646802,0.8638904043024753,0.14485510315071037,0.30342438366880264
74696,2024-01-11 02:07:18,0,0,0.8669235579887331,0.5687390587940538,0.005704869117172384,0.9282064851603219
49362,2024-01-11 02:43:50,0,0,2.204507551606156,0.3891747424446854,0.4948766822104378,0.3974686076294359
87977,2024-01-11 03:16:02,0,0,0.0390036580756799,0.2694300885622549,0.1208970257861719,0.33859228165517596
92491,2024-01-11 04:35:23,0,0,2.3895602585800617,0.14541323676574558,0.010979134703872129,0.7068740981056717
46747,2024-01-11 05:07:22,0,1,0.4279597443467593,0.10733903333959716,0.5959651254932357,0.28306554282017016
31636,2024-01-11 05:22:06,1,1,2.637533810897696,0.9133965728252019,0.9099188957045632,0.47754739868977136
80881,2024-01-11 05:54:23,0,0,0.2724263181786057,0.45255836465386534,0.1401992025974541,0.794546594103762
56258,2024-01-11 06:07:38,0,0,1.3995247560451345,0.5510384695710123,0.10202530884310101,0.8028839345616491
61286,2024-01-11 06:11:46,0,0,2.122128019834907,0.9194148106505522,0.23896083163298387,0.710633334967298
40529,2024-01-11 06:14:23,0,0,2.162463004681996,0.0645724324099366,0.9233662596960572,0.23737718638104588
57221,2024-01-11 06:22:44,1,0,1.5036502875240538,0.3491768298094281,0.34188253624578147,0.3193242871855143
79748,2024-01-11 07:34:58,0,0,1.4774105734360885,0.3883033286858759,0.3557231148334339,0.19471347244327464
55602,2024-01-11 08:14:08,0,0,1.3006148067645364,0.5485055132239994,0.5673621348712686,0.9067194638528104
62936,2024-01-11 08:48:44,0,1,1.481720157633725,0.4617457630210722,0.12220611221742306,0.3484459741017423
11318,2024-01-11 08:58:31,1,0,-0.4170089131029859,0.5819083125292753,0.5599084491805569,0.3022718336560061
17849,2024-01-11 09:15:29,1,0,0.1909007328050919,0.8719069347976388,0.6366457617108832,0.4695361008288236
42610,2024-01-11 10:00:59,0,0,1.0341777157245744,0.012074962755317276,0.6777000455541792,0.060554330539944856
15906,2024-01-11 10:20:01,0,0,1.8877062567839136,0.9101202110088328,0.4274775842008147,0.01004482724024025
92410,2024-01-11 10:29:43,1,1,2.730774691138645,0.6325084434124044,0.6170564561518468,0.09293570970663967
31734,2024-01-11 10:58:41,1,1,0.9862826335596012,0.1254125884857875,0.46448561712850434,0.5775269214321055
5338,2024-01-11 10:59:01,0,0,1.409935584980567,0.6034338302776425,0.1159136845554335,0.6219222284839281
52393,2024-01-11 11:00:34,0,0,0.613554237773583,0.15468036839918275,0.19083268671812126,0.7872503762558637
33718,2024-01-11 11:04:59,0,0,0.1568673419882507,0.230524659699061,0.07989604604948286,0.47240027888422287
10276,2024-01-11 11:21:19,1,0,1.904918518693884,0.4982521806753424,0.49884381973776104,0.6371971533185915
59492,2024-01-11 11:27:45,0,0,2.379832329754388,0.8716702686997625,0.0005636477538126794,0.515034209086028
48429,2024-01-11 11:34:20,0,0,1.397234052978992,0.2719738940537374,0.4429733928311901,0.9544352228192112
46825,2024-01-11 11:38:40,0,0,0.9212642077606222,0.3299707481706662,0.19568972662814899,0.4072018095099986
28590,2024-01-11 11:39:44,1,0,2.9501389841750187,0.6504429687073041,0.473410651089733,0.7473774351394771
17663,2024-01-11 11:52:55,1,0,1.384333959313408,0.8718719285639073,0.4632228421150305,0.2692170516394121
29815,2024-01-11 11:53:30,1,0,0.9710582676852354,0.6383829481170737,0.027572063714142447,0.24865364791898847
70622,2024-01-11 11:59:44,0,1,0.7834398506188722,0.8351224269280807,0.5157801914905331,0.07001527921958284
21919,2024-01-11 12:38:50,0,0,-1.0408588506475196,0.6547108579514294,0.7399490526099946,0.12276664763025491
21761,2024-01-11 12:43:07,0,0,1.4187978282005478,0.529332969894588,0.760047494964038,0.9455671744729512
57866,2024-01-11 12:48:18,0,0,3.3558211815981513,0.9054461919325874,0.20354077840196105,0.2684806511472486
47420,2024-01-11 12:48:24,0,0,4.2710261222145895,0.6579749639141768,0.10927614750379722,0.5289103210409474
35366,2024-01-11 13:12:12,1,0,2.0615187704137568,0.5989479222960138,0.29704337638620815,0.04148626351967444
40181,2024-01-11 13:21:59,0,0,2.277530191740274,0.1663584945529566,0.2376882116904544,0.5932191194182195
38456,2024-01-11 13:22:16,0,1,1.328859722603419,0.6410432172531181,0.39902634493610933,0.6525194170116824
93036,2024-01-11 13:41:07,0,0,1.0792150478041391,0.01607768506092877,0.26286731418143516,0.6804013215146663
196,2024-01-11 13:43:51,0,0,1.6407851342526418,0.7657126385171165,0.23085370071001232,0.3190206751263671
17497,2024-01-11 13:57:31,1,0,1.7046478322206475,0.6652683701563512,0.012616962105179708,0.581472275765262
61718,2024-01-11 13:58:34,0,1,-0.2912895085981,0.5759626786350495,0.6572789179514292,0.5059094989366246
80392,2024-01-11 13:59:09,1,1,0.8279928074051841,0.4276945327645706,0.5524306152818923,0.9813718458396579
95118,2024-01-11 14:11:23,0,0,2.7191090700229283,0.8702849325005804,0.18865570826372446,0.39640537820749977
17849,2024-01-11 14:28:03,1,0,3.120080771050789,0.11039093723048499,0.8641278711564045,0.7037520764778308
98577,2024-01-11 14:31:56,0,0,3.1216749850659404,0.6792276145193996,0.03538953969961012,0.3247790555103034
12538,2024-01-11 14:42:53,0,0,0.4891229116708524,0.8845693274060834,0.39706937218991645,0.5113341727803771
30876,2024-01-11 15:14:49,0,0,2.407758805254198,0.953723389293661,0.21484921516619981,0.30128140297940065
35616,2024-01-11 15:21:27,0,0,1.8219372011086763,0.2749964848294296,0.9734320959560261,0.8101965098755102
68589,2024-01-11 15:27:48,0,0,-0.9891675712972732,0.00038190687059624917,0.08907210991636283,0.6597847454157358
50394,2024-01-11 15:30:18,0,1,1.8093489424948408,0.9532701218820485,0.987945364855637,0.39394038029158507
58928,2024-01-11 15:43:37,1,0,-0.0709069958445192,0.9267698031087427,0.6058984784732971,0.6636422681059438
16445,2024-01-11 15:45:57,1,0,1.3182912026531146,0.5969612868824119,0.9343006210611992,0.5101491900928152
68589,2024-01-11 16:08:18,0,0,1.3366237066273428,0.5641291475069046,0.8431462750771169,0.7598897241053668
86585,2024-01-11 16:12:33,0,0,0.7426821147343274,0.29720621868595865,0.9542983903629539,0.10709493172969864
81196,2024-01-11 16:28:11,1,0,0.6324045338398139,0.4276213039455061,0.37697359056756186,0.5886340717370256
55812,2024-01-11 16:29:46,0,1,2.312009471551244,0.7452555446181065,0.10551175375318023,0.18597876311398553
83157,2024-01-11 16:32:29,0,0,0.8799147549312557,0.5487219056485408,0.9464661273664324,0.6159578386813424
48604,2024-01-11 16:42:40,0,0,-0.0242623343588634,0.17086957006451275,0.23724299629727919,0.4951168272152726
12187,2024-01-11 17:26:49,1,0,1.0088453066969456,0.08389467753304058,0.9175807158734111,0.9831640923623775
77472,2024-01-11 17:29:15,0,0,1.2832867981506455,0.32626606025241833,0.8694999773943005,0.8097854864107207
48533,2024-01-11 17:41:31,1,0,0.9058789354321812,0.1254046318172809,0.4386337665543568,0.5658859358626361
43618,2024-01-11 18:10:47,1,0,-0.6393899054645689,0.6871449005949377,0.19161325248079586,0.35916085763001915
68578,2024-01-11 18:26:41,0,1,0.8216963768851344,0.5670454930714789,0.203055301948035,0.832667018554434
38750,2024-01-11 18:57:32,0,0,-0.1375939953626888,0.030001418943704894,0.7249668457794534,0.842407952678548
78159,2024-01-11 19:00:19,0,1,3.155312036106696,0.5913442207311377,0.1538797420657383,0.8210807567522147
76852,2024-01-11 19:39:57,0,0,1.304150446186177,0.5826274914107569,0.13150256924961035,0.9324118601547015
56999,2024-01-11 19:59:48,1,1,3.1712470934673194,0.37278959595052363,0.7283094278465101,0.27565019322266937
40970,2024-01-11 20:16:36,0,0,0.6564642811743013,0.1112421023358865,0.4576039951875659,0.7512187674872067
2803,2024-01-11 20:25:19,0,1,2.3043667290302596,0.9208370618481777,0.8250447762671983,0.7602071251253832
84319,2024-01-11 20:26:15,1,0,0.3106547477826584,0.18656421058740802,0.9027082703255342,0.31956512750355026
48650,2024-01-11 20:34:41,1,0,1.5762891917182107,0.4402080419797584,0.261782949197616,0.2941294953461626
55812,2024-01-11 20:38:07,0,0,-0.1924819267824777,0.4108273733221671,0.7445879567466752,0.4122021606693581
24818,2024-01-11 20:40:30,1,0,1.2261080100443713,0.9474763380429987,0.8077757783461869,0.8982753069472601
56926,2024-01-11 21:03:14,1,0,1.6070534347705518,0.6674893251637226,0.20366211047271354,0.6234062067702559
15182,2024-01-11 21:05:08,1,0,2.6229734486293808,0.33359877101426916,0.1252157179354152,0.19441747734180848
8832,2024-01-11 21:10:11,0,1,2.7823503424176614,0.6210044625603707,0.08543640077879122,0.19374981146316084
59680,2024-01-11 21:24:18,0,1,2.032782092876261,0.5120448921531979,0.4790628509008924,0.8867810686467023
76832,2024-01-11 21:24:30,0,1,3.5112284332767216,0.9864814515760555,0.022168460255904354,0.1625547904062289
49805,2024-01-11 21:26:59,0,0,1.5538763202788315,0.5689219920827284,0.10518066069666421,0.37364274719307866
56258,2024-01-11 21:44:11,0,1,2.75086898873126,0.5670414511196946,0.08658953115360801,0.7570129448032815
29184,2024-01-11 21:47:07,1,0,-1.0999019857251224,0.2685057220476389,0.4036406950479595,0.15070217697851607
91906,2024-01-11 22:10:02,1,0,1.5425154435355504,0.4208086626596925,0.5430735989122523,0.8872696419688837
99795,2024-01-11 22:20:01,0,0,1.5995845197903775,0.7142093685567849,0.747656524574944,0.30291962640213455
44268,2024-01-11 22:21:15,0,0,0.214322971732497,0.5771142106147615,0.03350505606293819,0.8957957612260896
38068,2024-01-11 22:22:12,0,1,1.302576176699723,0.5897309142557425,0.7752840141189329,0.7337923001990134
53854,2024-01-11 22:28:43,0,1,1.933046827101799,0.01703462095637942,0.43130504977722595,0.3254074375468474
18121,2024-01-11 22:28:54,1,0,1.204347687208954,0.845636323468705,0.3896024375527378,0.873397412920368
29905,2024-01-11 22:31:15,0,0,1.5406095029470754,0.9316306101119775,0.5798738066816266,0.5765680543408429
80392,2024-01-11 22:39:27,1,0,1.0736565949921946,0.012174001407090018,0.6392369517266853,0.4144142155875895
86507,2024-01-11 22:40:47,1,0,-0.0033173903616845,0.09290599249187526,0.08581258986487783,0.8953061962324453
11086,2024-01-11 22:50:18,1,0,2.2293249313154138,0.7802637645945296,0.7644451638691886,0.04506255172161733
3396,2024-01-11 22:53:11,0,1,2.60876147222444,0.5801802562208583,0.5159674437831203,0.9531584472364105
43184,2024-01-11 23:18:49,1,1,2.989583934594853,0.10160743597569,0.4977554307956734,0.0069369869676972895
75582,2024-01-11 23:35:26,0,0,2.0032058696177506,0.49336093708601914,0.40728835474214775,0.8868178499812008
61560,2024-01-11 23:42:03,1,1,1.3010695714212537,0.033957244885914784,0.4870765978494763,0.9934973962672211
6501,2024-01-12 00:12:41,1,0,1.4138473858122382,0.9777431301236706,0.31629925277004745,0.3666968395881426
60174,2024-01-12 00:40:16,1,1,1.1366547352606182,0.629249060143364,0.24696113425754018,0.5449953384442227
80058,2024-01-12 00:40:24,0,1,2.234400892698696,0.5592835407204761,0.6101609588015408,0.7343789404106359
18335,2024-01-12 01:45:59,1,1,1.8524713197596472,0.996742179812842,0.7176125348904203,0.039586062840897385
98828,2024-01-12 01:48:40,0,0,1.0311348529449775,0.17781107164240906,0.8176918059117358,0.3265370905723337
97871,2024-01-12 02:02:09,0,1,0.9414639180215908,0.9148327642207289,0.03864890394671916,0.6791968695019954
97946,2024-01-12 02:27:57,1,0,0.0415408943047364,0.02627091995805564,0.2286246828680243,0.04891340275869982
38671,2024-01-12 02:29:25,1,0,1.0002701040881796,0.9508248240342474,0.3716618039242553,0.4157187858101199
64959,2024-01-12 03:23:04,0,0,2.1190870848510266,0.40481187276531727,0.5705464346172968,0.4674382781665517
8814,2024-01-12 04:24:47,1,0,-0.2712491599124031,0.9238984275963552,0.13186957891963536,0.40632402052907346
85420,2024-01-12 04:47:28,0,0,2.0961423663553393,0.5046220985697205,0.34422627092499636,0.46413917046427466
67030,2024-01-12 05:12:38,0,0,0.6131034493487473,0.7746187737411457,0.7738119940469653,0.0670243151090738
73659,2024-01-12 05:47:59,0,0,0.8158870678828357,0.8491916215173535,0.5810114697325642,0.3499596160249746
41611,2024-01-12 06:58:40,1,0,2.6923151561178127,0.26147936658825444,0.7863035875670602,0.797131826452019
1963,2024-01-12 07:09:50,0,0,0.8696057610804696,0.27177737737290397,0.26321890253190383,0.04318362426681421
12529,2024-01-12 07:56:09,1,0,1.7978592002792693,0.01429648584029608,0.488588229217673,0.8268206137770662
20623,2024-01-12 08:05:47,0,0,0.7605013644132537,0.5396289123374514,0.015526907762148823,0.9365768409243103
2267,2024-01-12 08:11:01,0,0,-0.048591644827592,0.31313886517787415,0.6669367636972575,0.4955661438517287
12115,2024-01-12 08:11:07,0,0,0.9730441635647928,0.5230175797701235,0.4878824237414461,0.45357560445521583
24556,2024-01-12 08:29:07,0,0,0.4052726562260033,0.6409572849320709,0.9599697958229104,0.40991337521145077
24356,2024-01-12 08:36:03,1,0,-0.7374219290621107,0.369693917285733,0.05522591693797019,0.28654609572247713
12033,2024-01-12 08:51:11,1,0,0.5581442177071305,0.6041528748979057,0.9650868966498971,0.6947130493921367
63775,2024-01-12 08:56:08,0,0,0.5575270571499891,0.8023290291524097,0.19251687688396857,0.5090546673134717
63707,2024-01-12 09:19:31,0,0,0.2479637463477079,0.43335768586778145,0.985991670655854,0.0012722716676495383
69035,2024-01-12 09:21:52,0,0,1.29181276742631,0.3144385927553447,0.09169005182267964,0.2506705303460913
41040,2024-01-12 09:27:26,1,0,2.465660168345348,0.2892897813513948,0.35231888268700473,0.715965486912529
98314,2024-01-12 09:35:18,1,0,-1.5392079174956637,0.6374570897841342,0.6485326646635775,0.40001888651881645
84098,2024-01-12 09:42:16,0,0,0.5566301204728732,0.0531999757751368,0.05801248891349853,0.3071216002117263
63980,2024-01-12 09:48:35,0,0,0.5896592685483872,0.13570101943429458,0.7351595405785427,0.5740184599353257
26290,2024-01-12 10:14:53,0,1,2.9998242469102947,0.7807417447648299,0.6941460514173278,0.7045019593987578
48922,2024-01-12 10:29:24,0,0,0.2776396411326147,0.8357019522479194,0.9865742705034861,0.34628585978750404
72718,2024-01-12 10:37:33,0,0,1.010246684016898,0.533490349031829,0.7049807070520967,0.7000891756341474
75725,2024-01-12 10:44:39,1,0,0.7385787928269625,0.6763671524050193,0.30117399427126534,0.518956230684603
44194,2024-01-12 11:02:14,0,1,1.4290563384782056,0.8681298417710047,0.9631300623817449,0.9845481299950061
91689,2024-01-12 11:03:10,1,0,1.116468415051422,0.15450861334893662,0.3204791878112503,0.34837626306625635
80944,2024-01-12 11:32:08,1,0,0.7322891729525256,0.2947175029454363,0.9805846214955769,0.8869179303230786
97065,2024-01-12 11:36:59,1,0,0.3405023038267304,0.24452477294239272,0.5586313238137114,0.6406669377890558
36835,2024-01-12 11:39:25,0,1,1.847477467547641,0.8736563041516828,0.6281128496989924,0.4593294630956264
38118,2024-01-12 12:06:32,1,1,1.4088965748088944,0.26419383957720166,0.20017305612072556,0.9946740784797926
73659,2024-01-12 12:07:59,0,0,1.3937249993143976,0.8727028879221581,0.9717888179468427,0.20861763238260955
40240,2024-01-12 12:11:43,0,1,1.8749909696804223,0.6914870713648799,0.013030092165741802,0.838691887416783
74792,2024-01-12 12:56:19,0,1,2.81376368996621,0.32866784130588633,0.06473654742193646,0.3616254705947195
65276,2024-01-12 13:10:32,0,1,3.616209681651207,0.7424499220072771,0.8998160091761676,0.7278014215074802
36311,2024-01-12 13:26:13,1,0,-1.3780539627508004,0.5243901205454118,0.4586318838196116,0.8172534866005544
43743,2024-01-12 13:55:15,1,0,0.0667744493106649,0.5347263470142195,0.20581494609713935,0.1300994811201338
69611,2024-01-12 14:15:33,0,0,4.023781452622391,0.7862733507912568,0.8308186265169291,0.8560975127357613
19319,2024-01-12 14:24:07,0,1,0.4184056005460577,0.6180823385472475,0.03107407400169071,0.1583330645221428
72204,2024-01-12 14:25:08,1,1,3.4759490480535087,0.5429003543496327,0.17712555583859235,0.8308040660671107
43743,2024-01-12 14:31:02,1,0,1.037879994489599,0.722763284722365,0.49657494920062595,0.7791687964730079
82234,2024-01-12 14:39:55,0,1,2.413890285372693,0.5225417795427548,0.6153807299415572,0.5570283086426403
21300,2024-01-12 14:41:52,1,1,2.2328780201371683,0.9797778107379266,0.3836187819611636,0.7844635359663881
69737,2024-01-12 14:43:21,0,0,1.2153437932887492,0.11375514658039099,0.4540926665915801,0.8398396798879592
76832,2024-01-12 14:57:35,0,0,2.677569449875411,0.18415916264141186,0.997443585932504,0.5008444596097135
35569,2024-01-12 14:58:37,0,0,2.2813338564645194,0.6696364556782141,0.7773598478948839,0.5207278063134277
48519,2024-01-12 15:10:58,0,0,0.5223977066668206,0.491152333881402,0.6641378044558855,0.4874299454982537
19256,2024-01-12 15:15:25,1,0,0.1514750246473587,0.6325791342272153,0.796401986719358,0.26417579774569466
36910,2024-01-12 15:21:23,0,0,0.947387906944611,0.44610640693325276,0.5879589133148068,0.058457951314608625
68479,2024-01-12 15:41:19,0,0,2.408448844246356,0.8710591695554261,0.8657287290557429,0.5012333404395647
46825,2024-01-12 15:41:22,0,0,0.9713217123252006,0.12456861467030145,0.265115577177807,0.35956171427730854
50821,2024-01-12 15:50:40,0,0,-0.0827068222868157,0.772990224074202,0.8624919449230485,0.2743387899949058
76832,2024-01-12 15:51:43,0,0,0.5362550622024631,0.310633536126133,0.8861101757255614,0.8345435604705022
11686,2024-01-12 16:22:14,1,0,1.613044209770786,0.6788375692518278,0.27585501238400945,0.4109597439845126
17981,2024-01-12 16:31:23,0,1,2.072033573232578,0.9841456454454327,0.36225404690350693,0.24238545598471573
8514,2024-01-12 16:32:13,1,0,0.0523136643608244,0.753904989092453,0.6730128042941668,0.5077584269829365
53919,2024-01-12 16:41:52,1,0,1.3362482463523704,0.02657512107160742,0.39331785610716663,0.9871115059384602
13828,2024-01-12 16:50:59,0,0,0.8118081429489193,0.3079249574157311,0.7977685024875892,0.7342972572518055
49317,2024-01-12 16:56:52,0,0,0.372679074083121,0.05420509362810788,0.9812821974557863,0.2644127689085628
68275,2024-01-12 16:59:50,0,0,1.4823862373324523,0.2530388210707365,0.5695061439620207,0.7448052307538622
57596,2024-01-12 17:04:26,0,0,1.451087283703822,0.7204488104098181,0.4898484662940181,0.6186205180181134
57221,2024-01-12 17:05:22,1,1,2.270343239281726,0.7560709258844823,0.56680550435075,0.70767436720321
60382,2024-01-12 17:16:37,0,0,0.6217147826357936,0.058450055768729636,0.5033180938853721,0.7740406973592796
85764,2024-01-12 17:19:04,0,1,2.3833938643534953,0.44649795882417453,0.34414287228609997,0.40199309241452574
9728,2024-01-12 17:24:25,1,0,0.2858689077999486,0.7066319321291354,0.508247628066333,0.41078081666233324
94078,2024-01-12 17:25:28,0,0,2.0450646657711236,0.7987758345694211,0.013514977894128366,0.4307026883782018
31734,2024-01-12 17:41:47,1,0,1.1001429124600766,0.647452636768171,0.17157127171023845,0.799465837221725
96006,2024-01-12 17:45:39,0,0,1.766183966850284,0.9627365557507361,0.461869550613625,0.4950667329092585
81390,2024-01-12 17:46:09,0,0,0.2094655502770807,0.2194658940130978,0.061718692076093595,0.8383420700069255
53300,2024-01-12 17:58:50,0,1,2.846583985843404,0.5991854756040867,0.9464660540748796,0.1434426058441055
87529,2024-01-12 18:03:13,1,0,0.3199308459715898,0.44607794447005067,0.390645580383694,0.33277740218066054
26116,2024-01-12 18:39:23,1,0,1.0434500243514575,0.6840749835614405,0.7224734474362109,0.6653766574054841
47552,2024-01-12 18:43:15,1,0,0.5332108119564802,0.33854379420863423,0.9371905666411012,0.8735450620362185
10395,2024-01-12 18:53:32,1,0,0.457919202805499,0.1923095460647095,0.4262553305474047,0.8797746648733058
26179,2024-01-12 18:54:35,1,1,3.0684715559890385,0.08151884347380589,0.6744314381710694,0.18198505318973068
89061,2024-01-12 19:01:47,1,1,2.590906322793354,0.5963908998449237,0.40754997845100804,0.8420370842200774
40181,2024-01-12 19:23:55,0,0,0.566573015218491,0.36801405779271956,0.7795953523872796,0.8099977114543961
53778,2024-01-12 19:45:42,0,0,0.2841425562187666,0.6902152232331851,0.7094859101383928,0.5023607933866205
33807,2024-01-12 19:55:20,0,0,0.1343018191182345,0.3793953105146637,0.4893590148869691,0.16818495888072027
95406,2024-01-12 20:02:44,0,0,0.3288512048693284,0.2987255782313467,0.5602020573479691,0.7614164779911645
2145,2024-01-12 20:14:57,0,0,0.6305446621762516,0.7545065046155528,0.08455801035113308,0.5365837951244379
13325,2024-01-12 20:29:57,0,0,-0.8365102023750728,0.2596849442005299,0.4180671181929082,0.3574768321828472
85654,2024-01-12 20:36:46,0,0,1.500813133546111,0.2313437369296516,0.8172658762957447,0.905212545878628
36481,2024-01-12 20:44:03,0,0,1.3945994213705404,0.19162947055629198,0.3973460145394955,0.22641187482515723
43310,2024-01-12 21:04:05,0,0,2.117574196933156,0.34276518212157714,0.8166188905814763,0.3527222777865697
22790,2024-01-12 21:32:38,0,0,3.091669089395488,0.6110841172502908,0.026089960462566397,0.36449617610707785
24861,2024-01-12 21:35:47,1,0,-0.4956602508753673,0.8081219968331885,0.7160353426747769,0.956712409607747
62936,2024-01-12 21:50:52,0,0,1.222132242549452,0.8680958845429352,0.07631230109589204,0.01389189579121497
66008,2024-01-12 22:09:31,0,0,2.5111365663591347,0.013541387696813012,0.7150587068271208,0.8411145321627364
26834,2024-01-12 22:31:58,0,0,1.0747767891355116,0.6639321863799372,0.862249694703849,0.8435746643048296
66814,2024-01-12 22:38:54,0,0,1.2596113479032145,0.06412228856245217,0.7744425778061155,0.46720287014868545
20786,2024-01-12 23:01:51,1,0,0.2006635356750262,0.9710488114040637,0.9768336695421523,0.7482496758725387
23911,2024-01-12 23:02:18,1,0,1.9810727986918328,0.3657952147116339,0.6410135614820811,0.17407092650466338
25617,2024-01-12 23:03:07,1,0,2.8441164133942696,0.7202725925091751,0.41246521742259123,0.8873043569229969
68611,2024-01-12 23:05:08,0,0,1.3426471991948037,0.8385729245500969,0.3148914247906277,0.9354852442714954
25661,2024-01-12 23:10:27,0,0,1.8677755205261817,0.004182739708803784,0.48658984319408005,0.7853396383179592
21007,2024-01-12 23:27:36,0,0,2.1579690525655497,0.06355629786616179,0.7378193371864891,0.33987043219616564
48026,2024-01-12 23:44:15,0,0,1.3262989434315609,0.23661976299446064,0.5161959457100759,0.3477128376300319
48421,2024-01-12 23:48:22,0,0,1.2459473093961706,0.5983245473780385,0.8737723451321431,0.47691157631923564
94980,2024-01-12 23:50:49,0,1,-0.0632382768047428,0.6699294879129779,0.00044149078898725325,0.14134152518774523
38068,2024-01-12 23:54:41,0,0,-0.5738589305358854,0.42726811607942516,0.4365018696720253,0.7119358310549325
47492,2024-01-12 23:58:08,0,1,2.3683566127006586,0.7871637696600301,0.1071985056721314,0.8256155454298008
50615,2024-01-13 00:44:02,1,1,0.3987220628811463,0.1779189135312187,0.20018778230133838,0.444799767765263
21072,2024-01-13 01:24:15,1,0,0.515199600497763,0.2707747479735835,0.7019165632932981,0.38728519702638153
2267,2024-01-13 01:28:43,0,0,-0.1619002215998122,0.9702540976821455,0.5652266848859803,0.07859926400489048
5755,2024-01-13 01:55:14,1,0,0.7501277409144401,0.21863199085507723,0.9400127136790505,0.38605132076015614
96797,2024-01-13 02:41:07,0,0,0.6195672390179883,0.6430283927048397,0.4040024410865326,0.7047890608215653
81779,2024-01-13 02:52:08,0,0,0.1450152190916185,0.333012185451811,0.6140834102961685,0.3351289794052851
8310,2024-01-13 03:02:31,1,0,1.250297672664839,0.724194914984548,0.5187522537952108,0.6456369546743586
37938,2024-01-13 03:30:35,0,1,-0.0035222920665138,0.13182897357352785,0.17680387592730606,0.6621003715034605
26911,2024-01-13 03:34:28,1,1,2.856793982566527,0.3663422434168443,0.29599839372860637,0.3548219460292221
9197,2024-01-13 03:34:58,0,0,1.9687405319235585,0.3462301683130803,0.5568997725216316,0.8312281200383038
3396,2024-01-13 03:53:10,0,0,1.3584595763667682,0.9004184040837646,0.44982803959567086,0.9642109940689413
29831,2024-01-13 04:13:14,1,1,3.3289605904369894,0.19970108206483583,0.4475843850936664,0.8549681410548359
24670,2024-01-13 04:34:45,0,0,0.6302992547912252,0.0182479761225377,0.22277491025076335,0.32243845004837857
99346,2024-01-13 06:12:33,0,1,1.256411771187436,0.579146991330581,0.22508095311573428,0.06248675252733904
17497,2024-01-13 06:24:17,1,1,1.2953267371301176,0.33655009074388176,0.029106992678086585,0.5265526633312457
79748,2024-01-13 06:24:30,0,0,0.8208340067865867,0.6840647587099071,0.7291592785590552,0.7435111107780241
48236,2024-01-13 06:29:17,0,0,1.843939070891556,0.7463244074029752,0.3001058561776643,0.2752015694806723
48650,2024-01-13 06:33:32,1,0,-0.6289975650602997,0.9255581156168078,0.7365650686710286,0.07247075270701475
11097,2024-01-13 06:41:46,1,1,2.138241432058682,0.3005242246899439,0.002735454358221756,0.10633828404339374
71962,2024-01-13 07:02:36,1,0,1.5191029979568218,0.6256787641540199,0.6741487564533681,0.4599036506452284
68340,2024-01-13 07:04:09,1,1,-0.310103436632644,0.15010845009009333,0.2515069229103808,0.40635196839906684
82728,2024-01-13 07:38:22,0,0,-0.1363028628925304,0.0806258611549574,0.8348344710651897,0.8697827329251827
93439,2024-01-13 07:56:38,1,1,2.8418200668900617,0.6097092511581382,0.6555129221383672,0.4131927315897581
40311,2024-01-13 08:05:47,1,1,1.205863709974576,0.23236048209275817,0.3236766003187729,0.7833398630127051
21969,2024-01-13 08:37:53,0,0,1.312539913982579,0.402647258053649,0.3289085421231466,0.26039773401413413
13325,2024-01-13 08:52:41,0,0,2.771509282486746,0.35852334687747844,0.10032093741874892,0.44311592971166547
65977,2024-01-13 08:55:34,0,0,0.5521335882235394,0.8377460021515076,0.9383556107408271,0.05485398044158707
49920,2024-01-13 09:11:46,1,0,2.836895169829013,0.3121100878625165,0.3126332734759233,0.2027885560851006
91071,2024-01-13 09:25:32,0,1,2.5541165013240934,0.591675441036669,0.2959899291734345,0.9241184000987721
15110,2024-01-13 09:46:03,0,1,4.327653100346085,0.2938634756715579,0.9354898944656939,0.6116054045603184
61586,2024-01-13 09:48:40,1,1,1.606258827775428,0.14812140558459674,0.15297805109225127,0.2995062004914735
4144,2024-01-13 09:51:29,0,1,0.5872341161076335,0.8042975836352828,0.6146635044328647,0.7180680033121899
80211,2024-01-13 10:03:20,0,0,0.4036283323632222,0.06183577058890555,0.14435946399504085,0.32273325862633007
94980,2024-01-13 10:18:10,0,0,0.0768348759718069,0.13395229527286634,0.14317045967037278,0.7225653389607352
17663,2024-01-13 10:28:26,1,0,1.0889355408892851,0.8016684815684928,0.9744309200379991,0.7351260567395153
61540,2024-01-13 10:38:16,0,0,-0.0272305966876593,0.5229127751301762,0.4904695268734769,0.4357895500276322
68578,2024-01-13 10:41:21,0,0,-1.0386105065724085,0.3406477428081067,0.3370072095675307,0.8307074505332661
74635,2024-01-13 11:08:22,1,1,1.794838311133956,0.16059374939431492,0.6111640833612374,0.9456043992255163
19364,2024-01-13 11:22:22,1,0,1.4071298032082762,0.11014818448300667,0.7746938029922061,0.6365399788157569
66004,2024-01-13 11:31:51,0,1,2.2023061918311937,0.6215993525487473,0.7754348781427035,0.06764313621326623
51342,2024-01-13 11:44:11,0,1,1.5423005690431744,0.19795553769667384,0.9025226111454857,0.7590695062055365
18861,2024-01-13 11:57:47,0,1,3.4814555476589732,0.8305506187149884,0.41842692919907365,0.6605912148989211
35049,2024-01-13 12:04:41,0,0,-0.0140691928852794,0.39159776191013873,0.9041868237312042,0.8775034932014909
40451,2024-01-13 12:08:43,0,1,2.2292113741150685,0.5919426951043824,0.40008852637875525,0.8480509466894469
67179,2024-01-13 12:32:50,1,1,2.8205284754174187,0.271360869337541,0.5381609184152566,0.6432462034533943
85764,2024-01-13 12:50:51,0,0,0.5290785893551402,0.029324032292302404,0.8168412412627384,0.7345668128329987
50394,2024-01-13 13:00:38,0,0,-0.7712048383918628,0.6342449255017694,0.46628919914103495,0.9260980521032577
53854,2024-01-13 13:01:03,0,0,-1.2551755584740434,0.1612280332139011,0.548420263078898,0.3874507319675019
4729,2024-01-13 13:07:15,0,0,1.4720095683780738,0.40870372469097305,0.33480155417750235,0.7450601025111772
236,2024-01-13 13:23:30,0,0,1.1823892147238757,0.0019238621210803108,0.8046458193014849,0.18140685262568634
17849,2024-01-13 13:27:54,1,0,1.3524624971887138,0.010265468099668995,0.8649680927305902,0.6094801785274926
53141,2024-01-13 13:27:59,1,0,0.9188928434506388,0.5094816917328745,0.039428681355716644,0.3628086798875785
68596,2024-01-13 13:30:01,0,0,1.065983301918246,0.14785645224174204,0.4360045504435919,0.11943353637551712
98385,2024-01-13 13:30:52,1,0,1.338994510474826,0.04428155504615838,0.9383172473646116,0.1808212467032062
15961,2024-01-13 13:48:17,1,0,1.4748163228630915,0.4598961171608914,0.13326264894281747,0.6765529472851691
47014,2024-01-13 13:53:38,1,0,2.9546925154112462,0.8944283505850429,0.46440063545730026,0.2504390108549758
20786,2024-01-13 13:55:45,1,1,2.0114260555606593,0.057007497529227735,0.1654705967517731,0.14873301953794582
25661,2024-01-13 14:08:13,0,0,2.5970278598509826,0.4725611893981879,0.08399370655150218,0.813340096827183
78472,2024-01-13 14:21:51,0,1,3.309550684860527,0.784741219324175,0.9444285941557385,0.34061146034409384
10113,2024-01-13 14:46:51,1,0,0.4101186684461945,0.9265447722242581,0.22927199487827443,0.790576666993226
91071,2024-01-13 14:52:30,0,1,1.528223966361664,0.18161477486848465,0.17024124123799922,0.7514768312086669
84533,2024-01-13 14:54:16,0,0,1.568409524574819,0.41386049660276136,0.44681237033319354,0.5517132345156829
80058,2024-01-13 14:56:49,0,1,2.2762741793285537,0.29755605032368493,0.26869619391865407,0.04957641282510106
19256,2024-01-13 15:00:37,1,0,2.1217841509845883,0.47106659628156977,0.846499362001632,0.6193286312698563
24726,2024-01-13 15:08:45,1,0,1.151589844819523,0.33542301512830675,0.6773192271574549,0.009744808280923611
90351,2024-01-13 15:11:27,0,0,0.4396727671702323,0.5890806013987847,0.816827594280082,0.273106192608475
31786,2024-01-13 15:29:31,1,0,0.2493020634958388,0.024358757566030564,0.08595238182798748,0.7374892590526565
26112,2024-01-13 15:32:09,0,1,3.6042543615171407,0.7656313191313088,0.3586236628320256,0.7166778992084301
99128,2024-01-13 15:35:11,1,0,1.6110019598252598,0.06039700974077489,0.48124196862394464,0.35416827348224267
45817,2024-01-13 15:40:52,1,0,1.7222741471780023,0.4862539066575414,0.2820653155081192,0.5298225309212501
95739,2024-01-13 16:14:19,0,0,0.3079850507677861,0.6012273560266567,0.39238259982341717,0.3027987246645162
1995,2024-01-13 16:25:25,1,1,2.7601330853758537,0.8756451294185722,0.2302065309493977,0.002840217620308505
36112,2024-01-13 17:22:29,1,0,0.800368175322367,0.526397713560804,0.5756941718515183,0.2872596100098389
4729,2024-01-13 17:28:10,0,0,0.7166568262925006,0.6396546299060846,0.631508505974198,0.17027336392830328
43453,2024-01-13 18:03:53,0,0,-1.2026926411353642,0.874162097255483,0.7897401691261411,0.2442212491085033
91689,2024-01-13 18:06:23,1,0,0.5355881807688194,0.7779242532642621,0.3670277513794179,0.6269730546923781
60568,2024-01-13 18:11:10,1,1,2.0543535853903823,0.8963643733173535,0.0445984915655081,0.7259243121601753
53465,2024-01-13 18:40:41,0,1,2.1078804443430332,0.5043595760625412,0.7730336754026637,0.9253818835001557
8310,2024-01-13 18:56:33,1,0,2.528560814293865,0.3540970266206681,0.2981905874355021,0.4317050650767974
70622,2024-01-13 18:56:52,0,0,1.736144262261055,0.2118450753255594,0.6442151533319058,0.43902165323795084
84685,2024-01-13 19:07:00,0,1,1.8203885861685416,0.5340299735517645,0.08179070731718319,0.5171538322332084
56617,2024-01-13 19:07:45,0,0,0.1062436617055277,0.11170013258553146,0.4071593216302414,0.7430507616526715
44303,2024-01-13 19:09:16,0,0,0.8627732981637443,0.8428171022933406,0.5424469577995155,0.254941194227454
41611,2024-01-13 19:21:16,1,0,1.0290395715052918,0.982605038823775,0.15124589700091773,0.359958932616804
15135,2024-01-13 19:23:32,1,0,2.9447622376504894,0.21794092566591727,0.06416109790332003,0.8541876353763384
14777,2024-01-13 19:35:08,0,0,-0.1479028751900089,0.13205137641426967,0.9871046519977853,0.5133443905221297
67245,2024-01-13 19:45:12,1,0,0.8676543266425137,0.08163914933832206,0.9250588042112623,0.25280490055672666
15135,2024-01-13 19:51:03,1,0,2.021543865981486,0.9004921206012505,0.7247115909048015,0.8688420759424325
24289,2024-01-13 19:51:56,1,0,-0.1918813109418751,0.5381383767817477,0.6180702868810573,0.14900620089816496
36519,2024-01-13 20:04:45,0,1,1.1777499827096798,0.12636517307121542,0.635402803915789,0.7325600178557385
23184,2024-01-13 20:16:09,1,1,2.70195362622127,0.3884762994214289,0.006652331946643497,0.25993712023231597
5285,2024-01-13 20:16:17,0,1,2.5300647056014665,0.8456364308322779,0.8728725358841403,0.9543242937135852
40451,2024-01-13 20:21:39,0,0,-0.4645323683135887,0.6373224611449297,0.7658057421625024,0.3214840133621626
44035,2024-01-13 20:22:00,0,0,1.8756555318533008,0.7249287082458329,0.723012471572099,0.046766528795079365
85564,2024-01-13 20:28:51,1,0,0.637389049563083,0.7780010022734399,0.49379357330091334,0.4311121846111722
964,2024-01-13 20:32:12,1,1,2.4396366060169936,0.5114106021583398,0.47664882847685874,0.6236688881924246
43562,2024-01-13 20:42:04,0,1,2.1967760966569574,0.47647026003452053,0.47344641065598725,0.3179167090407844
2803,2024-01-13 20:52:13,0,1,2.4593857717166117,0.04587156021562566,0.8113618225429058,0.607332220182048
61718,2024-01-13 21:26:07,0,1,2.84438519048532,0.8278405463877403,0.07772079778576435,0.3343128791672426
35640,2024-01-13 21:29:17,0,0,-0.5137616266399756,0.9649786885829965,0.9585553756200107,0.5586311320809799
47492,2024-01-13 21:35:33,0,1,0.7483527858938606,0.3607882348158197,0.9642582379228389,0.19286072969625434
92599,2024-01-13 21:37:44,0,0,1.57733274178468,0.9268486917110467,0.3422516943052468,0.8124014641583708
36835,2024-01-13 21:53:18,0,0,1.4483097057563792,0.6819025228135183,0.9622436265166933,0.17926845558422266
73659,2024-01-13 22:33:16,0,0,2.2809442087804244,0.15011890391435945,0.6725090612607673,0.3819796261614876
18121,2024-01-13 22:45:29,1,1,0.3977404589410747,0.8718786867095553,0.22228900555264752,0.17875836539025314
50771,2024-01-13 22:54:32,0,1,2.524187842812771,0.5017411911648122,0.9750941350713582,0.8512208364395456
67542,2024-01-13 23:19:08,1,0,-0.3243822080768883,0.3461423040184348,0.13102130115369193,0.16701837198863279
24289,2024-01-13 23:20:25,1,0,-1.1864064400171506,0.9244016795942381,0.6668124243981045,0.16062386010784024
61835,2024-01-13 23:25:12,1,0,0.5275597879275753,0.48391183649743885,0.9557763176655049,0.02551006446011672
43578,2024-01-13 23:25:46,1,0,-0.0754197566188183,0.22387715899199867,0.35321274882431464,0.3171568936659178
87214,2024-01-13 23:50:18,1,0,-0.5547100730798531,0.663650616422518,0.1656218323140103,0.46729954590957057
13464,2024-01-14 00:00:46,0,1,0.703527671925239,0.8848190447903704,0.7357283869271747,0.20776608913576944
76354,2024-01-14 00:01:46,1,1,3.720769831165984,0.15729324079235307,0.2786272650233268,0.12436487413546171
82458,2024-01-14 00:27:37,1,0,0.9628392150661168,0.21509664004730533,0.8192145271835984,0.7848824411711501
85730,2024-01-14 00:40:21,0,0,-0.4941123357187784,0.46577944472676336,0.4220263610110463,0.4903543150640214
21761,2024-01-14 01:45:47,0,0,1.1706519417500514,0.060139241750118866,0.5087024317151291,0.795097980051609
25592,2024-01-14 02:19:19,1,1,1.1118661462663475,0.32354491587860335,0.725657686790931,0.1364329556577616
92683,2024-01-14 02:26:47,1,0,2.428338306263913,0.20611381986521993,0.0300544575473759,0.9589366198933377
29709,2024-01-14 03:18:59,0,1,2.829519042024073,0.6904951746991309,0.6024818805982113,0.9076319203054783
36835,2024-01-14 03:30:01,0,0,0.4242414755617844,0.6404684150036188,0.3640886300024365,0.14004688749929617
44035,2024-01-14 03:30:48,0,0,-0.6553725039871847,0.18152074656010941,0.6152068518602052,0.7926371676641799
21300,2024-01-14 03:33:02,1,0,0.3781640093955952,0.66927754406482,0.9640936201477477,0.3496765467857963
96079,2024-01-14 03:43:44,0,1,2.7494338997277405,0.30868328113022325,0.7866275091466367,0.41132509197364897
56955,2024-01-14 04:27:30,1,0,0.3830204962452225,0.7715968173460218,0.27504676565916175,0.7960035023541713
63509,2024-01-14 04:39:20,1,0,0.8648463929675841,0.9055004573922248,0.5258707489134936,0.22713653732353722
52393,2024-01-14 05:03:19,0,0,0.94684351193024,0.020616078862208065,0.8144701923627138,0.38655592919876636
13067,2024-01-14 05:24:11,0,0,-0.0038881360113527,0.10344020861854764,0.6938822954167864,0.4478016146827938
35868,2024-01-14 05:45:30,0,0,-0.6976223095181227,0.9704622505430645,0.3686975345151785,0.06224578124271263
32375,2024-01-14 06:01:01,0,1,1.715115933617425,0.8909232580183407,0.5287616744956962,0.23120676278997387
12529,2024-01-14 06:11:42,1,1,3.327686132267692,0.00214059654039489,0.2526571479317983,0.846971393886956
29905,2024-01-14 06:26:25,0,0,1.40613725470544,0.18838759319762988,0.7749323819035825,0.6986213999158849
40529,2024-01-14 06:34:49,0,0,2.5470894861316093,0.6816125372314615,0.1543168790327376,0.18861963678524596
57343,2024-01-14 07:28:05,0,0,1.5898502463152724,0.10602150346967709,0.39992647538434367,0.9075870631306048
64811,2024-01-14 08:24:17,0,1,2.1977900819418523,0.9121743297181198,0.09853872894040838,0.7780713528777883
48688,2024-01-14 08:30:15,0,0,0.8351556184202353,0.5457018583069045,0.6446414925054191,0.7139411991329605
67810,2024-01-14 08:34:42,1,0,2.235998482763393,0.3444857136791454,0.1158907174457734,0.5456138713277856
18439,2024-01-14 08:46:10,0,1,-0.3336161198483047,0.3267103826663854,0.9252343312586928,0.14850958479036802
91071,2024-01-14 08:58:41,0,0,0.917674321807266,0.1712432636652721,0.2598304102210387,0.9328916761100016
4281,2024-01-14 09:30:36,0,0,0.8112557869887724,0.35401934327411,0.9808223182850215,0.06051922050546066
82057,2024-01-14 09:39:18,0,0,1.7275336936257992,0.518112470557966,0.11364818197690019,0.71869125747831
30901,2024-01-14 09:59:37,1,0,3.469196036692818,0.04680171277428247,0.3541356905984031,0.5070252041447848
65977,2024-01-14 10:12:56,0,0,1.33314253207511,0.3045645003019305,0.15372225357464098,0.056831723857882266
99792,2024-01-14 10:36:30,0,1,1.405599647801265,0.035247864209930646,0.10582990348392796,0.8692450046230265
15382,2024-01-14 11:04:24,1,1,1.8824578326718695,0.1377557733853999,0.3578573228304045,0.40167545924089676
43618,2024-01-14 11:05:35,1,0,0.9445239837436652,0.10987054732232238,0.16722682413658385,0.712950038852812
55602,2024-01-14 11:11:40,0,0,1.006734534101622,0.4803629930424297,0.4426597394826297,0.321318784402465
11606,2024-01-14 11:12:49,0,1,1.1626017761725378,0.3531404823666572,0.1238850336667986,0.15188684347586745
80944,2024-01-14 12:00:18,1,0,1.818070093274486,0.30263316492897485,0.4615997097635791,0.05812256937609528
25455,2024-01-14 12:17:59,0,0,0.2313571950385337,0.7433351619527716,0.8851006295357056,0.7642491075723714
10395,2024-01-14 12:26:46,1,0,1.2121137011312242,0.7524441162979264,0.28617496793520547,0.3330458443995227
8009,2024-01-14 12:29:02,1,0,2.2700429339269252,0.8473301691123833,0.5346500613840136,0.3071796484545426
72204,2024-01-14 12:38:51,1,0,-0.3976638809451784,0.026180267400362278,0.3932802870448424,0.11398575287529078
13931,2024-01-14 12:47:34,1,0,0.5344132204113998,0.5985152212357141,0.05789240269482587,0.6344624912952139
83024,2024-01-14 12:54:50,0,1,1.641983311925571,0.6592706334846642,0.656385241834281,0.7025677841501251
25743,2024-01-14 12:59:25,1,0,1.1013070551532635,0.7560901382346139,0.9393886375042075,0.6108565148543951
72360,2024-01-14 13:12:10,0,0,1.3779626260340736,0.6958507438730154,0.8384105459780065,0.8242991553044144
29905,2024-01-14 13:22:14,0,0,0.951516099529344,0.4597822193399178,0.4271032269243231,0.8909189510329212
7865,2024-01-14 13:25:43,1,1,1.9308620652738604,0.6495931090704605,0.5419323982201649,0.6710158946737084
15906,2024-01-14 13:35:51,0,0,0.7322054263248172,0.37196285139232654,0.1426184484153621,0.43341267262965966
59290,2024-01-14 13:42:05,1,1,2.5211672557321125,0.1691103890865735,0.7929875602144038,0.6481073614434366
27540,2024-01-14 13:48:41,0,1,1.734161208084621,0.36567525944552826,0.5581366048477022,0.3696132132474781
67129,2024-01-14 13:49:49,1,0,2.9079484933468818,0.4818332550677905,0.201655654452508,0.1524191144107212
94957,2024-01-14 14:21:57,1,0,-0.0777363580472634,0.58100719393107,0.9140214087860024,0.10398333837033313
60382,2024-01-14 14:44:28,0,0,0.3143930076417377,0.6127948462374933,0.4128886227102774,0.3168744200279473
44139,2024-01-14 14:49:03,1,0,0.7531141441727172,0.701083027389624,0.3914694733333475,0.40697642379101384
50821,2024-01-14 14:51:10,0,1,3.0892174967107926,0.7540750419109356,0.13571476449245257,0.8690160149727206
36252,2024-01-14 15:27:04,0,1,2.0921266584341094,0.8157201628863096,0.36414887862576195,0.29784386462134804
4867,2024-01-14 15:42:48,0,1,0.0069396289458441,0.3674534559210345,0.17948611878257703,0.10907011848055903
12442,2024-01-14 15:54:46,0,0,1.7653425361362851,0.1243744949311506,0.9504697124677403,0.38053101888934304
15460,2024-01-14 16:03:53,0,1,0.5178146025571793,0.48373341407519654,0.7351555340941902,0.6344328652190929
50615,2024-01-14 16:13:03,1,1,3.3535858895693975,0.6481846455654681,0.7433653609785728,0.779992739990866
55558,2024-01-14 16:29:06,1,0,1.8478732894973424,0.4508641543857871,0.25385959051467144,0.5285919904684007
41120,2024-01-14 16:46:58,1,0,0.9466251555714892,0.9054298648658856,0.4127846276680526,0.031429331848697895
3396,2024-01-14 16:51:16,0,0,1.5288274933846129,0.7740398318188797,0.7892441831690148,0.08639543203314859
40804,2024-01-14 17:02:54,0,0,-0.0202632921184207,0.5703337891379586,0.1350559017828663,0.37843017304024107
28887,2024-01-14 17:11:19,1,1,0.5194634874349837,0.22350332523857408,0.29193283303622175,0.3035996081312261
75061,2024-01-14 17:13:15,1,0,0.0375273963189145,0.9217250157560324,0.4344919959874539,0.2862041291395456
14838,2024-01-14 17:17:48,1,0,-0.4217273470374627,0.058034640034277385,0.7552980073414867,0.24435185019042605
12115,2024-01-14 17:21:16,0,0,2.086325916873032,0.09047860290891707,0.0746627697870923,0.21132536190842865
44035,2024-01-14 17:30:26,0,0,0.2479712775384406,0.46489724856392867,0.5103225913642854,0.9104018273048569
91559,2024-01-14 17:39:04,0,0,0.4667478173173034,0.7497961674367073,0.4670928763911779,0.4363195310823479
68479,2024-01-14 18:11:16,0,0,1.0193274236673897,0.3263134665750941,0.8225363875969393,0.31627693191998885
83312,2024-01-14 18:25:27,1,0,2.358184147104979,0.965494155686902,0.8196123117252714,0.5313734108627821
58104,2024-01-14 18:54:13,0,0,0.3043208804833164,0.9478655382605049,0.18849746522296118,0.44727065207454086
40451,2024-01-14 18:55:45,0,0,1.986174047890712,0.5351586222338506,0.04897714668478659,0.1533374968239014
81339,2024-01-14 19:18:01,0,0,1.4242481374551887,0.9380267474943891,0.7350787795480929,0.4875952940099548
25669,2024-01-14 19:49:11,0,0,2.4003659168813307,0.7399059738655155,0.41117491581893806,0.77693787446429
86428,2024-01-14 20:26:49,0,0,1.367053526680888,0.019216876159875107,0.8293172002355855,0.22864811557422893
18593,2024-01-14 21:01:26,0,0,1.3816905344796138,0.44281143658888233,0.09549314237377082,0.505227332185545
95406,2024-01-14 21:10:03,0,0,0.1331476400766452,0.3443939264056658,0.035218645568371065,0.003954745421554495
69678,2024-01-14 21:10:19,0,0,0.5770857441774973,0.018535427669988724,0.9532566637247759,0.11489825961705602
73735,2024-01-14 21:47:20,0,0,-0.2665962697308424,0.40833913346838935,0.7030610154230591,0.9384145200036528
34633,2024-01-14 22:10:59,1,0,-1.1582496627479273,0.3428624154669163,0.589306309206198,0.2800710232373925
65563,2024-01-14 22:22:30,1,0,1.3114093474506756,0.5378332474384057,0.5841372508483612,0.5166083321052862
40780,2024-01-14 22:37:47,1,1,0.61781848462296,0.448940304469022,0.7227748996157455,0.7704817819305667
11840,2024-01-14 22:38:23,1,1,1.3217355598448233,0.16761727273951643,0.8367091631017367,0.12836026469190964
2979,2024-01-14 22:39:27,1,0,-0.3442363970167315,0.70315272394802,0.8919615795492835,0.06764340070604358
86507,2024-01-14 22:40:41,1,0,1.7464182196329603,0.9122785725307154,0.8719036135879474,0.6966193329201497
13087,2024-01-14 23:01:02,1,0,-0.3905124336305947,0.659713373467891,0.11046803179066134,0.08185939155071942
11812,2024-01-14 23:04:39,0,1,2.803585019378602,0.20204201003399325,0.3339970252206339,0.2828225500237527
78472,2024-01-14 23:14:34,0,0,1.244776283798657,0.03364914267423291,0.3877883810298357,0.05748847548999847
76354,2024-01-14 23:55:05,1,0,2.156341296899023,0.5603128551865081,0.36641281937301784,0.7108607002867321
57495,2024-01-15 00:04:42,0,0,-0.3730506595686418,0.07974964554418429,0.012380958728754221,0.23460340554376125
73479,2024-01-15 00:46:23,0,0,1.3234650509506105,0.47860807548330353,0.34560429040121443,0.8608803402169781
98331,2024-01-15 00:46:46,1,1,2.474697088463202,0.035495520110083056,0.4790673667570946,0.3718607141667023
64927,2024-01-15 01:17:23,0,0,1.366336968934061,0.8380204064406616,0.7823819411981062,0.2859020239572213
72431,2024-01-15 02:37:39,0,0,1.3183592265747337,0.4713714110059516,0.28261377776101626,0.533930460671003
45107,2024-01-15 03:27:07,1,0,0.2513111266300435,0.006423973546094697,0.3786343332098341,0.34745838224138115
30871,2024-01-15 03:37:36,1,0,1.2404213541280904,0.3950593953676351,0.467227601909293,0.43117155822722797
65591,2024-01-15 03:50:44,0,0,1.8868263287992035,0.31161937750967916,0.021439145294904538,0.9298778843641928
99337,2024-01-15 05:35:47,1,0,3.4266677587313694,0.03162100358379216,0.9694217705348798,0.701988753022324
7996,2024-01-15 05:54:00,0,0,2.785620748621306,0.0324431932737399,0.6942938111613067,0.8160607684810218
513,2024-01-15 06:01:13,1,0,2.7942317793285865,0.20269533688767705,0.8973047785494631,0.3991260630778857
8769,2024-01-15 06:16:37,1,0,1.7581642172281733,0.6270571683492623,0.05991869424831653,0.9644699428435901
21919,2024-01-15 06:19:37,0,0,1.2293876614924597,0.8982706639048477,0.17806835999806292,0.7127449806764988
20374,2024-01-15 06:53:13,0,0,2.272238861772098,0.23727081286670615,0.9924191644112469,0.9161806622841759
95406,2024-01-15 07:02:24,0,1,2.348775894046295,0.4323068372758404,0.7531682014274713,0.06574109841506037
85730,2024-01-15 07:07:08,0,0,1.60552520522431,0.43189473185261607,0.2743087706993754,0.29667849171932903
80392,2024-01-15 07:23:07,1,0,0.4997851412437374,0.5186701476198042,0.6086484294644534,0.9198905482300689
98256,2024-01-15 07:42:25,1,1,3.1145924445773767,0.02616645335655765,0.8226595716332522,0.658985890188719
53854,2024-01-15 07:53:20,0,1,1.541324715060667,0.5391661290682481,0.26873528062615715,0.03985816853334645
36112,2024-01-15 07:54:48,1,0,0.3589840840124365,0.2194830204868139,0.6505951120303394,0.3546823146785705
67499,2024-01-15 07:59:02,0,0,-0.0562449926651957,0.48310124007748434,0.6017083089745743,0.7403846231564586
72028,2024-01-15 07:59:32,1,1,0.9594560608424656,0.23348659796628402,0.13329588529869918,0.7581431169522127
39496,2024-01-15 08:14:15,1,1,0.8826158870103922,0.28676610442482775,0.7551007440009015,0.5168145178283868
34382,2024-01-15 08:36:52,0,1,0.93024758871031,0.4628404217362323,0.3055504317554415,0.7907665048429642
26290,2024-01-15 09:00:30,0,0,0.5214715052422337,0.9698802177454451,0.477424367055456,0.7042369191005848
12442,2024-01-15 09:05:01,0,0,-0.0080478708740281,0.5511751493838917,0.20263938161285044,0.32700241579710965
25931,2024-01-15 09:12:01,0,0,0.2647367382396679,0.6134760936194994,0.4181387311046856,0.6688476685963558
16738,2024-01-15 09:15:31,0,0,0.0301819367381747,0.47636835215098616,0.35148927309043376,0.8855162469884895
64811,2024-01-15 09:23:08,0,1,1.1666311940505942,0.2095261728634289,0.44791565949112955,0.09415560283142033
61871,2024-01-15 09:28:22,0,1,2.3833771131824704,0.2189537038804491,0.5840502172943903,0.6768631309070795
12033,2024-01-15 09:36:43,1,0,1.0590933330250174,0.4358861753754546,0.10908112458490338,0.49625763285087576
94980,2024-01-15 09:39:01,0,0,1.9085868016131475,0.6441893764352896,0.738262621504625,0.29807009164996723
53761,2024-01-15 09:44:36,1,1,3.320661655528167,0.355559266630484,0.14802370516121333,0.24643416549869468
89813,2024-01-15 09:51:24,0,1,1.8107556590635945,0.021191010543899047,0.936383716762629,0.5753123165239389
58209,2024-01-15 09:52:41,1,1,1.3457167233124443,0.6406196762240604,0.8643340045142931,0.23048924165789464
12529,2024-01-15 10:09:13,1,1,2.328662002282481,0.7107488168700179,0.26606701013018763,0.09600563530475803
79042,2024-01-15 10:16:01,0,0,0.8621178110577639,0.29732927248225016,0.05795143738353625,0.14158630748558942
36311,2024-01-15 10:33:08,1,1,1.8688624697966552,0.23242305449177014,0.1309085311904814,0.9476405059353654
98577,2024-01-15 10:33:16,0,0,0.9580802887576712,0.3831618246125712,0.43313275600466894,0.5177415660414669
5473,2024-01-15 10:41:44,0,0,2.6937662407624927,0.8233706565129602,0.19927448762857247,0.3506981343600275
96064,2024-01-15 10:42:10,0,0,0.76381969776735,0.03393813701230941,0.0724424975636776,0.28559021544717655
5473,2024-01-15 10:50:57,0,0,2.601571377895426,0.8080587838313431,0.641816133752409,0.21785772686391702
62347,2024-01-15 10:56:52,1,0,0.6797592576985672,0.07643532005120102,0.7832002772425584,0.4619321314077419
93395,2024-01-15 11:18:38,1,1,2.928296991568484,0.07833158389857076,0.583451496714396,0.9236507448931927
30395,2024-01-15 11:23:03,0,0,1.3893053911044102,0.776209484126926,0.04020351480376083,0.2230531542792007
32375,2024-01-15 11:55:08,0,0,-0.7388154625209316,0.0006544434593358517,0.9661055888661374,0.61005294405145
91766,2024-01-15 12:01:06,0,0,1.2979331769684146,0.6211536301847291,0.06914131361408948,0.6314720202299738
83294,2024-01-15 12:08:42,0,0,1.5125949934312284,0.9541113506665628,0.41481764090347484,0.5986282303332149
18738,2024-01-15 12:15:41,0,0,0.7376218692898332,0.7175900807318925,0.9790597167854871,0.00909533535580942
61861,2024-01-15 12:28:31,1,0,1.954627793652306,0.533644572610457,0.6613025652702472,0.7497612215221703
40181,2024-01-15 12:39:18,0,1,2.333070372618255,0.3014143440107948,0.6531367934422911,0.5514387883056153
53919,2024-01-15 12:42:47,1,0,1.8091174883856005,0.7122220629901124,0.05410856623926841,0.11362952046104702
76200,2024-01-15 12:46:48,1,1,1.6572138491356208,0.35668252514462917,0.13088687657463438,0.9530287608165309
85824,2024-01-15 12:49:49,0,0,1.7969436900282152,0.606896814270438,0.6632810133451958,0.0693802612485197
34633,2024-01-15 13:17:55,1,0,-0.1873231090622744,0.9702546537137903,0.1995788665549023,0.9082756569669788
1152,2024-01-15 13:20:33,1,0,0.8306574929786344,0.68533634568802,0.9522205177508422,0.6417929130614564
16722,2024-01-15 13:22:07,0,1,2.0693811351327787,0.5499536037795194,0.3955427158354945,0.5564736920791117
91944,2024-01-15 13:27:33,1,1,0.5231421831542682,0.4603328809155185,0.4681978940679725,0.42429194368325596
7672,2024-01-15 13:33:25,0,0,1.4276362188797451,0.33798800724003986,0.1668265349553113,0.8832486101998401
64278,2024-01-15 13:33:57,0,1,3.0762401574663856,0.5985104801875241,0.25684350811006085,0.4577941760715838
30568,2024-01-15 13:47:50,0,0,0.6850633592428546,0.859431515567882,0.8280777957234224,0.8473774784648666
24321,2024-01-15 14:06:10,1,0,0.9922737188943184,0.8921194633030427,0.346631366533667,0.6326102048178489
99337,2024-01-15 14:12:29,1,0,1.1887109634112176,0.13804196930404544,0.57103558312242,0.14885448449637706
80021,2024-01-15 14:24:11,1,1,2.3139082114575538,0.7282124169473876,0.6714183916549811,0.6315933558180127
41631,2024-01-15 14:42:19,1,1,3.0672224165719832,0.27494816791103516,0.9485506371691822,0.3626842461266663
17321,2024-01-15 14:50:54,1,1,1.4660997616264453,0.13699108523297088,0.5218281774974783,0.35941633884548785
65412,2024-01-15 15:05:49,1,1,1.3949992871912689,0.9648009991780978,0.6768335846717132,0.5330771762189641
36252,2024-01-15 15:10:11,0,0,1.2901333270887556,0.5195493583631013,0.9333680397445675,0.4899306007836065
38227,2024-01-15 15:35:51,1,0,0.9879700801010536,0.12081399536352533,0.9664020166362789,0.3736166364226753
56258,2024-01-15 15:47:14,0,0,-0.3076668983849393,0.0800514268081921,0.6430529287074223,0.4881932274151727
49049,2024-01-15 15:55:34,1,0,0.1829913492579206,0.9754654488144837,0.9460847024814393,0.0030694144687043456
89532,2024-01-15 16:05:16,0,0,0.3216501211588559,0.8431252541330098,0.29065116191263063,0.9791367877839343
96480,2024-01-15 16:12:33,0,1,2.1601905933170755,0.22743683090702682,0.4430032166092014,0.26732091753249987
97081,2024-01-15 16:24:43,1,0,1.2156987138859523,0.4272731109158566,0.059612231503443636,0.885586148918685
29709,2024-01-15 16:47:07,0,0,1.4310544925996511,0.36046699217763023,0.7930144312372643,0.14605214183301463
42610,2024-01-15 16:48:30,0,0,-0.488056743931853,0.7812453981162657,0.6462826942781585,0.6395129282109694
38671,2024-01-15 17:02:33,1,0,1.2576957212765554,0.3822792277335063,0.6364771985610397,0.9086415941853316
61011,2024-01-15 17:07:25,1,0,0.0829174477896936,0.5118005855672302,0.22721070942139554,0.38888271783325623
72842,2024-01-15 17:19:23,1,0,-1.1523658228542848,0.12097325756617527,0.37182510680652414,0.49727738443053693
98314,2024-01-15 17:23:15,1,0,0.295840062425484,0.6898334107904779,0.663144076355321,0.5512084516296379
48688,2024-01-15 17:35:02,0,1,1.668511827902745,0.17269681584692886,0.9433160078200158,0.6600452587642636
56278,2024-01-15 17:42:05,0,0,2.7595472694492997,0.1651146516487002,0.2574824262368146,0.23947441428371086
49070,2024-01-15 17:42:22,0,0,0.7110941191473418,0.4821042617860968,0.9878071374143197,0.7791846778872772
61320,2024-01-15 17:56:52,0,0,-0.050419943348547,0.418495738148713,0.9730210623768774,0.4279112748609649
36279,2024-01-15 18:38:22,1,0,0.8403873324793275,0.051442535259167865,0.5776713812415482,0.5417064290849154
42810,2024-01-15 19:08:00,0,0,1.5384978536410825,0.9557158317134321,0.38681321350230913,0.22054633352021735
18861,2024-01-15 19:27:07,0,0,1.0912937721754543,0.2227669019094849,0.732032499661954,0.6442102717143672
12498,2024-01-15 19:42:23,0,1,4.076980529053753,0.3753068524193518,0.8354755214490269,0.8337440926625589
39496,2024-01-15 19:47:19,1,0,2.0856094029740584,0.4388937006803918,0.5602092650939121,0.5708172418125292
81563,2024-01-15 19:57:55,1,0,1.749550538926146,0.4171357544826565,0.9131948438249795,0.30745253171915
40780,2024-01-15 19:59:28,1,1,1.9741371520461437,0.5013355242980105,0.02770417942022707,0.36720256698786535
99638,2024-01-15 20:12:41,1,1,0.410432506691031,0.3379953755087215,0.5536821488009399,0.10235024432883544
56278,2024-01-15 20:20:54,0,0,1.0749270785662264,0.4052928359938043,0.5401185739085513,0.6486350549163991
48258,2024-01-15 20:28:31,1,0,0.4833752380252613,0.4304839831499935,0.5378722388044355,0.9456271203324744
43521,2024-01-15 21:19:53,0,1,3.951012560126299,0.5687267118958258,0.6394733251596264,0.5347686660139758
79797,2024-01-15 21:21:03,1,0,-0.4988952796101422,0.6099539399786652,0.9366984659483877,0.04683862604212452
44760,2024-01-15 21:23:06,1,0,2.431477113927417,0.710566229235785,0.30749885327258075,0.9352710266825599
97065,2024-01-15 21:25:15,1,1,2.392827468259919,0.3988627705724874,0.320232877346426,0.9333634296973721
47492,2024-01-15 21:43:06,0,0,0.2497809297578674,0.42453274272676167,0.6728888319269583,0.6413368990175452
81339,2024-01-15 21:53:17,0,1,2.361921853928844,0.7167880835981388,0.15768390409710298,0.6761966599810473
87529,2024-01-15 22:03:16,1,1,2.427890440694917,0.37209406377483434,0.8632933245257113,0.044088249133784285
94658,2024-01-15 22:15:31,1,0,0.2989591760121955,0.8653434419735354,0.5064970012605937,0.4145723512414502
49199,2024-01-15 23:04:20,0,0,0.0965174627761593,0.5581232535243104,0.31572885637522097,0.7530937770018278
13067,2024-01-15 23:11:27,0,1,1.8689133493122736,0.9144142340384388,0.9862959847837754,0.7564587550011048
80881,2024-01-15 23:17:25,0,1,-0.0729834359912917,0.22269967699090543,0.6100943943597359,0.7551126778532536
21300,2024-01-15 23:21:35,1,1,1.1543389672326527,0.8928356724385418,0.8754975742865589,0.2600557365028435
9531,2024-01-15 23:25:28,0,0,2.0392536096340605,0.6166644690305567,0.08030150391187174,0.6872281440277593
12332,2024-01-15 23:39:40,0,1,0.1690941741524696,0.028848019986708162,0.05379409480049091,0.4919098159031903
73735,2024-01-16 00:47:08,0,0,1.311373129121661,0.3518587359156867,0.766624476622091,0.34840926475471823
12033,2024-01-16 01:17:40,1,1,3.36386222981391,0.5550562950712336,0.10273612986635983,0.3571172362986549
45817,2024-01-16 01:21:01,1,0,2.642161691930406,0.6032564825740019,0.6311970963763492,0.6680432133309471
12498,2024-01-16 01:25:17,0,0,-0.7066373063342779,0.5738496145184442,0.7796138641775342,0.3004793656180663
36072,2024-01-16 02:03:03,1,1,3.433214506606173,0.7012619513031071,0.3023419329317214,0.18146001625915253
31446,2024-01-16 02:29:41,1,0,-0.1065824937878781,0.10736497239393916,0.4907074745228184,0.38386587180581344
57343,2024-01-16 02:52:08,0,0,1.467614826567688,0.6116889840912897,0.10095210045316283,0.9631683947544736
81196,2024-01-16 02:54:35,1,0,1.5058850645353592,0.8064953871639167,0.7558799177946645,0.2791113596875835
3654,2024-01-16 03:14:01,0,0,1.021198643512366,0.3280019978613048,0.20787648869806918,0.5744331779549692
10445,2024-01-16 03:49:28,0,0,1.994955597566664,0.6296928316006475,0.25190614736026984,0.8524567806818752
9286,2024-01-16 03:50:23,0,1,1.6913269444535874,0.24780966054886755,0.8365224376625043,0.3219336953531672
73047,2024-01-16 04:13:01,0,0,0.6403383213326928,0.750712679812749,0.9641971416231311,0.3597495649330017
17321,2024-01-16 04:25:12,1,0,2.890458993274452,0.18978501254644708,0.704914162375312,0.26690769096835265
52492,2024-01-16 05:12:46,0,0,1.0441388966655931,0.6654358446742108,0.39642751481495875,0.5357007743413712
53778,2024-01-16 05:28:54,0,1,1.148462810814232,0.7366787931187181,0.3358602842768158,0.6432476916902559
94980,2024-01-16 05:32:11,0,0,2.545896479778648,0.30950261024420556,0.46377833210300223,0.49359258650211146
85970,2024-01-16 06:44:51,0,1,1.0379088836583727,0.6777017482779772,0.7162435626100926,0.32569384303386684
78472,2024-01-16 07:37:08,0,0,0.9459248239620918,0.4859711010209681,0.04791333962176625,0.679423364324885
79748,2024-01-16 07:52:26,0,0,2.0444918940505685,0.2548347199580392,0.34397506623597185,0.7070681322138619
9922,2024-01-16 08:04:17,0,0,-0.0578762645308748,0.808299281092342,0.6971856914607026,0.47663096831830876
7865,2024-01-16 08:11:21,1,0,1.8011783722817296,0.17714020297579447,0.6301474371327577,0.34487378561045356
67655,2024-01-16 08:15:32,0,0,1.6441483371519825,0.6637540567637076,0.8079290798600288,0.8445756397397236
41631,2024-01-16 08:18:54,1,1,3.08528700444591,0.013747331521597683,0.8085527377666731,0.002332460910676293
87072,2024-01-16 08:33:14,0,0,1.6905573182742533,0.23542906130236996,0.8539918624013784,0.6245883408804654
16722,2024-01-16 08:53:30,0,0,0.5773170151476726,0.3874627652736057,0.03295686970005951,0.909747426710071
4636,2024-01-16 09:31:45,1,0,0.8843271575205498,0.9258099800914444,0.629491043793457,0.18104364005476292
40311,2024-01-16 09:35:17,1,0,0.707295835578513,0.3960606037042673,0.38455868443700336,0.39008250960831536
4192,2024-01-16 09:47:49,1,0,1.2723334011283285,0.09872866794981017,0.4688904459665909,0.18784838132845405
34373,2024-01-16 10:06:51,0,1,0.0091880048760022,0.49330630216457005,0.584479409696241,0.3370317848398655
66101,2024-01-16 10:12:23,1,0,0.5678882395469874,0.41127687128660206,0.586014946345961,0.2269440448241038
9557,2024-01-16 10:17:38,0,0,1.6421529522992628,0.7133857468660392,0.6066638320094468,0.12429362327549986
58331,2024-01-16 10:25:35,0,1,1.5929217636496749,0.3924762402193449,0.19105627036094597,0.3013024551173654
55064,2024-01-16 10:34:56,1,1,2.430301358957553,0.13257522333923788,0.1169673041482403,0.8663472809081091
73264,2024-01-16 10:44:28,1,1,2.0063390623622683,0.6584391277719833,0.37163134924128916,0.7851437695633525
33983,2024-01-16 11:05:21,1,0,1.3184780667965807,0.08145760149705084,0.43811664734280675,0.32062435936087097
66101,2024-01-16 11:05:56,1,1,1.715636161959905,0.4287075769176334,0.7419247898310027,0.939563358674997
34180,2024-01-16 11:14:23,0,0,0.7047832928793389,0.32808677851551127,0.35667149289414035,0.39816852311347306
61339,2024-01-16 11:23:43,1,1,1.6643926318813538,0.1388900886873985,0.5239814967947405,0.6220030971048145
56996,2024-01-16 11:25:42,1,0,0.1809253359999549,0.1389540868843474,0.18947440131641624,0.9007111633613643
36279,2024-01-16 11:55:52,1,0,1.0975932608518135,0.9906110913938255,0.8203619471683943,0.5936800960766251
97065,2024-01-16 12:09:25,1,0,2.501601872631193,0.4597818958246438,0.3290657125990941,0.8373243139826563
62360,2024-01-16 12:19:32,1,0,-0.8527978150649458,0.7022205448693588,0.9012665180180705,0.7805074133211092
73789,2024-01-16 12:24:45,0,0,1.148728175920273,0.19813974950312463,0.9736839967611278,0.33246084349293037
23648,2024-01-16 12:28:37,1,0,0.5415917254468424,0.9412540354938459,0.4868581138129424,0.8017929554010624
81250,2024-01-16 12:30:50,1,0,0.2659265318564718,0.014440622903887812,0.9969463711819907,0.3433751136845976
9136,2024-01-16 13:24:22,0,1,2.4539655793086963,0.6441940183363133,0.8577850676213712,0.08497181476445648
48604,2024-01-16 13:28:07,0,1,1.6607415161159846,0.13555598004710412,0.12684507706748738,0.8525117596202965
17321,2024-01-16 13:55:31,1,1,2.36653140723723,0.2838308947077137,0.3340449294085128,0.8655361062090636
35366,2024-01-16 13:57:09,1,1,0.1685939157848763,0.4122249941896047,0.5167767117856463,0.4301594456137926
11140,2024-01-16 13:59:27,0,1,1.8295924188357957,0.4457529245771862,0.23049696871046388,0.4690200667516379
18121,2024-01-16 14:00:57,1,0,1.564710003213161,0.302626904479252,0.9524658669117126,0.08473788302715934
940,2024-01-16 14:00:59,0,1,4.597673726595833,0.14524969349807149,0.9755061260658495,0.35037468960105056
32947,2024-01-16 14:11:14,0,1,2.935547125465149,0.7525662978389595,0.5428255672034,0.5603464751241007
68611,2024-01-16 14:16:01,0,0,1.3625929996965989,0.3714063413159414,0.16456286409278253,0.07863066188918333
63707,2024-01-16 14:34:52,0,0,0.0854449532060779,0.636430312686032,0.9971285181587387,0.3592810164623593
77985,2024-01-16 14:40:44,1,1,0.504939169772795,0.8618877026192544,0.44840492411267474,0.9458632517536396
96949,2024-01-16 14:49:45,1,0,1.4376733001931064,0.8669114309769163,0.5822671208188226,0.7805898355044424
65591,2024-01-16 14:56:27,0,0,0.3339841860396036,0.6552482000765197,0.2850605500845699,0.02360949459865258
40529,2024-01-16 15:07:38,0,0,1.3007145418177284,0.6532262993954616,0.08741139718326485,0.0709482023828033
69611,2024-01-16 15:08:46,0,1,2.185325649415382,0.013840128181517253,0.80710612279229,0.8579275379784914
72730,2024-01-16 15:20:51,1,0,2.180527262411969,0.5917586126613681,0.29462104478934104,0.22214345660774804
33807,2024-01-16 15:21:28,0,0,1.1896404990223883,0.6619331307696892,0.23166293242231273,0.4322683366037928
4968,2024-01-16 15:21:32,0,0,2.9909868798886388,0.8362262950460012,0.4322756795336723,0.9849819387462149
37377,2024-01-16 15:25:04,0,1,1.9432168056073085,0.6667833637460053,0.09125403367421492,0.5872461031786514
67901,2024-01-16 15:52:47,0,0,1.3303073121775462,0.17272060577146864,0.358438525534845,0.06896753860286853
72360,2024-01-16 16:35:54,0,0,1.1366565062538323,0.7432114151655244,0.6047173161579315,0.5469991449100464
73076,2024-01-16 16:37:32,0,1,3.9372311624295167,0.8120134256120579,0.2098182854290278,0.2484581049859219
9557,2024-01-16 16:43:15,0,0,1.557396557193623,0.6206075526631734,0.5249084661122418,0.865610912945176
49643,2024-01-16 16:45:20,0,0,1.4459283483384535,0.925241456756714,0.7702773694817956,0.8379177297258638
84100,2024-01-16 16:47:04,1,1,2.2230797426252753,0.4942031254055055,0.9387526425941168,0.4062942191069555
66008,2024-01-16 16:47:10,0,0,2.6235871779728863,0.4620130153141496,0.47317781432209405,0.5316971305122312
45505,2024-01-16 17:01:40,0,0,1.8687026752316829,0.06097993220470477,0.0408553114912632,0.03581507302723608
91689,2024-01-16 17:08:25,1,1,1.7137512664443082,0.24439104085078234,0.7496510579362222,0.30512916350141805
84685,2024-01-16 17:12:34,0,0,-1.4383374137796223,0.31458986031773783,0.720389212439737,0.4874611009767593
5142,2024-01-16 17:16:46,0,0,-1.694002617692488,0.4345050874850406,0.2798620861518226,0.08190230901764195
65563,2024-01-16 17:18:23,1,1,1.2205176032745804,0.25877000185959853,0.5417532866849901,0.6216238599981545
48650,2024-01-16 17:19:39,1,0,-0.2569836753693491,0.1165442775230846,0.41801598218568914,0.5811767318000375
17379,2024-01-16 17:55:50,1,1,2.66558523631343,0.9768011819730807,0.762324236316998,0.837738908127318
54573,2024-01-16 17:57:04,1,0,1.7914989320848251,0.8993471029079324,0.9765378104703892,0.12181706136004344
25743,2024-01-16 18:08:22,1,1,3.0638515327343585,0.9437120878248316,0.32878876968127135,0.9188040740560419
4663,2024-01-16 18:14:38,0,0,1.742604959235292,0.5757150993446963,0.6342852602217632,0.01772966141973742
40007,2024-01-16 18:20:27,0,0,1.7571183686744447,0.5364622706417681,0.6929797537608522,0.7931973592094104
11009,2024-01-16 18:38:19,0,0,2.297057196491159,0.39488283627284915,0.1386838552399412,0.5732451855883067
13858,2024-01-16 18:49:08,1,1,0.858061773857596,0.5214825707637397,0.49264561746523483,0.3086683880982001
91071,2024-01-16 19:10:16,0,1,1.7068084133512382,0.7382242696697879,0.46162076915620476,0.5209487802771343
41766,2024-01-16 19:17:20,0,0,0.3115478823957853,0.1923459397502819,0.7288664641928022,0.038796463379556
95356,2024-01-16 19:24:28,0,0,0.5228790979819186,0.9211239100322695,0.465824459008532,0.6659105564643821
77848,2024-01-16 19:32:35,1,0,1.4623856588503197,0.09260958714492618,0.7282946476308679,0.1700203679451393
34671,2024-01-16 19:37:41,0,0,0.8974140537914204,0.6302962418218894,0.9322713255328033,0.12028741395036624
18861,2024-01-16 19:43:09,0,0,2.057834768128907,0.8083351067176211,0.7400830992650097,0.8099916027889784
16722,2024-01-16 20:05:28,0,0,2.2428303838682404,0.6617059695343155,0.48603943913963077,0.4200988651862817
95631,2024-01-16 20:09:00,0,1,2.091520178173208,0.8620914077446216,0.04864243327406581,0.38455108725215215
34259,2024-01-16 20:13:55,1,0,2.7810384592422945,0.3982258495851072,0.7189282997064554,0.8174570745475498
23304,2024-01-16 20:18:18,1,0,1.1788917117051807,0.8110820045757927,0.27480029019527297,0.633012583709468
33835,2024-01-16 20:20:46,1,0,0.1019822465857964,0.46347052496531316,0.7884928652366147,0.33068842544339505
91538,2024-01-16 20:20:48,0,0,0.4491830826662062,0.6834010112801773,0.925629348453625,0.26259456648473967
88938,2024-01-16 20:24:25,0,0,1.8485161053885035,0.7965760178967884,0.6811634293318076,0.9195140562097986
61286,2024-01-16 20:32:12,0,0,0.6469036685821942,0.7879961901716955,0.3816046343939732,0.4702252458746329
35049,2024-01-16 20:38:30,0,0,1.7609455258811164,0.47737005062133564,0.49125399756848087,0.36919645611168017
70490,2024-01-16 20:57:02,0,0,1.3583526510140362,0.4763926573566365,0.42980729642256243,0.8991408172014836
36072,2024-01-16 21:03:42,1,1,2.6191711169753935,0.6275131775990638,0.1979429231616795,0.20921859509124396
5142,2024-01-16 21:05:24,0,0,1.5012083271142145,0.7161994608662287,0.2858569266445954,0.08275085857455944
26290,2024-01-16 21:09:13,0,0,1.2400715126420805,0.12620122855542515,0.5115926487943071,0.18134850790777102
3883,2024-01-16 21:48:36,0,0,0.3224599870931011,0.4270141408601821,0.9145143713966901,0.09934671980670717
85730,2024-01-16 21:51:10,0,0,-2.0730302708213,0.03231158965800851,0.1918842172969013,0.5952469107102544
54631,2024-01-16 22:01:40,0,1,2.347708452450957,0.6736652833836749,0.901713968443552,0.07670665836838508
55520,2024-01-16 22:14:20,1,0,0.0332064788339654,0.9294074490230625,0.7358089701711196,0.8257304367319743
50442,2024-01-16 22:19:54,0,1,2.580777095329797,0.11594418108308913,0.21681814193473414,0.02981733566088185
34671,2024-01-16 22:32:41,0,0,0.7725323723926627,0.6820478372930496,0.5840874480286192,0.6368188861267396
13067,2024-01-16 23:01:26,0,1,3.1059933699072984,0.9827978355022658,0.06828953951390937,0.2823606590167371
21761,2024-01-16 23:15:24,0,0,1.11810346500646,0.21501047314727884,0.14476113068742746,0.13864362514582285
31734,2024-01-16 23:20:13,1,0,-0.1401847271486784,0.4906945290503726,0.45687040944460877,0.9604489942485519
67129,2024-01-16 23:37:52,1,0,1.3597114989041066,0.3228140691271987,0.06321938977063624,0.590948387422415
9136,2024-01-16 23:53:32,0,0,2.2880660702621847,0.1045462461733715,0.902451658917281,0.4835641501905178
44139,2024-01-17 00:02:18,1,1,0.497496543959103,0.15512589152445333,0.1300881406059845,0.13073966704904605
81563,2024-01-17 00:17:46,1,0,2.3043301326604784,0.7879923044124358,0.8661727549152926,0.5955097553652996
88308,2024-01-17 00:39:31,1,0,1.5582185755475375,0.7935079227657376,0.4137981750494679,0.743034557062993
26807,2024-01-17 00:49:40,1,1,2.8951849819716857,0.41061554724730864,0.12483213126707193,0.021127421684684844
13858,2024-01-17 01:16:18,1,0,-0.0953936892160367,0.42000775656654676,0.2881399228065976,0.8150952431822335
2332,2024-01-17 02:02:41,1,0,0.9580820178252284,0.5694987168127029,0.251130377411087,0.4365137704949602
36719,2024-01-17 02:04:11,1,0,-0.6227673302665249,0.07379502456620912,0.3578451487663762,0.036353834186220735
25455,2024-01-17 02:31:30,0,0,0.6413926464613693,0.011239230895550345,0.49025338710875777,0.6125505842999294
88460,2024-01-17 02:37:12,0,0,2.6141139230244876,0.4251885406594992,0.7756340177708108,0.42401962714355756
66008,2024-01-17 03:05:28,0,0,-1.5607373856586215,0.7016322645923699,0.3426638733340285,0.03577571915591993
38671,2024-01-17 03:37:45,1,0,0.3017473031371389,0.5212840951537165,0.2537750213859551,0.007851466932743856
42416,2024-01-17 04:01:18,0,0,1.265317680077983,0.6561802898001777,0.42099648004707313,0.39355083252837286
77080,2024-01-17 04:08:08,1,0,0.5519372658577517,0.49749050732348066,0.06131187781752834,0.6797526523202896
2104,2024-01-17 04:22:34,0,0,3.5207086921579696,0.7540794341294096,0.8851467875701238,0.4126120808082734
67542,2024-01-17 04:53:08,1,0,-2.143666302024744,0.3429212418964963,0.21389569975200617,0.43487100776532217
44865,2024-01-17 04:55:59,0,0,2.107159285443295,0.7292224575793235,0.5695888822380571,0.6330955400090841
46767,2024-01-17 05:04:14,0,0,1.1700243142545703,0.787286622353239,0.9088655584780906,0.681657750887114
64274,2024-01-17 05:21:50,1,0,0.4070741296796005,0.9776259178518503,0.007827990152294073,0.14794262358655663
89272,2024-01-17 05:27:56,0,0,-0.2831478026036598,0.8680864004054559,0.8981140162771313,0.12352134176717955
93652,2024-01-17 05:49:25,0,1,2.3446452262360524,0.7189163790482535,0.8915066824778191,0.2498008290645385
50615,2024-01-17 06:34:02,1,0,-0.0027380121485869,0.5800303254885267,0.5497968725352457,0.5208964992624446
48258,2024-01-17 07:11:05,1,0,0.9810174003191384,0.022476341073577655,0.3678651435365997,0.7338864257346088
64289,2024-01-17 07:36:23,0,0,2.6588971676113125,0.28035768690716745,0.5183705282368856,0.6537345414679077
40780,2024-01-17 08:14:12,1,0,1.7989129275910214,0.07154651795807121,0.8394544382712584,0.7179632646338256
2501,2024-01-17 08:19:25,1,0,0.1324090627367261,0.29503709696187097,0.6060392931248502,0.33197819955921193
94797,2024-01-17 08:20:49,0,0,1.3820575744624997,0.6803201623390136,0.38796500860025673,0.33988577889556504
19364,2024-01-17 08:40:14,1,0,0.3945505121280346,0.8829490194754475,0.601917317853623,0.21617977910667252
49199,2024-01-17 09:04:14,0,0,1.9918943397005953,0.17265390576423978,0.11110859721077526,0.21742527027335923
4599,2024-01-17 09:25:17,0,1,2.897815408410548,0.13863008385155395,0.8553920439328286,0.6516953634962905
42045,2024-01-17 09:34:56,0,1,1.9138993481789517,0.3026449184589083,0.14541117583109398,0.7594622092231934
42416,2024-01-17 09:40:57,0,0,-0.7599088719564451,0.2568128960055749,0.04903103551818466,0.3498850682237863
86021,2024-01-17 09:49:41,1,0,1.2754726109677836,0.550501283760772,0.7800524403064911,0.33383359773605503
68994,2024-01-17 10:05:26,1,0,0.3786055064528818,0.17915603802936486,0.40228648333992223,0.9200434839722468
70622,2024-01-17 10:14:57,0,0,1.1515169717479783,0.4209293005287913,0.9847572474410778,0.45965749083812735
23059,2024-01-17 10:15:06,0,0,2.8395020028225635,0.731496916128942,0.8206946098104044,0.7907053544247616
98840,2024-01-17 10:16:22,0,0,2.519524679309185,0.7862514036119508,0.15086665652845888,0.14168504965736406
68610,2024-01-17 10:52:59,0,0,1.3132365273747173,0.6509881956447906,0.0632782726862905,0.552202066961163
68340,2024-01-17 10:57:23,1,0,0.7637503673763117,0.6167026035715991,0.3882397249815648,0.5643370228419291
48519,2024-01-17 11:02:03,0,1,1.8086560133049396,0.9138115932979735,0.45606947655422936,0.2678129389857514
55558,2024-01-17 11:02:30,1,0,0.0550661643799007,0.08070893372278132,0.717893618201319,0.8997894150235243
97394,2024-01-17 11:32:48,1,1,2.4348842714636474,0.7169793911298161,0.1731526370680191,0.4774839994503842
23024,2024-01-17 11:47:15,0,1,3.4550455762707113,0.6136626388912005,0.9308495182206621,0.2548424757065423
5125,2024-01-17 11:57:23,0,1,0.4390416470055571,0.9491948998481373,0.37145533260504193,0.8961709048984472
38118,2024-01-17 12:14:49,1,0,0.164619711151963,0.08666309745236078,0.3572764891997975,0.37219333035476354
25661,2024-01-17 12:21:57,0,1,1.0298504803485873,0.3309696701031962,0.27350445929198053,0.7109712018363488
68275,2024-01-17 12:24:34,0,1,2.0994774730157384,0.4420392199899157,0.1439020556404198,0.6363606824199464
22169,2024-01-17 12:40:44,0,0,0.0553720668083997,0.01771057421103417,0.138841704322213,0.6184341369847519
86428,2024-01-17 12:55:00,0,0,0.9576952743274012,0.18361509894948913,0.9746157888256296,0.17457613183718512
92867,2024-01-17 12:59:31,0,1,3.628936947623991,0.05374074383012517,0.08744756152269162,3.355532310056475e-05
84533,2024-01-17 13:05:58,0,0,1.0674545660678616,0.1106877816594809,0.6066832593575869,0.8579939354556231
59796,2024-01-17 13:16:42,0,0,0.5281403522785806,0.49558841434465706,0.8041434713409428,0.23495507128036497
71962,2024-01-17 13:33:57,1,0,0.1035548438757281,0.4095804355061332,0.22732200430654015,0.9909102853943728
19952,2024-01-17 13:58:57,1,0,1.590882073491637,0.606925569479195,0.3281145010151496,0.172881834801058
72028,2024-01-17 14:00:00,1,0,-0.5651283945004009,0.7512434928071587,0.12685772886435587,0.7688743034100299
40970,2024-01-17 14:09:39,0,0,1.5669706595837234,0.1316399953903925,0.6978813530031561,0.3498807581643296
64959,2024-01-17 14:36:58,0,0,0.9412173484192328,0.8388847579438306,0.6726352849810915,0.8254802835121167
94060,2024-01-17 15:13:21,0,0,0.9161774784980364,0.5800516395879419,0.49572478099278083,0.42318586785645196
70490,2024-01-17 15:22:12,0,0,-0.1059849493392199,0.9510565057393492,0.2993205175195218,0.8153592751785809
9302,2024-01-17 15:22:56,1,1,1.3116277177692406,0.08900700283669294,0.6544525736104022,0.14665206098925487
64358,2024-01-17 16:01:37,0,0,-1.8123469935060212,0.5302470392162986,0.25549335234549564,0.1003962549737637
19952,2024-01-17 16:04:04,1,0,1.7952430120737586,0.9562974085863706,0.6632298350314937,0.657190017049817
25931,2024-01-17 16:06:03,0,0,-0.0333374959890293,0.5241967009317529,0.19906879646771103,0.3815665382165443
10269,2024-01-17 16:06:58,0,0,0.3767708165538651,0.6249259856541592,0.9102622912823348,0.8838950271581277
11318,2024-01-17 16:08:11,1,0,0.3053406466211403,0.46167085207933434,0.26756394634973124,0.5178645779638475
31734,2024-01-17 16:09:35,1,0,1.8856856536527324,0.11640302464201269,0.8405079625538303,0.6531836021582464
5473,2024-01-17 16:17:47,0,0,3.731288709159552,0.8303009876153554,0.0187239296222258,0.22987757928585362
47482,2024-01-17 16:38:17,0,1,3.335784336320233,0.6408861359037751,0.40577784053166743,0.3542748080752013
86354,2024-01-17 17:07:52,1,1,1.456504492067365,0.1204734196705256,0.9943421382506338,0.9638032332808968
36279,2024-01-17 17:08:13,1,1,-0.9645288378416512,0.6899394510435458,0.699460906119735,0.20659496358801477
1963,2024-01-17 17:32:36,0,0,0.2349038731025831,0.4887086712549391,0.1710857404141538,0.09258558006281048
99346,2024-01-17 17:36:25,0,0,0.4602116969870392,0.9538637352095566,0.2534718120280275,0.5618594606001849
23911,2024-01-17 17:52:13,1,0,1.070496229021164,0.3041577939358321,0.2813054729516885,0.98930685266825
72446,2024-01-17 17:59:31,0,1,1.11230434428544,0.8288249166107784,0.8071017071120371,0.30426474297870065
76354,2024-01-17 18:32:02,1,1,1.5574642881078162,0.2610032825404912,0.0655749288769425,0.7717942898672494
84517,2024-01-17 18:41:05,0,1,4.420415012247402,0.7146776495917131,0.5802230244636059,0.573190415126666
75417,2024-01-17 19:08:14,0,1,1.7026766373023643,0.7660913403373624,0.46888778274917253,0.7054336480322682
11009,2024-01-17 19:16:08,0,0,0.0604372581472411,0.06257147125358609,0.14797351001624326,0.6725491313264628
23024,2024-01-17 19:18:46,0,0,1.100901535147068,0.051208218020333485,0.19785333626743196,0.3721597132545028
46604,2024-01-17 19:40:09,1,1,3.4038213920665568,0.3022683721139895,0.023895098288384098,0.7845517183844942
9838,2024-01-17 19:46:22,1,0,1.4268404800214254,0.3737345051243063,0.13776908772021768,0.21110936317606643
76936,2024-01-17 20:06:00,0,0,0.3508768783617424,0.6267293801857836,0.9287022930224512,0.24760924538848283
53689,2024-01-17 20:08:26,0,0,1.8809234631991976,0.8311216682191289,0.5883692746291304,0.18402834115327016
42034,2024-01-17 20:11:17,0,0,0.2910409789541582,0.855944332363284,0.8159464496583485,0.3959479926571161
55359,2024-01-17 20:18:41,0,0,0.3789882451926255,0.4621224924225691,0.12964433639542172,0.20575929500078416
69134,2024-01-17 20:19:31,0,0,1.14549304703531,0.8420896386753876,0.682669330799444,0.15757846429358335
11853,2024-01-17 21:15:20,0,0,1.3885516812792154,0.05461397412623248,0.17347141919468168,0.29068119288561256
49317,2024-01-17 21:42:59,0,0,-0.0439117745894657,0.4293648050256441,0.24822214862835756,0.4956555553058457
25669,2024-01-17 21:47:21,0,1,1.2805197667152095,0.7942306899185149,0.6136626563078489,0.22881797315457475
86746,2024-01-17 21:49:37,0,0,1.846125245905606,0.8914398762995348,0.08000651352226285,0.5433999265208046
22766,2024-01-17 21:50:09,1,0,-0.177789767700871,0.31661351829250406,0.3577171472295988,0.6394294243134029
63183,2024-01-17 22:20:23,0,0,0.5538743916471169,0.061210161631295,0.11332822242164908,0.1413468351444861
86428,2024-01-17 22:20:37,0,0,0.2129980165274578,0.958983910129149,0.6032158300388804,0.3737684851150864
38068,2024-01-17 22:30:36,0,0,1.293076653266917,0.669731124912158,0.37454744924973726,0.6493619536814051
94773,2024-01-17 22:43:32,1,0,0.3864574407108498,0.696468255384888,0.6691364304787172,0.6098122799790906
50540,2024-01-17 22:51:04,0,1,2.790806121690081,0.5743067717305621,0.16082611302366023,0.952915189373902
77532,2024-01-17 23:08:10,0,1,2.4650802095003064,0.5484351159387512,0.4492228316676121,0.3968324485798217
66756,2024-01-17 23:13:05,0,0,2.3209100026698724,0.6414176867199091,0.8883104192800992,0.7886988786794973
32555,2024-01-17 23:13:19,0,0,2.852864974938573,0.6351219722394266,0.7930242680749623,0.018322946212672275
56278,2024-01-17 23:35:00,0,1,1.4404277139505104,0.4147579849540076,0.7188948902935591,0.5182029010004717
10169,2024-01-17 23:43:13,0,0,1.7870844420982044,0.13666689426534018,0.3763834018849507,0.5522331038779905
13325,2024-01-17 23:47:59,0,0,-0.1994018258240353,0.5130107759779123,0.4051687637159799,0.31895684771613053
44210,2024-01-17 23:49:01,1,0,0.8049956223455809,0.6805551944302544,0.2500189540102784,0.6060571860558097
18861,2024-01-17 23:54:24,0,1,2.668326018107997,0.5120758447242293,0.1282784346655682,0.03407144546638918
44094,2024-01-17 23:55:48,0,0,-0.5004204022205085,0.09576747289490761,0.6492871918286302,0.6392117629656184
49920,2024-01-18 00:06:10,1,1,1.6382295225558288,0.16611360209595627,0.016031765289906352,0.4178115623433325
41611,2024-01-18 00:14:54,1,1,2.2582288233226953,0.26491236277689134,0.37031249758299634,0.9240946058361982
23604,2024-01-18 00:47:02,1,1,1.0588779040750418,0.8851103298646157,0.8083120435580005,0.9071328051299649
68953,2024-01-18 00:51:03,0,0,0.4536756414873332,0.19139513047241652,0.37515124254174925,0.3889822557240209
97728,2024-01-18 00:58:09,1,1,1.461228682382257,0.8255184228124308,0.16625152001339394,0.07839081268805925
4663,2024-01-18 02:14:52,0,0,0.5101477914108496,0.6862137136677213,0.8044155926933131,0.9940653582642328
44701,2024-01-18 03:37:43,1,0,-1.7456138649773782,0.9820306496529465,0.642932668396943,0.715012918318033
1314,2024-01-18 03:48:18,1,0,1.7253240631466256,0.6359478219756924,0.045991575261063566,0.21808709330467002
79469,2024-01-18 04:23:48,1,1,2.296418000808659,0.4219473580842529,0.06795980612940211,0.14972838631992158
97081,2024-01-18 04:33:35,1,1,1.5514357919716455,0.1461745353289987,0.8720341276425502,0.016844610017442085
87993,2024-01-18 05:01:20,1,0,0.6419906941089775,0.6935006820169146,0.6826614639029114,0.5404486547787047
12463,2024-01-18 05:07:46,0,0,3.857473075464706,0.7844620968165534,0.3636934555606419,0.011267047477540482
22824,2024-01-18 05:09:30,0,1,1.7466224310519851,0.926624155030542,0.912782678842304,0.795629873595393
96875,2024-01-18 05:12:36,1,0,1.5753473318075697,0.9215043306546152,0.33213493148608475,0.9218740480334372
42045,2024-01-18 05:18:14,0,0,3.2418378000109858,0.43055612661403064,0.30441142739998617,0.9499991725246343
55944,2024-01-18 06:33:01,1,1,3.1478126607335635,0.4630350973642692,0.26544906281973746,0.9702605654604267
23911,2024-01-18 07:19:40,1,1,1.8408151286199392,0.7231147801330686,0.8721719915703581,0.9405427209343794
69687,2024-01-18 07:55:18,1,0,0.6116660968673538,0.6801195206787448,0.558631399636438,0.43685112127406744
23059,2024-01-18 08:04:26,0,0,1.5052675159327706,0.6079435393409334,0.420388193955028,0.8894821093931328
28447,2024-01-18 08:21:07,0,0,1.1791717746008743,0.05639044978797558,0.15650323449954606,0.34993609180006746
59342,2024-01-18 08:27:56,1,0,1.8685819377339128,0.21062756744923994,0.19162917342567853,0.9534632223231919
80211,2024-01-18 08:39:05,0,0,1.426447416198275,0.6349851432876913,0.9422384298155737,0.44157261683897087
54835,2024-01-18 08:46:53,0,1,0.313531848765898,0.7817108276594814,0.3635636596574523,0.2309284835931552
66051,2024-01-18 08:52:37,1,0,0.9216269718742374,0.8744124156258035,0.7055701070748749,0.8953598853767692
18439,2024-01-18 08:52:48,0,0,2.2056731451919553,0.1309662269405938,0.6529813052850515,0.29614247721120823
69084,2024-01-18 09:15:03,0,0,0.3911490918546423,0.986024086669874,0.5912707008878653,0.9551309363156272
93439,2024-01-18 09:26:33,1,1,2.556533442751263,0.02662958232410695,0.2542751232938646,0.4407327870496961
43565,2024-01-18 09:31:52,1,0,0.9061081734816344,0.5964608276521215,0.6815492600139611,0.37678161588095105
98513,2024-01-18 09:41:41,0,0,2.109424189192057,0.31018148053611927,0.24204750991072332,0.235402609682131
63980,2024-01-18 09:54:26,0,0,1.168205807111256,0.3434169719984689,0.16250861082807577,0.3234694652383815
12442,2024-01-18 10:13:39,0,1,0.4342409278194856,0.04174626483370425,0.8336961153705206,0.9168480692473651
49070,2024-01-18 10:32:18,0,0,0.6514130340450127,0.5132781886314774,0.051196607399608074,0.8322146222438875
30239,2024-01-18 10:32:25,1,0,0.2568795924455493,0.18617575725058377,0.4467520995693238,0.18791266970173215
15401,2024-01-18 10:48:53,0,0,0.4164766212089595,0.05642729449430273,0.42326945635424096,0.4539789661686544
55602,2024-01-18 10:55:04,0,0,2.636425212341665,0.12965824113130275,0.7642500765954926,0.8858581947920587
95402,2024-01-18 11:01:32,0,0,0.8439364991780973,0.2685481534497628,0.5796722585021976,0.9771574725716349
11331,2024-01-18 11:02:41,1,0,2.059753610818235,0.3957609703623858,0.7690587191570206,0.329433026865248
11228,2024-01-18 11:05:56,0,0,0.6784642153460725,0.3419616819800453,0.13814692961166164,0.5486224648668552
95739,2024-01-18 11:10:10,0,0,1.2524493145923927,0.2158507153768483,0.2317995397043171,0.5807523427356605
67702,2024-01-18 11:14:19,0,1,2.706849640899051,0.9703824453858109,0.9716144542144405,0.49024183921091435
28897,2024-01-18 11:16:41,1,0,-0.8125883665686418,0.7924441754824686,0.34278297140005376,0.22817845854783447
90754,2024-01-18 11:20:51,1,0,2.0791237793242088,0.9365176330423342,0.1594626162250531,0.8535421782466388
70820,2024-01-18 11:28:00,1,0,0.6433885234406937,0.582874462263079,0.6903808627516772,0.30010599980050745
30700,2024-01-18 11:31:33,0,0,1.3248516585110452,0.31522457693396144,0.7018275316476424,0.8609749894558094
69966,2024-01-18 11:48:34,0,0,-0.0576547961228648,0.8828710714476015,0.644365257377964,0.2076699951146902
87145,2024-01-18 11:51:46,0,0,2.6063611506307183,0.5047211429564946,0.7114819355445314,0.4877279469916219
62723,2024-01-18 11:57:28,1,0,1.8663974003575996,0.553836672181953,0.7997732215740854,0.32104525050046817
62783,2024-01-18 12:02:38,1,1,0.9914639580568922,0.4950539638124061,0.7046347509356122,0.569018911956594
5125,2024-01-18 12:15:55,0,0,0.0935260505266183,0.30895873779750616,0.5173738763368679,0.7487636521625094
64217,2024-01-18 12:26:55,0,1,-0.3942603049004716,0.5886626313270079,0.8872349015647925,0.23922479743615
55812,2024-01-18 12:37:25,0,0,1.3610011036314402,0.8529808774333656,0.7172563209383058,0.1723720056165976
67422,2024-01-18 12:40:07,0,0,1.899825832128283,0.8053356077662523,0.025557480549322942,0.8191751031139991
36616,2024-01-18 12:51:38,0,1,2.385037937656101,0.18939940795448995,0.026675319936564246,0.9999148497107522
97939,2024-01-18 12:57:47,0,0,-0.7485180294835236,0.16436357978215677,0.9377946869066432,0.5708911611838535
87341,2024-01-18 12:59:41,0,0,1.753212064827865,0.6244433977065177,0.5970590200287561,0.8163049740773369
74566,2024-01-18 13:04:59,0,1,2.4523339506431387,0.3866484495658521,0.12118783097159558,0.5187889093860862
88308,2024-01-18 13:25:09,1,0,2.12948231294792,0.32618133325521415,0.6204944256562562,0.42210321734387213
26723,2024-01-18 13:40:38,0,1,4.0350733027310675,0.41628079836113385,0.8684580358316863,0.8716537450615968
19364,2024-01-18 13:50:59,1,0,-1.240704260997945,0.11492889625003533,0.41960787891390716,0.015430984137502768
12033,2024-01-18 13:55:43,1,0,-0.498110341648047,0.5647431403746526,0.7111678043613786,0.23743201287012017
28323,2024-01-18 14:04:58,0,1,2.131485816805452,0.5833449752783482,0.3162517621206111,0.6322279845479514
56150,2024-01-18 14:06:10,0,0,0.8952133463521893,0.5903030292874166,0.006467215097366474,0.5084020955805859
44701,2024-01-18 14:49:25,1,0,1.368010036494519,0.7085624143681121,0.7120568757474947,0.7970681438483045
59342,2024-01-18 15:16:15,1,0,-0.0506638992331489,0.8116226510659906,0.5114535669260772,0.03453821730923978
31120,2024-01-18 15:28:26,1,0,1.1547922445238383,0.24739313590468037,0.41321087321424477,0.848698191415715
92867,2024-01-18 15:41:40,0,0,1.2683589880185226,0.8091857642640051,0.9111712058084337,0.30040180750686374
20571,2024-01-18 15:45:18,1,0,1.7161957397126757,0.768090501406734,0.36041635156297147,0.955365521759247
11086,2024-01-18 15:50:45,1,1,3.564718021669904,0.3476858512077359,0.20390641643332508,0.5596380653020528
36571,2024-01-18 16:02:07,0,0,1.2873807096435506,0.48482270344194855,0.39836068982399053,0.33960312595141984
68953,2024-01-18 16:35:03,0,0,-0.4294982383634684,0.9297900003411133,0.4030911384307092,0.9334455977789614
36481,2024-01-18 16:42:34,0,0,2.600875123677092,0.145842741438588,0.3902236965196677,0.6870594344411476
3396,2024-01-18 16:59:14,0,0,1.5517282690437804,0.25459074355574585,0.8724070228737046,0.5560848374777968
69687,2024-01-18 17:08:01,1,0,0.1171344854523994,0.2498584538694587,0.3373294396421843,0.12545225662365367
87072,2024-01-18 17:08:07,0,0,0.7293262446563058,0.8330087189741574,0.1833206798517839,0.4502638388166458
46802,2024-01-18 17:26:03,0,0,1.854384660678372,0.13453056157377896,0.7028789497385413,0.65723977555322
17379,2024-01-18 18:01:29,1,0,0.888043165768353,0.03885543751767395,0.7596092726158491,0.051455192219361345
78546,2024-01-18 18:15:37,1,0,1.3011247428520245,0.6984025555241264,0.10410432318167395,0.5052781820097598
57158,2024-01-18 18:39:19,0,0,0.1932537485544077,0.1335134344200729,0.6163576744943209,0.027347128580072044
77532,2024-01-18 18:41:26,0,0,1.7928471185176795,0.49030474690078585,0.3526424496985261,0.5092567538869036
67810,2024-01-18 18:48:57,1,0,0.2188575077172212,0.5632299698724486,0.10041777960225606,0.5595898776380277
7739,2024-01-18 19:03:38,0,0,0.8120008984832006,0.07195378398914187,0.41726181327286893,0.8974578902378416
91401,2024-01-18 19:21:56,0,0,1.2471025648304206,0.04086187735481439,0.7090908660355494,0.5919158831185372
29314,2024-01-18 19:22:59,1,0,0.8789715842200243,0.7776457495531763,0.35990304848506927,0.37163525798885055
42045,2024-01-18 19:28:46,0,1,2.203388240619943,0.8371429787378039,0.8266768153614159,0.48863810812952824
31454,2024-01-18 19:53:15,0,1,1.91290582894749,0.9045385101095781,0.6055177824652175,0.525122541085578
11140,2024-01-18 19:55:22,0,0,0.0130202442039281,0.3198952851864487,0.39999779175938444,0.09074778450163357
44035,2024-01-18 20:13:12,0,0,1.250323293190463,0.14710862788237422,0.3068545931728369,0.43456208415694353
92096,2024-01-18 20:38:44,0,0,1.8132576787196393,0.14091657214097797,0.23141068862824854,0.6151983553703316
4281,2024-01-18 20:50:44,0,0,0.0108042283693212,0.27028629423282424,0.36767979244615545,0.5781779235383414
7262,2024-01-18 21:00:10,0,0,0.4391009091561737,0.27503064690004475,0.061540578226765286,0.22746068896938265
32026,2024-01-18 21:34:27,0,0,1.42218666143744,0.2167536259587105,0.9478459538955342,0.9863794599140557
42810,2024-01-18 21:34:47,0,1,2.247665901108943,0.7029307302796352,0.3887920731763632,0.14333230087745985
85730,2024-01-18 21:38:15,0,1,1.2134342248958312,0.04622355808998413,0.7469902998077371,0.07196173274023687
7348,2024-01-18 22:09:49,1,0,-0.2302601475985768,0.039614313782355026,0.8231858666281148,0.4275140237807534
86102,2024-01-18 22:10:09,1,1,1.820773374550245,0.8289768030085852,0.6416227015530348,0.4302633456310908
23024,2024-01-18 22:12:28,0,0,0.996310974351608,0.6446315470721288,0.13405447914062907,0.6685727532291823
91944,2024-01-18 22:45:20,1,0,0.7082262808469213,0.47122973394635237,0.14439937174061368,0.9562466853815051
68395,2024-01-18 22:47:42,0,0,0.9522453815114594,0.2090646785858563,0.448209430058646,0.11978794288682204
44139,2024-01-18 22:49:17,1,1,2.6374709026511214,0.23381705336531855,0.13084869732997284,0.37265370808054
10271,2024-01-18 22:58:43,1,0,0.9491533828907184,0.2973256122293114,0.24441486752399633,0.3563198695513573
25592,2024-01-18 23:01:37,1,1,2.662665970385484,0.6243829444998771,0.5864305978911832,0.8200767447619443
73735,2024-01-18 23:05:36,0,0,0.6733766664321965,0.12101386938748815,0.9243710203393922,0.7112597504072943
2145,2024-01-18 23:10:00,0,1,1.1737705336360476,0.6673697359240638,0.27590195640785453,0.04059448368794616
67917,2024-01-18 23:26:13,1,0,1.0079893089079428,0.3074527998189047,0.30019970688385533,0.519679191046491
50442,2024-01-18 23:30:05,0,0,2.784948122880138,0.1343016024904331,0.4071278186264179,0.23499609577016
98063,2024-01-19 01:54:28,1,0,1.4035880702811028,0.061416079591049555,0.7938007653657186,0.24346263983658345
90754,2024-01-19 02:24:27,1,0,1.0679699711636252,0.754813548962677,0.08258640648669713,0.9273157697235378
38068,2024-01-19 02:50:31,0,1,3.33618610001217,0.438697899832161,0.1653051033055446,0.18380348727327078
72097,2024-01-19 02:55:48,1,1,0.7555282123989246,0.6711585224602455,0.380900802342653,0.006029810867492769
37973,2024-01-19 03:01:24,0,0,1.5806226194469852,0.18497982327674334,0.7076702730017135,0.534480079977917
94060,2024-01-19 03:16:08,0,0,1.7330535930043798,0.037460590703886854,0.6979035323056936,0.2049235096074421
44210,2024-01-19 03:24:03,1,1,1.1003052135122462,0.8046963577416372,0.23992091228226742,0.6369719267616228
84517,2024-01-19 03:26:30,0,0,-1.650223547298176,0.1346605537774529,0.7542990336136454,0.41852976190405866
34608,2024-01-19 03:50:14,1,0,0.5289997387507498,0.3303775681111012,0.3235894209588478,0.1016356508422428
55359,2024-01-19 04:12:32,0,0,2.2272911466421927,0.8654761504733474,0.018556530650296832,0.24235552776369473
4281,2024-01-19 04:24:45,0,0,0.3495795473268048,0.9000745368649083,0.03357288672256742,0.8078606763615992
36571,2024-01-19 05:01:36,0,1,2.051142058552162,0.13848330909463147,0.91823563840514,0.307881232583465
56771,2024-01-19 05:13:26,0,1,2.1879735874861046,0.03159289806745824,0.0852320360844041,0.6583276124404497
67129,2024-01-19 05:16:30,1,1,2.7394126723009475,0.020755144797942715,0.4521173363012241,0.2437270499811759
26723,2024-01-19 05:32:05,0,1,1.347083855335288,0.39431187104549525,0.5230291202774249,0.8935093302131816
72097,2024-01-19 05:43:52,1,1,0.9677373294221632,0.6116033372003984,0.19957056107095594,0.24256622121517446
23343,2024-01-19 05:49:03,1,0,0.5739144297689346,0.1096928766154932,0.4008357297911114,0.2155490256015532
10271,2024-01-19 06:26:37,1,0,0.982566103050991,0.9235604371056242,0.022599085978281086,0.40004197043765866
73814,2024-01-19 06:28:39,1,0,0.9341966789278155,0.09629108261630803,0.0015912711467138685,0.8494156021199912
11318,2024-01-19 07:02:47,1,0,-0.614481254090389,0.9585861987755516,0.79028231018111,0.48218761166660373
31250,2024-01-19 08:12:24,0,0,1.0315656672899147,0.36424539332285655,0.08466426713166475,0.9284943576559712
73806,2024-01-19 08:39:17,0,0,0.5473810603460559,0.08947842589660893,0.9237348836875897,0.03682847159171765
33807,2024-01-19 08:48:36,0,0,1.7150058109935733,0.6711242848452728,0.8499879286552714,0.40855182579265237
69687,2024-01-19 09:55:47,1,0,-0.9473051656898168,0.6017389759756804,0.7704546398646926,0.9225269896028043
25592,2024-01-19 09:59:42,1,1,2.262035812074381,0.7209565402226543,0.0648292266562388,0.6328777950544031
87431,2024-01-19 10:03:56,0,0,0.4141863931641172,0.5661050690594033,0.42576472370217233,0.3163661874441549
97856,2024-01-19 10:19:17,0,0,-0.3283952054631096,0.8733135899526654,0.055047588872974784,0.7805772675910086
45505,2024-01-19 10:31:52,0,1,2.363454337839073,0.3176064765829566,0.7872680435984283,0.5570968188867331
33893,2024-01-19 10:40:02,0,1,2.9001845640199635,0.528583286700284,0.34360097234000386,0.18018029411384262
5755,2024-01-19 11:03:44,1,1,-0.4099219657998749,0.940714013183459,0.11426656672244762,0.8217130233033954
85654,2024-01-19 11:37:00,0,0,0.9285545969523946,0.24041008368567096,0.031831231370777924,0.9460727657163686
12538,2024-01-19 11:38:27,0,0,0.1499758322877045,0.5767745222016698,0.6289479334945579,0.7149921686185169
40181,2024-01-19 11:44:35,0,1,1.2464724196426222,0.46670719387890613,0.8072864347944388,0.6221849145239523
40804,2024-01-19 11:46:03,0,1,1.2344647225702872,0.26072481608348275,0.2534440593467483,0.8516145013658527
62490,2024-01-19 12:00:34,1,0,1.8461734630278623,0.5460917527296246,0.8677801902381265,0.7144452963626148
24854,2024-01-19 12:03:30,1,1,3.2479499850594316,0.016390901354811582,0.6009112945939725,0.1663687341433201
36311,2024-01-19 12:13:17,1,0,0.903786517071801,0.10561353007422991,0.6753346860244618,0.5926456369196544
13586,2024-01-19 12:18:54,1,0,-0.3059823727876074,0.7780031781643195,0.705921836759275,0.9284431002330398
29905,2024-01-19 12:35:16,0,1,1.840351692577983,0.1334590496799215,0.700684800340344,0.12568401682324548
65977,2024-01-19 12:42:22,0,0,-0.3781013415340242,0.7570035184729282,0.06294922739601916,0.6686256694874394
50394,2024-01-19 12:43:22,0,0,0.1883999488078928,0.5924698047566294,0.15696174670373064,0.30427819116054966
33807,2024-01-19 12:48:57,0,0,1.0671811096539812,0.036626804986382044,0.2145611052688854,0.9353282630707304
33123,2024-01-19 12:53:34,0,0,2.2004203999102003,0.8756718348334884,0.5541504926794071,0.23898381584842343
46747,2024-01-19 13:28:51,0,0,0.6594939049681611,0.37177765964845655,0.48662212618639455,0.6331057872477865
18120,2024-01-19 13:29:06,0,0,0.9856659954880892,0.21139142035430436,0.7975801518315802,0.15901482610189188
66056,2024-01-19 13:37:25,1,0,2.880876307007849,0.09963727887335239,0.19816034225511947,0.5015514390509167
79540,2024-01-19 14:04:42,0,0,-1.357487458987316,0.12682799878510342,0.08340549411780629,0.6794523739930115
50540,2024-01-19 14:09:35,0,0,2.2838451268293003,0.05198704838092205,0.15468996658693657,0.9597132278460729
59406,2024-01-19 14:12:21,1,0,0.7629761269602333,0.05392490154401508,0.6294660377659168,0.30062199162022196
54966,2024-01-19 14:18:53,0,0,0.1192820792885585,0.3602388654934271,0.10490941284785338,0.7708237564126883
46604,2024-01-19 14:22:45,1,1,1.7474826656970353,0.29644323323613875,0.3830418007457286,0.8220679417283708
33807,2024-01-19 14:28:23,0,0,0.1497926248609423,0.9124736051566587,0.009253262348415836,0.7473857941276363
63563,2024-01-19 14:28:33,0,1,1.6929167816654234,0.9486667798161323,0.3116245798487768,0.5819007069609796
57824,2024-01-19 14:55:12,1,1,1.1112026867690816,0.06607974875504907,0.18282601592528203,0.3193767592156541
55944,2024-01-19 15:21:37,1,1,0.5451775147422109,0.3445512306715608,0.26808756132834255,0.34148190714740856
15401,2024-01-19 16:10:11,0,1,0.9278669785731408,0.657230609681539,0.036957076499521624,0.2922069879371689
8552,2024-01-19 16:23:03,0,0,1.6539478209229403,0.9665647895792953,0.12857871609536164,0.7920350997112279
3206,2024-01-19 16:39:40,0,0,-0.3190301836685123,0.06550233771693326,0.9523587749613805,0.11752650653943275
23648,2024-01-19 16:52:56,1,0,-0.0875021197614502,0.020044249470599795,0.0342311022839189,0.7250401842120134
40311,2024-01-19 16:58:26,1,0,0.3276841336795855,0.9327845778133956,0.21277322497365603,0.3841945133456772
55944,2024-01-19 17:10:53,1,0,0.8527116864654425,0.36245478993217584,0.5203520917388601,0.45819566249850374
99346,2024-01-19 17:24:17,0,0,-0.0179887237676812,0.8678737666820318,0.09523041905508456,0.35860507712146705
77080,2024-01-19 17:47:32,1,1,2.1898433928374432,0.8097581112795424,0.13544649884216664,0.4482557586539959
35486,2024-01-19 18:07:38,1,0,0.6516156489376785,0.9577908889973646,0.6225516287970869,0.8635102440204124
40350,2024-01-19 18:08:07,1,0,0.6133163575117171,0.6571785926629355,0.29735133055452245,0.04066947688099809
2979,2024-01-19 18:21:09,1,0,0.53806481073297,0.575596125462476,0.07169914672946354,0.08338214682780842
61509,2024-01-19 18:25:59,0,0,1.0252628310983904,0.02555714750263849,0.8006812958740342,0.5120142135153912
28887,2024-01-19 18:34:55,1,0,-2.1104880651193376,0.3224257946919591,0.35170935473984277,0.4779417186690862
26623,2024-01-19 18:40:02,1,0,2.981199998686964,0.08317398249901908,0.5118115829148464,0.37810194934606867
36112,2024-01-19 18:41:04,1,0,-1.014714480933415,0.40990544542039176,0.5903008835026815,0.2865271250094925
96079,2024-01-19 18:48:09,0,0,2.1412659695103695,0.33501832927215724,0.7212941259625525,0.9651621191402002
46967,2024-01-19 18:53:57,0,0,2.97697536811318,0.7108189885169267,0.5467739865560488,0.5635649117772756
97581,2024-01-19 18:55:29,0,0,1.174819327020807,0.4235268586706422,0.059056076340721964,0.1294288061404255
74870,2024-01-19 19:18:00,0,0,-0.8898526590301186,0.6556432081925551,0.11986762882896929,0.3605615960054499
74566,2024-01-19 19:19:06,0,1,2.5484279208297993,0.05741260594993658,0.6866078513622632,0.02750251298381945
23343,2024-01-19 19:21:44,1,1,1.932019744015595,0.3994685737397168,0.6141109127021238,0.5954324615563218
86645,2024-01-19 19:32:10,0,0,0.5525363617935182,0.3670614510520911,0.15938552784138105,0.07541283247082198
1010,2024-01-19 19:46:00,0,0,-0.7256348251446327,0.4600687552439954,0.27387093538748697,0.43304459310705934
17981,2024-01-19 19:55:47,0,1,0.5518727405849524,0.9120776217078782,0.05343070791984783,0.42446345602850744
14452,2024-01-19 20:17:49,0,0,0.4315579162822527,0.8454595281675599,0.3405426728547136,0.9302201722420854
50442,2024-01-19 20:33:49,0,1,0.8436523397346671,0.8028639600308412,0.9455578207843753,0.9774817046543683
7348,2024-01-19 20:50:29,1,0,1.5426763465603288,0.8186309991755725,0.0068079383232390045,0.47548793345141693
29709,2024-01-19 20:57:01,0,0,1.2000053082182554,0.8932117128023759,0.6489354079365162,0.5578450812163062
95739,2024-01-19 21:22:16,0,0,-0.5567159521360834,0.4962286004997941,0.07610084679583984,0.5197081627527363
39496,2024-01-19 21:53:44,1,1,2.3342951284977147,0.3957884724657349,0.6523078208597576,0.05130482734877628
9561,2024-01-19 21:56:11,0,0,0.960237768571826,0.37037956927620264,0.014403420637942088,0.665610237423097
72204,2024-01-19 22:08:57,1,1,1.9293196183479289,0.76681480350865,0.04995789378452142,0.9233382474175079
15460,2024-01-19 22:16:18,0,0,0.265852253385331,0.0453494151257372,0.73253144844945,0.5688139718410419
44035,2024-01-19 22:20:53,0,0,1.3131656073323494,0.8226385004382007,0.7992227794203207,0.49064824513339034
98840,2024-01-19 22:31:07,0,0,1.0119110162486311,0.8801704999223813,0.16934359025554724,0.3242159477964047
46221,2024-01-19 22:39:58,0,0,0.3953662634575536,0.9660015376074423,0.3206782559020177,0.5840300646773595
82458,2024-01-19 22:44:51,1,0,2.4697237645085455,0.27838489980172343,0.04916738247023511,0.3032341456585457
16738,2024-01-19 22:55:54,0,0,1.5792698118988109,0.7962700322809537,0.9953245205450286,0.6528431256946293
44035,2024-01-19 22:56:37,0,0,-0.3156635552744327,0.08604634989492521,0.5419322082184824,0.009413791728471788
51987,2024-01-19 23:07:56,1,0,0.754449834799314,0.42616993631464417,0.30491921822257273,0.050102980977209555
21384,2024-01-19 23:15:31,0,0,1.7580799869400914,0.774091557913373,0.7644656181287819,0.6130258634860346
70498,2024-01-19 23:26:44,0,1,1.7062210798478703,0.8639793200001312,0.779513508317809,0.6719871920897471
64274,2024-01-19 23:30:06,1,0,1.9739963377594865,0.5279047066749575,0.699153383761365,0.8959934627639341
57623,2024-01-19 23:33:51,0,0,1.3502124978585262,0.3113418104526675,0.5267528605283058,0.8566478858655695
38068,2024-01-20 00:17:04,0,1,3.997296530747994,0.1191692340497561,0.17197399935704227,0.22886849966710388
9136,2024-01-20 00:21:29,0,0,2.2117489071961565,0.0677992998273762,0.4443162556237039,0.936479045464073
72323,2024-01-20 00:27:25,0,1,0.965691948325601,0.14971279610960353,0.9812279501789478,0.8866388291592371
81447,2024-01-20 00:38:46,1,0,0.9567901731039852,0.7196271324773555,0.5683593687883766,0.09142048926866897
54835,2024-01-20 01:06:20,0,0,0.9051553930714978,0.5957599614539689,0.37726302153223623,0.3798644065375729
99219,2024-01-20 01:15:26,1,1,0.823385280570698,0.9148087568441202,0.08113977435146291,0.6910181566786875
16445,2024-01-20 01:34:59,1,1,2.538034439928251,0.4664855635463766,0.2555481193541669,0.7976128325020532
15961,2024-01-20 02:04:27,1,0,-0.1021370292635241,0.5077071638709842,0.5599034310236876,0.3493225208977555
20495,2024-01-20 02:05:16,0,0,1.9369689955892015,0.5217553302555952,0.7468776397235057,0.6136027425731689
65591,2024-01-20 02:55:33,0,0,-0.0883077930546925,0.19637952919026014,0.13862696308101286,0.03383534080896289
95631,2024-01-20 02:58:33,0,0,0.1664041169301036,0.16094203483464764,0.40744536426797606,0.20040516606886838
91071,2024-01-20 03:19:44,0,0,2.255158416704723,0.7577610790345889,0.7403867717362721,0.5766040870637792
40780,2024-01-20 03:33:29,1,0,1.2720011068831885,0.5493626403718792,0.6924351103006611,0.41397657297090606
12525,2024-01-20 03:56:05,0,0,-0.5360849590447241,0.8389197922746229,0.04399065444269612,0.03893997278843686
29999,2024-01-20 04:26:32,0,0,2.179337809719206,0.7597385397717876,0.372055787137208,0.11729805137015326
34671,2024-01-20 04:29:40,0,1,3.274447216941239,0.019160236112876428,0.3635663393060745,0.5384298672149301
72028,2024-01-20 04:29:44,1,0,0.7653231840777391,0.6085101687243347,0.18934396261226605,0.560943310627879
41649,2024-01-20 05:30:20,1,0,1.9023674171353204,0.8987076492734177,0.7938914260414341,0.7339919596069273
34671,2024-01-20 06:06:34,0,0,1.5593700673073585,0.6294660350263497,0.17487033739951652,0.13784040076964077
29709,2024-01-20 06:46:30,0,0,1.1874676721725277,0.7288743808174215,0.33960821040955524,0.07761710475748418
99792,2024-01-20 07:00:57,0,0,-0.4672419934867666,0.9330639771475443,0.01194713394720126,0.6980983735582728
58194,2024-01-20 07:16:32,0,1,3.821298850813109,0.9905420321928596,0.6632928945297807,0.7251162183629521
79469,2024-01-20 07:37:22,1,0,1.5229953282473283,0.30301636231078466,0.14621421431340031,0.8619181235521947
940,2024-01-20 07:42:58,0,0,-0.0411231359487909,0.5954289755027499,0.16926322568839003,0.6700309548679863
88610,2024-01-20 07:43:36,1,0,3.1062402977033328,0.05996820012202164,0.5329514271074488,0.7303898160436686
29815,2024-01-20 08:06:18,1,0,1.6306123624833329,0.48976382229826376,0.9340746836645533,0.8023600372308918
82057,2024-01-20 08:32:30,0,0,0.371680014611587,0.9402144477262189,0.11941842756103893,0.7522275229622886
60382,2024-01-20 09:23:35,0,0,2.196816709096124,0.29892795825553753,0.5044188036360501,0.8713932047772269
83485,2024-01-20 09:29:51,0,0,0.651227318798698,0.6571732117824568,0.9672469076097185,0.15471739513035854
36484,2024-01-20 09:33:43,1,0,-0.1875265759871733,0.5241862133365913,0.320496613743132,0.651044767932303
40943,2024-01-20 09:34:31,1,0,-0.1391560755342806,0.6934391210857414,0.39446019963026824,0.7775596943596204
53854,2024-01-20 09:42:33,0,0,0.7216335596989016,0.3860839699409597,0.9690675932989729,0.06113578287133392
94926,2024-01-20 09:56:38,1,0,-0.5959571596062172,0.550279756412181,0.16517679122511142,0.3820191492284535
31712,2024-01-20 10:05:27,0,1,1.479411587144589,0.3465031670623696,0.02566377473713244,0.5845856755397547
98840,2024-01-20 10:10:17,0,0,0.7988102365052497,0.6704131367608256,0.2608293261565957,0.6478123624916214
49049,2024-01-20 11:48:05,1,0,1.5083753250179477,0.7250972727051151,0.5191263338259563,0.8365637623926063
86102,2024-01-20 11:52:06,1,0,1.500464524985118,0.14063377808289312,0.15503320709452095,0.00847482775931696
57343,2024-01-20 11:57:34,0,0,1.5783981980168391,0.48519411571755566,0.9093052569121663,0.3539327990000297
4565,2024-01-20 12:01:21,0,0,-0.0027785562791144,0.9754383445536153,0.4910925910424515,0.8034663606605746
1565,2024-01-20 12:02:38,0,1,2.2354483683099304,0.8101891130271417,0.09247812445779091,0.6609857562177966
34671,2024-01-20 12:24:01,0,1,1.3633847168977642,0.5221988630371696,0.3177555554021727,0.7253494613224846
34157,2024-01-20 12:26:06,0,0,0.6786574699627541,0.5677118042234026,0.6224984984447378,0.5907555828278511
79850,2024-01-20 12:27:33,0,1,0.3144026826151918,0.43184882139387526,0.4413043910685319,0.44699766584606815
35616,2024-01-20 12:58:33,0,0,1.868176779726668,0.24508894221295985,0.9778271211208965,0.7421093796342786
51987,2024-01-20 13:13:39,1,0,1.666287282513144,0.3468467246654605,0.02451051352933542,0.6026279190823675
58702,2024-01-20 13:27:57,1,0,3.037127896959813,0.20383498435920688,0.2513992987233191,0.6334323420538454
83,2024-01-20 13:42:56,1,0,1.6146440480818225,0.9831533002975366,0.9934450959997854,0.4204938477465259
56763,2024-01-20 14:22:05,1,0,1.5952860603380394,0.4902694962881843,0.3644880902239023,0.48632312479351736
30901,2024-01-20 14:38:03,1,0,0.1296263257089186,0.16142677659883498,0.1552146666895553,0.41069370499150726
58194,2024-01-20 14:54:02,0,1,2.51541040290081,0.2930809049586327,0.6708214212305253,0.5496896907547861
53465,2024-01-20 15:04:13,0,0,0.3562525747337496,0.6414621038693132,0.34140636566323823,0.5559188385159219
66004,2024-01-20 15:26:35,0,0,0.1005597604309125,0.8994042416793806,0.6214167154372119,0.09828103328737203
84524,2024-01-20 15:29:57,1,0,-0.3517959260633096,0.7208841203144181,0.5829528941841091,0.4613729470861666
85764,2024-01-20 15:39:46,0,1,2.812601287753645,0.7834263478980229,0.13621840087000903,0.7036664592313888
49056,2024-01-20 15:43:14,0,0,2.240596546193072,0.6524831209425518,0.472402811275465,0.25461210671416246
97081,2024-01-20 15:43:45,1,0,2.5927284560195685,0.5693411860625762,0.8679842128928679,0.9178088469225673
84683,2024-01-20 15:53:25,0,0,1.3569088492157046,0.26320804693734157,0.5306599806628377,0.6870568341381611
24818,2024-01-20 16:16:37,1,1,0.3482408518207327,0.1463324733804573,0.04911338774371832,0.2952487099827795
36519,2024-01-20 16:30:46,0,1,0.2250379403578717,0.3309603996210031,0.44221827911293465,0.772944488987171
35616,2024-01-20 16:34:00,0,0,1.086510790787295,0.13810445140018868,0.7872726919943365,0.33108860661869
96480,2024-01-20 16:48:48,0,0,1.1829287535389577,0.28393022865191975,0.8307143736595072,0.5557569266852727
58690,2024-01-20 16:59:35,1,1,1.1625365959148073,0.4180141827567184,0.6666107944806339,0.7097104228632324
9364,2024-01-20 17:00:32,1,1,1.4224611126443496,0.7307181342527092,0.16090982041375224,0.008110050152459025
30876,2024-01-20 17:17:01,0,1,0.7776256874600969,0.05234892461076679,0.3105508553767593,0.1303035653770227
79748,2024-01-20 17:17:10,0,0,0.4709615024323604,0.5340286422481616,0.0975669154364609,0.8274222890087392
19445,2024-01-20 17:30:08,1,1,2.541131610804531,0.5751766130581369,0.8509347268834101,0.9421447768914599
24854,2024-01-20 17:33:37,1,0,1.070589575417338,0.7914547103796271,0.24607861887974092,0.8837039067041237
92867,2024-01-20 17:37:37,0,0,0.4870052508032565,0.05244681835249321,0.6889944506021185,0.9809127764594261
49049,2024-01-20 17:38:26,1,0,0.9097102538931858,0.40503872939860985,0.5816139458572849,0.5519277460938681
58702,2024-01-20 17:39:00,1,0,0.2245928759896464,0.20498589763939024,0.5487281726090936,0.5841702222719223
53473,2024-01-20 17:39:02,1,0,1.785060918249986,0.19620446007367454,0.7366501840644492,0.17303491195424803
43008,2024-01-20 18:09:02,0,1,2.249036122306942,0.5711883415713606,0.07787320759850691,0.3291850748974211
33038,2024-01-20 18:51:43,1,0,0.8281412010130025,0.7811852857150827,0.6869306324836434,0.8858203642378579
52501,2024-01-20 18:58:17,0,0,0.6674033392284873,0.04883188474739475,0.1871283290090554,0.06483631919817556
40350,2024-01-20 19:00:44,1,0,1.024549832403988,0.27345421953163107,0.4446207080758162,0.1816115374176296
96612,2024-01-20 19:09:15,0,0,-0.7620002370036125,0.9407862994046989,0.9150956813589204,0.8664307130650837
59152,2024-01-20 19:14:02,0,0,0.7767102779460155,0.5312872015571326,0.39566308883874124,0.6235491639069974
17289,2024-01-20 19:23:00,0,1,1.5763933935391616,0.696167858841103,0.11822953835737471,0.8216647960299417
9561,2024-01-20 19:42:01,0,0,0.5543204439467901,0.21319505278071393,0.6704116241419101,0.9388714542687625
87977,2024-01-20 19:56:33,0,1,1.3724124635630803,0.9583690766491643,0.8637529420789027,0.4471707169217193
36835,2024-01-20 19:57:22,0,0,1.3081750887250825,0.9644943952279007,0.6643452832790904,0.1523211741518551
64274,2024-01-20 20:09:29,1,0,3.153467927170878,0.3497434959972344,0.22827189554023375,0.9780786080179813
17981,2024-01-20 20:32:25,0,0,0.4586856445643513,0.6964829421663377,0.7064123004768093,0.6096659634247104
78264,2024-01-20 20:41:45,1,0,0.2624431359320558,0.8595601528081693,0.4633380303781537,0.7035529153134066
70490,2024-01-20 20:42:00,0,0,1.4413586925299495,0.303297254593049,0.6989348579824677,0.34755837994091654
1010,2024-01-20 20:50:28,0,0,0.0379228699284002,0.9456396671342221,0.623121430554557,0.480098827449165
15460,2024-01-20 21:00:11,0,0,1.095695377596256,0.0854922265046878,0.38685006354545504,0.8861547937278844
43310,2024-01-20 21:07:52,0,1,2.762926482336937,0.10017834750173105,0.13246953414810125,0.8289910434648633
87558,2024-01-20 21:09:11,1,0,0.5556905478043165,0.19988895357588576,0.7097449369544994,0.010354207989860309
37428,2024-01-20 21:24:19,1,0,1.180335340663914,0.2270602267404146,0.03625241340038288,0.8449387259529096
95356,2024-01-20 21:31:32,0,1,2.241659719820838,0.9369945335534339,0.6691541617123431,0.6464560470025509
18593,2024-01-20 21:42:16,0,1,2.4480993639362034,0.3538020819132389,0.7013907375756615,0.4688913686770322
9922,2024-01-20 22:12:36,0,1,2.714396482630659,0.21721096779510374,0.3018017602419496,0.7524331497568495
75970,2024-01-20 22:28:37,1,0,-0.0989245655905424,0.28863416820332954,0.5565992634777599,0.7531437054098988
98424,2024-01-20 22:42:03,0,0,-0.4658914950335382,0.9098150480223285,0.19343728145317107,0.9953954355048699
32555,2024-01-20 22:52:30,0,0,1.2260595891020252,0.1310766047734946,0.3461446314370351,0.5799027246205158
2979,2024-01-20 22:57:08,1,1,0.718930793154168,0.466489666667405,0.7360606212181664,0.2846541735337812
59508,2024-01-20 23:02:20,1,0,-0.1990103925150117,0.48236399091433946,0.8321351844717462,0.4751513846613087
41649,2024-01-20 23:16:41,1,1,3.6111161484996206,0.4740397306201162,0.27106441474691745,0.10219948692793934
964,2024-01-20 23:23:56,1,0,1.0257701936949912,0.8988292337506656,0.46393257086521666,0.2071460000754639
45018,2024-01-20 23:41:26,1,0,-1.0822412436298745,0.6726417805073605,0.7876756497070737,0.6232834674284732
196,2024-01-20 23:43:05,0,0,0.1451650830672166,0.9908248176533563,0.22690992850269653,0.4286146004800496
42810,2024-01-21 00:14:32,0,0,2.3850596270486406,0.5200239401085441,0.19565531111229706,0.124224604984424
66288,2024-01-21 00:15:14,0,1,1.4665476528352754,0.7911501432702842,0.4797000543143539,0.8577883018673267
56258,2024-01-21 00:31:26,0,0,1.2545541255127244,0.3551716683000843,0.9030731656568095,0.08835764435406979
64183,2024-01-21 00:40:08,0,1,1.193401095692627,0.1004707968018208,0.21016905851455736,0.11953631465072145
60116,2024-01-21 01:34:14,0,0,0.6141612253883784,0.09120577002468255,0.6389695222489586,0.723833335598492
31688,2024-01-21 01:46:45,1,1,1.7137770501593308,0.05864459804767985,0.8531303765704316,0.19347546357871692
67030,2024-01-21 02:16:29,0,1,3.6109369950118944,0.4805238017842942,0.13789030323288887,0.7742549726372394
40698,2024-01-21 05:51:59,0,0,-1.1250101249030164,0.9080843574110762,0.00418522977702529,0.8663634682751269
16269,2024-01-21 07:24:43,0,0,1.9727923614357403,0.12372175468132562,0.9537150430975715,0.17649973190837143
26834,2024-01-21 07:56:39,0,0,1.827938267447207,0.07550888520320043,0.6922396413198787,0.926592078931513
30876,2024-01-21 08:04:41,0,1,1.386023198607103,0.5857778867893975,0.26483569400258533,0.7720599186389899
52055,2024-01-21 08:10:23,1,0,1.6836287294797212,0.8597438705874023,0.53837202351958,0.06597219917274166
68778,2024-01-21 08:20:27,0,0,2.123102110260895,0.7150251573978498,0.5765247673443414,0.7369518769562688
46747,2024-01-21 08:48:56,0,0,-0.8219582295680803,0.04817110669162605,0.11420651380159941,0.8393909205117802
74070,2024-01-21 08:49:41,0,1,3.362642639803341,0.20176469047242118,0.0473905417749656,0.7071044310014623
99638,2024-01-21 09:16:11,1,0,-0.6710590848384548,0.9823041652395013,0.2122623874107037,0.13689915471240832
25427,2024-01-21 09:23:46,0,0,1.256783781513857,0.5383552523758875,0.7825638566627936,0.9830295115856191
26623,2024-01-21 09:35:53,1,0,3.0650242577008555,0.2994342640182829,0.6869190336266515,0.9855420485501442
87558,2024-01-21 09:40:30,1,1,0.0631619593798147,0.7363389199542342,0.4573787231842372,0.6726281137467615
97418,2024-01-21 09:47:27,0,1,4.549327952607003,0.018475428313013187,0.660623029258227,0.7228762688083866
63528,2024-01-21 10:14:57,0,0,-0.4151667734825137,0.981123675359787,0.30117690469990466,0.4210271393296138
69134,2024-01-21 10:30:37,0,0,2.889379546017354,0.7412963819912686,0.4222960682326683,0.32080869388054456
74870,2024-01-21 10:31:57,0,1,2.7138201364823997,0.061221249607369854,0.3379682610053494,0.4858512013873779
26911,2024-01-21 10:54:09,1,0,0.0464291853059731,0.34251642680090766,0.6883055928537477,0.08271628528117103
34837,2024-01-21 10:55:27,0,1,1.594730734550668,0.9691382063356078,0.207426062174763,0.9812394875323196
92559,2024-01-21 11:02:28,0,0,1.608890516577031,0.24969317638570576,0.9511768217742592,0.9754603539561815
35891,2024-01-21 11:02:45,0,1,1.662674837931494,0.740470620290882,0.7555122306004867,0.685975711624822
10213,2024-01-21 11:18:20,0,1,2.17196033243706,0.10306139236671275,0.779845841544468,0.08996914601202222
97946,2024-01-21 11:19:03,1,0,0.0886885112663281,0.24535117717164656,0.22971572693270725,0.908457178692002
196,2024-01-21 11:27:41,0,0,1.1871419867702158,0.6317281064499668,0.6764869100086337,0.9531280314327275
20571,2024-01-21 11:42:57,1,0,0.5118912246613982,0.14469280556416042,0.7965431272024207,0.2584966932510382
99888,2024-01-21 11:54:00,1,0,0.8387705688191984,0.5860594886918996,0.5590157457180811,0.08916862437617856
57158,2024-01-21 12:00:00,0,0,1.2812064559229048,0.780117023386414,0.20365518483136869,0.3718763190340352
75417,2024-01-21 12:07:21,0,1,2.5795611424764773,0.9951963130927806,0.7844141608638014,0.3409884343645282
12498,2024-01-21 12:10:36,0,1,0.5055943801806935,0.8372585083875197,0.8295359200002149,0.8719280266996291
59342,2024-01-21 12:16:24,1,0,1.1258360552208329,0.9092216192541553,0.8839426027621992,0.756457403830799
36101,2024-01-21 12:20:14,0,0,0.6625235968733837,0.16685270385408757,0.17678241150559193,0.9741961661179718
23343,2024-01-21 12:21:05,1,1,1.5883616777837908,0.27077233019985214,0.687727438063136,0.7882442507058218
10169,2024-01-21 13:57:31,0,0,2.731428751032343,0.8869920891429358,0.8100165949755356,0.4238584488681163
95631,2024-01-21 14:23:45,0,1,2.446322147543063,0.3089495667573151,0.004117418435678921,0.2228733835198189
74070,2024-01-21 14:31:04,0,0,0.9747057344350476,0.01636008705889802,0.2678765175397885,0.1911042563672508
29815,2024-01-21 14:35:03,1,1,0.7173653497394783,0.5152753101071677,0.3815906512538295,0.30594345712005544
92410,2024-01-21 14:40:34,1,1,0.5762655646009398,0.2867553514252116,0.23152394410292298,0.5279485898078166
11840,2024-01-21 14:41:14,1,0,-0.3150546090375794,0.5901045622666322,0.47075226661828695,0.04949991135947629
13858,2024-01-21 14:46:06,1,0,2.0566098490416067,0.6282469879958441,0.046427342627170964,0.04974768132406926
3193,2024-01-21 15:03:37,0,0,2.122559870149349,0.20348601147333745,0.5231073184042027,0.8231162973299431
16445,2024-01-21 15:07:30,1,0,1.3544789549954568,0.740792487440507,0.275320856972472,0.5476058832352213
46967,2024-01-21 15:08:48,0,1,0.8866119580781517,0.05351123384407297,0.04172285825850053,0.05377001149912297
64339,2024-01-21 15:34:42,0,1,2.2352761115882633,0.9706171996867667,0.3663031085680225,0.04790153501700889
42405,2024-01-21 15:51:54,0,0,0.9486571416550306,0.7685248938100017,0.1485480130459471,0.15091914389014482
33111,2024-01-21 16:08:16,1,0,1.339592623255184,0.3140839382551315,0.784783482353773,0.2543467856353727
75970,2024-01-21 16:23:34,1,0,0.4783796626418405,0.13289771462006328,0.266643749621693,0.26455652859078005
6063,2024-01-21 16:43:53,0,0,1.322909230404723,0.638978357509619,0.8135496561690972,0.2663106429810115
85420,2024-01-21 16:52:04,0,0,0.7355812872752964,0.949042159832802,0.33422957835673206,0.6434895158686074
4780,2024-01-21 17:01:11,0,0,0.9225611323677978,0.46912939506651385,0.7618387527881574,0.6839934133391359
55944,2024-01-21 17:05:08,1,0,0.3503943673983356,0.9028124803408576,0.9994612417267394,0.6532006106408447
68395,2024-01-21 17:14:51,0,0,0.2430901272349351,0.3548420361792475,0.023432441247441593,0.40411059102954916
23184,2024-01-21 17:21:05,1,1,4.052684981945891,0.7427670661562815,0.7983414260054941,0.11424850661417585
79540,2024-01-21 17:36:59,0,0,1.6996732753528625,0.7438311157470481,0.4739561749599559,0.7293399161551944
73047,2024-01-21 17:53:32,0,1,2.699196731694888,0.5546924264711751,0.6345608168463325,0.20942327882748124
88308,2024-01-21 17:54:54,1,0,2.1299703941075565,0.19423047979589836,0.9663355768660177,0.42240632020283975
24981,2024-01-21 18:00:34,1,1,2.524507375286086,0.7716948873724525,0.5695947270367898,0.7173167866381512
56607,2024-01-21 18:08:29,0,1,1.3803340658713863,0.24873618399431596,0.9597263916385694,0.5646308796778402
29815,2024-01-21 18:22:37,1,1,1.810076158977743,0.9423012041700777,0.22539564069825924,0.46271209378733724
20189,2024-01-21 18:34:27,1,0,2.495706721180029,0.979187993220811,0.10672185775961907,0.45019505130867676
6063,2024-01-21 18:37:26,0,1,2.4711362933999292,0.6740964319324609,0.7335230718156632,0.3054788995481318
15961,2024-01-21 18:46:10,1,0,1.1023103338088602,0.5980792474579723,0.9576515870711174,0.2879594044661281
31734,2024-01-21 18:49:31,1,0,-0.7290711467422513,0.2293441618808355,0.11085797947744447,0.7176095926071294
12102,2024-01-21 19:09:52,0,0,1.626576389791004,0.5202004446963289,0.753713122519435,0.7647792426992761
79469,2024-01-21 19:37:23,1,1,2.0321076739709345,0.1448405539165185,0.15442926757871034,0.11260166434753682
57221,2024-01-21 19:43:18,1,0,1.844201190692885,0.9030674404794127,0.6059089166743439,0.00893931247698454
50821,2024-01-21 19:46:03,0,0,1.0800826246230857,0.9284762869963258,0.10388145853822406,0.6384443471193102
77509,2024-01-21 19:53:09,0,0,0.5905344474876325,0.1189383063208358,0.38311088916253444,0.4016449235866658
86021,2024-01-21 20:30:30,1,0,0.331729994694702,0.2763954034332917,0.2249437632125516,0.6408648982802436
36657,2024-01-21 20:32:59,0,0,1.3706081088242867,0.22797723666280933,0.24920897388936003,0.10813372852887893
18045,2024-01-21 20:46:21,1,1,1.5593475784302575,0.6345017917533472,0.946318965697003,0.5981854926119682
26969,2024-01-21 20:59:52,0,0,2.195984178381769,0.7106815545610976,0.5078121626216766,0.9286383535801985
63707,2024-01-21 21:08:27,0,0,0.33665055833554,0.1341994595917123,0.38925079544626684,0.15429537787393632
97848,2024-01-21 21:12:24,0,1,2.241644521676751,0.8277028591709465,0.6720913809846606,0.5754802383946315
34180,2024-01-21 21:21:13,0,1,-0.4127803309294902,0.1389316599918683,0.210347091073256,0.5309600858726138
99346,2024-01-21 21:30:14,0,0,0.1701816177924707,0.23264872996150376,0.6764230901509887,0.41152686864138555
81006,2024-01-21 21:35:15,1,0,0.0959108338509197,0.9220804456777191,0.17708571102920656,0.5248387774293674
65963,2024-01-21 21:52:05,0,0,0.6674368185216399,0.9357679078708724,0.1925240897920043,0.7842279911803873
73806,2024-01-21 21:54:23,0,1,3.451178849021064,0.9865215868409114,0.048624586097746336,0.7689852923460334
68024,2024-01-21 22:02:49,1,1,0.9594139474875668,0.7162579966767576,0.2514340032425756,0.382147793841778
74870,2024-01-21 23:35:43,0,1,1.6895160238040563,0.2050057907298457,0.8054442090288794,0.6360984980257928
75970,2024-01-21 23:48:48,1,0,-0.1092371336030073,0.3088302539936625,0.020666885389723055,0.7889484998280313
4968,2024-01-21 23:56:20,0,1,2.268913447678601,0.878574429841351,0.5479956860775235,0.4939420126745271
87218,2024-01-21 23:59:41,0,0,1.536301432208273,0.920814142475727,0.6367320422720717,0.6109805905822507
81272,2024-01-22 00:48:57,0,0,1.4284829286558338,0.42329353928643987,0.7399110185551065,0.09341993598554232
93759,2024-01-22 01:14:32,0,1,1.286125175963516,0.393553622148347,0.9161328147410891,0.7377042124445125
54549,2024-01-22 02:38:17,1,0,0.4361253234475415,0.7713726531744078,0.6622415372649567,0.07795899764905811
46767,2024-01-22 02:54:46,0,0,1.5865823373334818,0.7116517989317547,0.5569275463177858,0.44553630230138774
97418,2024-01-22 03:03:25,0,1,1.0975769052074873,0.9353183707708876,0.6942104068793197,0.6712256640789321
35486,2024-01-22 03:32:06,1,1,1.982437173522554,0.16707561602780785,0.35799117641559197,0.24149485533748916
39588,2024-01-22 03:42:24,0,0,0.5807593433267291,0.6436745672598582,0.5392188548898286,0.5302982556436124
42321,2024-01-22 03:53:43,1,0,1.2346461877047592,0.9107297076038663,0.9624565059548118,0.05183790782038744
96480,2024-01-22 04:01:01,0,0,1.4246844532057543,0.9839515976152199,0.23724607326585057,0.2902702812132827
97856,2024-01-22 04:25:23,0,1,2.3194002637912288,0.47039620209079214,0.5782159835324655,0.21675182714441144
41040,2024-01-22 04:26:42,1,0,1.8272526511405025,0.6317777800032072,0.2781199267012383,0.6134168201735399
72504,2024-01-22 04:30:31,1,0,1.1958183878814612,0.3651669743703009,0.028736905113131872,0.3750249943701983
80956,2024-01-22 04:48:39,0,0,-0.4387751272401994,0.7323795653571926,0.3619558360359326,0.4987842925323176
36198,2024-01-22 04:49:10,1,0,-0.590649698269418,0.6660029919837251,0.7619968855590672,0.8882695447892909
35314,2024-01-22 05:25:27,0,1,3.8478250129560454,0.6410721380270672,0.5611922799749053,0.06491486875692931
60574,2024-01-22 06:33:54,0,0,0.5993710802299888,0.2774852163810524,0.22778918503710432,0.7190676999456823
34431,2024-01-22 07:45:37,0,1,0.3080373508302367,0.923143761623091,0.5656445675425227,0.09693985373161296
2954,2024-01-22 08:11:23,0,0,0.8218965331803667,0.8993327255323499,0.5160408097280345,0.7042749283593399
90663,2024-01-22 08:20:11,0,1,2.8358078963143374,0.6496722613465419,0.658108653547543,0.6590647240091353
57623,2024-01-22 08:29:33,0,0,-1.6241667775014168,0.9613405102239927,0.33213624871246883,0.5027858535619069
513,2024-01-22 08:39:32,1,0,-0.411537254576185,0.09893987485843514,0.601210870584944,0.2541500952071888
10213,2024-01-22 08:47:09,0,1,2.27236975527424,0.05099294965311674,0.9158979030024884,0.8619438644279138
55064,2024-01-22 08:58:20,1,1,1.918412230314879,0.04315585574292202,0.6037497729210086,0.3663375378949636
25406,2024-01-22 09:05:29,1,0,1.9890646213755392,0.8697924709013558,0.04285610354682101,0.6334617181012226
40289,2024-01-22 09:12:43,1,0,2.093534588216267,0.27918445031165473,0.7787875691835052,0.23625631967658667
86102,2024-01-22 09:27:28,1,1,2.615256766968561,0.9323670149810657,0.7089478411637091,0.12688945024997322
43008,2024-01-22 09:46:34,0,0,-1.7388114369433336,0.911888045445811,0.034678263426280664,0.6953092454681032
65331,2024-01-22 09:47:18,1,0,0.5054231178383926,0.9836166339761482,0.5366409576021592,0.9156131378446407
67655,2024-01-22 09:55:55,0,0,-0.7115393751832233,0.9538292411339797,0.663916511148743,0.2595118524357799
36519,2024-01-22 10:23:31,0,0,-0.6514018324229363,0.5812714993249487,0.16006092405960248,0.9873265946093361
41120,2024-01-22 10:26:36,1,1,2.3877031412620147,0.6730920120510054,0.08389536132138475,0.6697712990792328
54643,2024-01-22 10:57:39,0,0,2.0138968341027557,0.26791793650885487,0.17532588708493357,0.14763774974982202
36101,2024-01-22 11:14:44,0,0,-0.6515259952393577,0.41192802803094386,0.33038249983649726,0.10210878211574592
17289,2024-01-22 11:23:12,0,1,1.6576590613361175,0.08460021452511068,0.07776679188773794,0.05424445996506
68340,2024-01-22 11:32:26,1,0,0.6567442381631339,0.6962079997077005,0.2561224736730595,0.5898640941742076
63528,2024-01-22 11:37:46,0,0,0.5536348449715648,0.8173300043655326,0.006556509870454974,0.9085767963662048
73047,2024-01-22 11:41:12,0,0,-0.5603674739430955,0.12378450479000858,0.6609273672712204,0.15180881501232613
1057,2024-01-22 11:42:40,1,1,1.1309527521352176,0.5183860683226341,0.5847022485311113,0.11331209120467034
14295,2024-01-22 11:45:04,0,0,1.713047565204533,0.8224322682408101,0.31048026703164666,0.903125002965001
57623,2024-01-22 11:47:12,0,1,2.164390702977302,0.5939100421842421,0.9898025828430878,0.4859253862209495
20189,2024-01-22 12:25:34,1,0,2.9005402554341098,0.18853797706711983,0.11092380704812177,0.15176596902736583
85730,2024-01-22 12:37:45,0,1,1.6762082957133992,0.8773595482565508,0.7448227114892848,0.3376196247015467
83157,2024-01-22 12:47:54,0,1,0.8962593022179928,0.065723711282339,0.12246539202031947,0.4261370220983792
35502,2024-01-22 12:55:58,1,0,1.7809315781091883,0.046282599478915665,0.05501479877413795,0.600200970692525
86297,2024-01-22 13:22:44,0,1,0.2943477839844828,0.4294121939171788,0.6193586155945531,0.9749263344806014
92604,2024-01-22 13:23:59,1,0,-0.1905723361133102,0.26160216806630077,0.6809745853493432,0.3064452812337505
33608,2024-01-22 13:26:01,0,1,0.6831697889417585,0.0259349451470664,0.09443231228828686,0.4117556654725153
940,2024-01-22 13:26:34,0,0,0.7005141092083851,0.7298069187491828,0.650792037599923,0.7448224545097298
78591,2024-01-22 13:26:34,0,0,0.3798015454460841,0.702241360780003,0.8964612208961799,0.8603926127039425
3193,2024-01-22 13:50:19,0,0,2.2520435636986624,0.2528493063960511,0.1898175753375071,0.8582704216311342
69448,2024-01-22 13:55:42,0,1,1.6095360505371898,0.34906869998669265,0.356787562868228,0.8953888734108403
49155,2024-01-22 14:07:03,1,1,2.420188598724937,0.43614623370296834,0.22903397994986452,0.21498745497542693
68340,2024-01-22 14:22:14,1,1,2.5872591668027924,0.862225592634354,0.566931151258204,0.7594170808038138
99795,2024-01-22 14:28:46,0,1,1.825827266195042,0.10634349389034536,0.3649692947262373,0.5883100558234732
26938,2024-01-22 14:43:51,0,1,2.4820668355255253,0.43404178267395555,0.18746130746284728,0.9246403752638666
33111,2024-01-22 14:57:48,1,0,0.9472786239958626,0.45350718832694303,0.6181657667894824,0.18972817700547606
28897,2024-01-22 15:00:32,1,0,2.1267648082610355,0.29492669625376433,0.39384534526120285,0.5735222653976288
236,2024-01-22 15:02:22,0,1,2.1773961146369403,0.2284478613187355,0.6883653463850296,0.1492366990397892
8969,2024-01-22 15:04:20,1,0,1.5616618078027351,0.0465741819473483,0.20627218974836825,0.9368109283727544
63175,2024-01-22 15:13:12,0,0,-0.8863049279833795,0.7105367282388138,0.5469328555000448,0.062448753006177804
63528,2024-01-22 15:26:33,0,0,-0.2709528374055592,0.7436351184235398,0.8174422745648803,0.7333125318058137
5964,2024-01-22 15:40:16,1,0,1.7806810899257774,0.45529444160187804,0.12822004454016522,0.21042806269774728
31688,2024-01-22 15:45:03,1,0,0.3227020579329684,0.10850276674529435,0.400436644733868,0.22170979698936155
57188,2024-01-22 16:01:15,0,1,-0.5647443418205671,0.6030914725775774,0.35469115301314447,0.17360693705450703
57188,2024-01-22 16:38:16,0,0,2.077478542719683,0.8667766897189983,0.6427889067261424,0.4708350941926257
54549,2024-01-22 16:38:27,1,0,0.4895591510927204,0.021356071753986572,0.9332095668932465,0.8435674296374445
38024,2024-01-22 16:41:14,0,0,-0.4135085982481852,0.6023982624854913,0.2528086445502703,0.47940679231643557
57094,2024-01-22 16:48:15,0,0,1.005531138629271,0.5482752242942526,0.35735875894261093,0.183693114376826
86151,2024-01-22 16:59:47,1,0,1.3899599441977477,0.11625937460493607,0.7180980077182378,0.054175418061035985
84565,2024-01-22 17:25:08,1,0,0.9341712113260772,0.40753901739045184,0.9509615455961677,0.6136662381021396
94980,2024-01-22 17:28:54,0,1,2.784844036608135,0.7188221208352846,0.1338185712622212,0.8640557730430063
68578,2024-01-22 17:54:11,0,0,0.2232488463936791,0.5926504203706847,0.27183168422410664,0.6856207327024455
95356,2024-01-22 17:55:44,0,1,1.8579967855924784,0.959030468051167,0.7298747768420034,0.30862097368996233
58372,2024-01-22 18:10:41,0,0,0.3033400874945534,0.6268481616581995,0.5367153155475558,0.3080060858623932
86151,2024-01-22 18:14:10,1,1,4.382602282684074,0.4676169310105921,0.2385573202543,0.23751360457304938
31647,2024-01-22 18:37:49,0,0,0.5736984119861985,0.8064473682170427,0.9973742442432745,0.8257881279966677
16727,2024-01-22 18:53:18,1,0,2.161866360863548,0.7489674856414301,0.3996054376331212,0.34622759464758923
54764,2024-01-22 19:40:57,0,0,1.419497272309715,0.2458189040060611,0.5308281199175479,0.03007664267870125
42321,2024-01-22 19:56:13,1,0,1.820599294997656,0.202331741733214,0.48302298003648536,0.6960433957747267
1565,2024-01-22 19:56:47,0,0,-0.1241405181643606,0.39673100893195157,0.193607463793236,0.06968891477521055
26723,2024-01-22 20:09:47,0,1,3.66788761111952,0.5438162510390868,0.8458123532596002,0.2212627576547721
64289,2024-01-22 20:10:51,0,0,1.351570782962459,0.5535493342078377,0.48100201908881035,0.3076016101614921
76469,2024-01-22 20:24:23,1,0,0.7420479067589362,0.812613036632679,0.42676619969984253,0.08004851437683758
2501,2024-01-22 20:26:20,1,1,3.2125188368316007,0.0373297615933702,0.43063071932198427,0.04121760761380111
18521,2024-01-22 20:37:22,0,0,1.0497406654445984,0.36865448828660563,0.28820703931009606,0.020860188408432734
50821,2024-01-22 20:52:51,0,0,0.1072677907619914,0.3741796470167451,0.4150217088082985,0.6033530083327102
97436,2024-01-22 20:56:50,0,1,0.3843416606793219,0.04658967039825479,0.9987573318454641,0.08065299821618732
4599,2024-01-22 20:58:16,0,0,0.8298808088698414,0.369115776407161,0.7140672459802231,0.34023930436756633
87730,2024-01-22 20:58:56,1,0,1.8247427465479675,0.3888055124422959,0.5864624874928335,0.15478184279156693
85824,2024-01-22 21:03:05,0,1,1.4772813038303196,0.24784229310739236,0.30339470859027395,0.6941965968896678
99346,2024-01-22 21:38:11,0,0,-0.0433501836173146,0.8140714244014666,0.7175204494621614,0.31553249590000865
63438,2024-01-22 22:07:40,1,0,1.8834121740905905,0.27705855402279134,0.167515176089724,0.8083907755683288
19260,2024-01-22 22:10:17,0,0,1.275636782329077,0.6196782966339647,0.19448876727662057,0.8957590837049177
98170,2024-01-22 22:34:24,1,0,1.4287477874535457,0.948033721939124,0.33056081939890436,0.45465238626057436
20571,2024-01-22 22:37:30,1,0,0.1847135712054654,0.8136322002207578,0.2962799132454921,0.5688226077951345
83738,2024-01-22 22:51:05,0,0,0.2288372379000547,0.5924544310038035,0.450403400316041,0.9631260034845046
70498,2024-01-22 23:11:26,0,0,0.2875951266478398,0.605235430229318,0.7433195930878734,0.3002776541443798
42377,2024-01-22 23:20:58,0,1,0.2693283944927818,0.8353847265639143,0.8759792525300072,0.026218217710492042
16602,2024-01-22 23:24:58,1,1,2.3493506225604297,0.7252747109264733,0.937893135010406,0.23753771641381638
69611,2024-01-22 23:35:43,0,0,2.674431682395295,0.8212183654533298,0.25020241539796406,0.6691558967874539
68395,2024-01-22 23:36:58,0,0,1.302041155100324,0.6389752393761754,0.5916598455591001,0.3064520107975657
81800,2024-01-22 23:42:10,0,0,-0.4712440349069051,0.7492219751328918,0.008420240016627,0.9616131427220197
95118,2024-01-22 23:43:43,0,0,0.0660595473537364,0.7818953399046114,0.9333459259520298,0.8367427465159596
42067,2024-01-22 23:47:11,0,0,0.879231423325993,0.9170197938168474,0.5403429670757564,0.6603973273405902
51769,2024-01-22 23:58:22,0,0,1.1481788778714148,0.6403114023925084,0.5990043390531302,0.6375597551571356
940,2024-01-23 01:59:41,0,0,2.019507060201324,0.7749993719946908,0.8726600633712285,0.6721864045994668
30901,2024-01-23 02:07:29,1,0,0.2692875247987796,0.5736963941695205,0.7098227281826212,0.7922498237372232
98840,2024-01-23 02:11:53,0,1,2.3140772238697993,0.037126345108238756,0.13904654643137393,0.3778698812322797
72028,2024-01-23 02:13:11,1,0,1.0311784486646287,0.780393963296622,0.5358362045874022,0.8568260398050518
18335,2024-01-23 03:51:51,1,1,1.5645925270560377,0.5787186651273275,0.14164483959219132,0.4105993008405432
92683,2024-01-23 04:06:02,1,1,3.112965891660264,0.2920019825148791,0.8301253345259644,0.35908309250642534
96681,2024-01-23 04:07:29,1,0,0.0159514769808145,0.936991040873745,0.5937780746392479,0.2648928176406614
67917,2024-01-23 04:12:17,1,1,1.7549393488092977,0.28166899342094376,0.850409070414024,0.8922883186211327
18593,2024-01-23 04:19:20,0,0,-0.3402083850310482,0.6117157688131605,0.4415349822459582,0.11090657137512416
32375,2024-01-23 05:04:30,0,1,2.5585489592742237,0.9804865564168369,0.6625146606771649,0.11241682055389579
7672,2024-01-23 05:21:23,0,0,1.5092479844130853,0.9890930065066406,0.2989383602198472,0.045143141945988896
83667,2024-01-23 06:09:19,1,0,0.9988300109931254,0.5357992488043879,0.7932113064459692,0.789259836018574
67129,2024-01-23 06:44:18,1,0,0.9511564142659896,0.0116828614828548,0.552249781670134,0.04027781676435205
57094,2024-01-23 07:27:40,0,0,-0.8082375550040173,0.6051768054760269,0.1674827982228526,0.33768854903375045
67457,2024-01-23 07:37:56,0,1,1.9863532082047033,0.08116478189189158,0.9709311976675814,0.28116619649994945
67852,2024-01-23 08:04:14,0,1,1.943045458786471,0.9735482130424287,0.2630734313445102,0.9245055821953245
89245,2024-01-23 08:41:25,1,0,0.9970003565294604,0.16874424680559963,0.31886009118001557,0.36403852195979514
72446,2024-01-23 09:18:14,0,0,0.5218350754838457,0.7195182105024519,0.5733096691857001,0.1293587313290102
41040,2024-01-23 09:28:52,1,1,1.2175836660385542,0.08670683070816276,0.7507929465817202,0.4596952536480131
9364,2024-01-23 09:42:29,1,0,0.1222439344714233,0.7202544574229138,0.22197952106306795,0.5977209159729475
45893,2024-01-23 09:48:39,1,0,-0.0220872459766967,0.9795620828217019,0.1592453620206753,0.701583347429302
63140,2024-01-23 10:08:22,0,0,1.4154188302934896,0.5364131786367292,0.4641057400997737,0.18112135579179933
96875,2024-01-23 10:25:11,1,0,1.0728682378284908,0.7577394085020847,0.49796061698417005,0.25371466397206555
49852,2024-01-23 10:39:26,1,0,2.606199160016491,0.09191993660598063,0.16672691648192028,0.048970683135580284
92979,2024-01-23 10:43:43,0,0,0.7272379523289574,0.7019422813199737,0.11858314013515736,0.9106905842093652
17016,2024-01-23 10:50:17,0,1,0.7841090758958693,0.33678959283834387,0.49011819120752087,0.9601270829980125
25931,2024-01-23 11:01:14,0,0,1.0365596644008743,0.8160094546643755,0.810609544951452,0.03382027938814336
46802,2024-01-23 11:04:11,0,0,0.6101944885792479,0.876224203657445,0.006130112907836938,0.079494308921926
26623,2024-01-23 11:10:15,1,1,1.0894251160785515,0.589675916990689,0.9700542383204125,0.5962647120692078
11009,2024-01-23 11:15:40,0,0,2.9137860400684237,0.31353064918931295,0.4212716181378383,0.12067063175282
46825,2024-01-23 11:19:12,0,1,0.9691862797288462,0.21546726390359294,0.566264022504102,0.6902657370674027
42610,2024-01-23 11:33:25,0,0,2.238849884673459,0.7837929228200095,0.5470559840257212,0.6495628835592054
7739,2024-01-23 11:36:49,0,0,1.8909098149294583,0.4211275283344116,0.02289010647175116,0.6627946498477343
21703,2024-01-23 11:47:25,0,0,0.0241616627649914,0.014180217154787345,0.3332075376559418,0.4596224350631497
99141,2024-01-23 11:56:35,0,0,0.8644721822063515,0.5569926763422977,0.17634187104710286,0.12062199509564209
38083,2024-01-23 12:01:17,1,0,0.747242309465575,0.08392936579036037,0.710209665735806,0.12716441443327098
58419,2024-01-23 12:02:45,0,0,2.372387434143576,0.8628455172006181,0.12744503901744342,0.02905669426919988
81447,2024-01-23 12:02:46,1,1,2.701663648089567,0.6045583589629668,0.5580134147461321,0.7917430074533774
66354,2024-01-23 12:07:11,0,1,1.0240411838850951,0.644192610462615,0.515841516918273,0.1579091112671147
36719,2024-01-23 12:08:47,1,0,1.4798023200515775,0.04006508198101322,0.5695373205210666,0.5735019786307597
45107,2024-01-23 12:10:38,1,0,0.3144683871469487,0.37521502897543624,0.23946136041702415,0.7469486342876605
12442,2024-01-23 12:37:04,0,0,1.3046694991218268,0.9190250252501392,0.2415618599819931,0.9197920818154002
4247,2024-01-23 12:46:19,0,0,1.9038001294014344,0.33431162368383605,0.6051150030222708,0.20207344739300737
1152,2024-01-23 12:55:06,1,1,1.5752262722069088,0.020435596479930984,0.8419340074209885,0.3248884260135074
64358,2024-01-23 13:07:19,0,0,0.9821513617076084,0.9579313506054846,0.042135752417204464,0.5956588327742599
67129,2024-01-23 13:24:11,1,1,1.789309985636843,0.800395984868123,0.7989483047826379,0.007362018557918959
89195,2024-01-23 14:01:39,0,1,1.833072069891435,0.5524416771240943,0.8494791135546083,0.5043122609056372
67627,2024-01-23 14:11:38,1,1,1.5208968290880198,0.16952901415644572,0.41330672261516377,0.46132755959536087
65591,2024-01-23 14:16:57,0,0,1.3760735316958,0.1558523908407995,0.9425970847475167,0.5448638727693822
97137,2024-01-23 14:21:36,0,1,2.95205365313989,0.10721214725929462,0.9340606438330641,0.8171813678180357
21365,2024-01-23 14:39:10,1,1,-0.2517772906190467,0.6246407712911812,0.757360028591937,0.15793385242641544
45652,2024-01-23 14:53:23,0,1,1.036361555631196,0.24638035954277782,0.3961886951150616,0.2432150835988678
84633,2024-01-23 15:10:06,0,1,1.9879153492117323,0.7016624972119853,0.3284757888866059,0.5830266229801544
69426,2024-01-23 15:13:05,0,0,0.1757007917823966,0.8002003555383,0.3680709338747441,0.6241298168938209
14734,2024-01-23 15:24:35,1,0,0.7817665554528261,0.5430589204331593,0.7074649616541641,0.4388065136382774
4281,2024-01-23 16:05:39,0,1,1.1732949530831054,0.7115342809470631,0.6234733910405313,0.3062278054030728
98385,2024-01-23 16:18:29,1,0,0.7226617912063316,0.4344400586751802,0.8967042159376337,0.2269080202979824
1273,2024-01-23 16:20:19,0,0,2.30473169982152,0.5662809915017992,0.18044173661396912,0.9138916529760066
92604,2024-01-23 16:21:51,1,0,0.0236147922337417,0.9563188292511524,0.5611227589042483,0.911157995577534
50266,2024-01-23 16:22:06,0,0,2.0757056248263943,0.7855612954415444,0.5804562379098973,0.9976011479084821
10113,2024-01-23 16:23:57,1,0,-0.0484276425345258,0.7171043877311088,0.7213881007255164,0.4571379243784408
3421,2024-01-23 16:30:08,0,0,1.4192006082906057,0.9644775278784573,0.4884840693345226,0.9987486218741645
93652,2024-01-23 16:38:11,0,0,1.0344074959855276,0.8352214615959721,0.0817876414891121,0.6662884639223955
28887,2024-01-23 16:50:43,1,0,1.099710376324091,0.43731843738441856,0.9064537267639504,0.9718924639640273
87529,2024-01-23 16:54:12,1,0,-1.1270975436158617,0.4839557905814048,0.47673259285908776,0.410947849740664
62723,2024-01-23 16:57:24,1,1,3.251725008565195,0.16186480693698535,0.5643122598260094,0.4202749296832311
17016,2024-01-23 16:58:16,0,1,1.7542384999870986,0.08800659856329607,0.7530726675754875,0.19118608878382104
17663,2024-01-23 17:01:28,1,1,3.498374440296732,0.5341969941718655,0.029696634597183524,0.907203421297266
30395,2024-01-23 17:03:38,0,1,2.6474846907094745,0.6365123073547774,0.5826033747049337,0.0384944013275762
9561,2024-01-23 17:34:05,0,0,0.3614238096229782,0.622192931084664,0.7226849433701853,0.7730017174563564
26969,2024-01-23 17:36:17,0,1,1.7784638842691995,0.8146346783030566,0.49723676644756254,0.6716561088092375
32286,2024-01-23 18:11:35,0,1,0.9649218859593592,0.07559985651732115,0.20374038093786984,0.8045614296351747
98385,2024-01-23 18:16:07,1,0,1.847851626300124,0.3326151688495451,0.16908560547192852,0.46362311995138195
70102,2024-01-23 18:32:55,0,0,2.2199632947770542,0.8433086432735568,0.6895555488447369,0.6843364194284496
9531,2024-01-23 18:47:57,0,0,1.7102748764711766,0.8781564397725593,0.3599208196347331,0.597440512409733
16602,2024-01-23 18:49:53,1,1,-0.3203560123861448,0.059808703257178464,0.1751910029198268,0.49874319692380353
77347,2024-01-23 18:57:00,1,0,3.3118311256428297,0.19686337698957268,0.3890597454221191,0.27624903123734323
1498,2024-01-23 19:17:13,0,1,2.6250852012481536,0.4751309681327258,0.8095377540538989,0.6263593829532733
24556,2024-01-23 19:30:38,0,0,2.095154081312597,0.2916286277062533,0.5905085023077069,0.568241379819975
31382,2024-01-23 19:40:47,0,0,0.7791812144496706,0.22349340011926888,0.44050080862456964,0.9763954648495835
48493,2024-01-23 19:57:40,1,1,3.0491736214413496,0.40944847792085426,0.6645191397307244,0.47943523791232356
88865,2024-01-23 20:07:16,0,0,2.0423553170296844,0.22352925205659258,0.7648128529253673,0.15009950908098413
7672,2024-01-23 20:10:51,0,0,-1.1191039402173328,0.645118983898202,0.9499324704939633,0.8234701909461299
37973,2024-01-23 20:14:24,0,0,0.3230096523878358,0.7377872389672149,0.09219550421231759,0.08603303918327487
31734,2024-01-23 20:19:37,1,1,1.0848438841540735,0.2160207376249339,0.5280301078591957,0.21967271733165117
79881,2024-01-23 20:24:02,1,1,2.790801721178989,0.9497925956666291,0.30229436881596883,0.8355749166393471
74023,2024-01-23 20:33:25,1,0,1.03904508556456,0.26900865517046224,0.5461997049647423,0.7008821921073798
22691,2024-01-23 21:18:26,0,0,1.8017959099004477,0.47510473436470113,0.22716311353145124,0.816661373702783
37632,2024-01-23 21:24:32,0,1,1.7988953454811696,0.2774354999900698,0.35521865907326367,0.3904526424905488
49317,2024-01-23 21:32:22,0,0,1.1482230961834785,0.2812690589821224,0.33837582810838507,0.019852448408511747
85080,2024-01-23 21:35:56,1,1,1.4786770813627153,0.9486182277044263,0.903238750115543,0.408773998106306
40451,2024-01-23 21:54:35,0,0,-0.0492968359138075,0.11245987456952411,0.7377028870835205,0.4149080473163774
63438,2024-01-23 22:09:19,1,1,1.5411595068506994,0.699025336325552,0.9045939677227361,0.621695853067178
3828,2024-01-23 22:23:20,1,1,2.816775867200791,0.9359621907578058,0.13917757377645068,0.8235175329797555
79748,2024-01-23 22:25:01,0,0,1.0699585894113746,0.8331751239224702,0.7883826465017312,0.0548850151806215
9040,2024-01-23 22:37:41,0,0,1.358103612659216,0.7693666878075848,0.8829773734624133,0.19031292955852963
2716,2024-01-23 22:38:48,1,0,0.7047195272799485,0.10322854803661063,0.8604906821370043,0.34770521353668504
65514,2024-01-23 23:07:29,0,0,0.0529371729060481,0.586319312379032,0.8548410811020026,0.48946961682933254
86021,2024-01-23 23:43:10,1,0,-0.4362394183128539,0.89615360145132,0.37598259611027707,0.05877110723114909
71625,2024-01-23 23:44:37,0,0,0.2660512083860674,0.9767592075270471,0.3579840605361473,0.919968195535332
77116,2024-01-23 23:49:45,0,0,3.030372990759104,0.22794879054450445,0.7974865544518698,0.07132241675763074
87072,2024-01-24 02:28:31,0,0,1.1126912004155405,0.9565980218249943,0.7438315570856846,0.9752758984320422
9967,2024-01-24 02:32:54,1,0,1.803314223624267,0.05712834562894531,0.6517691111558224,0.9796402325188114
30239,2024-01-24 03:15:24,1,1,2.278143726454627,0.6225545216622317,0.5963559364583012,0.8537472803422924
44094,2024-01-24 03:37:34,0,1,3.001745397651507,0.3676251052072739,0.04985207781090728,0.26693996836461087
77347,2024-01-24 03:37:42,1,0,2.0789886401423785,0.10069781248096044,0.033559054189907345,0.3621470814300085
85654,2024-01-24 03:44:32,0,0,1.0119295331965668,0.8780343564093955,0.18353354880883088,0.8279817705445542
85824,2024-01-24 03:51:26,0,0,0.817921070651483,0.39843308986892534,0.5361378577086959,0.8327865652265953
236,2024-01-24 04:17:18,0,1,0.9777197183526704,0.8223047982014958,0.24210381012258142,0.8830271705855157
79540,2024-01-24 04:18:17,0,0,3.2317861454923915,0.006496700777314901,0.8432493671107357,0.08334034986773986
18650,2024-01-24 04:24:13,1,0,1.0130539256754405,0.06410618912246635,0.5016339607833733,0.5692067124975086
44843,2024-01-24 04:32:30,1,0,2.627231141663572,0.40173287930078627,0.6656110879744963,0.9133396050976573
90603,2024-01-24 04:56:13,1,0,2.646493075483833,0.37551333944695364,0.9159513529410699,0.48769434729439
90603,2024-01-24 05:00:21,1,1,1.0771135581047324,0.33200701484270945,0.7982161911139495,0.625247410505334
15906,2024-01-24 05:36:47,0,0,1.1767876377631528,0.2990202413673785,0.4761490796173199,0.5613893969971021
6558,2024-01-24 05:44:25,0,0,2.3543004655056223,0.94500442834734,0.04643280559673202,0.6592426593697309
80944,2024-01-24 06:44:46,1,1,1.106869378415137,0.360836812550557,0.16391863269405993,0.339698038959933
92016,2024-01-24 06:58:56,0,0,-0.3040162572279212,0.4301750947948788,0.8499874111191054,0.7049470774689353
46802,2024-01-24 07:09:04,0,0,1.6087897715292567,0.8951623512540317,0.9366285930212005,0.8530862567611681
68467,2024-01-24 07:10:28,0,1,-0.2472685553408555,0.30957851938359005,0.3202090730675301,0.5429623716863332
58702,2024-01-24 07:22:49,1,0,-0.3671138840342332,0.20925241611512058,0.39581315412539786,0.8764677526061527
56607,2024-01-24 08:00:57,0,0,2.016323202540699,0.4192126824854413,0.5819471383861184,0.7345054122278152
66726,2024-01-24 08:02:09,0,0,0.9467592013609222,0.15057616268230756,0.708620304678553,0.7316536439847166
50293,2024-01-24 08:11:59,0,0,0.6200981758914463,0.7919557665611242,0.42783716012318296,0.5470052253795272
11996,2024-01-24 08:17:56,0,0,0.5152979680484577,0.2678726557665311,0.009558482026829962,0.0255513689142004
28436,2024-01-24 08:23:04,1,1,2.0114512916706544,0.18723798852282103,0.16479906999501526,0.18656962762242124
63495,2024-01-24 08:45:35,0,0,0.1243712675032602,0.947076609370643,0.8370503693867066,0.9741773242624812
8814,2024-01-24 09:00:07,1,0,0.8120050619167788,0.7929920132110434,0.193974666636607,0.42619099127785487
86021,2024-01-24 09:04:13,1,1,2.516297572101451,0.04010132780329234,0.5446313457782747,0.12589778334417645
19952,2024-01-24 09:05:46,1,1,0.4365220521313115,0.6737868593213625,0.22182806091340024,0.34659180736020856
88610,2024-01-24 09:31:45,1,1,2.7777673890849255,0.10241268157474193,0.8985686382286667,0.2082153023841492
23911,2024-01-24 09:47:06,1,0,0.0948249432564245,0.8557773959364038,0.1780581411015778,0.5869682330358992
3328,2024-01-24 10:12:30,1,0,-0.4802126611248094,0.10058090235406625,0.08766070128420012,0.2142905617123292
22816,2024-01-24 10:15:49,0,1,2.1581190849051093,0.20207598197342924,0.9389855324204113,0.0545506068890701
33244,2024-01-24 10:34:08,1,0,0.9079574613789708,0.5246483883446152,0.019308799801753818,0.5884888113246345
38068,2024-01-24 10:43:55,0,0,0.8112512981356251,0.12743523641389176,0.7845633492307725,0.0885661824421391
87529,2024-01-24 10:45:11,1,1,1.628283303414305,0.4448517164344282,0.30964764073253226,0.9494342144046448
51769,2024-01-24 10:59:10,0,1,0.8598390808737695,0.7242780904878523,0.45626568397309797,0.7557719173982226
43133,2024-01-24 11:13:24,0,1,2.9308382263505295,0.007294148483667273,0.7859620552151276,0.3163410959955938
46747,2024-01-24 11:30:34,0,0,1.0466268427940182,0.36307287880103367,0.4181917551327521,0.5587816953717932
93586,2024-01-24 11:45:10,1,0,0.8001459378988756,0.9679713620117664,0.579780715032532,0.40773568526690307
31454,2024-01-24 11:47:51,0,0,1.4798390369022167,0.9135804836040299,0.14042788486421243,0.3214100706326869
92410,2024-01-24 11:48:23,1,0,0.4895421329715212,0.42527680629849074,0.17456814055418624,0.29424166072183644
93986,2024-01-24 12:16:45,1,1,2.8070082819444706,0.4006294319285165,0.5537793398954648,0.4237707276332905
23304,2024-01-24 12:17:39,1,0,1.010575205529075,0.8259224114288015,0.9070420693993094,0.7493443443320217
79093,2024-01-24 12:20:02,0,1,0.8804641247294738,0.37368034915547,0.12858189923867025,0.4501214915464379
56607,2024-01-24 12:41:34,0,0,1.4134795440557215,0.06624906944183384,0.6830406743921409,0.5898117363866159
24094,2024-01-24 12:44:26,1,1,-0.2807378453719229,0.7506183441337526,0.31987145246791493,0.07211525438523392
33983,2024-01-24 13:10:28,1,0,0.9171029765184464,0.8934385502974482,0.4554189010797971,0.8418667498964484
9302,2024-01-24 14:07:18,1,1,0.1401645934543713,0.48987411885203236,0.8391389440980384,0.09192700007499988
73264,2024-01-24 14:15:30,1,0,1.4949313045232986,0.6844446682134975,0.7576330721581275,0.3217106751718185
96014,2024-01-24 14:19:30,0,1,0.5033613100966736,0.2057011406718534,0.30379384669279663,0.5432876692446248
29905,2024-01-24 14:26:00,0,1,2.099034821007201,0.6932842602137246,0.8030904313050607,0.3171152160953027
25406,2024-01-24 14:33:08,1,1,1.812329009071548,0.2099447104448271,0.5972073709265265,0.2955621276415542
25743,2024-01-24 14:35:09,1,0,0.3013675853375462,0.973056577954766,0.5891472514008205,0.14291153475150442
64198,2024-01-24 15:04:24,1,1,3.7975945224343146,0.3707328724901774,0.6735226270010028,0.927510957377158
20374,2024-01-24 15:09:13,0,0,1.0021490804276858,0.2083679789832169,0.8195590885105833,0.36440316823483776
66726,2024-01-24 15:16:23,0,0,-1.117243312120527,0.7435724656556263,0.4567835762127226,0.18704860327939576
84533,2024-01-24 15:34:22,0,0,0.9166673730033856,0.34452048741262875,0.13784723134553745,0.22002601072593697
10601,2024-01-24 15:35:42,1,0,1.4688696025418848,0.7628913955533465,0.4222637891275064,0.5780266992051651
86798,2024-01-24 15:36:23,1,0,0.0634021823897508,0.3355470569054103,0.23794946129918126,0.4229959157073606
34157,2024-01-24 15:36:45,0,0,1.890027157743184,0.4183259276299903,0.898657571555432,0.4632995422758699
12332,2024-01-24 15:41:21,0,1,0.3801280056082301,0.4342443295526134,0.34862398707471154,0.32443112636537863
11780,2024-01-24 15:51:38,0,0,1.7953554137930765,0.47816437542135093,0.22023768313850234,0.22040352339661373
11905,2024-01-24 16:24:15,1,0,2.5852612141852873,0.9710243623930301,0.3235596329269481,0.7578889873718241
25617,2024-01-24 16:41:02,1,0,2.481735594542127,0.44093250513344706,0.7155868526663802,0.24828006714711648
54549,2024-01-24 16:47:34,1,0,0.6767174014836377,0.950469326324823,0.2322096336751206,0.4620072997355067
68610,2024-01-24 16:53:06,0,0,0.37587894493706,0.5594720274612232,0.8647623717033815,0.6526358989892654
81447,2024-01-24 17:14:00,1,0,1.0813878364250775,0.9848191457454515,0.5300009371623398,0.24151557444543115
79093,2024-01-24 17:27:39,0,0,0.3527220759126841,0.867922405418429,0.764578283171231,0.012181416304880899
70490,2024-01-24 18:00:47,0,0,2.616281753563726,0.7208433423709716,0.5618682340970463,0.8875035236820074
11812,2024-01-24 18:08:53,0,0,1.653986232235115,0.7175591047827584,0.4161163514923033,0.7917462017705124
81481,2024-01-24 18:24:00,1,1,2.0582743309354465,0.7250643911302,0.8845958978629828,0.7119576754895317
87218,2024-01-24 18:28:11,0,1,2.685749035274662,0.7039007848264687,0.9710559019786383,0.34445710989784384
46221,2024-01-24 18:29:23,0,0,0.4604725302296051,0.3984636551108699,0.47112128928960684,0.6515419634317258
34373,2024-01-24 18:57:09,0,1,2.4478137167227105,0.4317263105234437,0.9702764328123824,0.8577062058597386
7508,2024-01-24 19:06:53,1,1,2.7673172404612267,0.16910749063067088,0.18662605770368357,0.8311237344609542
97184,2024-01-24 19:07:03,1,0,1.2634252616521595,0.14868780427931938,0.28815992991467376,0.7126907103966879
3193,2024-01-24 19:09:06,0,0,0.5680406243460834,0.5908420440662295,0.12769325697674327,0.8842675586373102
49362,2024-01-24 19:09:40,0,1,2.5487388188641265,0.3190074427207409,0.28970918768169873,0.933910234069413
92936,2024-01-24 19:12:21,0,0,3.0597658993397405,0.11062418183479916,0.689575187984978,0.3921707536728515
77015,2024-01-24 19:24:58,0,1,3.128018857349302,0.4660211228360116,0.9678012252489752,0.44210299860383107
41491,2024-01-24 19:49:23,1,0,0.671930376574402,0.4324640728435538,0.8654358272131446,0.638111346734668
3883,2024-01-24 20:01:12,0,0,1.585486232246082,0.11597326011903852,0.020435192623886822,0.2805098308170958
94846,2024-01-24 20:37:40,1,1,1.649047617782022,0.06478277869220384,0.9960646215344439,0.8609142794165537
42067,2024-01-24 20:40:02,0,0,0.1834563738032786,0.38639130644338804,0.7590247560908754,0.9929395114065065
59796,2024-01-24 20:48:07,0,1,0.9793769804866626,0.04888197898001778,0.6795996740420169,0.2926121690198228
26314,2024-01-24 20:51:24,0,1,3.4611788667203287,0.34998812557857517,0.9518289699270491,0.6183631171999023
95631,2024-01-24 21:09:11,0,1,2.2825869829192964,0.2573941350115304,0.3670339406008779,0.6256718225941922
99141,2024-01-24 21:27:59,0,0,2.373174917888648,0.9291826569665378,0.9846991654442759,0.1510647547865226
18593,2024-01-24 21:29:54,0,0,1.7263965131989585,0.1966936608330132,0.30691865448237854,0.21165721086725087
63563,2024-01-24 21:32:44,0,0,-0.8893975878739204,0.18429837899067447,0.7677307262819171,0.9897079183298036
37812,2024-01-24 22:17:21,1,0,1.1712408246005714,0.9502416283107995,0.898395522777054,0.8919072551323206
40451,2024-01-24 22:32:29,0,0,0.7650340065021536,0.7303662502635013,0.17556675962622936,0.07682309754981742
44094,2024-01-24 22:46:40,0,0,0.2393870469895193,0.034992868910540875,0.8088382491903582,0.8727419125979743
36571,2024-01-24 22:51:11,0,0,0.7399234605450007,0.6954937849829748,0.009521743651660253,0.34221305608426755
49714,2024-01-24 22:54:06,0,0,0.292202136831283,0.9570009894487218,0.6178305059680732,0.3868742588464721
57623,2024-01-24 22:58:57,0,0,-0.6818057566276796,0.43267561046342506,0.4413243827987794,0.8998794041445121
46825,2024-01-24 23:05:49,0,1,1.9038210630766677,0.4015079742461606,0.7119187126811826,0.9753141764782517
47482,2024-01-24 23:06:15,0,0,0.0435041864236377,0.14169345676538814,0.520079134989252,0.4137947295462675
68275,2024-01-24 23:07:32,0,1,3.1877250932619363,0.38266960077871914,0.13522443282920604,0.3616756142572709
72165,2024-01-24 23:08:37,0,0,1.4613501119857062,0.013726388380602916,0.7565998201053756,0.9608110053089255
74356,2024-01-24 23:14:54,0,0,-0.4226286487497492,0.17768205124989933,0.18719459609599864,0.9412585846948681
83538,2024-01-24 23:39:57,0,0,1.661478394645481,0.725495830545358,0.731444745372203,0.8009361080600436
41151,2024-01-24 23:42:56,0,0,-0.0994618867805037,0.09288296276009145,0.4734482605804694,0.016039989348084815
63100,2024-01-24 23:51:14,0,0,0.4186815180347951,0.12732032275369476,0.5531589736508187,0.40675194336996345
70824,2024-01-24 23:59:26,0,0,-1.8696200248549568,0.9101915241710242,0.4352719170155982,0.2809457270737249
57382,2024-01-25 00:05:29,0,0,1.2523458313414473,0.3849645638816239,0.9499464059647826,0.33129320286726893
26541,2024-01-25 00:12:09,1,0,-0.651177759055531,0.46140286452320234,0.3844031146486647,0.7293292960252048
1876,2024-01-25 00:48:16,1,1,2.8942133285134095,0.5922444120806934,0.5584068709476188,0.6687362149211186
59406,2024-01-25 01:07:40,1,1,1.9202704361431917,0.6268839467237479,0.9258171809866172,0.8378231621445612
65591,2024-01-25 01:53:27,0,0,1.3276005842711287,0.2332460106225328,0.5887510930546453,0.9689270072376368
35486,2024-01-25 02:08:53,1,0,1.7402230636056872,0.6524187913971932,0.5928293473430517,0.5849224517936239
54835,2024-01-25 02:14:12,0,0,-0.3359173093914338,0.1109401280325868,0.9581896640424128,0.13033348583208515
17321,2024-01-25 02:35:38,1,0,1.5702009039120914,0.28889562996921525,0.07808674792136228,0.9043534104042219
964,2024-01-25 03:20:12,1,0,1.6015500023439195,0.17003876595842526,0.6780609276651381,0.8385539107490174
63952,2024-01-25 03:39:52,0,1,2.6353711428612776,0.09890395442502353,0.7106662815338214,0.0589194176129505
35244,2024-01-25 03:47:42,0,1,0.9175728026117131,0.923609842133782,0.7926601927632939,0.06624984679176038
26179,2024-01-25 03:50:38,1,0,0.286004902765321,0.2675458400350226,0.4920554575597984,0.4161315229107888
51987,2024-01-25 04:01:01,1,0,3.996239095398143,0.021012889593251427,0.6788444325227134,0.5918609456874077
77848,2024-01-25 04:12:23,1,0,0.7803688480825847,0.10787861253754272,0.7215031149895583,0.46177423489329283
58641,2024-01-25 04:51:14,1,1,2.011445439091466,0.14379384964476594,0.8163091927614945,0.3137889998151161
66008,2024-01-25 05:13:35,0,0,0.2637351098578051,0.5725676544472863,0.673289946489295,0.4272433282774728
79748,2024-01-25 06:00:38,0,0,-0.0448088943065871,0.8230349661603321,0.050743421641191944,0.372982783700732
11684,2024-01-25 06:08:37,1,0,1.379752188498697,0.10749593581026118,0.10588848543534846,0.11860213287717047
69678,2024-01-25 07:30:09,0,0,0.3309548758261776,0.27951595872153234,0.30982446493370175,0.8076485605784104
11907,2024-01-25 07:35:38,0,1,1.9488028881834032,0.5063552134084597,0.6184835779824127,0.3438917505693
61011,2024-01-25 07:40:51,1,1,1.7970860152044523,0.07544386568857353,0.2641930116975352,0.3478960183897081
61305,2024-01-25 08:25:33,0,0,-0.0005256841573921,0.7345450471713739,0.31731254069786485,0.16364147646475624
36910,2024-01-25 08:27:34,0,1,2.7400142363043356,0.8477504552813558,0.054845724786337424,0.7519874602331651
33718,2024-01-25 08:44:39,0,0,1.1064861946026818,0.718166624431581,0.669888198643927,0.3176650579918251
30439,2024-01-25 08:50:21,0,0,2.3538355467931074,0.7936092164767193,0.21415591526012534,0.9624434875081823
83485,2024-01-25 08:56:52,0,0,0.3012365811851841,0.22070085369671766,0.32549704890043507,0.5627570392877241
92683,2024-01-25 09:02:40,1,0,-0.5864566445522004,0.6295239724266287,0.7375663912971501,0.13986060994798966
96480,2024-01-25 09:04:55,0,1,3.249665267043777,0.24409120477849244,0.23597492911011286,0.2099431677578233
18738,2024-01-25 09:16:51,0,0,2.393519509610061,0.6362140417175016,0.0453311871759573,0.6048059617473939
34837,2024-01-25 09:20:31,0,1,0.984932094271184,0.8564809724748657,0.8848406819841068,0.30430085702230014
81196,2024-01-25 09:20:53,1,0,-0.0772278744747587,0.8961449510177993,0.5314834443371285,0.8393955890868202
88308,2024-01-25 10:03:21,1,0,0.7246907876379454,0.16210679738780487,0.7758166422544285,0.2792196738835686
3892,2024-01-25 10:17:45,1,0,2.010781384005735,0.02553335966170145,0.2729929786265334,0.2606541963752007
49920,2024-01-25 10:18:04,1,0,1.22896993566439,0.533826090219076,0.43283559077040423,0.642692364247327
70820,2024-01-25 10:28:22,1,1,1.7007352961147435,0.17562077490372263,0.6815264637457065,0.4735139151940164
94980,2024-01-25 10:29:14,0,0,0.3340476042407082,0.5808350566240306,0.5110650177512764,0.2221384579404131
83,2024-01-25 10:46:22,1,0,1.848866536035071,0.5185990149644739,0.5489912104495926,0.4956786614650751
92936,2024-01-25 10:53:30,0,0,1.110180577781358,0.1765905409176758,0.7762791590164831,0.029860843138380555
26911,2024-01-25 11:08:17,1,1,3.1360486835554284,0.8627553759199569,0.9540173680216965,0.29169105067789536
17743,2024-01-25 11:17:25,1,1,3.681816619300824,0.7472339249759942,0.6239707235662306,0.6952848938153142
24670,2024-01-25 11:28:41,0,1,2.639626409497902,0.4616013810177435,0.7727480634080025,0.4711135497766401
16522,2024-01-25 11:43:26,0,0,3.1156298300625043,0.9325502698224106,0.3291758988270208,0.7417710422386437
35936,2024-01-25 11:52:00,1,0,0.3739195364276075,0.4248812764169766,0.7136919738755184,0.046060433513817944
64388,2024-01-25 12:08:54,0,0,-0.9772787253673628,0.3437303215223093,0.41812382081561084,0.28948560468978757
68340,2024-01-25 12:11:01,1,1,3.728995340885703,0.8807161856634813,0.6644421306437006,0.6074201870529512
68698,2024-01-25 12:20:31,0,1,3.359220600295612,0.6552789408158138,0.11555661062303846,0.48006129471234227
44592,2024-01-25 12:41:13,0,1,2.63690628337221,0.2799160824918414,0.8503711837608809,0.8940172037029886
87737,2024-01-25 12:46:50,0,0,1.511398996174372,0.2069033912065088,0.7399476612957611,0.6493833931162916
33244,2024-01-25 13:33:36,1,0,0.4584241382057222,0.12622153893525678,0.3690761317146142,0.13758891428944975
40181,2024-01-25 13:47:20,0,0,1.9369665419143416,0.4940989907976354,0.4808495563808364,0.9444459833345763
44843,2024-01-25 13:54:52,1,0,-0.1717583518832779,0.3545374533707807,0.21566733973631413,0.6203568438802656
61540,2024-01-25 13:58:02,0,1,0.2163888702858165,0.8317464192807337,0.24665402642499834,0.6640919102845014
86577,2024-01-25 14:05:38,0,1,2.012053180601826,0.14640874355841205,0.05168197581942657,0.7013781583662124
16727,2024-01-25 14:09:03,1,0,2.19649847818629,0.8447455766421728,0.014186911976258432,0.8756833435294844
12977,2024-01-25 14:24:37,1,1,2.2552134168558746,0.5108670461324433,0.5537909233449007,0.26703383472325537
236,2024-01-25 14:34:35,0,1,4.048755650863287,0.6157637316133959,0.6975548370082751,0.9662749123006898
69529,2024-01-25 14:51:15,0,1,2.442545624204053,0.4676489387888172,0.20380627444312605,0.577216456465986
24321,2024-01-25 14:53:26,1,1,2.855019324297279,0.7557338473241557,0.8550310706190809,0.09308613020204004
51987,2024-01-25 15:06:31,1,0,0.5216672385006049,0.4750781816385923,0.12869350522189082,0.28903031748763763
84517,2024-01-25 15:16:48,0,0,1.8841877387127872,0.5202115639510447,0.22462604538324926,0.9256856290866157
26541,2024-01-25 15:38:36,1,1,2.39699130449884,0.14220318358546857,0.0931602420444444,0.9269258391440955
37428,2024-01-25 15:52:16,1,0,-0.7407964313462736,0.7733943220744358,0.5347623502558587,0.8661217011970394
56999,2024-01-25 15:55:53,1,0,0.0642668008156484,0.15331605999371067,0.5771913362560692,0.6717236739386042
31688,2024-01-25 16:14:35,1,0,1.335845672885824,0.8534462352212796,0.9719557991347034,0.9859090774579028
77532,2024-01-25 16:28:22,0,0,1.071294613497437,0.6685524679034643,0.12514462243073865,0.19921014216139354
73264,2024-01-25 16:29:45,1,0,0.1174190666499237,0.4256941231183442,0.16415038463311027,0.27815538484888536
17849,2024-01-25 16:33:56,1,0,-0.469665442070305,0.30469601054331574,0.4259246246299291,0.9594076452734713
64274,2024-01-25 17:11:10,1,1,0.6973478831655355,0.18449767671955575,0.18476343457166255,0.03559764457387704
46221,2024-01-25 17:17:25,0,0,1.6165077424678032,0.37757829448737523,0.1652311141924544,0.7413190888714158
56278,2024-01-25 17:20:10,0,0,1.5374297701390771,0.8359932871065687,0.04221506534703334,0.22041792657723258
44210,2024-01-25 17:22:16,1,0,0.5629726923899983,0.3918555926523566,0.696882233627882,0.6464704243268614
97703,2024-01-25 17:39:58,0,0,1.048924824680156,0.9066977465408278,0.3963905369921562,0.7631216168427972
49317,2024-01-25 18:00:07,0,0,0.998427995530804,0.7762108454041037,0.932774597696048,0.06909896456477638
29403,2024-01-25 18:20:35,1,0,0.6882520910954479,0.46943167439690203,0.039913841663853145,0.04745971117109171
53689,2024-01-25 18:42:24,0,1,0.906528629538017,0.2263178056281725,0.07437418843665022,0.019938900967979345
18045,2024-01-25 18:45:40,1,1,2.060385928424417,0.7997123415563208,0.7254820372075611,0.9127048244713313
75061,2024-01-25 18:58:59,1,0,0.2172660884027049,0.31163701996714155,0.5161883458008439,0.7493869990752667
97309,2024-01-25 19:01:27,1,1,3.79756116664464,0.17078789719945353,0.11182486976313943,0.22050958020397737
92096,2024-01-25 19:12:12,0,0,0.7650492962254312,0.7108791110142719,0.12281636603360258,0.9467349661825866
64831,2024-01-25 19:14:50,1,1,1.0791496021908724,0.8698866986625211,0.48545835933095005,0.7283191668929715
46967,2024-01-25 19:29:52,0,1,2.248787309801083,0.14908970660902177,0.011429267809630161,0.3910529724511579
17016,2024-01-25 19:44:11,0,0,1.9256446213940928,0.614724418964344,0.3107437145975954,0.470510322816465
44303,2024-01-25 20:09:21,0,0,0.81438906519295,0.9467377984356925,0.6797751423654539,0.2967253112530036
67053,2024-01-25 20:13:16,0,1,2.3407914080021057,0.24840962242873132,0.02930936455930022,0.7795347326065526
30876,2024-01-25 20:16:19,0,1,3.785168402072131,0.05114346171944084,0.4554940800912691,0.1973492334262147
11684,2024-01-25 20:46:27,1,0,3.0448232484766464,0.6315535599866287,0.4224763779997125,0.5035523299760545
87341,2024-01-25 20:59:53,0,0,0.9201536358942606,0.237621908180907,0.04830554657688735,0.4825842276155873
63495,2024-01-25 21:11:17,0,0,1.8678761000651125,0.7994314688917863,0.18410027116069327,0.5713521821452482
98063,2024-01-25 21:12:43,1,0,0.4505729802246014,0.2462748405648001,0.01376918770051394,0.10449325759568806
17289,2024-01-25 21:28:52,0,0,0.9396857468862464,0.18568609319388685,0.7659174053394834,0.8722332896253688
94846,2024-01-25 21:41:39,1,0,1.3671443768862055,0.40027153952029315,0.870360931643385,0.6625878758969611
36112,2024-01-25 21:51:16,1,0,-0.1881986891203371,0.8211483175514724,0.7083339095083334,0.9574282958313258
56625,2024-01-25 21:51:58,0,0,1.392062116583742,0.5834183382061564,0.6883669410257572,0.4336433293578472
99484,2024-01-25 22:06:45,0,1,2.2027972768977793,0.8430754168633021,0.8704405193924102,0.04752739728242239
14838,2024-01-25 22:12:28,1,1,3.3506251209526567,0.9082501176959604,0.5878503508824411,0.5063916714635754
51454,2024-01-25 22:14:10,1,1,0.7201590423599795,0.05819672096017525,0.28222937069485043,0.3767304685384827
46758,2024-01-25 22:22:36,0,0,0.3999947252888806,0.1532138527929886,0.5978410669886876,0.5978419884742958
56258,2024-01-25 22:30:42,0,1,1.443808041150875,0.9775681515990411,0.03625784576610014,0.578999269507328
32375,2024-01-25 23:11:31,0,1,2.083621077410557,0.6616174341563946,0.47787063702059784,0.5036052725983335
33123,2024-01-25 23:12:59,0,0,0.6060981271556976,0.7858785068701911,0.3109984089821404,0.02434714763883017
63707,2024-01-25 23:15:46,0,0,2.412607900636232,0.23132049908944863,0.1873737855884059,0.10657480076268988
49714,2024-01-25 23:39:53,0,0,1.3871617791163626,0.41646825208172844,0.6773008203769751,0.07847135753341572
94436,2024-01-25 23:46:58,1,1,2.044212378104198,0.09992603205621398,0.6285630903797856,0.5337114908421539
9040,2024-01-25 23:52:10,0,0,0.761316276936522,0.5882098809288081,0.4601165086368375,0.5845347060766811
56999,2024-01-26 00:01:46,1,0,1.2391586845772389,0.6040487198157729,0.11744482804755141,0.7739486169037535
63952,2024-01-26 00:10:20,0,1,2.3446049047503577,0.5297516974139636,0.7765074856458167,0.3475078821650037
64289,2024-01-26 00:35:49,0,0,0.3806826753768023,0.6946857348821087,0.0885566709326776,0.3127694762283548
65412,2024-01-26 01:09:12,1,0,1.9082614092673245,0.3442890895136175,0.057668529762217036,0.4548057637280736
58331,2024-01-26 01:09:22,0,0,1.48716181782567,0.9624393923373563,0.841876142737661,0.33724666317681407
10269,2024-01-26 01:11:04,0,0,0.2344120867116765,0.017050706934432558,0.36292618338971916,0.12335378984499235
51342,2024-01-26 01:14:32,0,1,2.3114528343034397,0.47005462326804615,0.949726023130924,0.6584150860374202
59508,2024-01-26 01:49:31,1,0,0.9735700452593024,0.7714869738822661,0.2971240425953092,0.9271995584998145
61320,2024-01-26 02:04:31,0,0,1.8222293155603568,0.4441068200462439,0.8938214200199569,0.31819443849702445
86297,2024-01-26 02:14:15,0,0,0.1240755859182648,0.708201824964169,0.07663853037745516,0.9252194376080295
92936,2024-01-26 02:50:04,0,1,1.371933916274626,0.41288817858198623,0.08603075514820524,0.8068640389089833
63100,2024-01-26 02:58:42,0,0,0.8227253385160004,0.22446490765663285,0.06307975420080969,0.2717766565073353
9040,2024-01-26 03:42:07,0,1,2.5112218145475347,0.09354161592477916,0.10899167829807554,0.3832723242344166
21300,2024-01-26 04:41:30,1,1,3.059223738896321,0.15112858956728492,0.45997447753711407,0.36178398813549173
59290,2024-01-26 05:24:34,1,0,1.4919302013563092,0.2387127171228518,0.8943170666143627,0.9812287269120912
46448,2024-01-26 05:32:47,0,0,0.2468756062090412,0.166504452554183,0.9388449754925482,0.05570816898826314
73031,2024-01-26 05:53:41,0,0,-0.0336356655189113,0.7633990608682626,0.3578518056223059,0.2364270541759116
23911,2024-01-26 06:46:09,1,1,1.1549546720308488,0.07820873635679626,0.9020514335361797,0.7765868963197362
33608,2024-01-26 06:48:21,0,0,2.054533696542082,0.22618655938821042,0.5388821071756378,0.5826118722130071
34279,2024-01-26 08:09:52,0,0,1.3248776244068263,0.44373703209874626,0.14250594198313704,0.6236254558617315
28887,2024-01-26 08:35:36,1,0,-0.9315361063733664,0.25408304783840396,0.17957741277360062,0.12905213540334737
48493,2024-01-26 08:36:18,1,0,1.1233094044424583,0.49194918214808414,0.5515603777497295,0.6936644073622701
2716,2024-01-26 08:42:47,1,0,-0.5258569827326718,0.09356436941290225,0.8559308116094569,0.10504036713632792
18738,2024-01-26 09:00:56,0,0,0.902940874125859,0.3245495205715011,0.3813067339630567,0.7300387335675664
77646,2024-01-26 09:02:06,0,0,0.0153474150076236,0.7765537729275682,0.2600911538601782,0.04336163918829794
84567,2024-01-26 09:03:59,0,1,0.9163011726419394,0.1035950617692204,0.3070922869227386,0.17972355435275877
15382,2024-01-26 09:07:46,1,0,2.426326976900034,0.3037235471324715,0.507122554864819,0.7550335433649874
87184,2024-01-26 09:53:34,1,0,-0.4874711933807585,0.9472614847855444,0.13626316329846866,0.4054890043410232
99444,2024-01-26 09:54:30,1,0,0.1025792792285672,0.7475130214788454,0.016962990521058097,0.4738199651580256
18120,2024-01-26 09:57:39,0,0,0.6888007557684066,0.4653036686087435,0.6639793532185695,0.29749932929016143
65963,2024-01-26 10:08:38,0,1,1.4960422585893896,0.1144188989829884,0.5417371165683935,0.3461048754095003
66008,2024-01-26 10:17:23,0,1,1.2539017433474866,0.22449623709597333,0.8323031740273076,0.13224720807546497
78591,2024-01-26 10:17:39,0,0,2.770797721727563,0.4701812453712281,0.03779192199832848,0.22722031903565798
33751,2024-01-26 10:22:29,1,0,-0.2556602062955719,0.8653981653520022,0.9009523221840446,0.47243480626581025
32755,2024-01-26 10:23:15,0,0,1.5231994472697503,0.4786232341894101,0.027993736090512922,0.4691926979466542
56276,2024-01-26 10:26:43,1,0,1.740642709843074,0.013334828889503991,0.298489249510972,0.22681046456580845
44210,2024-01-26 10:51:32,1,0,2.5121435581219203,0.03947569636299475,0.37776544311984217,0.28280451876121027
38929,2024-01-26 11:51:25,0,0,1.7886111192652208,0.4211022112611075,0.19742024162656024,0.6987733355075416
39172,2024-01-26 12:25:03,1,1,0.213292488631922,0.14523689661247097,0.33573582641596267,0.33087750956238726
12442,2024-01-26 12:32:54,0,0,1.1346194363225963,0.15756553590427247,0.9275347922920486,0.36760702359095465
5142,2024-01-26 12:46:18,0,0,1.2984312361750658,0.5178677043808848,0.7161811931234654,0.07557969552674904
84319,2024-01-26 12:49:16,1,0,1.5315859857427483,0.7603215729862709,0.19964151871687963,0.11399986708200638
36719,2024-01-26 12:52:25,1,1,1.6808934029891025,0.14468794965787535,0.05350645707157686,0.7868058690730455
80058,2024-01-26 13:14:39,0,0,0.9579139483636132,0.6196972009989324,0.8141977975343955,0.9158183803290786
76832,2024-01-26 14:15:56,0,0,1.6195652061255426,0.3695932759532077,0.23475323270924608,0.7623490117923076
42548,2024-01-26 14:20:34,0,0,1.7130692818515867,0.34470297194208077,0.21470972100938823,0.5004337858276611
33751,2024-01-26 14:32:05,1,0,0.0551103823977401,0.2271787626497982,0.5358816183410763,0.31643480473405927
8552,2024-01-26 14:50:29,0,1,2.252884814969899,0.33232682911902356,0.1218078398697332,0.8369244037091036
11140,2024-01-26 15:02:59,0,0,1.382871135371471,0.9197364953922428,0.45952121608266994,0.8100321393466023
39172,2024-01-26 15:38:35,1,0,1.1405409949180405,0.0498852640229096,0.2258837791625321,0.05398310191011302
29905,2024-01-26 16:22:41,0,1,2.3792800343651628,0.04005735386923459,0.28722875128902703,0.16171780306802275
63140,2024-01-26 16:26:37,0,0,-1.0033691294001956,0.3307524104590336,0.33798749621109636,0.929141542829268
18456,2024-01-26 16:27:43,0,0,1.7851923067296196,0.7166031004038835,0.6689441942182541,0.14769726467331357
63952,2024-01-26 17:10:52,0,0,0.2336113198888392,0.23042011372035753,0.3555337739012596,0.46877632693590476
44139,2024-01-26 17:13:40,1,0,2.0549560947192935,0.16688309381124777,0.43627891288672627,0.9785747854284509
28436,2024-01-26 17:14:23,1,0,1.9882844031026583,0.590439165551477,0.2398142664842413,0.1865079590979476
89736,2024-01-26 17:17:11,1,0,1.590311094555299,0.9492282796470233,0.5331396182510396,0.6765802278683344
33807,2024-01-26 17:20:00,0,0,0.0051927628552485,0.9378935790795262,0.9150651311716395,0.11162604500828488
95998,2024-01-26 17:25:00,0,0,2.9753431178455254,0.11493057117186456,0.9921928089015367,0.6587414484862348
68024,2024-01-26 17:36:58,1,1,3.0999796503420836,0.8619735778004506,0.1767576930324961,0.2175686924343928
35486,2024-01-26 17:57:42,1,0,1.8724985021430536,0.9630242369045521,0.49016200591547765,0.7307771673693745
91401,2024-01-26 17:59:47,0,1,1.8773153625048729,0.4143517545272596,0.30507360879791867,0.5339654606000902
82865,2024-01-26 18:02:33,1,0,2.461840859393599,0.968401293448451,0.183642159113383,0.9339360363644205
48650,2024-01-26 18:10:02,1,1,2.391264659933235,0.5827757335904485,0.04584247149601817,0.5108675454214242
58928,2024-01-26 18:19:09,1,0,1.7590371449850355,0.7243712977430139,0.31945584435163943,0.35895034898592726
33592,2024-01-26 18:25:53,0,0,-0.845878874626824,0.12742101602088574,0.296676916044493,0.23192371912494814
45196,2024-01-26 18:28:22,0,1,1.8489481223930708,0.23101924393291862,0.8702612178669638,0.9631533554001706
62723,2024-01-26 18:31:04,1,0,4.241259076976785,0.8652708485572029,0.7897568937692774,0.10104359443679967
35640,2024-01-26 18:31:14,0,1,3.2873311116050656,0.07151963533390038,0.8253684089996698,0.10743868915938182
29963,2024-01-26 18:42:54,0,0,0.1904825428694003,0.9499661760972536,0.1275630480221005,0.6795929782916967
59796,2024-01-26 18:45:37,0,1,2.9957013858999235,0.6787591985173869,0.31798452568707336,0.9172083663769935
5285,2024-01-26 18:50:03,0,0,2.191550812650145,0.7194664068171515,0.1725044303112313,0.7265695886688531
44035,2024-01-26 18:59:49,0,1,0.7496844610768536,0.6695791940095172,0.5980228528567032,0.45914346602633727
59997,2024-01-26 19:18:05,1,0,1.9033770984808047,0.5677953179446095,0.6539659689354793,0.20001854281199527
57188,2024-01-26 19:26:19,0,0,0.259670634161288,0.3586968530420084,0.9782338095138969,0.9816908011444075
31647,2024-01-26 19:28:21,0,0,2.7095346156262687,0.9733120197424266,0.6092284727560382,0.020502982321785157
76469,2024-01-26 19:30:09,1,0,0.5599109894128682,0.05790766396418345,0.47129693837629694,0.5061081851400687
88460,2024-01-26 19:42:56,0,0,0.3388432713863584,0.17585378156456788,0.1216096773270503,0.27067923102114444
9302,2024-01-26 19:46:24,1,0,1.3793443491806137,0.9453788297298125,0.14938935909560458,0.2841768227391759
66008,2024-01-26 19:53:09,0,0,2.3298732484184317,0.3526088597193985,0.16409618550787541,0.7682924941830332
9302,2024-01-26 19:53:48,1,0,1.927250507345886,0.9444239010316723,0.12533264176107894,0.5660629260455632
83294,2024-01-26 20:04:31,0,0,0.0175447413324085,0.6863555719265481,0.824154974315412,0.7323867882479286
37155,2024-01-26 20:08:12,0,1,2.03891320690146,0.8442662738422738,0.4257978624995793,0.5591908404906797
77848,2024-01-26 20:09:46,1,1,1.797916754610596,0.674794561101277,0.8567306872884135,0.06038466069071047
58331,2024-01-26 20:18:41,0,0,1.1024228107189118,0.6091190807300044,0.71253262319471,0.07780833731702719
85080,2024-01-26 20:39:12,1,0,2.1083475778800387,0.8329976318187581,0.937941224647981,0.7477186568874385
99219,2024-01-26 20:41:18,1,0,2.803930483252868,0.08950597714140296,0.05197347979291411,0.05505004632930999
73615,2024-01-26 20:45:49,0,0,0.8950233153153336,0.10022877343124403,0.724696960998519,0.04751617758728821
68275,2024-01-26 21:02:00,0,0,2.478329100440229,0.23285051012712255,0.5127768584130669,0.22043064783903088
74356,2024-01-26 21:32:50,0,1,3.025836842885239,0.7252249329934075,0.260082309938673,0.8860878379536068
47176,2024-01-26 21:39:52,1,1,1.867771343468828,0.3598202151655623,0.32614678120895646,0.986514241590807
66726,2024-01-26 21:42:12,0,0,2.0725333647101944,0.9842023790878625,0.311485613604642,0.43103549283670084
35049,2024-01-26 22:11:17,0,0,0.5291261202842392,0.17194316648508123,0.7460065545074053,0.4789545580211132
22169,2024-01-26 22:13:44,0,0,3.4274720443376094,0.6600125731142583,0.03619894906987775,0.673413359404303
91867,2024-01-26 22:27:14,1,0,1.4803078172241873,0.5692830831076242,0.018570991063338704,0.5468402193104922
13085,2024-01-26 22:28:00,0,0,-0.2414023780529977,0.9682535793320179,0.5282691347241887,0.985417171025675
11099,2024-01-26 22:28:05,0,1,0.7557941211391306,0.9636531378744521,0.3741910456522922,0.16904047941373712
79540,2024-01-26 22:32:08,0,1,2.217231194810525,0.8974858726727898,0.08723320702102322,0.9418032436399464
54647,2024-01-26 22:41:46,0,0,1.497136240386094,0.6452821218410424,0.48815957899663376,0.9147012331592862
97946,2024-01-26 22:50:10,1,0,1.397328308262864,0.3695903950858136,0.4266468807961845,0.7156260708058384
65276,2024-01-26 22:56:37,0,0,2.3509909387784687,0.9539418677551624,0.19565905627770086,0.7698686958886549
73304,2024-01-26 23:41:44,0,0,1.3389385224620682,0.6367095567244132,0.5399455735151113,0.8851001294298169
67542,2024-01-26 23:45:44,1,0,1.2533979172212009,0.538323054720726,0.4727236875708257,0.6472028421745072
26969,2024-01-26 23:47:03,0,1,1.4221058919223442,0.08789500789863602,0.9539372974041862,0.204945077426974
90208,2024-01-26 23:51:45,0,0,-0.5071167856344878,0.8154270376865557,0.7248152279260842,0.8952393714060377
18055,2024-01-27 00:10:09,1,0,-0.526585856687684,0.3788359107124438,0.08415980814604984,0.06317656403710259
2286,2024-01-27 00:27:28,1,0,1.3071083625824218,0.1486608313807134,0.04892780986539613,0.30089898132504733
91572,2024-01-27 00:47:41,1,0,2.68757012080642,0.4540687154369054,0.4107159605289693,0.6297370441990302
24460,2024-01-27 01:05:57,0,0,2.923627220422718,0.37012467272525784,0.43824691750067923,0.44816573256457626
7262,2024-01-27 01:15:07,0,0,0.942430237594596,0.8665607176370772,0.40158410222768404,0.7155276471418754
98371,2024-01-27 01:37:41,1,0,1.9924766135830532,0.4727043822757153,0.5105411850164049,0.7594149849111437
64198,2024-01-27 02:29:47,1,0,0.3451043586900278,0.38649900271216764,0.6380353978199919,0.9509740327800141
67542,2024-01-27 03:12:22,1,0,2.994746418409113,0.8145331412435992,0.4523329783717789,0.11611752058377622
17849,2024-01-27 03:28:21,1,0,2.7818962258649265,0.2656746129878065,0.5238523442998348,0.07146318770818139
43295,2024-01-27 03:46:01,1,1,1.5187588761345878,0.6700042719889606,0.4969200230155847,0.06976997315460576
3635,2024-01-27 04:24:40,1,0,1.1212405446770433,0.7975628665238194,0.6686581540895655,0.7066802467738076
10948,2024-01-27 04:58:15,1,0,0.9868885690033294,0.4057802244856693,0.21869760166940733,0.4455169293787795
78350,2024-01-27 04:58:49,1,0,0.749217465822227,0.7049959759146788,0.9846325263206017,0.49993777637162784
11853,2024-01-27 06:47:40,0,0,1.5042075185344577,0.7294383494912907,0.13541692988147624,0.8997883170664097
27313,2024-01-27 07:03:18,1,0,0.3317494255454293,0.20519380657368258,0.45506662374822704,0.5097307039913084
40311,2024-01-27 07:08:33,1,1,1.6201934882101048,0.110146569774353,0.08490528240691242,0.5854413578276865
50293,2024-01-27 08:46:24,0,0,1.6946885223972068,0.9402270317569366,0.1240393393707262,0.740935557542636
89424,2024-01-27 08:51:46,0,0,0.9701689190554522,0.7984902823241045,0.7898783257771301,0.9957950384485552
30876,2024-01-27 09:08:56,0,1,3.2141898289285016,0.7017286552830626,0.013422308872147792,0.35361160528183777
85824,2024-01-27 09:23:20,0,0,1.7957210808805493,0.8252506740241131,0.0407380526885428,0.7134961920278091
17016,2024-01-27 09:31:51,0,0,0.1730341564530592,0.717351863163975,0.4807606580421502,0.5854523963919389
35836,2024-01-27 09:35:37,0,0,1.0757915499643529,0.7782040159425474,0.8940566737110053,0.07039152772888568
92867,2024-01-27 10:13:30,0,0,0.3759585601207894,0.3720425253957831,0.3109307326817621,0.7478195445511181
12102,2024-01-27 10:24:56,0,1,0.1381548467574884,0.863682055776527,0.6909785355462587,0.9298717715706311
45817,2024-01-27 10:29:33,1,0,0.9343693181134136,0.2956017233876106,0.9948884151163728,0.9534305228053027
95118,2024-01-27 10:34:45,0,0,1.2917110090941066,0.955433702510298,0.8580565738783675,0.18570156018793982
6223,2024-01-27 11:20:05,1,0,2.5275320647572546,0.07167212688675761,0.7589951175266725,0.7043031907344766
19256,2024-01-27 11:40:10,1,0,1.3793589196671123,0.8944409419079241,0.985295647580473,0.38020155543505774
33835,2024-01-27 11:40:51,1,0,3.0225894046649007,0.1479051309209879,0.8612970951949066,0.9223474492215308
41237,2024-01-27 11:42:44,0,1,2.273204022852122,0.4283529550632239,0.30167958784178683,0.614526549718296
68994,2024-01-27 11:44:40,1,0,2.814675348928969,0.34332876255483513,0.6194967958439085,0.9116920626803224
70754,2024-01-27 11:54:26,0,0,2.14599030831256,0.4377714558508793,0.983586475123633,0.6029121294963167
35836,2024-01-27 11:54:46,0,0,1.991436093317513,0.21587529304437092,0.13881148865466664,0.2087273335797164
69529,2024-01-27 11:59:05,0,1,-0.116654448970531,0.08942092606203211,0.2499497414071803,0.677904639443647
4694,2024-01-27 12:01:59,1,0,1.8973614590200245,0.9912040883987693,0.08544504839141664,0.745598498563721
64811,2024-01-27 12:17:59,0,1,1.5980074198707952,0.5451186644406454,0.20317115718001466,0.127919272499753
60574,2024-01-27 12:24:39,0,1,2.3959338744308236,0.7711888618333947,0.32270192169745304,0.39880793702415296
78645,2024-01-27 12:50:16,0,0,0.6833771949381423,0.6579077451949411,0.5376854495833157,0.4533070995767917
69678,2024-01-27 13:04:21,0,0,0.1857124469267177,0.9246377481607674,0.941327976572017,0.8175003252176325
1565,2024-01-27 13:07:07,0,0,1.1880740342990372,0.5847086331986556,0.9598931623357767,0.4812874058397236
55558,2024-01-27 13:20:22,1,0,0.919601606094126,0.7094415059742799,0.00874211783674761,0.24351343132364822
4729,2024-01-27 13:31:59,0,0,0.866170142244966,0.7540787276999793,0.4829688468078368,0.03158318521023995
7349,2024-01-27 13:49:43,0,1,2.035576476984625,0.17718036031745366,0.9902040490801715,0.9239330506054168
57382,2024-01-27 13:51:09,0,0,-0.2518522121799116,0.41899100657097155,0.8349301417662126,0.8163318640747131
72431,2024-01-27 13:57:39,0,1,3.7536910267010817,0.6087692039318704,0.8394781584579757,0.6243619241039859
9364,2024-01-27 14:01:54,1,0,-0.0601538975982671,0.8044756382104409,0.2696295547970592,0.07225072753719264
22824,2024-01-27 14:23:27,0,1,2.029109946576669,0.5172420833860351,0.7264158914742899,0.4276564330579271
68953,2024-01-27 14:23:27,0,1,0.8605709989084254,0.7456924048617501,0.9846915735694519,0.8835779229652517
98170,2024-01-27 14:31:54,1,1,1.67373799497696,0.2644696658265374,0.07784186487200151,0.48471633541993386
87558,2024-01-27 15:05:04,1,1,1.1056539539224712,0.41472858370677423,0.4090194000642554,0.23921983725335316
97856,2024-01-27 15:16:39,0,0,0.4351966488975737,0.941027884773533,0.3730925382344391,0.5769093459735534
71596,2024-01-27 15:33:17,1,0,1.892373374511452,0.8394728456723985,0.8968161003290915,0.7378743304155463
38880,2024-01-27 15:40:11,1,1,0.8379204872657129,0.7404946348325673,0.46211666950562924,0.9985747708506206
68778,2024-01-27 15:46:44,0,1,3.4377769399164624,0.08395366009923111,0.6286662393521446,0.5156059223488548
69553,2024-01-27 16:04:30,1,1,2.0309172780326987,0.9777980429492479,0.39951150971509175,0.6690969654836426
44094,2024-01-27 16:19:54,0,1,1.906701350346508,0.9885868855121029,0.40578546885515465,0.04814553223320783
42416,2024-01-27 16:28:46,0,1,-0.6728344331029379,0.5060137533661488,0.023057569563949,0.020482090236715544
32947,2024-01-27 16:44:51,0,0,0.676077526071449,0.0861203738947719,0.7449149100109039,0.7031202186500771
69553,2024-01-27 16:45:05,1,0,1.0053230066271073,0.917232691797714,0.08876366558897286,0.5167382677445875
95406,2024-01-27 16:53:21,0,0,0.498371443628097,0.42679712218966115,0.2759555889380779,0.5024380353044101
40311,2024-01-27 17:10:29,1,0,2.13142437050273,0.3703382761695705,0.9712142988350229,0.7324724561324656
86344,2024-01-27 17:21:47,0,0,1.2004677210762509,0.527879284521465,0.3096114179231738,0.5699466350373312
73814,2024-01-27 17:34:32,1,0,-0.93600112908413,0.08879365018891106,0.9805103322812865,0.6201291327950664
7408,2024-01-27 17:38:49,1,0,1.3876257715147478,0.6824480651937913,0.22703778578842515,0.059157705386209014
10169,2024-01-27 17:52:18,0,0,2.434018284739522,0.18666751395388004,0.10984326138234146,0.2482338447957151
55605,2024-01-27 17:57:21,1,0,0.3314121425525103,0.266164419024406,0.06202243911737826,0.8865404657392295
64361,2024-01-27 17:58:19,0,0,-1.0182440857996689,0.6276774300622869,0.43768009249943474,0.16839160839745337
84565,2024-01-27 18:08:38,1,1,3.5614382018035733,0.6556091767900982,0.027543164886370763,0.9421755737421292
76852,2024-01-27 18:34:48,0,1,2.131057826046144,0.43482672894817076,0.3104991233588015,0.4143388333132718
18593,2024-01-27 18:55:44,0,0,0.5707086294524615,0.43687128111736817,0.8298783143971727,0.13970087188976676
3206,2024-01-27 19:01:46,0,0,1.398979634739234,0.3752361575256994,0.6648939820712911,0.22984161165696382
79540,2024-01-27 19:06:57,0,0,1.8680664988511728,0.649166437599734,0.8894226071395349,0.14104721992246583
8514,2024-01-27 19:18:31,1,0,0.159514837671081,0.4299358228629018,0.45626282378621086,0.849907640729089
3328,2024-01-27 19:23:58,1,1,0.872219235108286,0.0635086577074776,0.8893131543400006,0.8228705333309045
93395,2024-01-27 19:24:49,1,1,1.6640607749598524,0.043490753425317275,0.9877805206569693,0.14441082213269518
1565,2024-01-27 19:25:42,0,1,1.882389144574879,0.5444200445853373,0.47002827931864044,0.17241471556672694
83483,2024-01-27 19:40:06,1,1,3.4274852836845047,0.02236636972740369,0.6509323596385616,0.9402400641297873
56996,2024-01-27 19:44:16,1,0,1.303742502451328,0.8625315591239001,0.3673710534874919,0.6962102526607666
85564,2024-01-27 19:53:51,1,0,1.1376246052072956,0.5741839904102949,0.1150781849653385,0.12172481218645181
22147,2024-01-27 19:54:33,0,0,0.99517162772339,0.6138154742935551,0.4513241413439403,0.34694554348215834
44875,2024-01-27 19:59:22,0,1,1.247108082771379,0.7435806679574085,0.3209189597277614,0.27627376256119573
22816,2024-01-27 20:00:52,0,0,1.0216981710599162,0.31086975694291263,0.1860189187839113,0.36822300530154095
46758,2024-01-27 20:05:50,0,1,2.3654744726428345,0.766755105058447,0.002770989573245286,0.39788355916918716
15906,2024-01-27 20:14:36,0,0,1.5587978521423151,0.9209658978767129,0.9785963229534628,0.2456476300936924
64339,2024-01-27 20:18:29,0,0,0.3328494862316296,0.037414232875224274,0.6541174261965315,0.15868825025645106
33983,2024-01-27 20:45:07,1,0,-0.1864479781925572,0.4232377747953643,0.16235863487084856,0.3102143616149756
60453,2024-01-27 20:45:44,0,0,2.2251614550998555,0.9315452229004152,0.09450423954522591,0.2400708669142273
61508,2024-01-27 20:45:58,1,1,2.2441043889783523,0.766484761481772,0.7017278963551535,0.36984868439931073
3328,2024-01-27 21:33:19,1,0,1.2961695846287402,0.3723947333444928,0.1168413277138135,0.3880084771021143
97695,2024-01-27 21:41:04,1,0,1.7502011249463192,0.3117627144294385,0.9317144788383596,0.6446137091284484
13325,2024-01-27 21:48:04,0,0,1.5265572504935745,0.21494009579016604,0.6780384341256214,0.7012282499443673
38227,2024-01-27 21:54:23,1,0,1.3149672871517888,0.7291803425190437,0.18264127057790125,0.12325554488924773
86344,2024-01-27 21:55:56,0,1,5.178853679367535,0.7928625840817634,0.9845369539965427,0.38118730159236547
6558,2024-01-27 22:08:35,0,0,2.6278539686940636,0.5765883621539066,0.7355333572587058,0.7648458900159417
42997,2024-01-27 22:17:38,1,0,0.4499844216274447,0.573785316233392,0.6454071659178623,0.730411213301813
5487,2024-01-27 22:35:27,0,0,2.1024665143680576,0.34443738066579244,0.9734839092435361,0.8203881741933096
63707,2024-01-27 22:59:06,0,1,3.90506021406447,0.4882502055915172,0.5152727380588222,0.16272863173982322
86354,2024-01-27 23:06:09,1,1,3.837386675487521,0.518993972348238,0.994346449862262,0.6532219201209749
31912,2024-01-28 00:21:31,0,1,2.908601359892111,0.9392868556255911,0.05599113968295055,0.7584567558382693
513,2024-01-28 01:12:03,1,0,1.030752548534904,0.41594622952392524,0.37306421372862963,0.670815679923456
74796,2024-01-28 01:36:26,0,1,2.0310855877711527,0.13235218312783215,0.8244814928014731,0.30669880134896277
94846,2024-01-28 01:39:20,1,1,2.6665726686095335,0.23927318141898168,0.7198798792336427,0.20237562063242398
43311,2024-01-28 01:57:48,0,0,1.4374484348615333,0.46568434691225746,0.6198998924671664,0.09291673585578153
73814,2024-01-28 02:19:36,1,1,0.1080537466880895,0.2892642221052739,0.9799032285359942,0.573221002048802
49297,2024-01-28 02:29:07,0,0,-0.2107735775251085,0.37906165282197823,0.9089063383965273,0.647232657254856
64831,2024-01-28 02:37:13,1,0,0.3253517818176762,0.4212927605228268,0.19180068146388995,0.10457118439004198
99874,2024-01-28 03:03:53,0,0,1.5054960442082752,0.09201582304206413,0.8352388450545507,0.8592217206002563
73031,2024-01-28 03:05:02,0,1,0.0414085596029689,0.29762804894307615,0.12727424164985623,0.020174719797484753
8514,2024-01-28 03:57:10,1,0,2.155751037498418,0.15585897868680954,0.772886410303048,0.25831730243334317
59707,2024-01-28 04:17:57,0,1,1.593056251227441,0.8045946149388864,0.49498068797280126,0.03571146905987699
57824,2024-01-28 04:21:06,1,1,2.851285574844789,0.2672975031031164,0.8173995371733422,0.5327693051169543
79400,2024-01-28 04:25:38,0,0,0.3154163111721449,0.8994364519178567,0.39507139927274304,0.41250359741125087
62783,2024-01-28 07:04:29,1,0,1.570034196084023,0.4227622826659583,0.21381807568766464,0.026957224672195412
10213,2024-01-28 07:06:46,0,1,1.4151258650669991,0.47416372117448635,0.914067169101084,0.9692226255977694
55064,2024-01-28 08:05:43,1,0,0.9659739973169248,0.5782391604478512,0.12983609230149007,0.16437335422300525
11905,2024-01-28 08:10:31,1,0,1.8992310718111096,0.9282057162889689,0.5915610945674923,0.7376618031092129
96875,2024-01-28 08:28:09,1,0,1.558117011949654,0.04106400170317348,0.8346683514790268,0.6023069390119784
39777,2024-01-28 08:41:21,0,0,2.604409996035354,0.41944351786701894,0.2353634454257022,0.36910178813785455
80211,2024-01-28 08:46:36,0,0,-0.6188652932801901,0.6036018153603804,0.5249614408880655,0.4357702059760743
57824,2024-01-28 08:47:29,1,0,2.2745906653813397,0.5381234030603557,0.5032964650736094,0.7155158378486416
11780,2024-01-28 08:51:32,0,0,2.188336538358937,0.5602730704489164,0.6055104542127315,0.6248829393790949
2803,2024-01-28 09:12:54,0,0,1.4837013936085135,0.2534955983196895,0.7377584730455686,0.7514709519386052
56999,2024-01-28 09:15:56,1,0,1.7772165364561263,0.2927019765439379,0.5970736122120986,0.5747958837989042
33123,2024-01-28 09:40:17,0,0,2.295952688284265,0.13909715851526205,0.5537515222796259,0.06184492755243454
86354,2024-01-28 09:56:05,1,1,2.968997870275858,0.8289368065257046,0.6786930635204381,0.9436914290668507
91689,2024-01-28 10:18:27,1,0,-0.3298910224405813,0.535821354327389,0.3303699727162728,0.017044741691088605
37155,2024-01-28 10:25:31,0,0,0.8003302008271435,0.3500091764270593,0.9324393684231178,0.6790837816771836
46967,2024-01-28 10:26:52,0,1,1.9415887561413177,0.5556587415191221,0.5625068679314454,0.6711017312298919
72446,2024-01-28 10:45:58,0,0,1.2873106025759928,0.3982683839808254,0.20629357112812885,0.10726848722058857
97728,2024-01-28 10:49:54,1,0,1.715538051703999,0.5300430505076826,0.1565440134831807,0.4224083975055376
30700,2024-01-28 10:52:52,0,0,-0.4226006487830172,0.5502069109501939,0.6499509671684256,0.12278725615225339
27259,2024-01-28 10:54:59,0,0,2.006390477619749,0.8025502432392759,0.37147077979768006,0.7226635372590956
93439,2024-01-28 11:19:30,1,0,0.3733684404874674,0.29066429150539397,0.4779283890608773,0.7449261911607634
13757,2024-01-28 11:25:53,1,0,0.7412736136125626,0.2469677622591061,0.050803930858603574,0.6906455091880194
64198,2024-01-28 11:39:15,1,0,0.947041336336972,0.8709983586733593,0.2098699503889997,0.7868175762133303
11840,2024-01-28 11:42:46,1,0,1.7277861503101892,0.2771807037562338,0.916770163655963,0.9135016188609911
26314,2024-01-28 12:24:11,0,1,1.3064938354277191,0.40985710868860037,0.47131434000027783,0.05203966023810491
36484,2024-01-28 12:26:22,1,0,0.4649705456916255,0.2858847022959722,0.5873467346595312,0.587414617841686
39571,2024-01-28 12:37:47,1,0,2.0188112432067427,0.25687003230214545,0.9520711751477339,0.9502096129607045
34431,2024-01-28 12:48:57,0,1,1.9534127296606607,0.5776658441506559,0.14426772811279254,0.22834916291750174
10271,2024-01-28 12:50:47,1,0,2.757766466680822,0.9882929203157561,0.5694521169848782,0.0982686283115849
32026,2024-01-28 12:58:59,0,0,0.061455452690767,0.014492658492478383,0.8114780051139786,0.2415219139517275
92604,2024-01-28 13:19:50,1,1,2.2788642846472387,0.47971803421831805,0.31706050276948516,0.9423713554532105
1498,2024-01-28 13:20:10,0,0,1.942955756109663,0.5681600946911978,0.9031739790382312,0.8933254541944542
39777,2024-01-28 13:32:42,0,0,0.9598759421966708,0.26943703502424243,0.2515236537001724,0.14749123288031007
18954,2024-01-28 13:52:38,0,1,1.0179805801696995,0.9521226009247786,0.909205913246902,0.963355527196298
57596,2024-01-28 14:01:50,0,1,0.0630330672945846,0.046083867376260135,0.6506496236030791,0.8191029593615884
70490,2024-01-28 14:10:05,0,0,1.620754820640757,0.7802395628527897,0.4382365443381835,0.3866403356673568
11905,2024-01-28 14:18:44,1,0,1.3153420177865782,0.3111714868280263,0.7384132921499177,0.27324905648781384
14822,2024-01-28 14:20:37,0,1,2.278575914511806,0.7341852595203819,0.1981076019745759,0.645926233355419
34032,2024-01-28 14:31:51,0,1,1.2927354700485365,0.5567833359189401,0.10533345439626485,0.5425929960266913
44976,2024-01-28 14:33:31,0,1,1.6381674629156584,0.08441301962584069,0.9855869605195919,0.05725888928065881
28443,2024-01-28 14:59:47,0,1,2.083981003314454,0.22526161398938227,0.47914002077111373,0.625368569451801
51342,2024-01-28 15:06:54,0,0,1.2362707705890137,0.9510414273517483,0.11905334580987292,0.47652285563553154
96460,2024-01-28 15:29:49,0,1,2.424965897436149,0.2143584009154358,0.5538150939277606,0.94131692964368
29970,2024-01-28 15:36:28,1,0,1.9272264856887904,0.7969995043963923,0.5679115938065835,0.6174708058036316
31786,2024-01-28 15:36:49,1,0,-0.7630855942339292,0.9241208102001971,0.9062292786393801,0.9549710723830024
83294,2024-01-28 15:37:34,0,0,1.958511253780106,0.9655994352847459,0.34317795890476066,0.7819136439957969
4277,2024-01-28 15:40:19,1,0,3.287450000653147,0.590552618317339,0.1746772289124271,0.7883001462686878
73047,2024-01-28 15:43:46,0,0,0.1296529823425668,0.7783709495149246,0.5363260104580729,0.006704408075329904
79400,2024-01-28 15:46:58,0,0,-0.3234254267632044,0.38792641765207914,0.01920836670095294,0.28648561433883246
91601,2024-01-28 15:48:04,0,1,1.9876807070706888,0.1401079308323,0.027052523826275654,0.8345714178712487
24356,2024-01-28 15:49:28,1,0,-0.8560206898867897,0.5951120472442509,0.7654432660070978,0.0686017189675815
80754,2024-01-28 15:55:48,1,0,-0.0296025948847793,0.6714115601121626,0.4570731773041703,0.9973491898719145
3883,2024-01-28 16:14:30,0,1,0.9921070503764552,0.27490491124204064,0.5238252118231881,0.12946071507624501
77646,2024-01-28 16:14:57,0,1,2.8310318576679743,0.0009309555282298598,0.07129544298964352,0.6440422977328901
26938,2024-01-28 16:56:06,0,0,-0.6022747273509945,0.02994875687071019,0.268335995464544,0.9753297738437421
73304,2024-01-28 17:01:36,0,0,2.287170242508088,0.09810003726845262,0.5152085462987598,0.7462718590940224
15475,2024-01-28 17:06:23,0,0,1.7314943098048676,0.8933697859800107,0.1424210645966295,0.6323011701233074
45515,2024-01-28 17:48:58,0,0,-0.5852546226077653,0.3522291970146544,0.44236280992786947,0.9839864766429001
93439,2024-01-28 17:49:56,1,1,2.0630023683346996,0.03299248836995661,0.5701691464809945,0.06991779557819411
29999,2024-01-28 17:56:23,0,0,-0.5074811997787745,0.9748936113080664,0.41028019979725716,0.5340070890509984
88574,2024-01-28 18:04:11,1,0,2.175685403231016,0.9468801868040216,0.8739053124070105,0.38455894852897765
77646,2024-01-28 18:09:00,0,0,0.4107291409360037,0.1876989959462858,0.22019131528400104,0.2039931603838484
20875,2024-01-28 18:11:57,0,0,0.1714458465663976,0.10730995180812775,0.516996826087412,0.3228005767289477
26623,2024-01-28 18:12:22,1,0,0.8216485654890977,0.6733699605367156,0.2757769424385783,0.1312702814721104
54835,2024-01-28 18:19:23,0,0,1.0049566970090702,0.44767666696450914,0.6934628293245965,0.2263397018906046
93759,2024-01-28 18:38:19,0,1,2.3365831266054347,0.564999622598969,0.6669146368432188,0.8398814886356529
48429,2024-01-28 18:39:26,0,0,1.6123449200984503,0.01453015102185995,0.9694092714147677,0.12046389837367333
84104,2024-01-28 18:49:56,0,0,-0.0865350262342918,0.775104121623784,0.43885578498222,0.8252359969805914
61871,2024-01-28 19:52:54,0,0,0.6879046799537085,0.9556034024713461,0.8103869804211821,0.09502941977944568
28590,2024-01-28 20:12:07,1,1,2.724282677456228,0.2682214639157052,0.3211695115495016,0.07990739869896568
87184,2024-01-28 20:24:50,1,0,-0.1995088275577567,0.8451603466319172,0.3238534051480585,0.8808566316806589
60453,2024-01-28 20:30:18,0,1,0.5577008644405888,0.4887188863963824,0.8957995873683494,0.7134146368310993
76354,2024-01-28 21:00:05,1,0,2.360901587477053,0.26091181006727804,0.1869320511828365,0.7540954116036234
20374,2024-01-28 21:00:31,0,0,1.0989154787631108,0.6990182687507477,0.8259365478354476,0.5414915002534131
69678,2024-01-28 21:17:43,0,0,0.0693964453104877,0.8647155234392119,0.41188046728520444,0.7747552457641521
78645,2024-01-28 21:21:51,0,0,2.161734790014699,0.5017550322349345,0.13377268883239546,0.11403293842822204
73806,2024-01-28 21:21:55,0,0,0.2922612205200633,0.12323408975076833,0.033621979548857484,0.9534122777862025
79469,2024-01-28 21:26:01,1,0,0.7359240300081379,0.5921928975750964,0.8671649676985502,0.10035794118486219
4277,2024-01-28 21:36:42,1,0,-0.085235291142143,0.47365180651294625,0.7008673135376128,0.42958383633292774
60116,2024-01-28 21:53:16,0,1,0.657824833629093,0.8995475896726787,0.993451667274065,0.6095758446756034
84319,2024-01-28 21:59:16,1,0,0.9942324538172168,0.8779270166255987,0.7121779824591131,0.38064130308142996
85907,2024-01-28 21:59:26,0,0,1.1609421366160508,0.7414319780564471,0.08653672269924861,0.3381681289146108
49390,2024-01-28 22:03:40,1,0,0.27460574237176,0.5537838694245082,0.1788359510336892,0.7891359562358178
2812,2024-01-28 22:18:36,1,1,1.5102498170987908,0.5051209082883226,0.8971362046958639,0.2750505322164858
4732,2024-01-28 22:44:08,0,0,0.923801061280196,0.8369898098641422,0.9975624754227206,0.57880076085807
57596,2024-01-28 23:03:43,0,0,-0.6432469698554668,0.3034111423064991,0.637025684339363,0.6500529620503357
96875,2024-01-28 23:10:50,1,0,1.3231975968587075,0.2859985790523616,0.6960123576476025,0.2624789909094901
99067,2024-01-28 23:29:03,0,1,1.779032682213646,0.6168713217285101,0.7563849461921789,0.2632779978525751
75417,2024-01-28 23:34:54,0,1,2.0139852218652923,0.6375149543098724,0.43295292848658484,0.45293162659985065
93626,2024-01-28 23:36:27,0,0,1.6241931142173556,0.13949349701810354,0.23933711510975575,0.18979796012210626
14838,2024-01-28 23:55:41,1,0,0.7324874780847417,0.43472765866159657,0.8605569254121124,0.8882104546245779
86297,2024-01-29 00:26:01,0,0,0.8599245587750394,0.6627378268075567,0.8197508209562573,0.20534536765697753
77116,2024-01-29 00:39:20,0,0,-0.0631487101554229,0.006793212203101695,0.4882693779127987,0.42499904254222987
35427,2024-01-29 00:46:13,1,0,0.5967046870793746,0.5996237684870467,0.13875044552415194,0.2776623765676649
28643,2024-01-29 00:54:09,1,0,0.1183723175236989,0.6916034099680909,0.06411281013432413,0.6613543861673968
2267,2024-01-29 01:02:18,0,0,0.7723223708141722,0.28565095271949625,0.23899322482727314,0.5566325265730271
61305,2024-01-29 01:20:27,0,0,0.0546173206401847,0.4597091030522449,0.279527487180129,0.7726676365334296
23304,2024-01-29 01:20:41,1,0,1.6101305037971094,0.6154478188544334,0.0956303972621595,0.3311923409336347
73974,2024-01-29 01:37:04,0,1,3.2449473786464456,0.1304580194816788,0.5879664787654585,0.5076694655368799
57596,2024-01-29 01:41:56,0,0,1.8067798305481015,0.14886227275650266,0.637792019134589,0.293312712189959
26723,2024-01-29 02:04:54,0,1,0.923754799681232,0.30795083656976796,0.09822157523984842,0.6522993487398767
86070,2024-01-29 02:13:59,0,1,2.397033300015491,0.5115823120675931,0.15699599683425502,0.5874553864370293
10798,2024-01-29 02:32:33,0,0,0.5069757446175815,0.9966214441645503,0.32131794128323143,0.2207654143864245
86645,2024-01-29 02:33:36,0,1,2.9476496098482996,0.4325391255289134,0.9673445052102166,0.31327713576985083
20786,2024-01-29 02:56:08,1,1,1.2482441521864998,0.5631181985470158,0.5435918358489688,0.6872740224194577
85420,2024-01-29 03:12:54,0,1,1.137682040524457,0.6711688369406754,0.9962233515757644,0.9671204728320558
17593,2024-01-29 03:26:50,0,0,-0.225330681582599,0.07175189174836183,0.2512710017043386,0.17792953103617704
24094,2024-01-29 04:12:15,1,0,1.6706143105064206,0.12700968977231875,0.7912338816756036,0.12792721229996862
20536,2024-01-29 04:20:20,1,1,2.3896917053200024,0.47856374871070984,0.7969577525570252,0.9963093291785324
65591,2024-01-29 04:32:57,0,0,-0.5410729965013943,0.27991359117253434,0.9254707697071133,0.31821222779202707
59152,2024-01-29 04:49:35,0,0,0.745498946593385,0.7551086493260907,0.9269665989779348,0.012305816092590849
88203,2024-01-29 04:59:32,0,1,1.8965798864253665,0.9931338311950371,0.42675166155825894,0.24959846307037437
73031,2024-01-29 06:27:35,0,0,0.1939325270484351,0.1068176185599704,0.3221037961045534,0.578529172623566
53854,2024-01-29 06:39:40,0,0,1.6354093010182902,0.14855243476830393,0.09783894117411163,0.7928207980896957
27313,2024-01-29 06:43:03,1,1,1.8525575100818328,0.9377209288734533,0.4006151039029502,0.1880196264490147
60574,2024-01-29 06:48:23,0,0,1.5647422584904072,0.9648732317660125,0.13223599989206203,0.5958413824339206
97774,2024-01-29 07:04:47,1,0,0.3800463361071491,0.9271431552189997,0.3751320408502661,0.6034843068517254
2622,2024-01-29 07:06:42,0,0,1.7232630598237697,0.3457150448839096,0.0350188115959551,0.5863708157774528
4663,2024-01-29 07:43:57,0,1,1.4422711125047851,0.24819001655554018,0.9710613094274634,0.9287427814935242
83485,2024-01-29 08:03:57,0,0,1.4861553100763836,0.0223542761234391,0.4773974240698393,0.5057035701638815
1757,2024-01-29 08:09:11,1,1,0.4643579300738807,0.11831415304604753,0.1819022826356672,0.08738360909171738
940,2024-01-29 08:17:46,0,0,0.6135271272830912,0.9648064832415182,0.2984576976147666,0.3772727951317022
74770,2024-01-29 08:19:39,0,1,2.102553183726267,0.08477401975341614,0.9217736811898897,0.9735599201150179
33123,2024-01-29 08:51:14,0,0,2.7143146799843163,0.23806770681723743,0.5940998661846881,0.7022846089239223
18439,2024-01-29 08:58:52,0,0,-0.2122100237467663,0.16173443737285398,0.5188840436045423,0.10013127907619901
58104,2024-01-29 09:01:33,0,0,0.0247636882473651,0.625589484843764,0.7204214833631668,0.10179608787224392
45817,2024-01-29 09:25:30,1,0,-0.0906599743692848,0.8559141513728332,0.9141324102596478,0.9118264838815944
27770,2024-01-29 09:39:45,1,0,0.956549365491074,0.13435594847547827,0.6775427571649227,0.380849508547052
84567,2024-01-29 10:05:22,0,0,1.8074872340229489,0.18652027695730267,0.5965818859368233,0.884806537551591
33751,2024-01-29 10:05:56,1,0,1.2169618236145243,0.7594101084866527,0.6544684589065147,0.30679023433424646
94797,2024-01-29 10:26:53,0,0,0.0124822201513054,0.6571304585849757,0.4777985224296578,0.6868716939564845
50293,2024-01-29 10:34:51,0,0,1.4552027246371415,0.052303524461078,0.7958976507016068,0.6812132708610033
50293,2024-01-29 10:47:39,0,0,1.3709882249395529,0.39241607931152545,0.11402719962146945,0.18939402329890187
24861,2024-01-29 10:51:23,1,1,2.069919580994825,0.703915220765861,0.2667868812911557,0.8859408873130883
64358,2024-01-29 11:04:22,0,1,1.774568550771901,0.32284136472636804,0.14674853096959628,0.1968928844640243
85080,2024-01-29 11:49:02,1,0,1.783759767397799,0.050989581782907356,0.23002504260582046,0.46860177700409056
86344,2024-01-29 11:50:29,0,0,1.1325697098956522,0.551646455849461,0.3402462254253754,0.312014196778607
25454,2024-01-29 12:00:33,0,0,2.4768086311982076,0.6762053146582433,0.4044272104618527,0.5668806421570306
18439,2024-01-29 12:40:03,0,0,0.0143438310333194,0.08219059632973458,0.17119789835258503,0.8005206271514732
87558,2024-01-29 12:47:39,1,1,0.9066761421126176,0.73370829181717,0.10933240454135229,0.6807299455944376
11996,2024-01-29 13:17:58,0,1,1.5916113727452736,0.2546663589619561,0.2586559250093212,0.7138649212738868
97946,2024-01-29 13:24:22,1,1,0.2960071373896245,0.9519626234658923,0.08697879140759635,0.11844893937093615
29403,2024-01-29 13:31:26,1,0,1.01650517620031,0.7396907518312491,0.8566478827139997,0.09236184448298856
49390,2024-01-29 13:36:43,1,0,1.3571419244288725,0.3277922447895981,0.1240771248209317,0.271034409415308
42810,2024-01-29 13:51:45,0,1,0.8888950990824418,0.13324918597365276,0.30324108339610356,0.4768195940190666
42034,2024-01-29 13:52:23,0,0,1.9873230940269508,0.7546128076955603,0.9939740119812216,0.9319215838111976
61560,2024-01-29 14:06:45,1,0,0.4672643269647253,0.13827860554511884,0.8955404734672253,0.610998601720715
32684,2024-01-29 14:10:53,0,0,-0.061192189335421,0.08769667699784989,0.6190528620145609,0.43867405065873044
33123,2024-01-29 14:24:10,0,1,2.2255598395101805,0.02073555182425557,0.516761001783671,0.5367370803972944
34279,2024-01-29 14:38:04,0,0,0.5926933276815155,0.9163280360975685,0.8288163807677047,0.26686979996128946
65514,2024-01-29 14:54:59,0,0,-0.2040169138360592,0.6441144055226372,0.06984542805865057,0.03668491662254236
94773,2024-01-29 14:55:18,1,1,2.038581122980917,0.17405478814125697,0.5689353253217664,0.4778696491790917
1498,2024-01-29 15:05:36,0,0,1.0749812179898364,0.5784395543513616,0.4998575688501451,0.7207241528264767
64217,2024-01-29 15:07:49,0,0,1.4257145945849077,0.8595057237354116,0.15735630954144142,0.3727449819328992
64217,2024-01-29 15:10:12,0,1,1.5686605617604896,0.9645775699122914,0.6202571835743611,0.4698602821312694
72029,2024-01-29 15:29:03,1,0,1.166448843948228,0.5955720500133561,0.5575128481517224,0.5012457769174415
84319,2024-01-29 15:30:28,1,0,0.2778777297714093,0.7901484115060751,0.27464378396080036,0.0028176822963847936
95739,2024-01-29 15:41:54,0,0,1.4736718908168014,0.6234559218988878,0.0002051998702666813,0.026499077093193102
10336,2024-01-29 15:42:37,1,1,2.288916667168707,0.80649319162239,0.5329878125602595,0.8518495845745782
39571,2024-01-29 15:52:31,1,0,0.9625469150167004,0.6985654071439273,0.5261882399748947,0.7517748400294388
49297,2024-01-29 16:07:38,0,1,1.972017543469782,0.08870006921072104,0.8276474502719459,0.2750629003979853
16445,2024-01-29 16:15:52,1,0,1.0123611319052592,0.6411145947483899,0.8476165269989612,0.9361897967913536
93395,2024-01-29 16:19:00,1,0,0.2961206589502022,0.14828243771156735,0.14601190212005533,0.9901915565239937
28323,2024-01-29 16:27:27,0,0,1.8120962126845996,0.4920585016214589,0.8064051432008047,0.3461608245887057
39571,2024-01-29 16:35:45,1,0,0.399303372230663,0.46135932925847245,0.02816139523728589,0.8276696025547371
83,2024-01-29 16:48:49,1,0,1.3717676405528632,0.5299578968000452,0.03703047993800579,0.46959320356524503
77775,2024-01-29 16:55:37,1,0,-1.2099444596162092,0.29384185792717055,0.028065018810640274,0.8891595158064525
22147,2024-01-29 17:07:10,0,0,1.1711138985312706,0.6800700579739446,0.5033981974179523,0.73864060706669
75280,2024-01-29 17:07:33,1,1,1.377792554705282,0.18233392891487776,0.032223761546002594,0.12056162904381162
62723,2024-01-29 17:27:22,1,0,1.0741661766060218,0.936567211493181,0.4782833569924829,0.080897309776779
58596,2024-01-29 17:27:43,0,1,0.7229835550297719,0.10979202134739274,0.3435758891636319,0.9204266937865108
22691,2024-01-29 17:30:22,0,0,2.9087903584569665,0.8361963258999804,0.9490453076372998,0.023731574348575202
24951,2024-01-29 17:34:53,0,0,0.8396233640547366,0.6852002194807922,0.2463439430603065,0.2648053224151936
89424,2024-01-29 17:43:41,0,1,4.060298170524078,0.10899962873673574,0.5891781247198528,0.3125007737136434
25646,2024-01-29 17:59:47,0,1,1.688253669177553,0.4813150524050175,0.9850740460246264,0.1543987859465712
91572,2024-01-29 18:03:06,1,0,2.425541372371019,0.9639920866208096,0.3869033266064458,0.5326731956617297
57382,2024-01-29 18:09:26,0,0,0.2575304395764216,0.10029970788006404,0.626464443008474,0.35840996410246373
66008,2024-01-29 18:10:40,0,0,0.9348383818593088,0.7855286533524319,0.7493375620998929,0.7693807517638773
35502,2024-01-29 18:22:49,1,0,0.5217228619918053,0.2766937844569938,0.07103336108336333,0.8822599441646807
1477,2024-01-29 18:25:46,1,0,-0.4099534900144448,0.39404515187111266,0.3680663500910507,0.8755285846142805
29585,2024-01-29 18:59:46,1,0,1.589960845362904,0.7606853106199121,0.024824762991403015,0.44854625571984463
34151,2024-01-29 19:07:44,0,0,0.7028552627698579,0.41746444967345675,0.2041317451249579,0.10703906127445895
19364,2024-01-29 19:09:56,1,0,-1.2253631870979826,0.3942246554239015,0.9617871121046819,0.7006684205892035
513,2024-01-29 19:23:55,1,1,3.049339610543407,0.6974486149934885,0.11268540893048606,0.5402757838845547
22766,2024-01-29 19:28:55,1,0,0.2314542102085892,0.7554771813166923,0.023291124335997337,0.11327712427975645
7672,2024-01-29 19:45:38,0,0,1.35241937901004,0.7823673854804736,0.2528325886320464,0.41363407900616755
26723,2024-01-29 19:45:42,0,0,0.486548012950891,0.9394774543419534,0.9381551431398011,0.8031739615641625
60116,2024-01-29 19:52:53,0,0,1.2691857888276576,0.3930245984421329,0.5983178956297026,0.11810550034997214
56276,2024-01-29 20:04:14,1,0,1.886690075406096,0.5146131653474243,0.4481302805266637,0.28350574600432765
11907,2024-01-29 20:17:39,0,0,0.280914521111538,0.36007720207463223,0.46543183439793867,0.3212237764111745
83640,2024-01-29 20:25:59,1,1,0.8280284070992052,0.39572361358255914,0.2772442269390235,0.5964462654666195
86102,2024-01-29 20:50:21,1,0,1.60235283889252,0.8925424238056227,0.9255691818710656,0.3427611396016288
7262,2024-01-29 20:58:52,0,0,1.8488659226354391,0.8943376013752964,0.26599017046183937,0.32962847200578116
26179,2024-01-29 21:12:08,1,0,0.0141250250074542,0.24294781604676763,0.38712829368961665,0.2970224356702409
11907,2024-01-29 21:28:29,0,0,-0.1545856144263249,0.24411962521443997,0.4207687570887024,0.8285149466112405
35244,2024-01-29 21:32:25,0,1,2.4788755385204615,0.23499037669955813,0.06178219934330498,0.5028585997807534
95631,2024-01-29 21:34:30,0,0,0.4554292681050881,0.9283127565957435,0.537229622655344,0.14504611281287838
41542,2024-01-29 21:36:23,0,0,-1.3545506142918935,0.1663413883294642,0.7707311988196619,0.3883486124522273
86070,2024-01-29 21:43:56,0,0,1.4023653484198224,0.9525423091075499,0.862318158779976,0.23898360236155147
18456,2024-01-29 21:58:25,0,0,0.105716978117948,0.08743086305787295,0.26345563195770016,0.7691336032388343
78972,2024-01-29 21:59:42,1,0,0.7925717633031897,0.47696106003747196,0.6481572804210198,0.908712792138782
367,2024-01-29 22:03:34,0,0,0.8388764825436299,0.022936578416491438,0.7019124502595958,0.26860734486088134
65469,2024-01-29 22:21:50,1,1,1.3239826943186312,0.39015594694681854,0.4340719225135873,0.6578858294980532
77296,2024-01-29 22:30:50,0,0,2.670280420787749,0.15999948128111352,0.17033249051853816,0.7071793909590982
55520,2024-01-29 22:37:19,1,0,2.4169444157906472,0.010220420527872087,0.9336488009636229,0.24900348868989763
36571,2024-01-29 22:38:54,0,1,-0.5016998441596545,0.792936571746003,0.6835889502723784,0.6726855016363255
56607,2024-01-29 22:39:37,0,1,1.1669632772039884,0.8808692449474959,0.20180617140000878,0.07141911657873978
98331,2024-01-29 22:47:26,1,0,1.795871988022193,0.8501004397143034,0.28739635553100074,0.31416015009204123
24670,2024-01-29 23:09:52,0,0,1.6784028752966336,0.4702596411955082,0.9579209079647667,0.1317609717220738
56996,2024-01-29 23:15:54,1,0,1.6403023676657362,0.9974283627740875,0.3108975458955706,0.5102569267057909
44843,2024-01-29 23:36:20,1,0,1.9245753565951864,0.23573933337523123,0.8553494833874781,0.5179745211587721
673,2024-01-29 23:47:14,1,1,3.5882761071492624,0.9364305099522636,0.13948046002818082,0.9573277014649223
18120,2024-01-30 00:10:29,0,1,1.6820934513715375,0.3146860661675198,0.45832713553253834,0.3803743295525841
24289,2024-01-30 00:27:04,1,0,1.9346820628963304,0.902371132194894,0.7339663655163013,0.7430239775017246
48429,2024-01-30 00:46:39,0,1,1.8302802035796215,0.11816212187578545,0.5986533979342288,0.7604508086684993
9136,2024-01-30 01:27:30,0,0,1.5605282752728444,0.551499836193543,0.8474500882051808,0.42456573331209657
87064,2024-01-30 02:12:18,1,1,3.6473939976033294,0.9110915541854148,0.23255512686636437,0.3560732740193757
55558,2024-01-30 02:31:24,1,1,1.1329947436765735,0.12860292492482117,0.21753571806473504,0.3899239409823715
85824,2024-01-30 02:49:25,0,0,-0.0548423343185731,0.8802212723749587,0.1681552470526081,0.9021246997763341
36884,2024-01-30 02:50:27,0,0,0.4208050154751006,0.013423636837784692,0.7650584542248605,0.9199517662757266
55558,2024-01-30 03:06:33,1,0,0.5255087705729293,0.8152555453634862,0.6999435026342737,0.7735075165224813
9728,2024-01-30 03:36:51,1,0,1.2294564744446623,0.6818209727288371,0.5337919024154506,0.05194839100476578
71844,2024-01-30 03:54:49,1,0,0.4356867622387581,0.6131219076768136,0.16641353486017152,0.4884419434349928
31250,2024-01-30 04:13:06,0,0,-0.3239920947301105,0.28509537855735667,0.6845715460443752,0.3836516602125757
28236,2024-01-30 04:17:32,0,1,1.8338421580502675,0.6206384156686848,0.42193828253888066,0.05586479413837708
56278,2024-01-30 04:44:45,0,0,-0.2128906345418562,0.27062875922183915,0.3575037651834,0.38530353548656504
53473,2024-01-30 05:31:09,1,1,2.075713287956834,0.9826880651704498,0.7045481568855843,0.7470134240295987
556,2024-01-30 06:02:43,1,1,1.4285507808032627,0.5781700207077756,0.9859483091304054,0.03534493765790425
91576,2024-01-30 06:17:20,0,0,0.8419787712531591,0.7061408155416292,0.4567144267874379,0.12560019684774137
54191,2024-01-30 06:25:11,0,1,2.9874051450464005,0.43903921669370105,0.21763491857858785,0.7342476481080051
40007,2024-01-30 06:25:36,0,0,0.2268048831571232,0.8637737855669767,0.2165929063495582,0.6746778735214227
42155,2024-01-30 06:38:05,0,0,1.7709815891931486,0.18696673954377996,0.8611352689806727,0.5130403958343431
87341,2024-01-30 07:08:12,0,0,1.3784669392929856,0.43821540668381187,0.6259890656262144,0.15995728729070757
89948,2024-01-30 07:44:32,1,1,2.8659686384171534,0.904071218434883,0.5507305941383331,0.9902638104946453
34180,2024-01-30 08:26:04,0,1,3.3634287120856987,0.443145968318566,0.6795685441529318,0.10096974342844867
28006,2024-01-30 08:31:13,1,1,1.9121232575843792,0.5649707686673313,0.5935374783390133,0.04110998807213373
97436,2024-01-30 08:36:26,0,0,0.8927888310477632,0.17842957407784377,0.6946362418561616,0.27219595449379486
13931,2024-01-30 08:38:08,1,0,0.8126007790960159,0.3461755248711229,0.35306036523730167,0.2549355598126385
43479,2024-01-30 08:54:18,1,0,2.341115611681286,0.8335205971642378,0.8944197259315997,0.1454331993410728
8009,2024-01-30 09:09:29,1,1,2.5294134071257224,0.9007615789303055,0.6990800419613232,0.7697033742912446
72330,2024-01-30 09:17:24,0,0,1.4474207112023787,0.7475736746931577,0.5462258771181403,0.5254387096040061
76030,2024-01-30 09:29:45,1,1,2.940289464883589,0.5011023928223228,0.017865164563597213,0.4458565923819452
34608,2024-01-30 09:31:38,1,0,1.3374931388188396,0.7080618436572161,0.7628432949276124,0.09670143347845384
93036,2024-01-30 09:41:10,0,0,1.288838351659376,0.2637552933778863,0.6197374709456331,0.28267684819623184
65412,2024-01-30 09:45:23,1,0,0.6092290578666788,0.6004216771032338,0.3572996952391453,0.5175164126603146
56150,2024-01-30 09:48:58,0,1,0.8491354908144331,0.03771009100273803,0.16597150651408898,0.9244718409229223
35836,2024-01-30 10:12:55,0,0,1.509117569050969,0.20493930096318524,0.9081844726367393,0.21321862907873879
20623,2024-01-30 10:23:03,0,0,1.7831365352724502,0.43532808434891557,0.407665761280386,0.8176263862947961
78436,2024-01-30 10:26:49,1,1,2.309620081909167,0.2398398314993575,0.03679066750288329,0.951889927484434
63509,2024-01-30 10:38:10,1,1,2.589546886035602,0.27914968047936617,0.10705370384979362,0.056452136964277755
29905,2024-01-30 10:44:34,0,0,1.6328391323516085,0.5068308174374093,0.26892037183816353,0.5653302426782559
14504,2024-01-30 11:06:28,0,1,2.21160973279505,0.9005351430259451,0.8652738480384135,0.6244504074375203
65412,2024-01-30 11:18:12,1,1,3.436301756563291,0.47107814826323924,0.37489879926905123,0.9214572134904601
63446,2024-01-30 11:27:51,0,0,1.4052400913064311,0.7216760940856047,0.27705235916082516,0.6210947357626514
73631,2024-01-30 11:53:33,0,0,-0.0051063888453775,0.18053664941601577,0.7463307918917975,0.6881274131990262
33807,2024-01-30 12:29:59,0,0,1.2462780914938585,0.04065640475900123,0.9427962329969987,0.7220461768858424
64198,2024-01-30 12:59:07,1,0,1.195932064443969,0.08892158565523622,0.9175987893272278,0.11929111796450587
82865,2024-01-30 13:01:36,1,1,1.3778322997457415,0.6037610756907599,0.3489477772924985,0.587811395044889
11684,2024-01-30 13:02:09,1,1,3.1575077580211337,0.9419496842250508,0.9385477676168924,0.24440910777571367
39403,2024-01-30 13:08:26,1,1,2.119225861127392,0.5950914443513083,0.05884396530484193,0.7114961104720321
21007,2024-01-30 13:26:14,0,0,0.4479737318405778,0.11761980673153849,0.12561690309446105,0.04523216436797417
37155,2024-01-30 13:38:16,0,0,-0.3432844521102027,0.3079578115774523,0.3539443487065185,0.8838484023318093
58331,2024-01-30 13:45:52,0,1,2.0060166804360713,0.1075034455712498,0.9574962561159035,0.3922007760543146
97184,2024-01-30 13:47:32,1,0,0.3671565451478833,0.6249548170948184,0.6680748968653627,0.9701761220971602
76030,2024-01-30 14:00:25,1,0,0.6668752341163593,0.5815587955510979,0.19901987017884282,0.045937823465068695
62770,2024-01-30 14:02:59,1,0,1.0657716751876616,0.941053135943512,0.09741372255687453,0.39910488049239945
93395,2024-01-30 14:11:58,1,0,1.1703387708067878,0.5128039956949746,0.4477992046750895,0.7447557814860593
39172,2024-01-30 14:34:34,1,0,0.0074671925028103,0.9250597003974556,0.669876080982697,0.556106978187715
97137,2024-01-30 14:34:38,0,0,0.8270668871600712,0.744118383676642,0.12541280099824914,0.007395099389254534
3328,2024-01-30 14:35:17,1,0,2.3421822947732185,0.6799263440505406,0.1372826036687671,0.3863005716418413
23911,2024-01-30 14:39:03,1,0,0.3169243927909887,0.4280084066814356,0.03418133825967118,0.5971140989435805
79881,2024-01-30 15:00:33,1,1,1.6443016844289653,0.3783256197085768,0.1406512301431171,0.3477653025455274
92133,2024-01-30 15:02:08,0,0,2.4508566797431586,0.16549147407093134,0.5305910239388203,0.893261998274235
78436,2024-01-30 15:02:38,1,0,0.8972860533251015,0.45620083643491316,0.9122958872937698,0.20508534766581288
32376,2024-01-30 15:13:05,1,0,1.6211975594529022,0.7046814110363471,0.3177346613377896,0.21681617693789035
34594,2024-01-30 15:28:09,1,0,1.1579333488346957,0.7169759388927776,0.3116668904855696,0.13754695548991502
41631,2024-01-30 15:51:50,1,1,0.1192015720259422,0.12508948474437953,0.8102032215885483,0.3576276150165364
39083,2024-01-30 15:52:28,0,0,0.2837808848887353,0.2000483414013473,0.5931556571747035,0.1104496857913504
37258,2024-01-30 15:55:19,1,1,2.555582088650125,0.9574796578409926,0.9843531188019129,0.2075801386105086
99067,2024-01-30 15:56:25,0,0,1.4611463913598357,0.4464194903111416,0.20768518300004024,0.2026480398125614
98314,2024-01-30 15:58:21,1,0,1.1641473600764247,0.1126995876221295,0.15499811260506846,0.46505413964222675
33835,2024-01-30 16:10:06,1,0,1.469536367015826,0.21685947881119028,0.049276729299694844,0.04848394422453228
1565,2024-01-30 16:14:26,0,0,3.489254169023358,0.6959700657291253,0.0977338026317578,0.6690776771456564
31647,2024-01-30 16:42:43,0,0,0.8117774787080696,0.07612860648404662,0.16715286851653244,0.9721447972002913
39941,2024-01-30 16:52:28,0,1,3.200306258259322,0.8593123111225789,0.3135281578673621,0.6451378774758576
18954,2024-01-30 17:02:25,0,0,0.7838277766780344,0.4506542706886344,0.36985341392662063,0.9084290682401717
37812,2024-01-30 17:12:37,1,1,2.289359156957111,0.6723929517817431,0.7193030290115244,0.08574861275451595
97856,2024-01-30 17:52:26,0,0,1.4903685994018825,0.7463375091427231,0.33528487828472076,0.8262368336190616
93586,2024-01-30 18:07:06,1,0,1.387495847814461,0.05437514745953009,0.7762486291258371,0.7497479659169592
9844,2024-01-30 18:47:47,0,0,0.1542272052741057,0.41679616535288944,0.6788249957428532,0.9630645334679728
79400,2024-01-30 19:09:55,0,0,-0.261123731347135,0.5879293155540399,0.3908896907293823,0.10605559970458012
71596,2024-01-30 19:12:53,1,0,1.8645784512858747,0.3558865359627893,0.8025029927611624,0.7204070002092995
48650,2024-01-30 19:28:32,1,0,0.8756671791510988,0.36787099226874687,0.7795872919217568,0.1773193382586059
81100,2024-01-30 19:58:37,0,1,2.413792317190214,0.3980312700301124,0.8751283455062115,0.9757095203530264
19952,2024-01-30 20:08:37,1,0,1.1014000334052567,0.6674863383486109,0.6631320399160866,0.05191083606350089
66726,2024-01-30 20:10:21,0,1,3.882174880204049,0.9575093456770434,0.9829994732154813,0.9965606816390568
60203,2024-01-30 20:25:35,0,0,2.6898226204410154,0.24243347645718605,0.4228558735458733,0.06450474671456541
93986,2024-01-30 20:33:57,1,0,2.502115147994613,0.9752084383014022,0.5358293273931203,0.45557603469051355
20495,2024-01-30 20:37:28,0,0,2.124795965171238,0.5052912862789889,0.7056769988843743,0.4364687158684122
38679,2024-01-30 21:00:02,0,0,0.9120409490188228,0.3704044722190677,0.7466815692191993,0.9285534003142344
92979,2024-01-30 21:05:35,0,0,0.9174085382548394,0.7323049681322313,0.2331175163581839,0.8352792366690797
64274,2024-01-30 21:31:22,1,0,1.3931409031474242,0.729616248120637,0.602061876066283,0.7378856765814085
67603,2024-01-30 21:35:41,0,0,1.493722714460248,0.899498706081728,0.970019205264838,0.08858833894555429
83485,2024-01-30 22:03:47,0,0,2.0264256805472187,0.23040924825190068,0.4199364835403486,0.5688872126958515
4966,2024-01-30 22:15:01,0,0,0.6563989055996207,0.2761770153631421,0.6204409897703193,0.1444703972873601
78591,2024-01-30 22:26:05,0,1,2.490766708993819,0.5603950699183446,0.18928403400199012,0.2483913289059515
70498,2024-01-30 22:39:34,0,1,1.767730670075765,0.14340829418904533,0.6916367851322137,0.5782407548512655
14295,2024-01-30 22:45:47,0,0,1.921330197877685,0.3218384298537925,0.1542328157295242,0.5120482558305994
71844,2024-01-30 23:19:16,1,1,3.1653075355471767,0.7029586153308113,0.5702936668391824,0.2913110613217006
67030,2024-01-30 23:22:54,0,0,1.3202916840072247,0.5018061699474864,0.980653421052614,0.13330138073887687
35502,2024-01-30 23:25:41,1,0,1.718621625391053,0.4623311340157067,0.7301711308426393,0.7570543826915671
21365,2024-01-30 23:37:07,1,0,0.3078459283071328,0.47927414497330234,0.27686611119951354,0.8050249650646739
93586,2024-01-30 23:37:34,1,1,2.4483240659731593,0.6480079329919742,0.23358603150722335,0.9536665363214938
61718,2024-01-30 23:52:23,0,1,2.886393959567952,0.9630656367974904,0.6811952937371073,0.9168747713872532
46747,2024-01-30 23:57:15,0,0,2.6247850398997947,0.4693813822407561,0.6879480823135468,0.48527053429904365
46221,2024-01-30 23:59:26,0,0,-0.5638146913219246,0.4708889346795092,0.1826362671264521,0.12602935092797274
23683,2024-01-31 00:06:01,0,0,2.1508397491520586,0.5738871327275634,0.8740305899566074,0.8032595557406809
9844,2024-01-31 00:11:17,0,0,1.1897565611626524,0.9549571246851805,0.9375420676633766,0.06435784581166082
1757,2024-01-31 00:23:00,1,1,2.223122018406166,0.7871349318665177,0.9909135082983794,0.28192816320801517
86802,2024-01-31 01:49:06,1,0,0.9045019266903556,0.49075839267824606,0.6014501607237074,0.8081125033161026
68395,2024-01-31 01:50:16,0,1,1.7441679286591767,0.8832197588067501,0.08170380296418467,0.07905405199127857
98256,2024-01-31 01:50:42,1,0,2.519387675645512,0.672782489455413,0.6354773422304232,0.3763646783735376
49714,2024-01-31 02:13:04,0,0,1.3175948908316768,0.6797883007543535,0.877720850955592,0.5074124941341633
19012,2024-01-31 02:19:47,1,0,0.4447740558297948,0.5257316290858148,0.48268282580921573,0.049380745486939825
90603,2024-01-31 02:20:12,1,0,0.1540322582026595,0.3437936547171687,0.68238609150228,0.805578860904786
3328,2024-01-31 04:01:48,1,0,-0.5148944072109338,0.04797113646484674,0.7282077111768029,0.20487745889247666
74566,2024-01-31 04:02:47,0,1,1.0002877713306186,0.7629858552379247,0.5966816525172686,0.2123135873121894
68994,2024-01-31 04:06:57,1,0,0.4518408751562969,0.6536494036491703,0.8782892264609461,0.8309472002291681
196,2024-01-31 04:23:11,0,0,2.9181643946287688,0.8253563228879675,0.5198599569581372,0.6390274353088152
67166,2024-01-31 04:23:37,0,0,2.1295808542274592,0.7469470930448375,0.30762245363254737,0.36806831261578776
36101,2024-01-31 04:31:34,0,0,1.4461378272397865,0.8730531015251682,0.3293028205102694,0.6861450610816988
11097,2024-01-31 05:00:05,1,0,0.7356563027343295,0.4901919136492666,0.20862744054515614,0.17077163667849982
15906,2024-01-31 06:10:09,0,1,0.2765365925945819,0.6856782592531304,0.7039216301192363,0.6545733769895343
31250,2024-01-31 06:34:48,0,0,0.4685430976932051,0.9430855500806576,0.39528612354380444,0.3378093679816797
23292,2024-01-31 07:20:47,1,1,2.4775293372667955,0.6417251217484319,0.6370032478043445,0.29798186680538663
35502,2024-01-31 07:45:41,1,0,1.601103944020014,0.12579854027328086,0.054580892589106256,0.38247713298389663
6787,2024-01-31 08:15:37,0,1,-1.6484128252147836,0.6468430739133303,0.5933436526493356,0.7405116322245582
69879,2024-01-31 08:18:59,0,0,1.6740232023161967,0.8601633037704777,0.5057751692920563,0.37725361573562544
38364,2024-01-31 08:31:20,0,0,1.6625981504252507,0.6271966451971386,0.2550959910406113,0.8025053151066711
63438,2024-01-31 08:37:00,1,0,1.031574122281383,0.5043916612069251,0.09583610268955023,0.8116127609223065
73732,2024-01-31 08:40:13,0,0,1.2861949425543169,0.6213613512990306,0.24069541194883604,0.400607946182555
64217,2024-01-31 09:14:55,0,0,-0.7339224032296623,0.9083875920080862,0.11372079980772454,0.9597962559371762
80944,2024-01-31 09:24:08,1,1,1.515969868427324,0.6342371227534295,0.12123266640122288,0.6496150214252645
93439,2024-01-31 09:25:19,1,0,0.6482808384783441,0.3867115429666804,0.4484828801463143,0.6198464748879541
25455,2024-01-31 09:25:44,0,0,2.7497539194462957,0.5260156243491481,0.3686640227420921,0.3381561293161597
17321,2024-01-31 09:49:12,1,0,-0.8613897552210219,0.5067733054126948,0.5741032399491087,0.15685743382548323
94980,2024-01-31 09:54:10,0,1,2.451768600940984,0.1052279458635682,0.49965476798753017,0.9661814240741531
66756,2024-01-31 09:58:42,0,1,1.964389263809909,0.052650640337136734,0.4541470784390127,0.09937334248667651
72814,2024-01-31 10:10:59,0,0,1.584827637059613,0.8381803826117821,0.9475320137294921,0.068895729689609
35505,2024-01-31 10:21:16,1,0,1.3638870038215731,0.9213615354171377,0.37371779568822383,0.6798911551380019
23290,2024-01-31 10:28:49,0,1,0.9976560193091988,0.7512504613365445,0.1659795442249411,0.4870433775573322
64358,2024-01-31 10:40:43,0,1,2.924357757187434,0.932480302384403,0.15768457875907516,0.3654936757899646
38928,2024-01-31 10:41:59,0,0,1.4726830922386132,0.9871231844407944,0.13477822407096873,0.6435246290067311
89532,2024-01-31 10:44:44,0,1,0.8375712198600695,0.8242555043458692,0.29430054132740724,0.20678169838260174
37258,2024-01-31 11:03:37,1,0,-0.5929754512801433,0.2304947666399001,0.6233928128094545,0.6746369145088058
53689,2024-01-31 11:08:44,0,0,2.8953836254766676,0.7440755112703138,0.02936640062371565,0.22133120726993383
47204,2024-01-31 11:09:23,0,0,0.0063150801573351,0.7294535042618522,0.4591646022229112,0.24709412473031367
48650,2024-01-31 11:32:49,1,1,3.370540988614132,0.29236874638335253,0.25807510247180354,0.9708402152447533
93562,2024-01-31 11:40:51,1,0,0.6960653234798568,0.8785342038610354,0.231935964124651,0.6660262724878893
35502,2024-01-31 11:45:12,1,1,1.2878979581210612,0.2871376159089515,0.5866638732927748,0.4525904380846294
1839,2024-01-31 11:51:32,1,0,-0.9959075861197932,0.38827538440546727,0.8741355339650451,0.6309661036128431
13586,2024-01-31 12:02:50,1,0,0.8138289373358816,0.7893549645600785,0.9915267355730359,0.07900890942955785
52393,2024-01-31 12:08:04,0,1,1.893818069377424,0.1063908207415204,0.744324882806571,0.26676242532346617
56607,2024-01-31 12:18:02,0,0,1.777128459275528,0.9358706058594108,0.3899724095558563,0.8024803517078537
33807,2024-01-31 12:23:45,0,0,1.3861469009921903,0.5243142135865358,0.6234788565013816,0.22309793169923198
49155,2024-01-31 12:37:11,1,0,2.002031993310248,0.9867301236285649,0.5592995644468418,0.7580280094230091
72330,2024-01-31 12:39:53,0,0,-0.987875829601346,0.3039542328425673,0.7823607013780272,0.448481740510294
367,2024-01-31 12:40:01,0,0,1.4023153913566158,0.6905842038868608,0.9419900417776559,0.06425059012025958
91401,2024-01-31 12:51:19,0,0,1.378876912020174,0.37722493272873503,0.03127277622076896,0.006218761448277266
78591,2024-01-31 12:53:50,0,1,1.71720425085243,0.48700156086530144,0.20621563562068912,0.7155579104659853
22691,2024-01-31 13:25:14,0,0,3.2011031387545934,0.5241951308796999,0.7307986499057556,0.8600182132286833
39083,2024-01-31 13:39:40,0,0,0.1039111922242201,0.3648672260537106,0.24325301315982661,0.05386875756809173
59707,2024-01-31 13:41:26,0,0,1.9379989450534132,0.18526604898894605,0.6287948188452459,0.14432276621939766
1876,2024-01-31 13:47:02,1,0,0.9913513739877596,0.11297189310143652,0.5857444193799997,0.6283004754654524
24670,2024-01-31 13:53:05,0,0,2.532627892393128,0.45196886300406347,0.4064103387112631,0.6510750528577729
33152,2024-01-31 13:56:58,0,1,2.61681419968978,0.15168069233211523,0.5767218398722508,0.13423147228627164
70162,2024-01-31 14:04:45,1,0,1.8496702524484936,0.10409873269091185,0.25636263096082834,0.9122357304359713
48421,2024-01-31 14:11:01,0,1,1.9980801468236535,0.30119548502301385,0.6326680470398716,0.49747828620461976
61011,2024-01-31 14:28:45,1,1,-0.9305943758527756,0.6347652720350725,0.8547908780295322,0.9766649168644795
24854,2024-01-31 14:30:27,1,1,3.616874398498608,0.1209297485659514,0.41928259393203937,0.9375532710101996
43479,2024-01-31 14:30:55,1,0,1.0282553715100455,0.8780866360779913,0.24515831907989116,0.9153264562842605
39150,2024-01-31 14:55:49,0,0,1.2442417432305724,0.06708614621809217,0.41942958237327166,0.9114976099745082
38068,2024-01-31 15:16:43,0,0,0.8274780140160158,0.9007156344357984,0.16935371623018614,0.9330730755411207
95638,2024-01-31 15:19:39,0,0,1.2487222603190196,0.011504606962175257,0.4683906271806436,0.10914472621253402
13931,2024-01-31 15:22:30,1,1,2.13102711619342,0.216760990447887,0.525263592245748,0.4365037247075353
76030,2024-01-31 16:05:58,1,0,0.1248903578053041,0.2383663966620163,0.46297062945552203,0.6279778814707154
59680,2024-01-31 16:24:29,0,1,4.242920312402985,0.6192517449033907,0.9218333316679503,0.7653138609604069
54602,2024-01-31 16:24:43,0,0,0.5883238876609383,0.5685496271533688,0.09016126154924464,0.44452121869268013
93562,2024-01-31 16:33:27,1,0,1.3934158051805228,0.9171520662819204,0.5117349097247593,0.015867959492992134
99067,2024-01-31 16:42:21,0,1,2.3358412569330236,0.13420062601897786,0.21851360515249196,0.9212184083039014
42321,2024-01-31 16:44:48,1,0,1.600745162884758,0.8535889738709895,0.37105492904079773,0.5526086034289157
79881,2024-01-31 16:55:35,1,0,-0.9498011756530316,0.3374389743517917,0.5988534957670024,0.9989435935126151
85564,2024-01-31 17:06:24,1,0,1.6918640223370642,0.5479866355790508,0.6019151096058406,0.9689139599649497
99401,2024-01-31 17:08:01,0,1,2.0346118741852557,0.5778526443021618,0.741411952957165,0.4866083082851673
80754,2024-01-31 17:13:05,1,0,1.0441899195560391,0.3165567595322243,0.5535244779418649,0.8609052373374225
89948,2024-01-31 18:10:50,1,0,-0.6458011720890138,0.05046476283847445,0.560823758767363,0.7996787871845403
29585,2024-01-31 18:22:19,1,1,1.257807906002563,0.6314563455495549,0.8010433007454998,0.18321396193006279
9838,2024-01-31 18:33:06,1,0,-1.3499712152446164,0.3843225671086252,0.6129446423631334,0.6170929141018022
75280,2024-01-31 18:42:22,1,0,1.1687475952281896,0.4018754490361621,0.7640752451852924,0.018047728065237578
74796,2024-01-31 18:43:24,0,1,2.408036176881267,0.6214659802385472,0.44798549110504715,0.17567875784365028
37039,2024-01-31 18:44:51,1,1,2.3828857363850493,0.029800568187846932,0.15851465088031802,0.6590334408866263
18593,2024-01-31 18:51:35,0,0,2.371067390768662,0.7347491568306812,0.8556206404341039,0.2225081999328834
54602,2024-01-31 18:56:49,0,0,1.6589105844808725,0.5072833318353097,0.6287508237837683,0.9339142443012928
30360,2024-01-31 19:02:02,0,0,-1.771955630625928,0.9567518546638693,0.4038466231898642,0.8086018038628184
33718,2024-01-31 19:04:57,0,0,3.534992746099831,0.9808554303432117,0.21369965159904103,0.766104890341912
77848,2024-01-31 19:21:14,1,0,0.7309741687733476,0.4889184336708574,0.47463057465435965,0.4346261975998581
75325,2024-01-31 19:33:56,0,0,0.6202640521503668,0.9465204917171385,0.7807622196738415,0.8650226646208359
11009,2024-01-31 19:41:01,0,0,1.5228796669176043,0.5657564198201452,0.8308535509919869,0.553261802390823
49362,2024-01-31 19:52:38,0,0,1.2315468252783206,0.7331448245705856,0.7825464835108489,0.4515810455678573
96479,2024-01-31 19:59:47,1,0,2.228815002716605,0.33661155818925903,0.12542098066163965,0.35380060206247954
29999,2024-01-31 20:17:56,0,1,1.89027254830571,0.22562585322317774,0.6353161017394586,0.15168814077661807
50771,2024-01-31 20:20:39,0,0,0.3532410835204287,0.04677583171732813,0.735456562776972,0.022525503958814586
7508,2024-01-31 20:51:00,1,0,0.6677378437129259,0.7700954950675633,0.10102410014171048,0.09421617230941104
34431,2024-01-31 21:05:23,0,0,-3.3891145848648367,0.2215298780354097,0.4561021932363786,0.802393434059995
54349,2024-01-31 21:23:13,1,0,0.515100007221165,0.24641363205930766,0.6461385152974073,0.6954249742290609
2501,2024-01-31 21:26:46,1,0,1.0073849741303258,0.9306386304193164,0.9068169877563166,0.011132078269897372
2803,2024-01-31 21:31:30,0,0,-0.6864767061901427,0.5640900130421037,0.3447157931439462,0.23491703876402714
98350,2024-01-31 21:49:59,0,0,0.6718571678533394,0.671114194987511,0.7694688978017545,0.46543911988564746
87218,2024-01-31 21:56:08,0,0,2.437259080436076,0.7563076357948716,0.6554709945614344,0.7007609880645781
55605,2024-01-31 21:57:08,1,0,2.81126768155912,0.31900610642404414,0.9167736707909063,0.4162700905026123
31198,2024-01-31 22:00:54,0,0,1.382895095161692,0.04255047226440767,0.8224222772884261,0.03650844611388815
29815,2024-01-31 22:40:58,1,0,-0.4302532832423675,0.7189849711291268,0.56175153509043,0.33005670170425305
97728,2024-01-31 23:38:06,1,0,0.4918790075843131,0.2542091802091827,0.78785745410593,0.6978815257694169
58097,2024-01-31 23:59:25,0,1,0.6352583477984346,0.1903618918913068,0.6014155080950807,0.7912615809218677
