user_id,session_start_dttm,desktop_flag,satisfaction_metric,session_duration_min,purchase_flag,purchase_amount_rub
29614,2024-04-01 01:16:58,0,,16,1,223
96030,2024-04-01 01:44:22,1,,7,0,0
5032,2024-04-01 01:48:39,1,,6,0,0
6584,2024-04-01 01:51:06,0,,7,0,0
28199,2024-04-01 02:14:28,0,,6,1,299
95653,2024-04-01 02:26:47,0,,9,0,0
21072,2024-04-01 02:28:50,0,,1,0,0
7079,2024-04-01 02:33:30,0,,5,0,0
79985,2024-04-01 03:32:54,0,,6,1,293
30360,2024-04-01 03:34:20,0,,12,1,294
21131,2024-04-01 03:43:00,1,,7,0,0
5679,2024-04-01 03:47:33,0,,7,1,279
37812,2024-04-01 03:54:59,0,,11,1,372
29384,2024-04-01 03:55:17,0,,0,1,297
66373,2024-04-01 03:58:09,0,,4,1,319
6558,2024-04-01 04:28:03,0,,9,1,457
2819,2024-04-01 04:42:04,1,,4,0,0
71128,2024-04-01 05:02:27,1,,4,0,0
51112,2024-04-01 05:05:06,0,,9,1,238
15053,2024-04-01 05:37:03,0,,3,0,0
3980,2024-04-01 05:49:25,0,,5,0,0
5027,2024-04-01 05:58:36,1,,8,0,0
17120,2024-04-01 06:18:56,1,,5,1,551
83738,2024-04-01 06:22:51,0,,8,0,0
8731,2024-04-01 06:28:15,1,,2,0,0
81155,2024-04-01 07:38:41,0,,3,0,0
6535,2024-04-01 08:02:14,0,,3,1,283
1314,2024-04-01 08:08:13,1,,10,0,0
53151,2024-04-01 08:16:30,0,,4,0,0
4783,2024-04-01 08:21:23,0,,5,1,425
7573,2024-04-01 08:37:18,0,,5,0,0
66675,2024-04-01 08:44:57,0,,3,0,0
10007,2024-04-01 08:51:36,0,,5,0,0
67248,2024-04-01 08:58:44,0,,8,1,148
9540,2024-04-01 09:06:49,0,,8,0,0
83275,2024-04-01 09:13:02,1,,4,1,451
28148,2024-04-01 09:14:48,0,,3,0,0
40212,2024-04-01 09:22:19,0,,7,0,0
76276,2024-04-01 09:40:53,1,,8,0,0
97916,2024-04-01 09:50:33,0,,7,0,0
93303,2024-04-01 10:13:34,0,,8,0,0
79985,2024-04-01 10:29:39,0,,5,0,0
15963,2024-04-01 10:31:31,0,,4,0,0
16778,2024-04-01 10:32:16,1,,5,0,0
5706,2024-04-01 10:33:21,0,,4,0,0
10208,2024-04-01 10:33:27,1,,5,0,0
11096,2024-04-01 10:44:24,0,,7,1,539
46071,2024-04-01 10:51:02,0,,5,1,362
34440,2024-04-01 11:00:23,0,,8,1,432
33807,2024-04-01 11:06:03,0,,8,0,0
45074,2024-04-01 11:13:46,0,,6,1,702
13187,2024-04-01 11:22:44,0,,8,1,336
40350,2024-04-01 11:24:12,0,,8,0,0
69741,2024-04-01 11:26:52,0,,12,0,0
68899,2024-04-01 11:27:11,1,,6,1,320
7981,2024-04-01 11:33:49,0,,10,0,0
50177,2024-04-01 11:33:52,0,,7,0,0
41031,2024-04-01 11:35:02,0,,5,0,0
24164,2024-04-01 11:48:58,0,,6,1,384
1154,2024-04-01 11:54:23,0,,4,0,0
46074,2024-04-01 12:16:27,0,,3,0,0
60652,2024-04-01 12:21:00,0,,5,0,0
27834,2024-04-01 12:47:36,0,,6,1,429
49380,2024-04-01 13:25:26,0,,7,1,266
38744,2024-04-01 13:35:11,0,,3,1,341
47812,2024-04-01 13:35:16,0,,8,1,343
18485,2024-04-01 13:55:32,0,,1,0,0
31186,2024-04-01 14:00:08,1,,6,0,0
43453,2024-04-01 14:05:37,1,,9,0,0
72853,2024-04-01 14:11:24,0,,10,1,258
5908,2024-04-01 14:21:28,0,,9,0,0
60975,2024-04-01 14:21:30,0,,6,1,190
57786,2024-04-01 14:22:16,0,,8,0,0
33983,2024-04-01 14:35:11,0,,3,0,0
42548,2024-04-01 14:38:13,1,,6,0,0
44194,2024-04-01 15:02:03,0,,6,0,0
7040,2024-04-01 15:08:55,0,,6,0,0
22329,2024-04-01 15:12:02,1,,9,0,0
46561,2024-04-01 15:13:44,0,,8,0,0
18744,2024-04-01 15:17:01,1,,9,0,0
76784,2024-04-01 15:19:23,0,,8,1,182
71895,2024-04-01 15:19:39,1,,7,0,0
82067,2024-04-01 15:37:06,0,,8,0,0
11031,2024-04-01 15:42:24,0,,5,1,232
32555,2024-04-01 15:59:12,1,,7,1,284
28238,2024-04-01 16:00:54,0,,5,1,319
70754,2024-04-01 16:08:39,0,,7,0,0
10686,2024-04-01 16:12:13,0,,8,0,0
37439,2024-04-01 16:19:04,1,,6,0,0
12034,2024-04-01 16:25:34,0,,5,0,0
46628,2024-04-01 16:35:15,1,,3,0,0
84473,2024-04-01 16:37:51,0,,8,0,0
37602,2024-04-01 16:52:09,0,,8,0,0
62063,2024-04-01 16:54:21,1,,2,0,0
40804,2024-04-01 16:56:18,0,,2,0,0
46561,2024-04-01 17:06:27,0,,17,1,291
50177,2024-04-01 17:08:06,0,,9,0,0
36219,2024-04-01 17:11:13,0,,11,0,0
24484,2024-04-01 17:16:44,0,,4,1,724
11097,2024-04-01 17:40:37,0,,7,0,0
45107,2024-04-01 17:41:32,1,,2,1,209
39836,2024-04-01 17:46:43,1,,4,0,0
40767,2024-04-01 17:49:11,1,,6,0,0
59848,2024-04-01 17:50:08,0,,7,1,298
50487,2024-04-01 17:51:46,0,,8,0,0
42668,2024-04-01 18:03:37,0,,8,0,0
62181,2024-04-01 18:08:06,0,,8,0,0
79635,2024-04-01 18:16:59,1,,5,0,0
67179,2024-04-01 18:17:26,1,,4,0,0
51275,2024-04-01 18:19:20,0,,7,0,0
36762,2024-04-01 18:21:44,0,,9,0,0
67429,2024-04-01 18:28:46,0,,5,0,0
83203,2024-04-01 18:31:42,0,,2,1,257
82791,2024-04-01 18:40:21,0,,10,1,246
2622,2024-04-01 18:59:59,1,,5,0,0
33014,2024-04-01 19:10:42,1,,2,0,0
44368,2024-04-01 19:27:18,0,,6,0,0
42668,2024-04-01 19:28:03,0,,9,1,277
7233,2024-04-01 19:38:35,0,,4,0,0
69804,2024-04-01 19:57:01,0,,8,0,0
57066,2024-04-01 20:00:59,0,,4,1,333
68554,2024-04-01 20:29:06,0,,4,1,360
63495,2024-04-01 20:53:08,0,,12,0,0
11606,2024-04-01 20:56:52,0,,4,0,0
77347,2024-04-01 20:56:52,0,,4,1,252
15350,2024-04-01 20:58:15,0,,3,0,0
46604,2024-04-01 20:59:08,0,,7,1,216
67429,2024-04-01 21:04:47,0,,7,1,346
97509,2024-04-01 21:25:38,0,,8,0,0
51663,2024-04-01 21:44:57,0,,8,0,0
47427,2024-04-01 21:58:58,1,,3,1,279
71779,2024-04-01 22:04:26,0,,5,1,401
86577,2024-04-01 22:07:33,0,,4,0,0
17870,2024-04-01 22:16:07,0,,5,0,0
76159,2024-04-01 22:16:08,1,,3,0,0
90965,2024-04-01 22:17:31,0,,7,0,0
33466,2024-04-01 22:29:06,0,,8,0,0
52501,2024-04-01 22:32:20,1,,7,1,629
30832,2024-04-01 22:38:00,1,,8,1,422
41433,2024-04-01 22:42:41,0,,6,1,236
44693,2024-04-01 22:49:07,1,,5,0,0
41868,2024-04-01 22:52:47,0,,6,0,0
44268,2024-04-01 23:04:35,1,,6,0,0
2962,2024-04-01 23:19:14,0,,8,1,202
51422,2024-04-01 23:24:29,0,,6,1,418
68395,2024-04-01 23:37:02,1,,8,0,0
62181,2024-04-01 23:40:06,0,,5,0,0
75374,2024-04-01 23:40:23,0,,3,0,0
2954,2024-04-02 00:01:33,0,,13,1,301
14078,2024-04-02 00:03:28,0,,7,0,0
96030,2024-04-02 00:22:03,1,,7,0,0
25697,2024-04-02 00:35:20,1,,4,1,239
22663,2024-04-02 01:54:06,0,,5,0,0
36541,2024-04-02 02:14:50,0,,4,0,0
40211,2024-04-02 02:23:28,0,,7,1,658
51246,2024-04-02 02:42:35,0,,6,0,0
30832,2024-04-02 03:15:24,1,,9,0,0
60520,2024-04-02 03:20:45,0,,6,0,0
75284,2024-04-02 03:51:38,1,,5,1,507
70773,2024-04-02 04:07:44,0,,9,0,0
98421,2024-04-02 04:11:03,1,,5,0,0
22821,2024-04-02 04:28:06,0,,7,1,539
58192,2024-04-02 04:33:46,0,,4,0,0
28791,2024-04-02 05:00:17,0,,3,0,0
44194,2024-04-02 05:05:43,0,,11,1,178
60652,2024-04-02 05:06:26,0,,8,0,0
58192,2024-04-02 05:27:26,0,,9,1,210
35351,2024-04-02 05:32:47,0,,5,1,470
90469,2024-04-02 06:27:05,0,,3,1,192
34032,2024-04-02 06:39:33,0,,6,0,0
10270,2024-04-02 06:40:07,0,,7,1,367
4783,2024-04-02 07:11:55,0,,3,0,0
20609,2024-04-02 07:27:31,0,,5,1,288
61142,2024-04-02 07:32:25,0,,9,1,233
1313,2024-04-02 07:52:10,0,,9,0,0
10213,2024-04-02 08:15:24,0,,7,0,0
53945,2024-04-02 08:18:19,0,,6,1,213
51246,2024-04-02 08:24:37,0,,7,1,221
34032,2024-04-02 08:24:43,1,,3,1,305
69741,2024-04-02 08:38:06,1,,4,0,0
13117,2024-04-02 08:41:16,0,,3,0,0
88574,2024-04-02 08:57:19,0,,9,1,424
27313,2024-04-02 09:07:26,0,,6,0,0
62526,2024-04-02 09:18:18,0,,2,1,378
81578,2024-04-02 09:22:34,0,,9,1,181
90415,2024-04-02 09:30:05,1,,6,0,0
58282,2024-04-02 09:39:14,0,,5,1,333
98261,2024-04-02 09:40:39,0,,5,0,0
70523,2024-04-02 09:56:06,0,,7,0,0
8531,2024-04-02 09:56:35,0,,4,1,663
40862,2024-04-02 10:28:07,0,,5,1,272
46221,2024-04-02 10:40:41,0,,5,0,0
77347,2024-04-02 10:47:22,1,,4,0,0
99980,2024-04-02 10:55:54,0,,4,1,465
14290,2024-04-02 11:07:35,1,,8,0,0
10692,2024-04-02 11:20:05,1,,3,0,0
52073,2024-04-02 11:34:40,1,,4,0,0
81762,2024-04-02 11:47:11,0,,5,1,289
31359,2024-04-02 11:48:06,0,,4,0,0
86072,2024-04-02 11:53:34,1,,2,0,0
88106,2024-04-02 12:07:43,0,,6,1,416
40212,2024-04-02 12:08:48,0,,7,0,0
35502,2024-04-02 12:09:09,0,,8,0,0
3778,2024-04-02 12:12:21,1,,5,0,0
48869,2024-04-02 12:12:33,0,,7,0,0
40212,2024-04-02 12:14:59,1,,7,1,938
68824,2024-04-02 12:20:24,0,,6,1,353
36422,2024-04-02 12:28:20,0,,5,0,0
34603,2024-04-02 12:38:57,0,,8,1,378
87529,2024-04-02 12:40:28,0,,3,0,0
99953,2024-04-02 12:46:55,1,,5,1,250
71779,2024-04-02 12:53:22,0,,10,0,0
37938,2024-04-02 12:55:12,1,,7,0,0
17015,2024-04-02 13:01:37,0,,1,0,0
78832,2024-04-02 13:16:39,0,,3,1,196
37051,2024-04-02 13:17:45,1,,11,0,0
36191,2024-04-02 13:37:02,0,,6,0,0
83275,2024-04-02 13:42:29,0,,7,0,0
75360,2024-04-02 13:51:17,1,,7,0,0
92266,2024-04-02 13:52:54,0,,4,0,0
4729,2024-04-02 14:02:12,0,,11,0,0
68994,2024-04-02 14:06:18,0,,7,1,339
79591,2024-04-02 14:07:38,0,,5,0,0
64927,2024-04-02 14:07:54,0,,5,1,384
33983,2024-04-02 14:10:27,0,,6,0,0
31445,2024-04-02 14:12:23,0,,3,0,0
18641,2024-04-02 14:22:00,0,,6,0,0
29627,2024-04-02 14:31:59,0,,8,1,237
64203,2024-04-02 14:36:28,0,,4,1,215
46269,2024-04-02 14:43:29,1,,6,0,0
23163,2024-04-02 14:58:56,0,,3,0,0
1896,2024-04-02 15:37:00,1,,8,1,485
28643,2024-04-02 15:40:48,0,,6,0,0
55300,2024-04-02 15:52:49,0,,5,0,0
55256,2024-04-02 15:54:09,0,,9,0,0
56004,2024-04-02 16:05:20,0,,8,0,0
16101,2024-04-02 16:18:40,0,,3,1,489
20421,2024-04-02 16:18:43,0,,3,1,382
23311,2024-04-02 16:34:39,0,,5,0,0
80198,2024-04-02 16:35:50,0,,11,0,0
80616,2024-04-02 16:43:41,0,,7,0,0
60975,2024-04-02 16:56:36,0,,11,1,217
37428,2024-04-02 16:56:52,0,,9,0,0
60166,2024-04-02 17:09:12,1,,4,0,0
30578,2024-04-02 17:11:00,0,,9,0,0
6584,2024-04-02 17:15:00,0,,11,0,0
59007,2024-04-02 17:22:08,0,,6,1,512
8648,2024-04-02 17:31:26,0,,1,0,0
4117,2024-04-02 17:50:42,0,,4,1,338
94926,2024-04-02 17:51:37,0,,5,0,0
15606,2024-04-02 17:59:04,1,,4,0,0
72923,2024-04-02 18:00:42,1,,3,0,0
95981,2024-04-02 18:04:15,0,,8,0,0
2104,2024-04-02 18:07:31,1,,7,0,0
87877,2024-04-02 18:17:34,1,,6,0,0
33014,2024-04-02 18:23:57,0,,9,0,0
2819,2024-04-02 18:38:43,0,,4,0,0
75374,2024-04-02 19:10:01,0,,12,1,286
36541,2024-04-02 19:12:36,0,,5,1,358
33250,2024-04-02 19:12:47,0,,4,0,0
49277,2024-04-02 19:13:26,1,,7,0,0
83539,2024-04-02 19:21:03,0,,9,0,0
75454,2024-04-02 19:21:40,0,,12,0,0
28251,2024-04-02 19:45:49,0,,7,0,0
72159,2024-04-02 19:48:06,0,,3,0,0
60701,2024-04-02 20:00:21,0,,5,1,191
75380,2024-04-02 20:01:45,0,,4,0,0
29081,2024-04-02 20:17:05,1,,5,0,0
15606,2024-04-02 20:24:05,0,,4,0,0
66725,2024-04-02 20:26:22,1,,13,0,0
87530,2024-04-02 20:36:07,0,,9,1,424
58509,2024-04-02 20:36:18,1,,10,1,232
29081,2024-04-02 20:39:55,1,,6,0,0
72853,2024-04-02 20:44:30,0,,8,0,0
75311,2024-04-02 20:56:47,0,,5,0,0
87458,2024-04-02 20:56:58,1,,4,1,335
26347,2024-04-02 21:07:29,0,,7,0,0
56172,2024-04-02 21:10:26,0,,5,0,0
51246,2024-04-02 21:13:07,0,,3,1,303
46561,2024-04-02 21:14:44,0,,3,0,0
46074,2024-04-02 21:23:17,0,,3,0,0
5015,2024-04-02 21:24:46,0,,4,1,173
64038,2024-04-02 21:27:06,1,,3,1,474
84473,2024-04-02 21:31:30,0,,9,1,234
93962,2024-04-02 21:42:48,1,,7,0,0
64305,2024-04-02 21:47:41,0,,4,0,0
33983,2024-04-02 21:48:42,1,,3,1,258
45562,2024-04-02 21:50:36,0,,4,0,0
63140,2024-04-02 21:50:55,0,,8,1,612
23184,2024-04-02 21:52:32,1,,6,0,0
87062,2024-04-02 22:30:09,0,,1,0,0
12203,2024-04-02 22:38:42,1,,7,0,0
94194,2024-04-02 22:45:17,0,,9,1,355
56999,2024-04-02 22:53:25,1,,8,0,0
15600,2024-04-02 23:04:29,0,,3,0,0
60669,2024-04-02 23:10:07,0,,7,1,475
36866,2024-04-02 23:14:55,1,,9,0,0
67457,2024-04-02 23:19:14,0,,10,1,248
12453,2024-04-02 23:19:19,0,,6,0,0
42142,2024-04-02 23:37:23,0,,5,0,0
68505,2024-04-02 23:39:40,0,,6,0,0
13311,2024-04-02 23:48:09,0,,5,0,0
21806,2024-04-02 23:58:46,0,,6,0,0
58282,2024-04-02 23:59:57,0,,5,0,0
87431,2024-04-03 00:06:54,0,,3,0,0
87557,2024-04-03 00:20:15,0,,3,0,0
73659,2024-04-03 00:57:26,1,,7,1,207
40338,2024-04-03 01:21:42,1,,11,1,266
3672,2024-04-03 01:23:07,0,,4,1,371
46628,2024-04-03 01:32:01,0,,5,0,0
42252,2024-04-03 01:44:54,1,,6,0,0
1892,2024-04-03 01:49:21,0,,8,0,0
53102,2024-04-03 02:23:39,0,,10,0,0
22122,2024-04-03 02:25:36,0,,9,0,0
42724,2024-04-03 02:29:22,0,,5,0,0
51666,2024-04-03 02:32:24,0,,6,0,0
84809,2024-04-03 02:57:24,0,,5,1,259
85667,2024-04-03 03:15:06,0,,6,1,362
11776,2024-04-03 03:27:02,0,,4,0,0
18744,2024-04-03 03:45:10,0,,6,0,0
22821,2024-04-03 03:48:51,1,,6,1,362
91068,2024-04-03 03:52:26,0,,2,1,290
61011,2024-04-03 03:54:31,1,,8,0,0
28528,2024-04-03 04:40:53,0,,6,1,304
84264,2024-04-03 05:36:20,0,,10,1,388
22329,2024-04-03 05:36:36,0,,9,1,438
61871,2024-04-03 05:44:38,0,,3,1,360
8267,2024-04-03 06:45:45,0,,5,0,0
10270,2024-04-03 06:52:44,0,,5,0,0
58097,2024-04-03 07:28:45,1,,1,0,0
88061,2024-04-03 08:00:40,0,,6,0,0
6537,2024-04-03 08:01:20,0,,3,1,455
55300,2024-04-03 08:06:12,0,,6,0,0
34594,2024-04-03 08:11:03,0,,6,1,907
68899,2024-04-03 08:16:32,0,,5,1,211
80400,2024-04-03 08:38:19,0,,11,1,279
60264,2024-04-03 08:40:13,1,,8,0,0
50821,2024-04-03 08:54:06,0,,8,0,0
68712,2024-04-03 09:16:32,0,,4,0,0
27834,2024-04-03 09:25:00,0,,8,1,278
20395,2024-04-03 09:28:32,0,,7,0,0
35485,2024-04-03 09:45:53,1,,2,0,0
82971,2024-04-03 10:01:01,0,,3,0,0
6584,2024-04-03 10:09:10,1,,9,0,0
81465,2024-04-03 10:17:08,0,,7,0,0
65350,2024-04-03 10:19:20,1,,10,0,0
82082,2024-04-03 10:25:36,0,,9,1,442
45074,2024-04-03 11:04:03,0,,10,0,0
46823,2024-04-03 11:05:24,1,,2,0,0
19452,2024-04-03 11:14:11,0,,10,0,0
29337,2024-04-03 11:21:01,0,,10,0,0
50395,2024-04-03 11:24:21,0,,9,1,291
37428,2024-04-03 11:51:17,0,,3,1,243
77911,2024-04-03 12:01:53,0,,4,0,0
56004,2024-04-03 12:22:05,0,,6,0,0
72330,2024-04-03 12:27:58,0,,3,1,367
40845,2024-04-03 12:28:07,0,,9,0,0
50487,2024-04-03 12:34:17,1,,12,1,142
23162,2024-04-03 12:38:02,0,,2,1,552
8083,2024-04-03 12:47:19,0,,6,1,460
95434,2024-04-03 12:48:54,1,,6,1,381
86507,2024-04-03 12:51:59,0,,6,1,301
81599,2024-04-03 13:05:52,0,,3,0,0
79200,2024-04-03 13:11:48,0,,10,0,0
15963,2024-04-03 13:24:42,0,,2,0,0
56869,2024-04-03 13:29:45,1,,2,1,339
58154,2024-04-03 13:34:03,0,,6,0,0
94324,2024-04-03 13:41:36,0,,5,1,334
75116,2024-04-03 13:50:50,0,,6,0,0
40350,2024-04-03 14:08:28,0,,5,0,0
22329,2024-04-03 14:08:29,0,,12,0,0
6584,2024-04-03 14:23:45,1,,6,0,0
66373,2024-04-03 14:31:52,0,,3,0,0
91562,2024-04-03 14:40:22,0,,6,1,350
25944,2024-04-03 14:53:52,1,,7,0,0
91056,2024-04-03 15:08:01,1,,6,1,160
96134,2024-04-03 15:10:44,0,,3,0,0
24764,2024-04-03 15:13:34,0,,6,0,0
54191,2024-04-03 15:15:59,0,,9,0,0
96562,2024-04-03 15:17:03,0,,9,0,0
79063,2024-04-03 15:47:47,0,,4,1,220
99808,2024-04-03 15:50:15,0,,8,0,0
81578,2024-04-03 15:50:35,0,,7,0,0
2818,2024-04-03 15:50:49,1,,6,1,685
42779,2024-04-03 15:51:19,1,,9,0,0
67429,2024-04-03 15:53:37,0,,5,0,0
66928,2024-04-03 16:03:33,0,,3,0,0
96950,2024-04-03 16:19:34,0,,12,0,0
10213,2024-04-03 16:25:59,0,,7,0,0
95807,2024-04-03 16:26:05,1,,8,0,0
42423,2024-04-03 16:31:11,1,,4,0,0
68316,2024-04-03 16:37:13,0,,2,0,0
74176,2024-04-03 16:38:30,1,,4,1,418
11905,2024-04-03 16:48:08,0,,3,0,0
9531,2024-04-03 16:51:53,0,,2,0,0
57145,2024-04-03 16:58:03,1,,5,0,0
77463,2024-04-03 16:58:08,1,,5,1,242
89470,2024-04-03 17:15:53,1,,8,0,0
1265,2024-04-03 17:22:59,0,,3,0,0
54573,2024-04-03 17:26:55,1,,11,1,218
77347,2024-04-03 17:30:35,0,,6,1,476
97485,2024-04-03 17:35:14,1,,7,0,0
66063,2024-04-03 17:43:56,0,,5,0,0
64558,2024-04-03 17:46:00,1,,3,0,0
64927,2024-04-03 17:47:03,1,,11,0,0
21541,2024-04-03 17:53:50,0,,5,1,229
942,2024-04-03 18:10:52,0,,6,1,546
68316,2024-04-03 18:16:47,1,,7,0,0
4343,2024-04-03 18:18:02,0,,2,0,0
51919,2024-04-03 18:20:27,0,,12,1,251
78350,2024-04-03 18:20:41,0,,1,0,0
99980,2024-04-03 18:36:57,0,,5,0,0
1890,2024-04-03 18:40:39,0,,7,0,0
95414,2024-04-03 18:42:59,0,,3,1,380
86882,2024-04-03 18:46:53,0,,10,0,0
92406,2024-04-03 18:56:16,0,,4,0,0
20536,2024-04-03 18:57:10,0,,5,0,0
26314,2024-04-03 19:04:46,0,,7,0,0
48573,2024-04-03 19:18:57,1,,10,1,344
67852,2024-04-03 19:20:46,0,,10,0,0
96562,2024-04-03 19:22:02,0,,5,0,0
82347,2024-04-03 19:36:42,0,,5,0,0
97381,2024-04-03 20:21:25,0,,8,1,200
2622,2024-04-03 20:25:00,0,,7,1,287
2800,2024-04-03 20:25:10,1,,2,0,0
68712,2024-04-03 20:33:47,0,,10,0,0
60701,2024-04-03 20:34:10,1,,8,1,176
54535,2024-04-03 20:35:26,0,,7,1,460
37051,2024-04-03 20:37:05,0,,4,1,389
87529,2024-04-03 21:01:02,1,,14,0,0
23059,2024-04-03 21:13:21,0,,4,0,0
80616,2024-04-03 21:19:41,1,,6,1,196
80058,2024-04-03 21:22:47,0,,7,0,0
51422,2024-04-03 21:23:25,1,,7,0,0
24634,2024-04-03 21:43:52,1,,3,1,259
13187,2024-04-03 21:44:34,0,,5,1,528
73036,2024-04-03 21:50:09,0,,9,0,0
44666,2024-04-03 21:50:22,0,,6,1,394
1570,2024-04-03 21:51:07,1,,6,0,0
31359,2024-04-03 22:10:22,0,,9,1,252
49615,2024-04-03 22:15:16,0,,4,0,0
6061,2024-04-03 22:20:34,1,,6,0,0
69804,2024-04-03 22:35:45,0,,1,0,0
48031,2024-04-03 22:39:16,0,,12,1,460
26911,2024-04-03 22:50:55,1,,6,0,0
48201,2024-04-03 23:31:06,0,,2,0,0
28281,2024-04-03 23:34:46,0,,9,0,0
97081,2024-04-03 23:38:13,0,,3,0,0
16617,2024-04-03 23:42:47,0,,2,0,0
60453,2024-04-03 23:49:08,1,,9,1,217
73302,2024-04-03 23:49:58,0,,5,1,351
83275,2024-04-03 23:55:18,1,,3,0,0
49297,2024-04-04 00:19:22,0,,5,0,0
46823,2024-04-04 00:25:00,0,,6,0,0
96965,2024-04-04 00:28:20,0,,8,0,0
93562,2024-04-04 00:40:55,1,,2,0,0
8583,2024-04-04 00:52:05,0,,8,0,0
48025,2024-04-04 01:34:44,0,,6,1,257
21541,2024-04-04 01:36:13,0,,6,0,0
40862,2024-04-04 01:46:39,0,,4,0,0
8155,2024-04-04 02:06:47,0,,8,1,213
26116,2024-04-04 02:12:38,1,,5,0,0
80185,2024-04-04 02:40:52,0,,12,1,299
46561,2024-04-04 03:03:43,0,,11,0,0
87458,2024-04-04 03:25:15,0,,6,1,155
95947,2024-04-04 03:28:33,0,,9,0,0
58097,2024-04-04 03:39:27,0,,6,0,0
26911,2024-04-04 04:58:56,1,,7,1,606
39806,2024-04-04 05:01:21,1,,6,1,203
48788,2024-04-04 05:01:47,0,,7,0,0
93858,2024-04-04 05:52:36,0,,5,0,0
80185,2024-04-04 06:32:08,0,,5,0,0
71895,2024-04-04 06:56:16,0,,12,0,0
79850,2024-04-04 07:14:38,0,,5,1,420
932,2024-04-04 08:04:21,1,,3,1,262
76159,2024-04-04 08:19:02,0,,5,0,0
4202,2024-04-04 08:32:49,0,,6,0,0
46957,2024-04-04 08:36:27,0,,4,0,0
48420,2024-04-04 08:37:00,0,,8,0,0
34609,2024-04-04 08:37:23,0,,2,0,0
67448,2024-04-04 08:49:53,0,,6,0,0
88146,2024-04-04 09:20:34,0,,5,0,0
82971,2024-04-04 09:21:15,0,,7,1,352
51663,2024-04-04 09:24:12,0,,3,0,0
44302,2024-04-04 09:33:22,0,,2,0,0
49380,2024-04-04 09:42:00,0,,6,0,0
16588,2024-04-04 09:44:09,1,,9,1,433
5908,2024-04-04 09:46:18,0,,5,0,0
46396,2024-04-04 09:49:28,0,,5,0,0
4202,2024-04-04 09:53:42,0,,5,0,0
56353,2024-04-04 10:11:58,0,,8,1,678
13664,2024-04-04 10:15:12,0,,7,1,157
94312,2024-04-04 10:22:58,0,,6,0,0
40804,2024-04-04 10:23:55,0,,8,0,0
59610,2024-04-04 10:27:20,1,,4,1,452
68899,2024-04-04 10:33:00,1,,4,0,0
23162,2024-04-04 10:35:14,0,,6,1,401
65694,2024-04-04 10:35:56,0,,3,0,0
93858,2024-04-04 10:54:01,1,,11,1,580
79063,2024-04-04 10:56:28,0,,7,0,0
96030,2024-04-04 11:05:38,0,,4,0,0
71365,2024-04-04 11:10:13,0,,5,0,0
9540,2024-04-04 11:33:23,0,,8,0,0
95489,2024-04-04 11:38:10,0,,5,0,0
8731,2024-04-04 12:02:56,0,,5,1,345
66373,2024-04-04 12:17:11,1,,4,0,0
13664,2024-04-04 12:21:55,0,,10,1,204
60071,2024-04-04 12:27:25,1,,7,0,0
61544,2024-04-04 12:30:15,1,,5,1,244
20621,2024-04-04 12:48:10,0,,8,0,0
57497,2024-04-04 12:50:48,0,,5,0,0
43939,2024-04-04 12:58:15,1,,4,1,338
88106,2024-04-04 13:04:29,0,,6,0,0
98421,2024-04-04 13:16:19,0,,15,0,0
1804,2024-04-04 13:26:16,0,,9,1,309
95326,2024-04-04 13:29:19,0,,9,0,0
59443,2024-04-04 13:44:00,0,,7,0,0
30384,2024-04-04 13:55:02,0,,6,0,0
78472,2024-04-04 13:58:58,1,,8,0,0
57497,2024-04-04 14:02:30,0,,5,0,0
28232,2024-04-04 14:15:18,0,,4,0,0
41031,2024-04-04 14:25:59,1,,7,0,0
51919,2024-04-04 14:41:33,0,,4,0,0
18099,2024-04-04 14:49:43,0,,3,0,0
33983,2024-04-04 14:54:46,1,,6,1,300
86693,2024-04-04 14:55:15,1,,4,1,386
30360,2024-04-04 15:24:41,0,,6,0,0
87378,2024-04-04 15:32:05,0,,7,0,0
45151,2024-04-04 15:32:59,0,,3,0,0
41868,2024-04-04 15:39:08,1,,8,0,0
18731,2024-04-04 15:40:27,0,,8,0,0
44865,2024-04-04 15:42:34,1,,2,0,0
8336,2024-04-04 15:47:22,1,,9,1,288
2784,2024-04-04 15:51:39,0,,8,1,620
67448,2024-04-04 16:02:51,0,,6,0,0
31314,2024-04-04 16:20:19,0,,7,1,247
62271,2024-04-04 16:22:30,0,,3,1,365
87458,2024-04-04 16:23:16,0,,5,1,509
91794,2024-04-04 16:25:31,0,,10,0,0
96450,2024-04-04 17:58:55,0,,8,0,0
67248,2024-04-04 17:59:59,1,,7,0,0
7749,2024-04-04 18:02:34,0,,6,0,0
71128,2024-04-04 18:14:20,0,,6,0,0
71360,2024-04-04 18:15:11,0,,8,0,0
46274,2024-04-04 18:15:21,0,,2,0,0
33718,2024-04-04 18:16:22,0,,9,0,0
4366,2024-04-04 18:27:34,1,,10,0,0
18205,2024-04-04 18:29:10,1,,4,1,135
91794,2024-04-04 18:29:48,0,,6,0,0
26054,2024-04-04 18:34:51,0,,6,1,411
44194,2024-04-04 18:39:11,0,,7,0,0
44666,2024-04-04 18:40:38,0,,5,0,0
23163,2024-04-04 18:42:02,0,,7,0,0
44666,2024-04-04 18:43:57,0,,5,1,449
51889,2024-04-04 18:44:06,1,,2,0,0
89736,2024-04-04 18:45:17,0,,6,0,0
79873,2024-04-04 18:58:57,0,,8,0,0
85042,2024-04-04 19:08:50,0,,6,0,0
8751,2024-04-04 19:21:56,1,,5,0,0
65563,2024-04-04 20:12:53,0,,3,0,0
21541,2024-04-04 20:22:54,1,,7,0,0
99808,2024-04-04 20:30:20,0,,4,0,0
60379,2024-04-04 20:31:27,0,,11,0,0
48201,2024-04-04 20:32:08,1,,9,0,0
88146,2024-04-04 20:46:43,1,,5,0,0
24764,2024-04-04 20:48:36,1,,5,1,284
99980,2024-04-04 20:50:52,0,,4,0,0
54287,2024-04-04 21:01:48,0,,4,0,0
99073,2024-04-04 21:23:10,0,,5,1,430
71360,2024-04-04 21:25:54,1,,2,0,0
28117,2024-04-04 21:33:28,1,,6,0,0
43939,2024-04-04 21:50:05,1,,5,1,336
2121,2024-04-04 22:03:22,0,,4,0,0
61630,2024-04-04 22:04:39,1,,4,1,241
42423,2024-04-04 22:09:21,0,,6,0,0
71747,2024-04-04 22:15:32,1,,8,0,0
95489,2024-04-04 22:16:23,0,,4,0,0
9540,2024-04-04 22:22:07,1,,9,1,375
9728,2024-04-04 22:41:59,1,,5,0,0
15963,2024-04-04 22:46:07,0,,4,0,0
86802,2024-04-04 23:03:14,0,,7,0,0
50395,2024-04-04 23:06:36,0,,9,0,0
20845,2024-04-04 23:09:43,0,,1,0,0
71296,2024-04-04 23:14:08,1,,3,0,0
44021,2024-04-04 23:24:40,0,,9,0,0
39352,2024-04-04 23:26:48,0,,7,0,0
87048,2024-04-04 23:29:47,0,,3,0,0
82865,2024-04-04 23:31:49,1,,7,0,0
68804,2024-04-04 23:41:04,0,,3,1,387
11907,2024-04-04 23:43:00,0,,3,0,0
96123,2024-04-04 23:48:40,0,,7,0,0
36453,2024-04-05 00:34:30,1,,10,1,285
22773,2024-04-05 00:52:05,1,,7,0,0
76030,2024-04-05 00:53:50,1,,3,0,0
11097,2024-04-05 01:19:26,0,,4,0,0
93303,2024-04-05 01:26:03,1,,6,1,303
16655,2024-04-05 01:36:01,0,,4,1,187
27834,2024-04-05 01:42:31,0,,8,1,339
46071,2024-04-05 01:57:47,0,,7,0,0
35185,2024-04-05 01:59:59,0,,7,0,0
8367,2024-04-05 02:02:21,0,,7,0,0
51250,2024-04-05 02:29:39,0,,6,0,0
62706,2024-04-05 02:49:45,1,,9,0,0
43032,2024-04-05 02:56:45,0,,7,0,0
56482,2024-04-05 02:59:00,0,,3,1,250
89766,2024-04-05 02:59:56,0,,4,1,314
29213,2024-04-05 03:21:13,0,,2,1,386
10936,2024-04-05 03:22:13,1,,5,0,0
25788,2024-04-05 03:40:16,1,,5,1,414
84264,2024-04-05 04:11:31,0,,6,0,0
56004,2024-04-05 04:20:46,1,,7,0,0
1896,2024-04-05 04:32:19,0,,1,1,115
32555,2024-04-05 04:35:46,0,,6,0,0
27966,2024-04-05 04:38:46,0,,3,0,0
28112,2024-04-05 05:00:57,0,,8,0,0
15606,2024-04-05 05:06:13,0,,3,0,0
78264,2024-04-05 05:07:21,1,,4,1,204
49277,2024-04-05 05:17:08,0,,8,1,225
98932,2024-04-05 05:32:08,0,,6,1,553
88864,2024-04-05 05:58:56,1,,5,0,0
46561,2024-04-05 06:00:49,0,,5,0,0
82865,2024-04-05 06:15:42,0,,5,0,0
89509,2024-04-05 06:15:42,0,,5,1,222
54287,2024-04-05 06:17:47,0,,9,0,0
37752,2024-04-05 06:31:11,0,,2,0,0
82822,2024-04-05 06:42:05,0,,3,0,0
6553,2024-04-05 07:04:47,0,,7,0,0
36430,2024-04-05 07:17:09,0,,4,0,0
94312,2024-04-05 07:19:29,1,,6,0,0
68316,2024-04-05 07:21:53,0,,9,0,0
86577,2024-04-05 07:31:14,0,,6,1,407
59202,2024-04-05 07:36:43,1,,4,0,0
92406,2024-04-05 08:02:17,1,,2,0,0
54535,2024-04-05 08:06:54,0,,6,0,0
66373,2024-04-05 08:15:38,0,,7,0,0
21113,2024-04-05 08:16:27,1,,4,1,307
31422,2024-04-05 08:33:06,1,,4,0,0
33507,2024-04-05 08:39:24,1,,6,1,362
95807,2024-04-05 08:40:58,1,,12,0,0
62374,2024-04-05 08:54:19,1,,6,0,0
31314,2024-04-05 09:05:50,1,,6,0,0
37439,2024-04-05 09:09:46,0,,6,0,0
18637,2024-04-05 09:17:07,0,,5,0,0
44302,2024-04-05 09:28:55,0,,9,0,0
6501,2024-04-05 09:33:51,1,,6,1,361
29087,2024-04-05 09:37:02,0,,5,0,0
23304,2024-04-05 09:49:50,0,,3,0,0
23304,2024-04-05 10:13:38,0,,2,0,0
50177,2024-04-05 10:19:11,1,,2,0,0
82822,2024-04-05 10:19:29,0,,9,0,0
15600,2024-04-05 10:20:30,1,,6,0,0
11629,2024-04-05 10:28:56,1,,5,0,0
1154,2024-04-05 10:43:01,0,,5,1,311
25944,2024-04-05 11:00:21,0,,7,1,525
45297,2024-04-05 11:03:16,0,,7,0,0
24634,2024-04-05 11:06:47,0,,4,0,0
26054,2024-04-05 11:08:57,0,,4,1,183
87247,2024-04-05 11:10:44,0,,3,1,188
63952,2024-04-05 11:14:42,1,,7,0,0
37039,2024-04-05 11:29:02,0,,4,1,355
18485,2024-04-05 11:36:05,0,,4,0,0
22122,2024-04-05 11:38:45,0,,7,0,0
70523,2024-04-05 11:39:22,1,,10,0,0
58154,2024-04-05 11:43:31,1,,6,0,0
56172,2024-04-05 11:47:18,0,,2,0,0
72923,2024-04-05 11:49:57,0,,6,0,0
93342,2024-04-05 11:52:58,1,,5,1,255
38866,2024-04-05 12:03:12,0,,7,1,240
16552,2024-04-05 12:09:22,0,,4,0,0
68610,2024-04-05 12:09:52,0,,7,1,283
6537,2024-04-05 12:21:12,0,,4,0,0
36453,2024-04-05 12:24:04,1,,5,0,0
46221,2024-04-05 12:29:20,0,,9,1,214
50312,2024-04-05 12:36:01,0,,5,0,0
62671,2024-04-05 12:41:55,1,,6,0,0
75311,2024-04-05 12:45:44,0,,3,0,0
94926,2024-04-05 12:55:03,0,,5,1,314
49615,2024-04-05 13:25:28,0,,6,1,348
49437,2024-04-05 13:29:36,0,,7,0,0
64711,2024-04-05 13:38:35,0,,4,0,0
87564,2024-04-05 13:43:07,0,,7,0,0
21806,2024-04-05 13:45:29,0,,6,1,287
10270,2024-04-05 13:50:38,0,,6,0,0
30032,2024-04-05 13:59:34,1,,6,1,504
76030,2024-04-05 14:07:41,0,,11,1,213
97485,2024-04-05 14:29:34,1,,9,1,312
42778,2024-04-05 14:59:18,1,,12,0,0
77463,2024-04-05 15:01:30,1,,6,0,0
87757,2024-04-05 15:02:30,1,,2,0,0
36255,2024-04-05 15:11:08,0,,6,0,0
64038,2024-04-05 15:14:44,0,,9,1,282
33718,2024-04-05 15:19:06,0,,7,1,395
10995,2024-04-05 15:22:03,0,,9,0,0
65920,2024-04-05 15:32:07,0,,5,1,412
51663,2024-04-05 15:33:50,0,,3,0,0
71942,2024-04-05 15:46:00,0,,7,0,0
34440,2024-04-05 16:09:12,0,,6,0,0
20875,2024-04-05 16:31:34,1,,7,0,0
69532,2024-04-05 16:32:14,0,,7,1,159
69386,2024-04-05 16:35:22,0,,11,0,0
86996,2024-04-05 16:42:05,0,,6,0,0
63658,2024-04-05 16:45:45,1,,8,0,0
43354,2024-04-05 16:49:23,1,,8,0,0
97442,2024-04-05 17:02:03,0,,5,1,360
59202,2024-04-05 17:07:41,0,,7,0,0
93303,2024-04-05 17:13:40,0,,6,0,0
35394,2024-04-05 17:21:17,1,,5,1,603
42056,2024-04-05 17:21:34,0,,9,0,0
78350,2024-04-05 17:22:40,1,,6,0,0
79797,2024-04-05 17:29:49,0,,10,0,0
39806,2024-04-05 17:40:21,0,,5,0,0
55526,2024-04-05 17:51:38,0,,9,0,0
31445,2024-04-05 17:59:52,1,,10,0,0
54191,2024-04-05 18:10:41,1,,2,0,0
16425,2024-04-05 18:31:10,0,,6,1,278
77447,2024-04-05 18:31:49,0,,8,0,0
29087,2024-04-05 18:36:11,1,,10,0,0
81225,2024-04-05 19:05:24,0,,6,1,289
29627,2024-04-05 19:14:11,0,,6,0,0
16725,2024-04-05 19:28:49,0,,6,0,0
87564,2024-04-05 19:29:04,0,,6,0,0
75380,2024-04-05 19:37:04,1,,5,0,0
76276,2024-04-05 19:49:48,1,,9,1,271
90350,2024-04-05 19:53:29,0,,6,0,0
5343,2024-04-05 20:04:56,0,,7,0,0
7573,2024-04-05 20:12:03,0,,3,0,0
26911,2024-04-05 20:25:11,1,,6,0,0
92700,2024-04-05 20:25:36,0,,9,0,0
1817,2024-04-05 20:31:23,0,,2,0,0
89532,2024-04-05 20:32:44,0,,5,0,0
89182,2024-04-05 20:32:52,1,,8,1,285
8648,2024-04-05 21:21:07,0,,6,1,173
96134,2024-04-05 21:22:27,1,,2,1,305
96123,2024-04-05 21:29:36,0,,4,0,0
65582,2024-04-05 21:41:10,0,,5,0,0
45297,2024-04-05 21:56:57,1,,6,1,319
47117,2024-04-05 21:59:19,0,,9,1,260
50312,2024-04-05 22:00:53,0,,2,0,0
45301,2024-04-05 22:01:35,0,,5,0,0
51666,2024-04-05 22:34:28,0,,12,1,303
16665,2024-04-05 22:36:00,0,,4,1,569
78794,2024-04-05 22:52:07,0,,6,1,319
36448,2024-04-05 22:54:21,0,,5,1,343
35286,2024-04-05 22:55:09,1,,7,0,0
16395,2024-04-05 22:56:29,1,,8,1,238
65417,2024-04-05 23:29:07,0,,3,0,0
91068,2024-04-05 23:36:06,1,,7,1,380
1990,2024-04-05 23:55:21,0,,5,0,0
77150,2024-04-06 00:10:10,1,,4,0,0
67248,2024-04-06 00:24:08,0,,3,1,215
82865,2024-04-06 00:55:23,0,,6,0,0
92406,2024-04-06 00:55:54,0,,6,0,0
36255,2024-04-06 01:35:11,0,,2,0,0
94312,2024-04-06 02:04:55,1,,3,0,0
92134,2024-04-06 02:15:53,1,,8,0,0
7349,2024-04-06 02:30:09,0,,5,0,0
82971,2024-04-06 02:37:22,1,,6,0,0
20621,2024-04-06 03:10:02,1,,8,0,0
91840,2024-04-06 03:17:29,0,,6,1,219
99953,2024-04-06 03:26:20,1,,4,0,0
79469,2024-04-06 03:32:11,0,,10,1,469
61011,2024-04-06 03:37:35,0,,5,0,0
28117,2024-04-06 03:43:59,0,,7,0,0
55359,2024-04-06 04:00:30,0,,9,0,0
10813,2024-04-06 04:20:37,1,,1,0,0
70290,2024-04-06 04:29:56,0,,5,0,0
17398,2024-04-06 04:37:01,0,,5,1,323
75454,2024-04-06 04:38:31,0,,5,0,0
55526,2024-04-06 05:16:52,0,,6,0,0
91723,2024-04-06 05:48:37,0,,8,0,0
92809,2024-04-06 06:03:41,1,,6,1,362
89286,2024-04-06 06:22:13,0,,4,1,284
22122,2024-04-06 06:22:32,1,,5,0,0
29384,2024-04-06 06:32:36,0,,4,0,0
81940,2024-04-06 07:00:30,0,,4,1,190
51342,2024-04-06 07:11:01,0,,6,0,0
1740,2024-04-06 07:16:12,0,,1,1,514
20875,2024-04-06 07:30:29,0,,8,0,0
50312,2024-04-06 07:40:44,0,,7,1,324
49152,2024-04-06 07:41:53,0,,9,1,347
82787,2024-04-06 07:50:12,0,,5,0,0
61142,2024-04-06 07:56:11,0,,5,0,0
3778,2024-04-06 08:08:24,1,,9,0,0
47449,2024-04-06 08:21:19,0,,4,0,0
13589,2024-04-06 08:36:06,0,,13,1,549
58104,2024-04-06 08:38:22,0,,6,0,0
82082,2024-04-06 08:38:51,0,,5,1,325
15350,2024-04-06 09:07:08,0,,8,0,0
70290,2024-04-06 09:14:07,1,,10,1,199
87378,2024-04-06 09:16:57,1,,5,1,306
67457,2024-04-06 09:29:43,0,,8,0,0
24519,2024-04-06 09:50:18,0,,7,0,0
48309,2024-04-06 09:58:20,1,,9,0,0
37039,2024-04-06 10:01:14,0,,6,1,491
61160,2024-04-06 10:02:57,0,,6,1,366
58329,2024-04-06 10:29:33,0,,7,0,0
35351,2024-04-06 10:30:54,0,,3,0,0
10847,2024-04-06 10:35:47,0,,5,0,0
63952,2024-04-06 10:44:57,0,,8,0,0
68596,2024-04-06 10:45:08,0,,9,1,447
10406,2024-04-06 10:51:24,0,,6,1,463
21476,2024-04-06 10:51:52,1,,7,0,0
26314,2024-04-06 11:00:04,1,,8,0,0
10169,2024-04-06 11:26:01,0,,3,1,315
4117,2024-04-06 11:28:53,0,,4,0,0
77968,2024-04-06 11:30:55,1,,5,1,180
50312,2024-04-06 11:35:01,0,,7,0,0
78175,2024-04-06 11:50:23,1,,6,0,0
78264,2024-04-06 12:23:42,0,,7,0,0
14078,2024-04-06 12:26:38,0,,5,0,0
81066,2024-04-06 12:27:02,1,,9,1,335
87431,2024-04-06 12:30:59,0,,8,0,0
52501,2024-04-06 12:31:28,0,,6,0,0
57275,2024-04-06 12:43:45,0,,6,0,0
37812,2024-04-06 12:46:04,1,,6,0,0
79200,2024-04-06 13:00:45,1,,6,0,0
46269,2024-04-06 13:08:17,1,,5,0,0
87218,2024-04-06 13:12:24,1,,5,0,0
93720,2024-04-06 13:14:32,0,,7,0,0
80632,2024-04-06 13:24:00,1,,6,0,0
87247,2024-04-06 13:24:42,0,,5,1,392
3712,2024-04-06 13:25:22,0,,3,0,0
7749,2024-04-06 13:29:26,1,,6,1,443
5774,2024-04-06 13:30:55,0,,6,0,0
38929,2024-04-06 13:33:13,0,,4,1,462
10955,2024-04-06 13:43:28,0,,4,1,256
27834,2024-04-06 13:47:58,0,,5,0,0
59790,2024-04-06 14:05:28,1,,5,0,0
98080,2024-04-06 14:17:52,0,,7,0,0
80042,2024-04-06 14:18:27,1,,5,0,0
12187,2024-04-06 14:20:51,0,,6,0,0
31182,2024-04-06 14:25:48,0,,6,0,0
8751,2024-04-06 14:26:43,0,,9,0,0
11907,2024-04-06 14:34:14,1,,7,1,385
77968,2024-04-06 14:37:31,0,,7,1,320
55242,2024-04-06 14:39:44,1,,5,1,337
95793,2024-04-06 14:42:53,0,,8,1,214
37051,2024-04-06 14:55:28,1,,3,0,0
68076,2024-04-06 14:58:12,1,,6,0,0
33807,2024-04-06 15:05:53,0,,9,0,0
23968,2024-04-06 15:08:21,0,,7,0,0
22821,2024-04-06 15:11:47,0,,7,0,0
79200,2024-04-06 15:16:28,0,,3,0,0
45562,2024-04-06 15:33:37,0,,9,0,0
28199,2024-04-06 15:33:40,1,,5,0,0
2894,2024-04-06 15:45:06,0,,4,0,0
51342,2024-04-06 15:55:36,1,,2,1,453
26116,2024-04-06 15:57:13,0,,8,0,0
74060,2024-04-06 16:08:11,0,,6,0,0
85667,2024-04-06 16:11:59,1,,3,1,439
86072,2024-04-06 16:14:25,0,,1,0,0
17072,2024-04-06 16:22:29,0,,3,0,0
36500,2024-04-06 16:22:41,0,,7,0,0
43939,2024-04-06 16:26:49,0,,5,0,0
78328,2024-04-06 16:37:33,0,,6,0,0
23220,2024-04-06 16:54:59,0,,4,1,283
67852,2024-04-06 17:02:52,0,,6,0,0
96118,2024-04-06 17:18:58,0,,6,0,0
53915,2024-04-06 17:27:56,1,,13,0,0
37626,2024-04-06 17:31:32,1,,7,1,285
79874,2024-04-06 17:35:49,1,,5,1,511
43939,2024-04-06 17:38:41,1,,7,1,173
89497,2024-04-06 17:40:16,0,,5,0,0
14290,2024-04-06 17:45:29,0,,4,1,307
96578,2024-04-06 17:46:22,0,,5,0,0
99781,2024-04-06 17:53:40,0,,1,0,0
68505,2024-04-06 18:01:35,0,,4,0,0
13664,2024-04-06 18:06:30,1,,5,1,418
38744,2024-04-06 18:10:47,0,,2,0,0
34032,2024-04-06 18:16:51,0,,7,0,0
75360,2024-04-06 18:23:42,1,,4,0,0
28148,2024-04-06 18:56:31,1,,4,0,0
42715,2024-04-06 19:02:25,0,,7,1,383
32471,2024-04-06 19:08:32,0,,10,0,0
10213,2024-04-06 19:12:08,0,,4,0,0
81974,2024-04-06 19:13:20,1,,6,0,0
12089,2024-04-06 19:18:18,0,,7,0,0
96108,2024-04-06 19:20:55,1,,4,1,496
65563,2024-04-06 19:23:08,0,,9,1,277
66265,2024-04-06 19:23:32,0,,4,0,0
82347,2024-04-06 19:34:04,1,,5,0,0
30032,2024-04-06 19:36:19,0,,12,1,317
28199,2024-04-06 19:59:54,0,,7,1,311
93815,2024-04-06 20:02:23,0,,5,0,0
48201,2024-04-06 20:24:56,0,,4,0,0
44977,2024-04-06 20:25:03,0,,8,0,0
98421,2024-04-06 20:33:25,0,,2,0,0
70346,2024-04-06 20:35:23,0,,7,1,438
44843,2024-04-06 20:49:39,0,,5,1,532
89182,2024-04-06 20:51:40,0,,4,1,334
86996,2024-04-06 21:06:36,1,,5,0,0
72853,2024-04-06 21:06:56,0,,6,1,291
56392,2024-04-06 21:10:07,0,,10,0,0
97406,2024-04-06 21:12:58,1,,12,0,0
1817,2024-04-06 21:16:40,0,,5,0,0
30832,2024-04-06 21:19:56,0,,7,0,0
79194,2024-04-06 21:34:59,0,,6,0,0
6638,2024-04-06 21:37:01,0,,4,0,0
57066,2024-04-06 21:46:44,1,,4,0,0
64203,2024-04-06 21:47:24,0,,6,1,291
23791,2024-04-06 21:47:53,1,,7,0,0
46628,2024-04-06 22:01:50,1,,6,0,0
38744,2024-04-06 22:03:28,0,,5,0,0
85849,2024-04-06 22:06:51,0,,7,0,0
81465,2024-04-06 22:11:01,1,,3,0,0
31454,2024-04-06 22:21:17,0,,4,0,0
55300,2024-04-06 22:31:10,0,,9,1,296
92700,2024-04-06 22:38:33,0,,11,0,0
89286,2024-04-06 22:56:51,0,,5,1,372
89286,2024-04-06 23:08:25,0,,8,1,299
10213,2024-04-06 23:15:27,0,,5,0,0
71128,2024-04-07 00:09:06,1,,8,0,0
70754,2024-04-07 00:09:27,0,,4,0,0
21806,2024-04-07 00:11:19,0,,3,0,0
82774,2024-04-07 00:12:02,0,,6,0,0
37428,2024-04-07 00:15:20,1,,3,0,0
63707,2024-04-07 00:16:59,1,,9,0,0
78381,2024-04-07 00:18:14,0,,4,0,0
34788,2024-04-07 00:19:53,0,,4,0,0
41432,2024-04-07 00:58:38,1,,8,0,0
77463,2024-04-07 01:15:34,0,,11,1,276
47117,2024-04-07 02:16:10,1,,3,1,249
39806,2024-04-07 02:17:23,1,,6,0,0
86693,2024-04-07 02:31:59,1,,3,0,0
36187,2024-04-07 02:34:35,1,,7,0,0
71668,2024-04-07 03:27:37,0,,2,0,0
87564,2024-04-07 03:31:17,0,,6,0,0
95258,2024-04-07 03:38:49,0,,5,0,0
11097,2024-04-07 03:40:31,0,,7,0,0
78264,2024-04-07 03:54:07,0,,6,0,0
66928,2024-04-07 04:15:14,0,,6,0,0
91486,2024-04-07 04:31:31,1,,7,1,354
84207,2024-04-07 05:37:22,0,,11,0,0
10406,2024-04-07 05:45:12,1,,8,0,0
21476,2024-04-07 06:14:54,0,,6,0,0
38133,2024-04-07 06:14:55,0,,7,1,145
43032,2024-04-07 06:17:58,1,,8,0,0
50238,2024-04-07 06:25:16,0,,5,0,0
59790,2024-04-07 06:40:19,1,,6,1,318
2962,2024-04-07 07:05:08,0,,10,0,0
45562,2024-04-07 07:13:57,0,,4,0,0
52930,2024-04-07 07:17:04,1,,7,1,457
88695,2024-04-07 07:33:12,0,,9,0,0
8068,2024-04-07 07:43:02,0,,5,1,369
17120,2024-04-07 07:59:01,0,,7,0,0
70022,2024-04-07 08:05:45,0,,5,1,281
24634,2024-04-07 08:06:22,1,,10,1,314
88061,2024-04-07 08:10:46,0,,7,0,0
68395,2024-04-07 08:29:11,0,,5,0,0
8336,2024-04-07 08:29:34,0,,6,1,261
97489,2024-04-07 08:37:29,0,,7,0,0
35485,2024-04-07 08:41:49,0,,6,0,0
44666,2024-04-07 08:56:47,0,,9,0,0
22773,2024-04-07 09:21:42,0,,4,1,460
9470,2024-04-07 09:23:56,0,,4,0,0
72411,2024-04-07 09:46:44,0,,4,1,202
25546,2024-04-07 09:56:53,0,,2,0,0
94702,2024-04-07 10:10:40,0,,5,0,0
93815,2024-04-07 10:22:52,0,,8,0,0
13664,2024-04-07 10:48:08,0,,5,1,263
62490,2024-04-07 10:57:26,1,,8,1,362
34032,2024-04-07 10:58:15,0,,5,1,446
72330,2024-04-07 10:58:32,1,,5,0,0
60453,2024-04-07 10:59:53,1,,6,0,0
99198,2024-04-07 11:05:18,0,,5,0,0
18731,2024-04-07 11:13:40,0,,6,0,0
22773,2024-04-07 11:18:30,0,,4,0,0
28112,2024-04-07 11:22:31,0,,4,1,305
27834,2024-04-07 11:23:10,0,,8,0,0
26883,2024-04-07 11:23:16,0,,4,0,0
34440,2024-04-07 11:27:03,0,,6,0,0
55175,2024-04-07 11:27:07,1,,5,0,0
22773,2024-04-07 11:32:42,1,,11,1,252
46401,2024-04-07 11:33:31,0,,3,0,0
58104,2024-04-07 11:45:02,0,,3,1,306
56869,2024-04-07 11:46:56,0,,3,0,0
9922,2024-04-07 12:15:57,1,,10,0,0
10530,2024-04-07 12:16:17,1,,6,0,0
79797,2024-04-07 12:29:30,0,,4,0,0
54024,2024-04-07 12:30:58,0,,4,0,0
58192,2024-04-07 12:31:04,0,,3,0,0
44421,2024-04-07 12:37:44,0,,9,0,0
12455,2024-04-07 12:56:14,0,,8,0,0
63952,2024-04-07 13:00:08,1,,11,1,227
93455,2024-04-07 13:03:00,0,,4,0,0
44199,2024-04-07 13:12:40,0,,5,0,0
74081,2024-04-07 13:13:47,1,,1,0,0
87757,2024-04-07 13:13:57,0,,2,1,366
90350,2024-04-07 13:28:37,1,,8,0,0
12455,2024-04-07 13:41:32,0,,9,0,0
8731,2024-04-07 13:44:04,0,,9,0,0
8583,2024-04-07 13:49:52,0,,3,1,360
21806,2024-04-07 13:55:00,1,,7,1,254
33555,2024-04-07 13:57:19,1,,4,1,346
46274,2024-04-07 14:16:32,0,,6,0,0
14826,2024-04-07 14:18:29,0,,7,0,0
47427,2024-04-07 14:22:28,1,,2,0,0
6050,2024-04-07 14:27:59,0,,6,0,0
43939,2024-04-07 14:38:45,0,,8,1,205
8583,2024-04-07 14:47:37,1,,3,0,0
15963,2024-04-07 14:56:12,0,,2,0,0
6050,2024-04-07 14:59:31,1,,6,0,0
1265,2024-04-07 15:01:11,0,,6,0,0
16617,2024-04-07 15:11:35,1,,7,0,0
85468,2024-04-07 15:13:49,0,,7,1,252
51246,2024-04-07 15:16:19,0,,3,0,0
15963,2024-04-07 15:24:40,0,,5,0,0
80616,2024-04-07 15:31:20,0,,6,1,248
35836,2024-04-07 15:36:25,1,,2,0,0
62583,2024-04-07 15:44:54,0,,5,1,271
66928,2024-04-07 15:47:07,0,,3,0,0
77042,2024-04-07 15:50:21,0,,3,0,0
67448,2024-04-07 15:59:28,1,,6,0,0
1379,2024-04-07 16:05:51,0,,8,1,288
54535,2024-04-07 16:06:28,1,,7,1,417
79469,2024-04-07 16:07:49,1,,5,0,0
88658,2024-04-07 16:11:50,0,,8,1,280
5774,2024-04-07 16:26:01,0,,11,0,0
99725,2024-04-07 16:26:34,0,,6,1,249
17072,2024-04-07 16:27:32,1,,7,1,172
77113,2024-04-07 16:28:17,0,,5,0,0
87218,2024-04-07 16:41:24,1,,3,1,278
35481,2024-04-07 16:50:21,0,,8,1,283
11443,2024-04-07 17:00:23,0,,8,0,0
46957,2024-04-07 17:03:02,1,,5,0,0
87062,2024-04-07 17:03:02,1,,7,0,0
37051,2024-04-07 17:05:27,1,,6,1,527
97508,2024-04-07 17:15:07,0,,6,0,0
46274,2024-04-07 17:18:52,0,,5,0,0
64011,2024-04-07 17:19:33,0,,2,1,550
30961,2024-04-07 17:25:21,0,,3,0,0
41040,2024-04-07 18:07:42,1,,3,0,0
82347,2024-04-07 18:14:47,0,,8,0,0
51769,2024-04-07 18:51:57,0,,5,1,335
99198,2024-04-07 18:54:22,0,,3,1,358
19540,2024-04-07 19:08:25,1,,5,0,0
86713,2024-04-07 19:20:26,0,,9,1,420
77347,2024-04-07 19:20:38,0,,1,0,0
93342,2024-04-07 19:21:54,1,,7,0,0
54535,2024-04-07 19:24:23,1,,7,1,728
29815,2024-04-07 19:33:04,1,,9,1,245
36453,2024-04-07 19:36:51,0,,4,0,0
92134,2024-04-07 19:37:47,0,,2,0,0
42571,2024-04-07 19:43:44,0,,5,1,170
28447,2024-04-07 19:47:27,0,,4,0,0
88658,2024-04-07 19:47:48,0,,6,0,0
76892,2024-04-07 19:59:45,0,,10,0,0
88574,2024-04-07 20:10:14,1,,3,0,0
51250,2024-04-07 20:36:48,1,,6,0,0
46074,2024-04-07 20:38:58,0,,7,1,350
46396,2024-04-07 20:45:23,0,,5,0,0
6267,2024-04-07 21:11:46,1,,6,1,146
92936,2024-04-07 21:21:28,0,,3,0,0
40211,2024-04-07 21:24:45,0,,10,0,0
3330,2024-04-07 21:29:25,0,,7,0,0
62526,2024-04-07 21:46:24,0,,4,1,342
12796,2024-04-07 21:48:16,0,,7,0,0
81481,2024-04-07 21:49:46,0,,4,1,394
79063,2024-04-07 22:03:27,0,,4,0,0
75454,2024-04-07 22:13:07,0,,9,0,0
30360,2024-04-07 22:16:28,1,,5,0,0
83275,2024-04-07 22:17:40,0,,4,0,0
56869,2024-04-07 22:22:05,1,,8,0,0
49471,2024-04-07 22:27:54,0,,7,0,0
85907,2024-04-07 22:33:03,0,,8,1,312
26541,2024-04-07 22:46:01,0,,7,0,0
60975,2024-04-07 22:49:14,0,,8,0,0
67457,2024-04-07 23:08:33,0,,9,0,0
68994,2024-04-07 23:20:41,0,,5,0,0
17355,2024-04-07 23:23:17,0,,3,0,0
95326,2024-04-07 23:36:46,0,,5,1,145
82971,2024-04-07 23:41:23,0,,8,0,0
15053,2024-04-07 23:41:32,1,,7,0,0
31445,2024-04-07 23:42:25,1,,3,0,0
55558,2024-04-08 00:06:36,1,,8,0,0
92134,2024-04-08 00:23:50,1,,9,0,0
17398,2024-04-08 00:40:23,0,,10,0,0
81974,2024-04-08 00:44:05,1,,5,0,0
61861,2024-04-08 00:49:44,0,,8,1,315
82774,2024-04-08 01:47:43,0,,6,1,277
37973,2024-04-08 01:48:30,0,,4,1,458
93562,2024-04-08 02:20:21,0,,1,0,0
18731,2024-04-08 02:41:17,0,,6,0,0
55359,2024-04-08 02:46:22,0,,4,1,502
53153,2024-04-08 02:50:45,0,,5,1,460
49297,2024-04-08 02:52:53,1,,7,0,0
58272,2024-04-08 03:04:12,0,,5,1,263
19492,2024-04-08 03:39:22,0,,1,0,0
33983,2024-04-08 03:47:26,0,,7,0,0
5820,2024-04-08 03:55:56,0,,5,0,0
93815,2024-04-08 04:31:25,0,,8,1,295
68804,2024-04-08 04:34:00,0,,6,0,0
36568,2024-04-08 04:38:34,0,,2,0,0
88106,2024-04-08 04:51:17,0,,6,0,0
1379,2024-04-08 04:58:09,0,,4,0,0
33555,2024-04-08 05:02:44,0,,7,1,298
76030,2024-04-08 05:03:50,0,,5,1,409
12796,2024-04-08 05:42:26,0,,7,1,641
6584,2024-04-08 05:54:58,0,,8,0,0
44194,2024-04-08 06:15:13,0,,7,0,0
28737,2024-04-08 06:51:49,0,,6,0,0
17164,2024-04-08 07:14:44,0,,8,1,342
68505,2024-04-08 07:15:33,0,,3,0,0
10651,2024-04-08 07:36:26,1,,5,0,0
57972,2024-04-08 07:50:36,0,,2,1,255
15600,2024-04-08 08:14:53,0,,8,1,261
53153,2024-04-08 08:22:24,0,,1,0,0
63160,2024-04-08 08:41:01,0,,1,0,0
5343,2024-04-08 08:41:02,0,,4,0,0
43248,2024-04-08 08:41:08,0,,8,0,0
16602,2024-04-08 08:49:16,0,,7,0,0
78264,2024-04-08 08:58:37,1,,4,0,0
87218,2024-04-08 09:01:47,1,,3,0,0
7496,2024-04-08 09:05:04,0,,9,0,0
51082,2024-04-08 09:27:56,0,,7,1,529
58209,2024-04-08 09:32:02,0,,5,0,0
20536,2024-04-08 09:56:01,1,,7,1,150
33307,2024-04-08 09:56:24,0,,5,1,370
81345,2024-04-08 10:10:56,0,,6,0,0
78489,2024-04-08 10:18:02,1,,3,0,0
59524,2024-04-08 10:21:22,0,,5,0,0
49561,2024-04-08 10:21:30,0,,8,0,0
59007,2024-04-08 10:30:58,0,,5,0,0
45186,2024-04-08 10:36:41,0,,6,1,357
7085,2024-04-08 10:45:10,0,,8,0,0
97485,2024-04-08 10:49:00,0,,9,0,0
84207,2024-04-08 10:53:07,0,,6,1,279
7433,2024-04-08 11:02:30,1,,5,0,0
81465,2024-04-08 11:05:41,0,,5,0,0
54191,2024-04-08 11:13:55,1,,1,0,0
7981,2024-04-08 11:16:41,0,,6,0,0
61325,2024-04-08 11:19:25,0,,4,1,260
48881,2024-04-08 11:20:25,0,,8,0,0
36762,2024-04-08 11:25:06,1,,10,0,0
39571,2024-04-08 11:38:56,0,,4,1,219
5774,2024-04-08 11:44:08,1,,4,0,0
31666,2024-04-08 11:52:01,1,,4,0,0
58208,2024-04-08 12:00:13,0,,6,0,0
10169,2024-04-08 12:04:05,1,,5,1,233
18462,2024-04-08 12:04:19,1,,1,1,346
76276,2024-04-08 12:05:03,0,,7,0,0
24634,2024-04-08 12:05:09,0,,7,0,0
52898,2024-04-08 12:06:14,0,,10,0,0
18218,2024-04-08 12:17:42,0,,4,0,0
25944,2024-04-08 12:26:55,0,,7,0,0
53915,2024-04-08 12:27:34,0,,7,0,0
89532,2024-04-08 12:34:01,0,,5,1,313
47552,2024-04-08 12:43:56,0,,10,0,0
44693,2024-04-08 12:49:43,1,,10,0,0
35185,2024-04-08 12:54:34,0,,4,0,0
45100,2024-04-08 12:57:49,0,,8,0,0
56004,2024-04-08 13:12:53,1,,7,1,523
28199,2024-04-08 13:13:16,1,,4,1,250
68076,2024-04-08 13:19:42,1,,7,0,0
12089,2024-04-08 13:29:44,0,,4,0,0
49152,2024-04-08 13:31:38,0,,8,0,0
78529,2024-04-08 13:33:24,1,,5,1,176
39943,2024-04-08 13:53:47,0,,7,0,0
91794,2024-04-08 13:54:38,0,,5,0,0
88658,2024-04-08 13:56:03,1,,3,0,0
65286,2024-04-08 14:11:40,0,,6,1,329
16008,2024-04-08 14:39:55,0,,7,1,304
63160,2024-04-08 14:47:51,1,,7,1,307
87596,2024-04-08 14:57:34,1,,7,0,0
49302,2024-04-08 15:24:14,0,,2,1,228
44693,2024-04-08 15:36:45,0,,7,1,216
2616,2024-04-08 15:46:58,0,,6,0,0
86693,2024-04-08 15:58:58,0,,7,1,300
93815,2024-04-08 16:01:19,0,,5,1,574
24806,2024-04-08 16:18:36,0,,5,0,0
66144,2024-04-08 16:26:58,0,,5,1,296
79873,2024-04-08 16:31:09,0,,11,1,225
20621,2024-04-08 16:35:26,0,,5,0,0
56482,2024-04-08 16:37:21,0,,6,1,454
79194,2024-04-08 16:49:58,1,,6,0,0
86577,2024-04-08 16:56:37,0,,12,0,0
43743,2024-04-08 17:43:01,0,,4,1,328
95434,2024-04-08 17:46:11,0,,1,1,346
49973,2024-04-08 17:55:55,1,,8,1,231
90415,2024-04-08 17:57:09,1,,4,0,0
46561,2024-04-08 18:02:36,0,,1,0,0
83203,2024-04-08 18:08:18,1,,5,0,0
5434,2024-04-08 18:28:07,0,,6,1,276
41542,2024-04-08 18:33:56,0,,10,1,358
70314,2024-04-08 18:50:49,0,,5,1,199
51583,2024-04-08 18:52:39,0,,4,0,0
89286,2024-04-08 19:00:00,0,,7,0,0
16602,2024-04-08 19:23:32,0,,6,0,0
16473,2024-04-08 19:42:08,0,,6,0,0
86148,2024-04-08 19:44:31,0,,9,1,244
40350,2024-04-08 19:49:00,0,,6,0,0
15123,2024-04-08 19:51:25,0,,2,0,0
42571,2024-04-08 20:02:00,1,,7,1,427
82050,2024-04-08 20:10:25,1,,9,1,278
18946,2024-04-08 20:11:24,0,,2,0,0
22821,2024-04-08 20:23:18,1,,6,0,0
44693,2024-04-08 20:25:39,0,,3,1,365
83526,2024-04-08 20:37:10,1,,3,1,216
63160,2024-04-08 20:38:36,1,,4,1,205
263,2024-04-08 20:39:24,1,,7,1,498
5389,2024-04-08 20:42:29,0,,11,0,0
52501,2024-04-08 20:45:45,0,,2,0,0
70346,2024-04-08 20:48:57,1,,2,0,0
5820,2024-04-08 20:50:45,0,,8,0,0
77080,2024-04-08 21:05:07,0,,12,0,0
99781,2024-04-08 21:06:45,0,,9,0,0
13187,2024-04-08 21:19:52,0,,11,0,0
5908,2024-04-08 21:21:30,0,,4,1,191
79797,2024-04-08 21:29:17,0,,6,1,307
97701,2024-04-08 21:31:00,0,,8,1,185
72923,2024-04-08 21:43:40,0,,5,0,0
98080,2024-04-08 21:53:31,0,,8,0,0
37428,2024-04-08 21:57:30,0,,4,1,347
68712,2024-04-08 22:03:24,0,,5,0,0
3635,2024-04-08 22:07:50,0,,7,0,0
79194,2024-04-08 22:08:11,0,,10,0,0
2622,2024-04-08 22:13:14,1,,8,0,0
78175,2024-04-08 22:21:00,0,,7,1,237
10692,2024-04-08 22:22:25,0,,4,0,0
99781,2024-04-08 22:33:37,0,,8,0,0
44268,2024-04-08 22:46:51,1,,8,1,204
44302,2024-04-08 22:48:58,0,,7,0,0
67852,2024-04-08 22:53:34,1,,8,0,0
69725,2024-04-08 22:54:12,1,,8,0,0
92406,2024-04-08 23:14:54,0,,5,0,0
56392,2024-04-08 23:16:37,0,,12,1,317
56004,2024-04-08 23:22:23,0,,10,0,0
97406,2024-04-08 23:23:13,0,,4,0,0
89497,2024-04-08 23:37:05,1,,7,0,0
60174,2024-04-08 23:38:39,0,,5,1,279
15053,2024-04-08 23:42:41,0,,5,1,335
30360,2024-04-08 23:43:04,1,,6,0,0
8336,2024-04-09 00:01:23,0,,3,0,0
7085,2024-04-09 00:43:17,0,,10,0,0
80198,2024-04-09 01:08:22,0,,7,0,0
12203,2024-04-09 01:18:39,0,,5,0,0
88864,2024-04-09 01:53:58,0,,8,0,0
67448,2024-04-09 02:07:44,0,,5,0,0
4366,2024-04-09 02:12:47,0,,12,1,277
95807,2024-04-09 02:13:52,0,,3,1,312
40804,2024-04-09 02:47:46,1,,4,0,0
59954,2024-04-09 02:55:26,0,,5,0,0
99198,2024-04-09 03:22:39,0,,9,0,0
39101,2024-04-09 03:31:57,0,,6,0,0
51112,2024-04-09 04:33:23,0,,3,1,309
7349,2024-04-09 04:38:53,1,,8,1,217
199,2024-04-09 05:08:56,0,,2,0,0
46071,2024-04-09 05:13:57,1,,5,1,215
65417,2024-04-09 06:07:16,0,,4,1,561
85756,2024-04-09 06:11:38,1,,4,1,409
44268,2024-04-09 06:17:17,1,,8,0,0
12065,2024-04-09 06:21:18,1,,5,0,0
71779,2024-04-09 06:23:08,0,,11,0,0
70346,2024-04-09 06:44:56,0,,5,1,361
42548,2024-04-09 06:59:32,1,,6,1,223
72923,2024-04-09 07:13:58,1,,2,0,0
46274,2024-04-09 07:28:56,1,,7,0,0
17424,2024-04-09 08:02:53,0,,3,0,0
70343,2024-04-09 08:08:01,0,,4,0,0
6141,2024-04-09 08:08:08,1,,8,1,436
94312,2024-04-09 08:20:56,0,,4,0,0
15606,2024-04-09 08:37:24,1,,7,0,0
34250,2024-04-09 08:51:24,0,,4,0,0
21476,2024-04-09 08:55:14,0,,4,0,0
60917,2024-04-09 09:01:18,0,,7,1,274
86802,2024-04-09 09:04:11,0,,4,0,0
67248,2024-04-09 09:09:13,0,,5,0,0
12187,2024-04-09 09:10:44,0,,4,1,492
69060,2024-04-09 09:19:57,0,,9,0,0
65694,2024-04-09 09:25:01,0,,8,1,343
46071,2024-04-09 09:32:21,0,,12,0,0
60166,2024-04-09 09:59:14,0,,3,0,0
92936,2024-04-09 10:08:14,0,,7,0,0
81179,2024-04-09 10:14:31,0,,5,0,0
9287,2024-04-09 10:14:58,1,,6,1,374
60379,2024-04-09 10:22:45,0,,8,0,0
20395,2024-04-09 10:23:48,0,,5,1,150
92134,2024-04-09 10:26:50,0,,3,0,0
23059,2024-04-09 10:38:20,0,,4,0,0
76807,2024-04-09 10:38:48,0,,13,0,0
49390,2024-04-09 10:47:32,0,,5,0,0
36112,2024-04-09 10:57:52,0,,6,1,563
1990,2024-04-09 10:58:33,0,,7,0,0
59691,2024-04-09 11:10:31,0,,7,1,686
94926,2024-04-09 11:19:18,0,,10,1,308
93693,2024-04-09 11:26:38,1,,5,0,0
56869,2024-04-09 11:30:48,0,,4,0,0
64305,2024-04-09 11:39:00,1,,8,1,486
49152,2024-04-09 11:48:55,1,,6,0,0
96108,2024-04-09 11:58:18,0,,5,1,329
70346,2024-04-09 12:06:30,1,,7,1,482
13664,2024-04-09 12:12:31,0,,5,1,913
68076,2024-04-09 12:27:04,1,,1,1,375
44421,2024-04-09 12:44:20,0,,12,1,276
69292,2024-04-09 12:49:01,0,,9,0,0
26883,2024-04-09 12:54:04,1,,5,1,416
66322,2024-04-09 12:55:23,0,,2,0,0
4202,2024-04-09 12:55:24,0,,4,0,0
75815,2024-04-09 12:57:12,0,,7,0,0
9470,2024-04-09 13:18:26,0,,2,1,263
35836,2024-04-09 13:22:23,1,,4,0,0
51666,2024-04-09 13:35:36,0,,6,0,0
25406,2024-04-09 13:58:38,0,,5,0,0
98421,2024-04-09 14:01:13,0,,4,0,0
36448,2024-04-09 14:09:16,0,,10,0,0
82943,2024-04-09 14:28:02,0,,12,0,0
69687,2024-04-09 14:30:19,1,,8,0,0
55256,2024-04-09 14:59:38,1,,10,0,0
5343,2024-04-09 15:03:30,0,,8,0,0
79797,2024-04-09 15:06:40,0,,6,1,303
87048,2024-04-09 15:07:23,1,,8,1,286
63300,2024-04-09 15:10:13,0,,7,1,315
67050,2024-04-09 15:12:38,0,,5,0,0
81465,2024-04-09 15:22:36,0,,8,1,354
24519,2024-04-09 15:35:15,1,,6,1,437
85849,2024-04-09 15:42:38,0,,5,0,0
25592,2024-04-09 15:49:33,1,,7,1,241
51422,2024-04-09 16:05:15,0,,8,0,0
89948,2024-04-09 16:10:21,0,,3,0,0
91068,2024-04-09 16:12:12,0,,4,0,0
31675,2024-04-09 16:17:34,1,,5,0,0
64289,2024-04-09 16:26:04,0,,7,0,0
53915,2024-04-09 16:27:17,0,,6,0,0
71296,2024-04-09 16:27:27,0,,7,1,199
17225,2024-04-09 16:45:58,0,,3,1,228
7749,2024-04-09 16:46:58,0,,7,0,0
99352,2024-04-09 16:52:50,0,,4,0,0
10651,2024-04-09 17:13:48,0,,6,0,0
20915,2024-04-09 17:30:44,0,,8,1,386
22790,2024-04-09 17:34:17,0,,6,1,345
14078,2024-04-09 17:48:02,1,,7,0,0
3962,2024-04-09 17:58:40,0,,3,0,0
56392,2024-04-09 18:05:52,1,,7,0,0
33607,2024-04-09 18:13:45,1,,6,0,0
12187,2024-04-09 18:19:27,0,,4,0,0
62560,2024-04-09 18:27:18,0,,8,1,208
56972,2024-04-09 18:35:39,0,,4,1,424
28,2024-04-09 18:38:55,0,,4,0,0
98261,2024-04-09 18:53:28,1,,3,0,0
26723,2024-04-09 18:56:08,0,,8,1,255
66675,2024-04-09 19:13:55,1,,6,1,311
45151,2024-04-09 19:26:34,1,,5,0,0
46269,2024-04-09 19:45:44,0,,5,1,312
50293,2024-04-09 19:59:55,0,,5,0,0
9007,2024-04-09 20:05:25,0,,6,0,0
30360,2024-04-09 20:10:12,1,,4,0,0
11097,2024-04-09 20:10:16,0,,7,0,0
72330,2024-04-09 20:45:36,0,,6,1,282
26054,2024-04-09 20:59:30,0,,4,0,0
5774,2024-04-09 21:08:44,0,,3,0,0
39378,2024-04-09 21:21:27,1,,4,1,335
58272,2024-04-09 21:23:28,1,,4,0,0
21072,2024-04-09 21:33:43,0,,8,0,0
71365,2024-04-09 21:35:02,1,,8,0,0
81940,2024-04-09 21:49:47,0,,5,0,0
38989,2024-04-09 21:52:00,0,,6,0,0
70290,2024-04-09 22:00:51,0,,9,0,0
81599,2024-04-09 22:14:46,0,,8,1,334
90663,2024-04-09 22:33:39,1,,11,0,0
57629,2024-04-09 22:35:11,0,,10,1,307
54001,2024-04-09 22:39:17,0,,7,0,0
54024,2024-04-09 22:39:33,0,,5,1,338
73737,2024-04-09 22:41:16,0,,3,0,0
55558,2024-04-09 22:50:50,0,,6,0,0
2447,2024-04-09 22:58:24,0,,9,0,0
8885,2024-04-09 23:17:06,0,,1,0,0
59443,2024-04-09 23:25:04,0,,6,0,0
46561,2024-04-09 23:27:48,1,,6,0,0
55169,2024-04-09 23:36:07,0,,5,1,215
26879,2024-04-09 23:41:51,0,,6,1,367
27318,2024-04-09 23:44:27,1,,6,0,0
95807,2024-04-09 23:53:19,0,,4,0,0
49381,2024-04-09 23:57:33,0,,5,0,0
67053,2024-04-10 00:01:33,0,,7,0,0
23220,2024-04-10 00:05:49,0,,4,0,0
86059,2024-04-10 00:06:06,0,,8,0,0
8885,2024-04-10 00:49:51,0,,3,1,286
3721,2024-04-10 00:54:47,0,,11,0,0
51889,2024-04-10 01:09:41,0,,5,1,232
56278,2024-04-10 01:18:44,1,,3,0,0
78431,2024-04-10 01:27:51,0,,9,1,172
46747,2024-04-10 01:35:05,0,,4,0,0
1265,2024-04-10 02:07:55,0,,7,0,0
78436,2024-04-10 02:24:10,0,,7,1,224
3778,2024-04-10 02:40:29,0,,4,1,523
99244,2024-04-10 02:57:34,0,,10,1,220
86102,2024-04-10 03:13:20,1,,5,1,414
7496,2024-04-10 03:49:19,0,,9,1,568
45840,2024-04-10 03:53:28,1,,6,0,0
28897,2024-04-10 04:08:02,0,,6,1,234
72323,2024-04-10 04:11:23,0,,6,1,282
3714,2024-04-10 04:31:09,0,,3,1,401
26314,2024-04-10 04:42:24,0,,2,0,0
7349,2024-04-10 05:02:11,0,,6,0,0
90663,2024-04-10 05:58:59,0,,3,0,0
60669,2024-04-10 06:36:27,1,,13,0,0
57066,2024-04-10 06:38:28,0,,4,1,499
78436,2024-04-10 06:57:38,0,,6,0,0
94898,2024-04-10 07:05:46,0,,6,0,0
77414,2024-04-10 07:22:16,0,,6,1,314
40338,2024-04-10 07:39:23,0,,5,0,0
12203,2024-04-10 07:41:12,0,,2,1,168
5679,2024-04-10 07:42:30,0,,9,0,0
55175,2024-04-10 08:11:35,1,,9,1,162
6528,2024-04-10 08:15:12,1,,3,0,0
1111,2024-04-10 08:39:58,0,,6,0,0
28148,2024-04-10 08:40:13,1,,3,0,0
31675,2024-04-10 08:40:44,0,,6,0,0
45100,2024-04-10 09:06:44,0,,6,0,0
75815,2024-04-10 09:11:39,0,,8,1,246
2359,2024-04-10 09:41:56,0,,6,0,0
50558,2024-04-10 09:59:56,0,,5,0,0
88789,2024-04-10 10:04:08,0,,2,1,405
80058,2024-04-10 10:04:27,0,,11,1,183
16395,2024-04-10 10:10:28,0,,7,0,0
76892,2024-04-10 10:11:18,1,,9,0,0
10169,2024-04-10 10:21:19,0,,11,0,0
82999,2024-04-10 10:34:02,0,,5,1,261
68505,2024-04-10 10:36:50,0,,5,0,0
93858,2024-04-10 10:37:13,0,,5,0,0
73302,2024-04-10 10:59:48,0,,9,1,370
47127,2024-04-10 11:20:22,0,,7,1,217
18462,2024-04-10 11:22:23,0,,5,0,0
25546,2024-04-10 11:57:18,1,,10,0,0
71296,2024-04-10 12:03:44,0,,9,0,0
44421,2024-04-10 12:10:20,0,,6,0,0
4942,2024-04-10 12:17:58,1,,4,1,162
18946,2024-04-10 12:18:10,0,,4,0,0
96134,2024-04-10 12:21:02,0,,7,0,0
79325,2024-04-10 12:34:19,0,,8,0,0
94500,2024-04-10 12:34:27,0,,6,0,0
92102,2024-04-10 12:47:43,0,,4,0,0
58380,2024-04-10 12:47:49,0,,7,0,0
98932,2024-04-10 13:02:20,1,,6,0,0
86072,2024-04-10 13:11:03,0,,9,1,419
91794,2024-04-10 13:31:31,0,,5,1,362
6584,2024-04-10 13:36:32,1,,1,1,268
47117,2024-04-10 13:39:16,1,,4,0,0
97022,2024-04-10 14:06:17,1,,8,0,0
91562,2024-04-10 14:10:14,0,,7,0,0
59790,2024-04-10 14:11:43,1,,10,0,0
16725,2024-04-10 14:12:33,0,,4,0,0
5339,2024-04-10 14:14:53,0,,5,1,314
55242,2024-04-10 14:19:58,1,,5,0,0
92050,2024-04-10 14:35:57,0,,3,1,341
60520,2024-04-10 14:56:30,0,,11,1,319
81179,2024-04-10 15:15:01,0,,7,0,0
82943,2024-04-10 15:16:29,0,,5,0,0
36568,2024-04-10 15:30:05,1,,7,0,0
1876,2024-04-10 15:32:30,1,,1,0,0
89736,2024-04-10 15:55:42,1,,2,0,0
30360,2024-04-10 16:00:20,0,,7,1,383
55359,2024-04-10 16:09:05,0,,3,0,0
38744,2024-04-10 16:12:54,0,,5,0,0
1265,2024-04-10 16:17:33,0,,8,0,0
93177,2024-04-10 16:38:08,1,,5,1,300
58154,2024-04-10 16:51:31,1,,6,1,395
18637,2024-04-10 17:09:52,0,,3,0,0
83526,2024-04-10 17:24:01,0,,9,0,0
50395,2024-04-10 17:26:14,1,,5,0,0
78436,2024-04-10 17:32:00,1,,6,1,271
65582,2024-04-10 17:46:20,0,,6,0,0
84207,2024-04-10 17:49:45,1,,6,1,371
624,2024-04-10 18:00:30,0,,4,1,225
1890,2024-04-10 18:03:49,0,,2,1,283
33507,2024-04-10 18:15:00,0,,6,0,0
96450,2024-04-10 18:17:43,0,,5,1,268
10847,2024-04-10 18:20:07,0,,9,0,0
61160,2024-04-10 18:20:25,0,,4,0,0
76744,2024-04-10 18:28:18,0,,6,0,0
96712,2024-04-10 18:36:47,0,,7,0,0
17398,2024-04-10 18:40:54,0,,7,0,0
44194,2024-04-10 18:42:41,0,,10,1,347
48258,2024-04-10 18:45:33,0,,9,1,282
33014,2024-04-10 18:48:59,0,,5,1,184
33250,2024-04-10 19:06:22,1,,4,0,0
1892,2024-04-10 19:14:10,1,,4,0,0
88981,2024-04-10 19:47:49,1,,7,1,337
77911,2024-04-10 19:54:47,0,,12,1,506
99352,2024-04-10 20:02:40,1,,8,0,0
70022,2024-04-10 20:12:45,1,,3,1,212
50177,2024-04-10 20:28:26,1,,8,1,320
32635,2024-04-10 20:42:30,0,,4,1,336
14826,2024-04-10 20:47:12,0,,4,1,203
815,2024-04-10 20:48:06,0,,13,0,0
88061,2024-04-10 21:07:50,0,,5,0,0
93815,2024-04-10 21:08:45,0,,4,0,0
62671,2024-04-10 21:11:38,0,,7,1,443
52898,2024-04-10 21:13:22,0,,9,0,0
31314,2024-04-10 21:15:45,0,,5,1,324
4202,2024-04-10 21:28:01,0,,5,1,381
87431,2024-04-10 21:29:03,1,,7,1,441
2447,2024-04-10 21:33:12,0,,7,0,0
37122,2024-04-10 21:35:35,0,,9,0,0
13325,2024-04-10 21:54:39,0,,8,0,0
36500,2024-04-10 21:59:34,0,,2,0,0
10813,2024-04-10 22:07:53,1,,1,1,196
41463,2024-04-10 22:28:04,0,,4,1,213
63160,2024-04-10 23:00:59,0,,5,0,0
75311,2024-04-10 23:04:32,0,,6,1,445
93562,2024-04-10 23:15:05,1,,6,0,0
16395,2024-04-10 23:18:28,0,,6,0,0
68648,2024-04-10 23:25:08,0,,5,0,0
93815,2024-04-10 23:25:30,0,,8,0,0
49437,2024-04-10 23:35:54,0,,3,0,0
60669,2024-04-10 23:40:05,0,,1,0,0
69741,2024-04-10 23:43:12,0,,1,0,0
28112,2024-04-10 23:49:36,0,,9,0,0
96134,2024-04-10 23:50:33,0,,10,0,0
45100,2024-04-10 23:54:57,1,,5,0,0
57866,2024-04-10 23:59:14,0,,3,1,848
82067,2024-04-11 00:29:55,0,,5,1,273
69741,2024-04-11 00:43:07,0,,7,0,0
2622,2024-04-11 00:47:31,0,,6,0,0
25406,2024-04-11 00:48:25,0,,5,0,0
67429,2024-04-11 00:48:56,0,,5,0,0
79873,2024-04-11 01:26:27,0,,4,0,0
75815,2024-04-11 01:30:50,0,,1,1,217
82971,2024-04-11 01:44:17,0,,7,1,325
40619,2024-04-11 01:47:20,0,,4,0,0
28,2024-04-11 02:08:55,0,,7,0,0
85042,2024-04-11 02:12:56,1,,8,0,0
50821,2024-04-11 02:20:45,0,,6,0,0
6528,2024-04-11 02:32:54,0,,4,0,0
59954,2024-04-11 02:46:49,0,,8,0,0
88695,2024-04-11 02:48:36,0,,5,0,0
16235,2024-04-11 02:53:43,0,,6,0,0
84767,2024-04-11 03:10:29,1,,5,1,311
55701,2024-04-11 03:23:09,1,,6,1,228
10847,2024-04-11 03:46:44,1,,7,0,0
91840,2024-04-11 03:57:26,0,,3,1,232
51246,2024-04-11 04:33:42,0,,4,0,0
83275,2024-04-11 04:50:52,0,,4,0,0
65920,2024-04-11 05:01:51,0,,5,1,484
37973,2024-04-11 05:07:11,0,,5,0,0
92133,2024-04-11 05:09:02,1,,7,1,245
96712,2024-04-11 05:27:38,0,,8,0,0
82865,2024-04-11 06:08:38,0,,4,0,0
2954,2024-04-11 06:12:15,0,,5,1,314
99198,2024-04-11 06:13:58,1,,6,0,0
74770,2024-04-11 06:23:30,0,,4,0,0
26723,2024-04-11 07:06:44,0,,3,0,0
94797,2024-04-11 07:47:53,0,,7,1,324
70523,2024-04-11 07:59:33,1,,6,0,0
7749,2024-04-11 08:05:26,0,,2,1,434
95947,2024-04-11 08:08:22,0,,7,0,0
44302,2024-04-11 08:09:04,1,,6,0,0
36500,2024-04-11 08:23:09,0,,8,0,0
29191,2024-04-11 08:24:27,0,,8,1,355
46747,2024-04-11 08:28:32,1,,3,0,0
50312,2024-04-11 08:31:30,0,,6,1,259
77911,2024-04-11 08:32:44,0,,6,0,0
86713,2024-04-11 08:32:52,0,,7,0,0
84207,2024-04-11 08:41:22,1,,5,1,296
2954,2024-04-11 08:45:38,0,,11,1,357
2359,2024-04-11 08:48:52,0,,7,0,0
89470,2024-04-11 08:55:04,0,,3,0,0
69060,2024-04-11 09:08:03,1,,10,1,218
24806,2024-04-11 09:12:08,0,,8,0,0
69292,2024-04-11 09:33:07,0,,6,0,0
95258,2024-04-11 09:48:15,0,,2,0,0
89509,2024-04-11 09:57:57,0,,7,0,0
49390,2024-04-11 10:12:19,1,,8,1,287
13402,2024-04-11 10:14:01,1,,3,1,288
90838,2024-04-11 10:14:40,1,,6,0,0
46464,2024-04-11 10:32:20,0,,6,0,0
3778,2024-04-11 10:33:28,1,,4,0,0
65563,2024-04-11 10:50:19,0,,4,0,0
88610,2024-04-11 10:53:54,0,,4,0,0
46873,2024-04-11 10:58:45,0,,9,0,0
21703,2024-04-11 11:01:27,0,,7,0,0
10813,2024-04-11 11:05:05,1,,5,1,161
23163,2024-04-11 11:25:32,0,,4,0,0
78175,2024-04-11 11:25:35,1,,9,0,0
31734,2024-04-11 11:26:25,0,,3,0,0
73737,2024-04-11 11:28:22,0,,3,0,0
624,2024-04-11 11:43:03,0,,10,0,0
63658,2024-04-11 11:47:28,0,,6,1,437
51246,2024-04-11 11:58:24,0,,7,0,0
18831,2024-04-11 12:13:49,0,,7,1,555
5054,2024-04-11 12:26:15,0,,4,0,0
40300,2024-04-11 12:31:35,0,,4,0,0
60184,2024-04-11 12:36:52,0,,5,0,0
96578,2024-04-11 12:50:50,0,,5,0,0
14805,2024-04-11 12:53:16,0,,5,0,0
74682,2024-04-11 12:53:50,0,,2,1,293
8743,2024-04-11 13:04:18,0,,6,1,285
16395,2024-04-11 13:09:20,0,,8,0,0
88061,2024-04-11 13:13:37,1,,7,0,0
24634,2024-04-11 13:21:06,0,,13,1,274
6267,2024-04-11 13:22:12,1,,6,0,0
14078,2024-04-11 13:26:17,0,,4,0,0
14561,2024-04-11 13:26:45,1,,4,0,0
56278,2024-04-11 13:27:03,0,,6,0,0
68804,2024-04-11 13:33:25,1,,6,0,0
68596,2024-04-11 13:35:56,0,,6,0,0
2616,2024-04-11 13:54:25,1,,0,1,436
31182,2024-04-11 14:03:29,1,,3,1,386
88789,2024-04-11 14:22:09,0,,8,0,0
5820,2024-04-11 14:24:05,1,,3,0,0
46561,2024-04-11 14:43:52,0,,6,0,0
79469,2024-04-11 14:45:43,1,,5,1,304
87529,2024-04-11 14:47:49,1,,5,0,0
99312,2024-04-11 14:52:37,0,,8,0,0
49297,2024-04-11 15:03:34,1,,3,0,0
1111,2024-04-11 15:04:04,1,,3,1,267
46396,2024-04-11 15:04:56,0,,7,0,0
15123,2024-04-11 15:11:11,1,,9,1,382
10847,2024-04-11 15:14:42,0,,5,1,438
89286,2024-04-11 15:18:01,1,,7,0,0
90965,2024-04-11 15:22:00,1,,7,0,0
42056,2024-04-11 15:22:53,1,,13,0,0
67852,2024-04-11 15:23:26,1,,5,1,302
74696,2024-04-11 15:25:05,0,,9,0,0
70666,2024-04-11 15:29:05,0,,2,0,0
92096,2024-04-11 15:37:12,0,,5,0,0
90371,2024-04-11 15:41:11,1,,6,1,223
53616,2024-04-11 15:44:25,1,,9,0,0
36903,2024-04-11 16:05:44,0,,5,1,602
97022,2024-04-11 16:16:16,0,,9,0,0
39461,2024-04-11 16:16:53,0,,7,1,292
95434,2024-04-11 16:18:56,0,,5,0,0
59443,2024-04-11 16:30:18,0,,6,0,0
34279,2024-04-11 16:35:23,0,,3,1,325
88146,2024-04-11 16:36:20,0,,8,1,330
86059,2024-04-11 16:37:54,1,,6,0,0
67535,2024-04-11 16:41:19,0,,9,0,0
17120,2024-04-11 16:49:29,0,,6,0,0
17378,2024-04-11 17:02:55,0,,4,1,503
95631,2024-04-11 17:17:10,0,,7,1,218
95947,2024-04-11 17:30:28,1,,4,0,0
65582,2024-04-11 17:32:31,0,,5,1,574
7996,2024-04-11 17:38:40,0,,4,1,311
84809,2024-04-11 17:41:00,0,,7,0,0
33533,2024-04-11 17:44:07,0,,4,0,0
36362,2024-04-11 17:56:13,1,,4,0,0
83,2024-04-11 18:03:00,0,,10,0,0
65286,2024-04-11 18:35:54,0,,4,0,0
19735,2024-04-11 18:54:36,0,,6,0,0
25138,2024-04-11 19:20:04,0,,7,0,0
62706,2024-04-11 19:24:10,1,,5,0,0
82971,2024-04-11 19:33:12,1,,5,0,0
59524,2024-04-11 19:41:28,0,,5,0,0
33507,2024-04-11 19:48:08,1,,1,0,0
31734,2024-04-11 19:51:31,1,,5,1,384
71296,2024-04-11 19:56:15,0,,4,1,266
26717,2024-04-11 20:04:38,0,,10,1,285
8751,2024-04-11 20:04:40,1,,9,0,0
82082,2024-04-11 20:07:57,0,,5,0,0
31445,2024-04-11 20:18:34,0,,10,1,314
87596,2024-04-11 20:20:26,0,,10,0,0
40450,2024-04-11 20:28:44,0,,8,0,0
7573,2024-04-11 20:41:09,1,,13,1,278
80185,2024-04-11 20:49:08,0,,5,0,0
3883,2024-04-11 20:53:14,0,,6,1,291
60379,2024-04-11 21:04:29,0,,6,0,0
59524,2024-04-11 21:33:44,0,,8,0,0
26314,2024-04-11 21:36:22,0,,6,1,311
28436,2024-04-11 21:37:49,1,,8,1,304
94702,2024-04-11 21:53:49,0,,5,0,0
98319,2024-04-11 21:55:13,0,,6,0,0
31675,2024-04-11 21:59:27,0,,9,1,221
20915,2024-04-11 22:01:41,0,,11,0,0
80616,2024-04-11 22:17:29,0,,4,0,0
72814,2024-04-11 22:29:59,0,,9,0,0
70314,2024-04-11 22:46:56,0,,3,0,0
18205,2024-04-11 22:51:39,0,,8,0,0
12455,2024-04-11 22:54:14,0,,7,0,0
25546,2024-04-11 22:55:14,0,,3,1,460
10007,2024-04-11 22:56:43,0,,6,0,0
95807,2024-04-11 23:23:02,0,,5,0,0
59463,2024-04-11 23:33:49,0,,8,0,0
14459,2024-04-11 23:46:26,0,,5,0,0
2784,2024-04-11 23:47:09,0,,3,0,0
17164,2024-04-11 23:47:56,1,,5,0,0
37051,2024-04-11 23:49:34,1,,5,0,0
16395,2024-04-11 23:57:21,1,,7,0,0
31445,2024-04-12 00:28:17,0,,7,0,0
46074,2024-04-12 00:37:46,1,,9,0,0
10406,2024-04-12 00:47:06,0,,3,1,341
49381,2024-04-12 00:52:36,0,,2,0,0
39634,2024-04-12 01:03:00,1,,8,1,189
947,2024-04-12 01:03:14,0,,5,0,0
81179,2024-04-12 01:12:29,1,,3,0,0
95844,2024-04-12 01:50:31,0,,5,1,299
40403,2024-04-12 01:57:46,0,,7,0,0
34788,2024-04-12 02:08:25,1,,11,0,0
91056,2024-04-12 02:25:22,0,,11,0,0
14459,2024-04-12 02:34:11,1,,7,1,302
96712,2024-04-12 02:40:06,0,,4,0,0
60144,2024-04-12 02:55:34,0,,7,0,0
73192,2024-04-12 02:58:20,0,,3,0,0
64959,2024-04-12 03:18:37,0,,1,1,728
46221,2024-04-12 03:19:46,1,,9,0,0
18205,2024-04-12 03:21:46,1,,4,0,0
8885,2024-04-12 03:33:55,0,,10,1,239
80632,2024-04-12 03:46:58,0,,5,0,0
56697,2024-04-12 04:48:29,0,,12,0,0
8155,2024-04-12 04:51:12,0,,6,1,548
72411,2024-04-12 05:00:47,0,,5,0,0
6558,2024-04-12 05:02:26,0,,5,0,0
57333,2024-04-12 05:28:08,0,,10,0,0
59954,2024-04-12 05:32:22,0,,4,1,299
77080,2024-04-12 05:47:02,1,,8,1,860
67448,2024-04-12 06:09:25,1,,7,1,146
24634,2024-04-12 06:18:34,0,,6,1,362
56392,2024-04-12 06:28:20,0,,6,0,0
57094,2024-04-12 07:07:32,0,,5,1,226
6193,2024-04-12 07:19:28,1,,7,0,0
70523,2024-04-12 07:37:58,0,,2,1,234
61325,2024-04-12 07:42:04,1,,5,0,0
16316,2024-04-12 07:56:54,0,,2,0,0
14561,2024-04-12 08:00:42,1,,4,1,244
86551,2024-04-12 08:04:38,0,,6,1,391
11409,2024-04-12 08:13:36,1,,6,1,288
3774,2024-04-12 08:22:09,0,,10,0,0
52501,2024-04-12 08:33:04,0,,8,1,225
36112,2024-04-12 08:34:27,1,,8,0,0
70222,2024-04-12 08:50:17,0,,9,0,0
51769,2024-04-12 09:10:32,0,,9,0,0
37626,2024-04-12 09:12:35,0,,5,1,312
964,2024-04-12 09:14:33,1,,2,1,393
44573,2024-04-12 09:20:47,0,,10,1,481
71296,2024-04-12 09:42:14,0,,7,1,225
92406,2024-04-12 09:44:54,1,,5,0,0
46823,2024-04-12 09:46:29,0,,2,1,326
82082,2024-04-12 09:49:12,0,,10,1,277
8648,2024-04-12 09:49:53,1,,4,0,0
44865,2024-04-12 09:51:09,1,,8,0,0
23220,2024-04-12 10:03:18,0,,5,1,210
72923,2024-04-12 10:09:28,1,,7,1,129
95947,2024-04-12 10:16:46,1,,5,1,353
11443,2024-04-12 10:26:19,0,,5,1,142
29454,2024-04-12 10:36:04,0,,7,1,178
37122,2024-04-12 10:38:07,0,,6,0,0
33751,2024-04-12 10:38:29,0,,6,1,397
63658,2024-04-12 10:39:38,0,,4,0,0
62706,2024-04-12 11:12:42,1,,5,0,0
73036,2024-04-12 11:21:06,0,,7,0,0
45301,2024-04-12 11:29:27,0,,8,0,0
92076,2024-04-12 11:46:12,0,,4,0,0
93858,2024-04-12 12:00:21,0,,5,0,0
86059,2024-04-12 12:04:20,0,,8,0,0
48258,2024-04-12 12:05:48,1,,7,0,0
74081,2024-04-12 12:07:50,1,,4,0,0
65563,2024-04-12 12:37:42,0,,10,0,0
54287,2024-04-12 12:53:42,0,,12,0,0
2784,2024-04-12 13:02:52,0,,5,0,0
96450,2024-04-12 13:18:39,0,,2,0,0
79881,2024-04-12 13:22:57,0,,4,0,0
65350,2024-04-12 13:29:39,1,,5,1,390
23311,2024-04-12 13:30:34,0,,5,0,0
77447,2024-04-12 13:41:44,1,,7,0,0
25988,2024-04-12 13:55:45,0,,7,0,0
5343,2024-04-12 14:01:27,0,,7,0,0
82347,2024-04-12 14:01:37,0,,0,0,0
59524,2024-04-12 14:08:57,0,,7,0,0
77347,2024-04-12 14:24:11,0,,9,0,0
94324,2024-04-12 14:38:22,0,,5,0,0
3193,2024-04-12 14:43:16,0,,3,0,0
29384,2024-04-12 14:45:24,1,,9,1,429
35543,2024-04-12 14:47:14,0,,3,1,204
43370,2024-04-12 14:51:46,0,,2,1,294
5339,2024-04-12 15:01:22,0,,7,0,0
1844,2024-04-12 15:06:53,0,,3,0,0
42971,2024-04-12 15:14:24,0,,3,0,0
70346,2024-04-12 15:14:24,0,,4,1,421
75899,2024-04-12 15:16:51,0,,7,0,0
42887,2024-04-12 15:20:52,1,,6,0,0
77080,2024-04-12 15:28:22,0,,9,1,334
8531,2024-04-12 15:39:07,0,,13,0,0
48031,2024-04-12 16:14:15,0,,3,0,0
45186,2024-04-12 16:22:45,0,,7,1,149
46604,2024-04-12 16:24:36,1,,5,1,271
10336,2024-04-12 16:28:47,0,,9,1,521
42886,2024-04-12 16:28:54,0,,9,1,755
89736,2024-04-12 16:43:39,0,,10,1,461
2962,2024-04-12 16:44:32,1,,6,0,0
36565,2024-04-12 16:58:06,0,,8,1,257
82234,2024-04-12 17:19:23,0,,5,0,0
28261,2024-04-12 17:19:40,0,,10,0,0
47117,2024-04-12 17:33:13,0,,2,0,0
52001,2024-04-12 17:41:09,0,,4,0,0
79635,2024-04-12 17:58:34,1,,5,1,358
49155,2024-04-12 18:01:43,0,,3,0,0
45074,2024-04-12 18:39:27,0,,6,0,0
93177,2024-04-12 18:41:13,0,,6,1,425
22329,2024-04-12 18:46:36,1,,9,0,0
28,2024-04-12 18:46:43,0,,6,0,0
61871,2024-04-12 19:01:23,0,,5,1,501
97442,2024-04-12 19:03:22,0,,7,0,0
26541,2024-04-12 19:17:47,0,,7,1,357
50487,2024-04-12 19:20:46,0,,4,1,227
28261,2024-04-12 19:40:00,1,,3,0,0
96450,2024-04-12 19:52:48,1,,10,0,0
42886,2024-04-12 19:57:02,1,,6,1,688
58209,2024-04-12 20:04:17,0,,8,0,0
43010,2024-04-12 20:06:52,0,,7,1,276
16552,2024-04-12 20:22:25,0,,6,1,313
5908,2024-04-12 20:23:46,0,,6,0,0
55806,2024-04-12 20:23:57,0,,5,1,239
49297,2024-04-12 20:40:43,1,,4,0,0
1817,2024-04-12 20:41:47,1,,5,0,0
39571,2024-04-12 20:50:52,0,,3,0,0
96079,2024-04-12 21:00:04,0,,4,0,0
46269,2024-04-12 21:02:22,0,,5,0,0
25944,2024-04-12 21:08:17,1,,2,0,0
93562,2024-04-12 21:09:43,0,,10,1,455
79325,2024-04-12 21:20:48,0,,6,1,394
38591,2024-04-12 21:26:22,1,,8,1,276
18641,2024-04-12 21:32:59,0,,7,1,288
21852,2024-04-12 21:43:58,1,,6,0,0
91072,2024-04-12 21:46:29,0,,6,0,0
33533,2024-04-12 21:50:35,0,,7,1,206
50293,2024-04-12 21:58:01,1,,9,0,0
37626,2024-04-12 22:11:09,0,,7,0,0
88938,2024-04-12 22:14:58,0,,6,0,0
58113,2024-04-12 22:20:59,0,,10,0,0
40763,2024-04-12 22:31:46,0,,5,0,0
81599,2024-04-12 22:44:14,0,,5,0,0
89736,2024-04-12 22:45:30,0,,3,1,194
87877,2024-04-12 22:50:14,0,,7,1,155
35543,2024-04-12 23:11:55,1,,9,1,365
55169,2024-04-12 23:21:37,1,,10,1,265
65920,2024-04-12 23:25:50,0,,6,1,390
86577,2024-04-12 23:33:57,0,,9,0,0
40845,2024-04-12 23:35:29,0,,6,0,0
42038,2024-04-12 23:35:41,0,,4,0,0
40804,2024-04-12 23:48:51,0,,8,0,0
11880,2024-04-13 00:07:03,1,,3,0,0
69386,2024-04-13 00:35:46,1,,7,0,0
43093,2024-04-13 00:38:31,0,,8,0,0
28528,2024-04-13 00:58:31,1,,7,1,369
67053,2024-04-13 01:14:32,1,,7,0,0
3264,2024-04-13 01:30:08,0,,6,1,449
49390,2024-04-13 01:32:21,1,,4,1,278
21476,2024-04-13 01:44:11,1,,4,0,0
95981,2024-04-13 01:45:52,0,,4,0,0
77049,2024-04-13 02:09:05,0,,11,0,0
77968,2024-04-13 02:15:52,0,,5,0,0
29191,2024-04-13 02:53:55,0,,8,0,0
23389,2024-04-13 03:27:16,0,,7,0,0
40763,2024-04-13 03:50:16,0,,5,1,366
54001,2024-04-13 04:21:19,0,,2,0,0
60071,2024-04-13 04:26:36,0,,5,1,251
1810,2024-04-13 04:26:52,0,,5,0,0
34788,2024-04-13 05:05:52,1,,9,1,313
1010,2024-04-13 05:16:14,1,,6,0,0
28528,2024-04-13 05:31:09,1,,4,1,277
94702,2024-04-13 05:59:24,0,,5,1,177
93693,2024-04-13 06:38:32,1,,7,0,0
95281,2024-04-13 06:45:35,0,,4,0,0
84154,2024-04-13 06:58:30,1,,6,0,0
56482,2024-04-13 07:14:25,0,,5,1,234
61011,2024-04-13 07:17:07,0,,6,0,0
55175,2024-04-13 07:21:57,0,,7,0,0
87564,2024-04-13 07:22:48,0,,1,1,231
22122,2024-04-13 07:37:35,0,,8,0,0
13664,2024-04-13 07:56:01,0,,10,0,0
17120,2024-04-13 07:57:00,0,,3,1,444
80616,2024-04-13 07:57:04,0,,8,0,0
95947,2024-04-13 07:57:20,0,,5,0,0
84767,2024-04-13 08:16:31,0,,8,1,282
73606,2024-04-13 08:28:32,0,,3,0,0
28199,2024-04-13 08:40:41,0,,6,1,401
82774,2024-04-13 08:57:54,0,,4,0,0
31675,2024-04-13 09:12:03,1,,3,0,0
12453,2024-04-13 09:29:40,0,,6,0,0
65830,2024-04-13 10:06:38,0,,7,0,0
95489,2024-04-13 10:09:02,1,,7,0,0
40804,2024-04-13 10:10:18,0,,7,0,0
26717,2024-04-13 10:12:30,0,,14,1,353
88981,2024-04-13 10:38:30,0,,7,0,0
3635,2024-04-13 10:39:47,1,,8,0,0
66265,2024-04-13 10:45:36,1,,9,0,0
25988,2024-04-13 10:46:42,0,,5,0,0
1740,2024-04-13 11:05:05,0,,4,1,350
87877,2024-04-13 11:06:53,0,,9,1,247
64289,2024-04-13 11:14:14,0,,10,0,0
97939,2024-04-13 11:14:31,1,,12,0,0
81940,2024-04-13 11:31:24,0,,6,0,0
35185,2024-04-13 11:38:20,0,,8,0,0
49381,2024-04-13 11:46:05,1,,7,1,237
2784,2024-04-13 11:49:43,0,,5,0,0
6439,2024-04-13 11:51:15,1,,5,0,0
18462,2024-04-13 12:40:23,1,,5,1,202
49277,2024-04-13 12:41:05,0,,1,0,0
81012,2024-04-13 12:43:40,0,,10,0,0
83539,2024-04-13 12:43:40,1,,10,1,213
88789,2024-04-13 12:50:52,0,,6,0,0
7496,2024-04-13 12:59:04,0,,5,0,0
64353,2024-04-13 13:05:20,0,,2,1,489
2616,2024-04-13 13:13:04,0,,7,0,0
95414,2024-04-13 13:13:14,0,,4,0,0
46873,2024-04-13 13:20:31,1,,8,0,0
69532,2024-04-13 13:25:05,0,,4,1,512
95258,2024-04-13 13:35:08,0,,12,0,0
63658,2024-04-13 13:42:23,0,,12,0,0
76807,2024-04-13 13:46:54,1,,11,0,0
16655,2024-04-13 13:49:10,1,,3,0,0
28,2024-04-13 13:49:57,0,,7,0,0
29087,2024-04-13 13:59:44,0,,10,0,0
28117,2024-04-13 14:11:46,0,,7,1,370
58509,2024-04-13 14:15:37,1,,6,1,365
7085,2024-04-13 14:15:50,0,,7,1,456
44573,2024-04-13 14:33:10,0,,8,0,0
81345,2024-04-13 14:54:39,1,,7,0,0
44843,2024-04-13 15:08:46,0,,7,0,0
49390,2024-04-13 15:15:56,0,,5,0,0
2800,2024-04-13 15:22:01,0,,5,1,265
71360,2024-04-13 15:23:02,0,,9,0,0
92096,2024-04-13 15:26:47,1,,9,1,212
7233,2024-04-13 15:43:07,0,,5,0,0
55558,2024-04-13 15:56:09,0,,7,0,0
62271,2024-04-13 16:02:11,0,,9,1,283
48025,2024-04-13 16:02:20,1,,7,0,0
87392,2024-04-13 16:20:08,1,,2,0,0
59954,2024-04-13 16:21:40,0,,5,0,0
91486,2024-04-13 16:50:21,0,,4,0,0
45703,2024-04-13 17:05:57,0,,6,1,294
2819,2024-04-13 17:07:05,0,,8,0,0
31314,2024-04-13 17:29:20,0,,3,0,0
89245,2024-04-13 17:33:05,1,,8,0,0
58154,2024-04-13 17:44:18,0,,9,1,341
82971,2024-04-13 17:58:10,1,,6,0,0
48508,2024-04-13 18:08:07,0,,2,0,0
13325,2024-04-13 18:14:07,0,,5,0,0
25698,2024-04-13 18:15:20,0,,8,1,398
47552,2024-04-13 18:19:01,0,,6,1,256
80185,2024-04-13 18:19:19,0,,10,0,0
36891,2024-04-13 18:27:36,0,,8,0,0
44268,2024-04-13 18:27:47,0,,3,0,0
11031,2024-04-13 18:29:55,0,,5,0,0
45297,2024-04-13 18:32:50,1,,7,0,0
28261,2024-04-13 18:51:02,1,,5,1,300
61363,2024-04-13 18:53:07,0,,10,0,0
51769,2024-04-13 18:58:55,0,,4,0,0
92133,2024-04-13 19:17:14,1,,7,0,0
39172,2024-04-13 19:20:24,0,,8,0,0
20609,2024-04-13 19:30:27,0,,4,1,432
1810,2024-04-13 19:40:37,1,,6,0,0
59524,2024-04-13 19:57:37,0,,9,1,358
94702,2024-04-13 20:06:28,0,,3,0,0
33607,2024-04-13 20:21:41,1,,6,0,0
40181,2024-04-13 20:22:41,1,,6,0,0
79963,2024-04-13 20:27:48,0,,6,0,0
77113,2024-04-13 20:30:22,0,,9,0,0
18641,2024-04-13 20:30:36,1,,7,0,0
13478,2024-04-13 20:31:02,1,,2,0,0
57333,2024-04-13 20:36:22,0,,3,0,0
73119,2024-04-13 20:40:09,0,,9,1,430
48881,2024-04-13 20:42:50,1,,5,0,0
2622,2024-04-13 20:52:10,0,,4,1,487
16471,2024-04-13 21:01:39,0,,7,0,0
41542,2024-04-13 21:07:48,0,,7,1,396
6439,2024-04-13 21:25:00,0,,5,0,0
91660,2024-04-13 21:31:18,1,,5,0,0
1313,2024-04-13 21:36:12,1,,4,0,0
44194,2024-04-13 21:37:54,0,,3,0,0
80185,2024-04-13 21:56:49,1,,4,0,0
64353,2024-04-13 22:11:59,1,,8,0,0
44421,2024-04-13 22:12:29,1,,2,0,0
829,2024-04-13 22:13:22,0,,6,1,195
68648,2024-04-13 22:22:25,0,,7,1,372
74770,2024-04-13 22:26:37,0,,5,0,0
5027,2024-04-13 22:30:50,0,,3,1,262
71997,2024-04-13 22:49:36,1,,6,1,235
3980,2024-04-13 22:58:39,0,,2,0,0
8743,2024-04-13 23:07:43,0,,4,1,447
99808,2024-04-13 23:15:58,1,,4,1,665
89648,2024-04-13 23:26:48,1,,6,0,0
65582,2024-04-13 23:39:46,0,,5,0,0
19562,2024-04-13 23:41:10,1,,3,0,0
8068,2024-04-13 23:42:31,0,,3,0,0
36500,2024-04-13 23:45:31,0,,10,0,0
61871,2024-04-13 23:46:07,0,,6,0,0
77095,2024-04-13 23:58:28,0,,7,0,0
59691,2024-04-14 00:10:10,0,,9,1,341
75899,2024-04-14 00:10:54,0,,5,1,321
25944,2024-04-14 00:14:46,0,,10,0,0
59524,2024-04-14 00:20:44,0,,5,0,0
19932,2024-04-14 00:21:22,0,,11,0,0
54287,2024-04-14 00:41:56,0,,7,0,0
24634,2024-04-14 01:06:47,1,,9,0,0
94500,2024-04-14 01:13:11,0,,12,0,0
31314,2024-04-14 01:15:02,0,,6,0,0
65350,2024-04-14 01:16:26,1,,6,0,0
10007,2024-04-14 01:18:10,0,,8,0,0
3712,2024-04-14 01:27:21,0,,3,0,0
60484,2024-04-14 02:05:44,0,,5,0,0
33333,2024-04-14 02:07:37,0,,4,1,359
95414,2024-04-14 02:35:42,1,,9,1,257
21541,2024-04-14 03:00:15,0,,11,0,0
44693,2024-04-14 03:20:41,0,,10,0,0
28251,2024-04-14 04:18:34,1,,4,0,0
53616,2024-04-14 04:24:10,1,,2,1,389
55558,2024-04-14 04:53:04,0,,4,0,0
17637,2024-04-14 06:18:29,0,,8,0,0
49380,2024-04-14 06:27:24,0,,5,0,0
40062,2024-04-14 06:36:24,1,,4,1,200
57596,2024-04-14 08:02:20,0,,12,1,213
56482,2024-04-14 08:05:34,0,,8,0,0
92076,2024-04-14 08:07:54,0,,6,0,0
62537,2024-04-14 08:25:28,1,,7,0,0
92867,2024-04-14 08:27:44,0,,3,1,361
13325,2024-04-14 08:34:05,1,,9,0,0
13326,2024-04-14 08:42:34,0,,7,0,0
48922,2024-04-14 08:44:03,0,,11,0,0
63980,2024-04-14 09:00:02,1,,9,0,0
39581,2024-04-14 09:04:15,0,,5,0,0
29087,2024-04-14 09:04:56,0,,4,0,0
58329,2024-04-14 09:17:47,1,,9,0,0
69532,2024-04-14 09:18:33,0,,6,0,0
13478,2024-04-14 09:20:17,0,,8,1,337
62938,2024-04-14 09:31:57,0,,7,0,0
49471,2024-04-14 09:33:07,1,,7,0,0
43370,2024-04-14 09:40:49,0,,8,1,316
87392,2024-04-14 09:48:16,1,,4,1,447
81481,2024-04-14 09:48:58,1,,10,0,0
65582,2024-04-14 09:50:16,0,,7,1,265
8155,2024-04-14 09:51:41,0,,8,0,0
16519,2024-04-14 10:01:39,0,,3,1,364
46464,2024-04-14 10:08:22,0,,5,0,0
52073,2024-04-14 10:23:15,0,,6,0,0
11398,2024-04-14 10:23:43,1,,6,0,0
9922,2024-04-14 10:40:09,1,,4,0,0
67836,2024-04-14 11:02:59,0,,4,0,0
97939,2024-04-14 11:12:13,0,,2,1,210
85756,2024-04-14 11:23:24,0,,8,0,0
65920,2024-04-14 11:23:55,1,,2,1,490
46274,2024-04-14 11:28:19,1,,11,0,0
13326,2024-04-14 11:30:51,1,,5,0,0
23752,2024-04-14 11:32:23,0,,3,0,0
43370,2024-04-14 11:49:28,0,,1,1,297
53253,2024-04-14 11:53:53,0,,3,1,488
66265,2024-04-14 11:55:14,0,,7,1,210
62271,2024-04-14 12:02:48,0,,7,1,201
10007,2024-04-14 12:11:14,0,,7,0,0
84767,2024-04-14 12:18:13,0,,5,0,0
24422,2024-04-14 12:29:56,0,,4,1,364
96123,2024-04-14 12:33:46,0,,8,0,0
87530,2024-04-14 12:49:08,0,,10,0,0
26339,2024-04-14 12:53:04,1,,5,1,211
60669,2024-04-14 13:01:44,0,,4,0,0
44194,2024-04-14 13:03:52,0,,9,0,0
7573,2024-04-14 13:12:12,0,,5,0,0
4942,2024-04-14 13:13:09,0,,5,0,0
60071,2024-04-14 13:22:57,0,,3,0,0
11409,2024-04-14 13:41:19,0,,8,0,0
44693,2024-04-14 13:54:03,1,,8,0,0
40845,2024-04-14 13:54:25,0,,3,1,220
9287,2024-04-14 14:04:12,0,,8,0,0
20536,2024-04-14 14:18:34,0,,6,0,0
13464,2024-04-14 14:27:33,0,,5,0,0
30832,2024-04-14 14:33:27,0,,5,1,344
67429,2024-04-14 14:39:41,0,,7,0,0
28436,2024-04-14 14:48:31,0,,10,1,322
71128,2024-04-14 14:54:55,1,,10,0,0
10692,2024-04-14 15:15:30,0,,5,1,358
3883,2024-04-14 15:16:00,0,,4,0,0
42724,2024-04-14 15:23:36,1,,7,1,346
72814,2024-04-14 15:24:57,0,,7,0,0
90415,2024-04-14 15:30:21,0,,9,0,0
91689,2024-04-14 15:34:27,1,,8,0,0
25944,2024-04-14 15:35:56,0,,8,0,0
78591,2024-04-14 15:45:29,0,,4,0,0
50440,2024-04-14 15:46:06,0,,9,0,0
77113,2024-04-14 16:10:48,0,,5,0,0
6558,2024-04-14 16:20:30,0,,4,0,0
13544,2024-04-14 16:21:17,1,,7,0,0
42887,2024-04-14 16:24:34,0,,7,1,299
50487,2024-04-14 16:42:24,1,,5,0,0
26541,2024-04-14 16:47:54,0,,5,1,272
99792,2024-04-14 16:48:11,0,,9,1,110
31314,2024-04-14 17:03:53,0,,5,0,0
98421,2024-04-14 17:05:58,0,,6,1,216
73683,2024-04-14 17:23:36,0,,5,1,311
92134,2024-04-14 17:35:44,1,,5,0,0
36903,2024-04-14 17:39:59,0,,10,0,0
87458,2024-04-14 17:40:29,0,,10,0,0
99434,2024-04-14 17:40:39,1,,5,1,392
58209,2024-04-14 17:42:47,0,,4,0,0
84473,2024-04-14 18:02:32,1,,6,1,293
29815,2024-04-14 18:08:20,0,,4,0,0
81345,2024-04-14 18:23:04,0,,5,0,0
99202,2024-04-14 18:24:57,0,,5,0,0
56278,2024-04-14 18:25:24,0,,9,0,0
59524,2024-04-14 18:30:36,1,,1,1,404
50821,2024-04-14 18:31:00,0,,1,0,0
49561,2024-04-14 18:31:05,0,,4,1,236
65920,2024-04-14 18:31:33,0,,11,1,240
36022,2024-04-14 18:45:04,1,,5,0,0
89532,2024-04-14 18:46:15,0,,4,0,0
62770,2024-04-14 18:52:04,0,,6,0,0
65350,2024-04-14 19:00:51,1,,3,0,0
5908,2024-04-14 19:02:13,0,,7,1,253
81481,2024-04-14 19:18:36,0,,5,0,0
67950,2024-04-14 19:24:21,0,,9,1,274
76276,2024-04-14 19:34:05,0,,5,0,0
74682,2024-04-14 19:34:50,0,,4,0,0
48258,2024-04-14 19:34:57,0,,2,0,0
2954,2024-04-14 19:43:37,0,,7,0,0
20536,2024-04-14 19:58:45,0,,3,0,0
99792,2024-04-14 20:27:39,0,,4,1,304
56031,2024-04-14 20:54:42,0,,5,0,0
65830,2024-04-14 20:59:31,0,,10,1,476
97381,2024-04-14 21:05:47,1,,3,0,0
8367,2024-04-14 21:06:55,0,,4,0,0
39172,2024-04-14 21:07:29,0,,8,0,0
42056,2024-04-14 21:13:51,1,,11,0,0
6528,2024-04-14 21:14:22,1,,10,1,236
4202,2024-04-14 21:16:00,1,,4,1,227
69911,2024-04-14 21:21:43,0,,4,0,0
92936,2024-04-14 21:28:56,0,,6,0,0
45866,2024-04-14 21:46:17,1,,4,0,0
3330,2024-04-14 22:02:19,0,,7,0,0
77347,2024-04-14 22:04:03,0,,9,1,253
81940,2024-04-14 22:07:29,0,,3,0,0
46104,2024-04-14 22:09:47,0,,11,1,228
51507,2024-04-14 22:25:48,1,,3,1,286
81233,2024-04-14 22:26:04,0,,0,0,0
79200,2024-04-14 22:39:14,0,,9,0,0
95258,2024-04-14 22:44:24,0,,6,0,0
31675,2024-04-14 23:04:27,1,,7,0,0
88146,2024-04-14 23:04:44,1,,10,0,0
82791,2024-04-14 23:05:26,1,,7,0,0
3962,2024-04-14 23:09:42,1,,3,0,0
43093,2024-04-14 23:21:56,0,,7,0,0
67836,2024-04-14 23:23:18,0,,4,0,0
11031,2024-04-14 23:27:38,1,,6,0,0
53102,2024-04-14 23:40:57,0,,6,0,0
65033,2024-04-14 23:47:19,0,,5,0,0
34788,2024-04-14 23:47:49,0,,7,0,0
14452,2024-04-14 23:57:33,0,,13,0,0
26054,2024-04-15 00:30:40,0,,6,0,0
14095,2024-04-15 00:32:40,0,,7,1,216
64038,2024-04-15 00:37:17,0,,3,0,0
52898,2024-04-15 00:48:22,0,,2,0,0
10955,2024-04-15 01:26:43,0,,6,1,386
43609,2024-04-15 01:39:47,0,,6,0,0
26883,2024-04-15 01:40:01,0,,5,1,428
82943,2024-04-15 01:42:34,0,,6,0,0
33333,2024-04-15 01:49:06,0,,5,0,0
65306,2024-04-15 02:03:20,0,,1,0,0
17225,2024-04-15 02:12:50,0,,5,1,329
12203,2024-04-15 02:14:14,0,,4,1,450
53151,2024-04-15 02:14:35,0,,8,1,245
61363,2024-04-15 02:31:24,0,,6,0,0
37122,2024-04-15 02:50:36,0,,4,0,0
3192,2024-04-15 03:00:02,0,,5,0,0
21131,2024-04-15 03:09:59,1,,4,1,300
59106,2024-04-15 03:24:14,0,,6,0,0
58113,2024-04-15 03:36:23,1,,2,1,223
66725,2024-04-15 03:49:23,1,,12,0,0
2894,2024-04-15 03:52:00,0,,1,1,432
48922,2024-04-15 04:21:54,0,,9,0,0
37602,2024-04-15 04:56:15,0,,5,1,259
11629,2024-04-15 05:06:04,0,,3,0,0
92867,2024-04-15 05:11:58,0,,3,0,0
79797,2024-04-15 05:36:37,0,,9,0,0
8514,2024-04-15 05:54:12,1,,6,0,0
40898,2024-04-15 06:02:16,1,,2,0,0
60327,2024-04-15 06:20:06,1,,6,1,198
5654,2024-04-15 06:20:16,0,,6,0,0
22592,2024-04-15 06:36:03,0,,6,0,0
55701,2024-04-15 06:53:45,0,,9,0,0
42971,2024-04-15 06:57:23,0,,7,0,0
5015,2024-04-15 07:26:32,1,,7,1,384
12203,2024-04-15 07:29:07,0,,3,0,0
47127,2024-04-15 07:56:09,0,,3,0,0
32471,2024-04-15 07:59:13,0,,6,0,0
56697,2024-04-15 08:01:40,0,,7,1,158
44843,2024-04-15 08:07:23,1,,6,1,365
49380,2024-04-15 08:11:51,0,,2,0,0
20845,2024-04-15 08:32:27,1,,2,0,0
55806,2024-04-15 08:33:32,1,,8,0,0
17328,2024-04-15 08:39:37,1,,3,0,0
92509,2024-04-15 08:48:26,0,,7,1,311
22663,2024-04-15 09:10:46,1,,6,0,0
61325,2024-04-15 09:20:01,0,,7,0,0
52129,2024-04-15 09:26:33,0,,8,0,0
1740,2024-04-15 09:27:59,0,,4,1,296
55175,2024-04-15 09:34:12,0,,4,0,0
52566,2024-04-15 09:34:13,0,,4,0,0
68076,2024-04-15 09:34:35,1,,5,0,0
33379,2024-04-15 09:43:25,0,,6,0,0
44865,2024-04-15 09:48:19,0,,8,0,0
16586,2024-04-15 09:48:40,0,,7,0,0
15135,2024-04-15 09:58:44,0,,3,1,652
15606,2024-04-15 09:59:11,0,,5,0,0
75311,2024-04-15 10:17:49,1,,6,1,837
96134,2024-04-15 10:22:43,1,,3,0,0
13664,2024-04-15 10:28:12,0,,10,1,758
68076,2024-04-15 10:37:12,1,,8,0,0
22149,2024-04-15 10:40:28,1,,4,0,0
40862,2024-04-15 10:43:39,1,,3,0,0
6193,2024-04-15 10:46:25,1,,2,1,560
31182,2024-04-15 10:50:47,1,,5,0,0
18641,2024-04-15 10:53:39,1,,2,1,393
42887,2024-04-15 10:55:11,0,,4,0,0
9025,2024-04-15 11:10:44,0,,5,1,408
59863,2024-04-15 11:16:05,0,,7,1,271
17378,2024-04-15 11:18:23,0,,3,1,255
8155,2024-04-15 11:19:38,0,,6,1,451
35447,2024-04-15 11:22:47,0,,5,0,0
22790,2024-04-15 11:45:34,0,,2,1,156
17743,2024-04-15 11:46:30,0,,4,0,0
40350,2024-04-15 11:49:41,1,,6,1,360
68899,2024-04-15 11:50:40,0,,11,1,227
73036,2024-04-15 12:14:45,1,,5,0,0
91723,2024-04-15 12:22:32,1,,5,1,288
42017,2024-04-15 12:25:43,0,,6,0,0
11639,2024-04-15 12:34:57,0,,6,0,0
97608,2024-04-15 12:38:52,0,,3,0,0
60652,2024-04-15 12:44:27,0,,5,0,0
95947,2024-04-15 13:07:28,0,,1,0,0
22663,2024-04-15 13:13:28,0,,9,1,221
35868,2024-04-15 13:27:49,0,,6,0,0
70346,2024-04-15 13:32:20,1,,6,0,0
53255,2024-04-15 13:37:24,1,,4,0,0
54535,2024-04-15 13:38:04,1,,10,0,0
72646,2024-04-15 13:41:56,1,,7,0,0
94312,2024-04-15 14:02:28,1,,12,0,0
82460,2024-04-15 14:05:17,1,,6,1,358
81578,2024-04-15 14:08:01,0,,5,0,0
59863,2024-04-15 14:10:00,0,,5,1,196
90838,2024-04-15 14:20:41,0,,4,0,0
43529,2024-04-15 14:23:42,0,,6,0,0
4343,2024-04-15 14:36:25,0,,7,1,274
27982,2024-04-15 14:36:45,0,,2,0,0
61630,2024-04-15 14:52:43,0,,4,0,0
59848,2024-04-15 15:01:55,0,,5,0,0
15139,2024-04-15 15:06:19,1,,8,1,558
39101,2024-04-15 15:09:21,1,,10,0,0
90838,2024-04-15 15:25:45,0,,7,0,0
8885,2024-04-15 15:27:24,1,,8,1,189
24489,2024-04-15 15:37:38,0,,7,1,246
44843,2024-04-15 15:44:58,0,,3,0,0
77414,2024-04-15 15:56:50,0,,7,0,0
69804,2024-04-15 15:59:33,0,,11,0,0
43010,2024-04-15 16:00:01,1,,12,0,0
20395,2024-04-15 16:00:14,0,,4,0,0
49471,2024-04-15 16:11:04,0,,2,1,219
59790,2024-04-15 16:18:12,1,,3,1,207
21476,2024-04-15 16:19:24,0,,5,0,0
82774,2024-04-15 16:23:53,0,,3,1,228
6501,2024-04-15 16:37:29,0,,8,0,0
6537,2024-04-15 16:45:18,0,,2,0,0
2622,2024-04-15 16:45:58,0,,8,0,0
57629,2024-04-15 17:00:56,1,,4,0,0
79511,2024-04-15 17:20:57,1,,9,0,0
5027,2024-04-15 17:36:27,0,,9,0,0
22122,2024-04-15 17:41:33,0,,3,0,0
68427,2024-04-15 17:53:24,1,,1,1,534
38895,2024-04-15 18:36:17,1,,7,0,0
67448,2024-04-15 19:09:38,1,,5,1,369
5908,2024-04-15 19:09:48,0,,6,0,0
44268,2024-04-15 19:52:51,0,,3,0,0
27982,2024-04-15 19:58:25,0,,9,1,200
52247,2024-04-15 20:06:24,0,,8,0,0
62706,2024-04-15 20:09:45,0,,12,1,280
12796,2024-04-15 20:27:28,0,,5,0,0
11629,2024-04-15 20:31:47,1,,5,0,0
68427,2024-04-15 20:34:41,1,,6,0,0
92936,2024-04-15 20:35:31,0,,6,0,0
2359,2024-04-15 20:35:37,1,,7,0,0
73192,2024-04-15 20:37:06,1,,5,1,201
77150,2024-04-15 20:37:08,1,,7,1,295
28148,2024-04-15 20:45:53,0,,11,1,197
25698,2024-04-15 20:51:31,0,,7,0,0
66265,2024-04-15 21:05:22,0,,6,0,0
96108,2024-04-15 21:20:12,0,,7,0,0
96950,2024-04-15 21:20:24,0,,7,1,386
50177,2024-04-15 21:26:43,0,,0,1,224
21703,2024-04-15 21:55:16,0,,5,1,373
22509,2024-04-15 21:58:46,1,,7,0,0
81012,2024-04-15 22:35:47,0,,6,0,0
46957,2024-04-15 23:00:28,1,,4,0,0
16655,2024-04-15 23:16:54,0,,6,1,240
4366,2024-04-15 23:23:04,0,,2,1,207
21727,2024-04-15 23:23:21,0,,7,0,0
829,2024-04-15 23:32:43,1,,6,0,0
49277,2024-04-15 23:34:09,1,,6,1,277
44693,2024-04-15 23:49:15,1,,6,1,178
37867,2024-04-15 23:55:45,1,,8,0,0
95947,2024-04-15 23:57:08,1,,7,0,0
91008,2024-04-16 00:06:50,0,,4,1,429
99980,2024-04-16 00:52:09,0,,7,0,0
72645,2024-04-16 01:03:59,0,,5,0,0
20845,2024-04-16 01:08:38,1,,13,1,169
54001,2024-04-16 01:17:08,1,,6,0,0
19729,2024-04-16 01:27:29,0,,4,0,0
829,2024-04-16 01:31:17,0,,11,1,405
77875,2024-04-16 02:23:42,0,,5,1,381
36255,2024-04-16 02:25:38,1,,7,0,0
81159,2024-04-16 02:30:36,0,,5,0,0
73737,2024-04-16 02:31:41,1,,5,1,364
55701,2024-04-16 02:56:05,1,,3,0,0
2784,2024-04-16 03:10:11,1,,6,0,0
59463,2024-04-16 03:10:19,0,,5,1,428
28887,2024-04-16 03:11:33,0,,6,0,0
87048,2024-04-16 03:21:10,1,,6,1,419
39588,2024-04-16 03:34:29,0,,9,0,0
62181,2024-04-16 03:35:46,0,,3,0,0
55839,2024-04-16 03:41:11,0,,5,0,0
95434,2024-04-16 03:48:38,1,,7,1,230
8514,2024-04-16 03:49:36,0,,4,0,0
89509,2024-04-16 04:34:02,0,,5,0,0
87029,2024-04-16 04:35:12,0,,4,1,327
41653,2024-04-16 04:36:08,0,,5,0,0
63453,2024-04-16 04:56:17,0,,8,0,0
11880,2024-04-16 05:12:17,1,,8,0,0
60184,2024-04-16 05:31:37,0,,3,0,0
4545,2024-04-16 06:03:04,0,,5,0,0
36762,2024-04-16 06:21:33,1,,6,1,247
23522,2024-04-16 06:22:04,1,,8,1,413
92133,2024-04-16 07:11:13,1,,8,0,0
47127,2024-04-16 07:23:09,0,,6,0,0
60174,2024-04-16 07:41:27,1,,1,1,264
40403,2024-04-16 07:43:57,1,,6,1,235
12553,2024-04-16 07:53:55,0,,7,0,0
93791,2024-04-16 08:05:57,0,,5,0,0
60652,2024-04-16 08:38:48,1,,6,0,0
40062,2024-04-16 08:46:35,1,,7,0,0
23163,2024-04-16 09:06:19,1,,7,1,399
36565,2024-04-16 09:29:30,0,,8,1,243
40212,2024-04-16 09:48:13,0,,7,0,0
2819,2024-04-16 10:02:48,0,,4,0,0
45831,2024-04-16 10:14:40,1,,5,1,266
18462,2024-04-16 10:16:48,0,,2,1,204
6439,2024-04-16 10:23:52,1,,4,0,0
5054,2024-04-16 10:29:09,0,,3,0,0
97509,2024-04-16 10:31:40,0,,6,0,0
64558,2024-04-16 10:40:55,0,,8,0,0
28,2024-04-16 10:55:23,1,,6,1,543
69741,2024-04-16 10:56:30,0,,3,0,0
66265,2024-04-16 11:04:07,0,,6,1,335
38792,2024-04-16 11:11:49,0,,5,1,337
10208,2024-04-16 11:33:23,0,,8,0,0
23791,2024-04-16 11:42:37,1,,7,1,363
1781,2024-04-16 11:44:06,0,,7,1,244
92509,2024-04-16 12:16:44,1,,4,1,211
56756,2024-04-16 12:32:24,0,,5,0,0
83275,2024-04-16 12:35:05,1,,4,0,0
2954,2024-04-16 12:37:56,0,,4,0,0
70115,2024-04-16 12:41:40,1,,5,0,0
2622,2024-04-16 12:48:01,0,,6,0,0
34788,2024-04-16 12:49:03,0,,3,0,0
25988,2024-04-16 12:52:08,0,,4,1,226
42416,2024-04-16 12:54:54,1,,7,0,0
40403,2024-04-16 13:06:12,1,,7,0,0
52129,2024-04-16 13:13:28,1,,5,1,365
43583,2024-04-16 13:14:56,0,,10,0,0
11914,2024-04-16 13:55:53,0,,3,1,355
92133,2024-04-16 13:56:05,0,,5,0,0
49297,2024-04-16 14:05:42,1,,4,0,0
10336,2024-04-16 14:09:42,0,,7,1,271
14095,2024-04-16 14:13:09,1,,4,0,0
97406,2024-04-16 14:22:13,0,,8,0,0
95258,2024-04-16 14:23:35,0,,7,1,294
18373,2024-04-16 14:44:55,0,,3,0,0
43093,2024-04-16 14:53:51,0,,3,0,0
19932,2024-04-16 14:55:39,0,,2,0,0
53473,2024-04-16 15:15:10,0,,4,0,0
58208,2024-04-16 15:20:17,0,,1,0,0
79881,2024-04-16 15:28:01,0,,6,0,0
7233,2024-04-16 15:32:53,0,,7,1,178
96933,2024-04-16 15:33:54,0,,6,1,381
8155,2024-04-16 15:49:14,0,,4,0,0
91538,2024-04-16 15:49:28,1,,4,1,473
15963,2024-04-16 15:58:53,0,,5,0,0
98319,2024-04-16 16:03:04,0,,8,1,410
3774,2024-04-16 16:09:29,0,,7,0,0
81578,2024-04-16 16:20:55,1,,2,0,0
15053,2024-04-16 16:22:14,0,,7,1,466
59691,2024-04-16 16:30:28,1,,6,0,0
68899,2024-04-16 16:39:08,0,,7,0,0
21727,2024-04-16 16:44:14,0,,3,0,0
83526,2024-04-16 16:45:34,0,,9,1,301
2616,2024-04-16 16:46:10,0,,5,0,0
86059,2024-04-16 16:50:18,0,,11,0,0
98996,2024-04-16 17:02:00,0,,3,0,0
41653,2024-04-16 17:07:54,1,,4,0,0
53153,2024-04-16 17:13:00,1,,6,0,0
60917,2024-04-16 17:17:21,0,,9,1,539
28737,2024-04-16 17:20:25,1,,6,0,0
12196,2024-04-16 17:25:51,1,,6,1,333
77524,2024-04-16 17:36:30,0,,4,0,0
68977,2024-04-16 17:47:56,0,,5,1,257
62770,2024-04-16 17:50:18,1,,9,0,0
8155,2024-04-16 17:56:56,1,,4,1,200
36255,2024-04-16 18:00:58,1,,5,0,0
48788,2024-04-16 18:02:06,0,,8,0,0
79873,2024-04-16 18:02:09,1,,8,0,0
99874,2024-04-16 18:02:47,0,,6,0,0
33379,2024-04-16 18:06:02,0,,5,0,0
45186,2024-04-16 18:15:07,1,,5,0,0
29087,2024-04-16 18:16:53,0,,10,1,326
50398,2024-04-16 18:30:08,0,,5,1,340
23457,2024-04-16 18:45:03,1,,5,0,0
86547,2024-04-16 18:46:17,0,,3,0,0
71997,2024-04-16 18:48:27,1,,7,0,0
947,2024-04-16 18:56:47,0,,5,1,542
43743,2024-04-16 19:09:04,0,,10,1,413
46269,2024-04-16 19:14:45,1,,7,1,384
99434,2024-04-16 19:26:33,1,,8,0,0
75672,2024-04-16 19:31:45,1,,9,0,0
58196,2024-04-16 19:58:07,1,,1,0,0
86802,2024-04-16 20:02:01,0,,6,0,0
82774,2024-04-16 20:19:10,1,,10,1,153
24519,2024-04-16 20:30:29,1,,3,1,220
93177,2024-04-16 20:36:40,0,,9,0,0
27129,2024-04-16 20:40:34,1,,6,0,0
91072,2024-04-16 20:40:50,1,,3,1,258
55242,2024-04-16 20:43:40,0,,8,1,456
11639,2024-04-16 20:54:37,1,,12,0,0
59007,2024-04-16 21:03:50,0,,9,1,440
21727,2024-04-16 21:08:57,0,,8,0,0
37867,2024-04-16 21:16:11,0,,8,1,283
58329,2024-04-16 21:21:05,0,,7,1,521
81481,2024-04-16 21:25:20,0,,7,0,0
12089,2024-04-16 21:41:07,1,,7,0,0
37439,2024-04-16 22:17:43,0,,8,0,0
58209,2024-04-16 22:18:33,0,,10,1,296
7233,2024-04-16 22:19:35,0,,4,1,193
947,2024-04-16 22:20:40,0,,3,1,285
62064,2024-04-16 22:26:09,0,,4,0,0
12455,2024-04-16 22:31:54,0,,6,0,0
35543,2024-04-16 22:31:55,0,,6,0,0
88695,2024-04-16 22:37:49,1,,7,0,0
7496,2024-04-16 22:38:20,0,,7,0,0
50092,2024-04-16 22:41:22,0,,7,1,389
48031,2024-04-16 22:54:28,0,,5,0,0
19452,2024-04-16 23:02:23,1,,5,0,0
93858,2024-04-16 23:16:14,0,,7,0,0
28436,2024-04-16 23:25:17,0,,4,1,493
88574,2024-04-16 23:31:14,0,,5,1,220
64038,2024-04-16 23:34:13,0,,9,0,0
26102,2024-04-16 23:47:24,0,,6,0,0
33333,2024-04-17 00:08:13,1,,9,0,0
84767,2024-04-17 00:09:32,0,,4,0,0
15961,2024-04-17 00:41:45,0,,5,1,373
12089,2024-04-17 00:43:18,0,,4,1,418
67429,2024-04-17 00:53:27,1,,4,0,0
18034,2024-04-17 00:55:31,0,,5,0,0
3192,2024-04-17 00:57:53,1,,5,0,0
30578,2024-04-17 01:05:40,0,,2,0,0
62064,2024-04-17 01:40:36,1,,6,1,294
37568,2024-04-17 01:51:20,0,,4,1,230
37568,2024-04-17 01:59:55,1,,4,1,374
97608,2024-04-17 02:21:56,1,,7,0,0
79797,2024-04-17 02:48:58,0,,6,0,0
74176,2024-04-17 03:19:12,0,,4,0,0
30360,2024-04-17 03:29:10,0,,11,0,0
4040,2024-04-17 03:29:58,1,,10,0,0
80042,2024-04-17 04:24:29,1,,4,0,0
21727,2024-04-17 04:51:45,1,,4,1,295
28897,2024-04-17 04:55:45,0,,4,1,468
10406,2024-04-17 05:24:54,0,,6,0,0
22452,2024-04-17 05:27:50,0,,9,1,443
52129,2024-04-17 05:45:24,0,,4,1,289
65286,2024-04-17 05:47:32,1,,3,0,0
73789,2024-04-17 06:11:43,0,,9,0,0
47775,2024-04-17 06:35:38,0,,5,0,0
57290,2024-04-17 06:36:37,0,,5,0,0
37602,2024-04-17 06:47:23,0,,5,0,0
72411,2024-04-17 07:26:06,0,,9,1,276
15029,2024-04-17 07:31:03,0,,7,0,0
3030,2024-04-17 07:31:37,0,,5,1,347
64203,2024-04-17 07:42:31,0,,6,0,0
42886,2024-04-17 07:59:02,1,,8,1,660
52073,2024-04-17 08:01:20,0,,5,1,369
93858,2024-04-17 08:39:04,1,,3,0,0
35868,2024-04-17 08:42:54,0,,6,0,0
24422,2024-04-17 08:52:49,0,,6,1,355
19932,2024-04-17 08:57:09,0,,7,0,0
2800,2024-04-17 09:12:04,1,,5,0,0
49188,2024-04-17 09:34:17,1,,6,0,0
55003,2024-04-17 10:00:49,0,,5,0,0
88727,2024-04-17 10:10:57,0,,11,0,0
27834,2024-04-17 10:31:13,1,,2,1,279
77049,2024-04-17 10:32:23,1,,10,1,337
84154,2024-04-17 10:42:42,0,,9,1,194
46104,2024-04-17 10:45:47,0,,8,1,215
33551,2024-04-17 11:01:02,0,,5,0,0
69060,2024-04-17 11:12:10,1,,14,0,0
18593,2024-04-17 11:13:58,0,,3,1,171
7981,2024-04-17 11:14:21,0,,6,1,165
56482,2024-04-17 11:16:35,0,,8,0,0
25944,2024-04-17 11:19:26,0,,9,0,0
14881,2024-04-17 11:29:28,0,,3,0,0
92134,2024-04-17 11:50:04,0,,6,1,334
81974,2024-04-17 12:04:46,1,,1,0,0
3712,2024-04-17 12:06:35,1,,8,0,0
3672,2024-04-17 12:10:32,0,,5,0,0
38133,2024-04-17 12:20:56,0,,5,0,0
28,2024-04-17 12:21:22,0,,3,0,0
35836,2024-04-17 12:46:18,0,,5,0,0
81578,2024-04-17 13:04:56,0,,4,0,0
37812,2024-04-17 13:10:28,0,,9,0,0
26541,2024-04-17 13:18:22,0,,6,0,0
93693,2024-04-17 13:22:25,0,,7,1,165
52001,2024-04-17 13:46:45,1,,4,0,0
23375,2024-04-17 13:47:35,0,,9,0,0
84154,2024-04-17 13:56:06,1,,5,0,0
73192,2024-04-17 13:59:26,0,,3,1,225
79881,2024-04-17 14:02:09,0,,5,0,0
15053,2024-04-17 14:36:26,0,,4,0,0
95359,2024-04-17 14:45:25,1,,7,0,0
10208,2024-04-17 14:55:20,1,,6,1,284
85907,2024-04-17 15:00:23,0,,5,0,0
91840,2024-04-17 15:04:53,1,,6,0,0
28261,2024-04-17 15:13:03,0,,7,1,225
29362,2024-04-17 15:18:07,0,,10,0,0
46747,2024-04-17 15:23:13,1,,8,0,0
1896,2024-04-17 15:26:44,0,,6,0,0
37812,2024-04-17 15:29:24,1,,6,1,405
60071,2024-04-17 15:39:25,0,,3,0,0
48258,2024-04-17 15:53:47,0,,5,1,323
73493,2024-04-17 15:55:31,0,,6,1,253
88106,2024-04-17 16:02:54,1,,6,1,412
65474,2024-04-17 16:10:43,0,,4,0,0
34279,2024-04-17 16:12:08,0,,7,0,0
1810,2024-04-17 16:17:05,0,,6,0,0
47127,2024-04-17 16:27:58,0,,10,1,293
90756,2024-04-17 16:29:02,0,,5,0,0
62271,2024-04-17 16:34:13,0,,7,0,0
51987,2024-04-17 16:40:53,0,,7,0,0
39581,2024-04-17 16:42:47,1,,6,0,0
57094,2024-04-17 16:43:43,0,,3,0,0
64203,2024-04-17 16:55:46,0,,9,0,0
42779,2024-04-17 17:01:05,1,,8,0,0
99603,2024-04-17 17:02:48,0,,12,1,195
26102,2024-04-17 17:09:52,0,,5,0,0
24519,2024-04-17 17:17:45,0,,8,1,231
61142,2024-04-17 17:19:20,0,,6,0,0
79850,2024-04-17 17:19:43,0,,7,1,482
66373,2024-04-17 17:36:19,0,,10,1,466
28251,2024-04-17 17:39:04,0,,9,1,182
76514,2024-04-17 17:42:29,0,,8,1,280
33250,2024-04-17 18:08:24,0,,2,1,399
76892,2024-04-17 18:23:11,0,,5,0,0
86551,2024-04-17 18:29:23,0,,4,1,391
91689,2024-04-17 18:47:57,0,,2,0,0
42971,2024-04-17 18:57:55,0,,3,0,0
70923,2024-04-17 19:00:14,0,,7,1,312
68977,2024-04-17 19:04:59,1,,2,1,374
85907,2024-04-17 19:47:09,0,,4,1,273
45186,2024-04-17 20:00:17,1,,4,0,0
79093,2024-04-17 20:01:39,0,,10,0,0
93455,2024-04-17 20:23:28,0,,6,0,0
56004,2024-04-17 20:26:55,1,,8,0,0
80185,2024-04-17 20:29:05,1,,3,0,0
56004,2024-04-17 20:32:19,1,,9,0,0
59007,2024-04-17 20:44:22,0,,7,0,0
26723,2024-04-17 20:45:06,1,,9,0,0
5054,2024-04-17 20:45:07,0,,1,0,0
12203,2024-04-17 21:06:05,0,,3,1,151
47775,2024-04-17 21:07:12,0,,4,0,0
58197,2024-04-17 21:13:31,0,,4,0,0
19361,2024-04-17 21:14:49,0,,6,0,0
79511,2024-04-17 21:27:12,1,,6,0,0
2616,2024-04-17 21:28:40,0,,4,1,203
5339,2024-04-17 21:41:42,0,,2,1,409
90838,2024-04-17 21:58:24,1,,7,1,506
92076,2024-04-17 22:14:52,0,,4,0,0
83203,2024-04-17 22:17:34,0,,10,0,0
86507,2024-04-17 22:21:31,1,,6,0,0
56697,2024-04-17 22:23:00,0,,5,0,0
4942,2024-04-17 22:36:49,0,,6,0,0
42142,2024-04-17 23:06:51,0,,5,0,0
90756,2024-04-17 23:16:09,0,,4,0,0
27318,2024-04-17 23:25:36,0,,5,0,0
48573,2024-04-17 23:29:58,0,,7,0,0
11630,2024-04-17 23:29:59,1,,8,1,282
57629,2024-04-17 23:32:22,0,,4,0,0
49147,2024-04-17 23:40:25,1,,8,1,348
19452,2024-04-17 23:43:07,0,,5,0,0
15606,2024-04-17 23:50:29,1,,4,0,0
49380,2024-04-18 00:09:42,0,,4,0,0
91992,2024-04-18 00:23:00,1,,6,1,246
95258,2024-04-18 00:23:15,0,,2,0,0
82999,2024-04-18 00:43:29,0,,5,0,0
16301,2024-04-18 01:10:27,1,,11,1,233
17072,2024-04-18 01:35:43,0,,6,1,381
60174,2024-04-18 01:41:48,0,,6,0,0
3978,2024-04-18 01:46:55,0,,7,0,0
78350,2024-04-18 02:03:08,0,,5,0,0
54191,2024-04-18 02:07:39,1,,5,1,596
60264,2024-04-18 02:44:54,1,,1,1,479
45562,2024-04-18 02:57:49,0,,5,0,0
78436,2024-04-18 03:08:29,1,,6,1,269
72923,2024-04-18 03:28:16,1,,9,1,327
83214,2024-04-18 04:20:05,0,,7,1,283
52501,2024-04-18 04:34:02,0,,6,0,0
69725,2024-04-18 04:56:49,0,,6,1,186
29087,2024-04-18 05:05:26,0,,5,0,0
8068,2024-04-18 05:40:51,0,,7,1,369
30578,2024-04-18 05:45:37,0,,8,0,0
73192,2024-04-18 06:07:19,0,,5,0,0
12187,2024-04-18 06:09:57,0,,1,1,262
85907,2024-04-18 06:25:53,0,,4,0,0
2359,2024-04-18 06:45:27,0,,4,1,246
82234,2024-04-18 06:46:54,0,,9,0,0
91538,2024-04-18 07:08:49,0,,7,0,0
69804,2024-04-18 07:28:08,0,,8,0,0
33983,2024-04-18 07:37:19,0,,6,0,0
66928,2024-04-18 07:43:11,0,,6,0,0
50395,2024-04-18 07:43:12,0,,11,0,0
25617,2024-04-18 07:59:38,0,,8,0,0
34619,2024-04-18 08:14:21,1,,4,1,425
46406,2024-04-18 08:23:09,0,,7,1,410
89470,2024-04-18 08:40:33,0,,4,0,0
15106,2024-04-18 08:42:21,0,,1,0,0
3980,2024-04-18 08:44:14,0,,1,0,0
72646,2024-04-18 08:50:18,0,,6,1,373
15123,2024-04-18 08:51:17,1,,7,0,0
5908,2024-04-18 08:57:09,0,,6,0,0
85364,2024-04-18 09:12:14,0,,7,0,0
41882,2024-04-18 09:21:59,0,,10,0,0
4343,2024-04-18 09:23:54,1,,11,1,225
10692,2024-04-18 09:28:19,0,,6,0,0
95258,2024-04-18 09:31:30,1,,7,1,212
15961,2024-04-18 09:38:16,0,,8,0,0
18637,2024-04-18 09:40:38,0,,8,0,0
35836,2024-04-18 09:45:25,1,,4,1,463
26717,2024-04-18 10:17:54,1,,4,0,0
35682,2024-04-18 10:37:53,0,,6,1,401
30032,2024-04-18 10:42:37,0,,7,0,0
81481,2024-04-18 10:53:04,0,,8,0,0
59202,2024-04-18 11:24:08,0,,4,0,0
29454,2024-04-18 11:34:04,0,,4,0,0
3721,2024-04-18 11:35:41,1,,6,0,0
1154,2024-04-18 11:49:29,0,,12,1,538
97509,2024-04-18 12:02:02,0,,4,1,225
94500,2024-04-18 12:02:20,1,,5,1,156
59463,2024-04-18 12:10:33,1,,7,1,247
18637,2024-04-18 12:20:22,0,,8,1,235
624,2024-04-18 12:22:09,0,,5,0,0
1810,2024-04-18 12:35:07,1,,6,0,0
31454,2024-04-18 12:38:46,1,,6,0,0
39581,2024-04-18 12:39:41,0,,4,0,0
92700,2024-04-18 12:45:12,0,,11,0,0
72159,2024-04-18 12:48:27,1,,10,0,0
31445,2024-04-18 12:49:58,0,,5,0,0
10208,2024-04-18 12:51:20,0,,6,0,0
64353,2024-04-18 12:51:44,0,,7,0,0
68899,2024-04-18 13:04:59,1,,7,1,258
74770,2024-04-18 13:11:54,0,,8,0,0
68816,2024-04-18 13:17:31,0,,8,1,426
89509,2024-04-18 13:25:34,0,,11,1,349
12455,2024-04-18 13:28:38,0,,7,0,0
6141,2024-04-18 14:15:11,1,,7,0,0
83526,2024-04-18 14:15:49,0,,4,0,0
77463,2024-04-18 14:29:23,1,,2,0,0
11517,2024-04-18 14:32:55,0,,4,0,0
28238,2024-04-18 14:52:14,0,,4,0,0
9025,2024-04-18 14:58:11,1,,3,1,294
29191,2024-04-18 15:18:10,1,,6,0,0
90469,2024-04-18 15:18:34,1,,6,1,212
63300,2024-04-18 15:19:30,1,,7,0,0
1896,2024-04-18 15:20:07,0,,4,1,248
68648,2024-04-18 15:20:22,0,,8,1,328
48031,2024-04-18 15:27:39,1,,9,0,0
95631,2024-04-18 15:38:47,0,,7,1,363
2622,2024-04-18 15:48:32,0,,3,1,330
31445,2024-04-18 15:57:29,0,,13,0,0
26102,2024-04-18 16:06:05,0,,6,1,449
5285,2024-04-18 16:06:30,0,,3,1,260
91008,2024-04-18 16:11:49,0,,8,0,0
16316,2024-04-18 16:13:46,0,,4,1,438
11947,2024-04-18 16:17:18,1,,6,1,221
55175,2024-04-18 16:19:15,0,,5,0,0
43529,2024-04-18 16:24:50,0,,7,0,0
51769,2024-04-18 16:36:28,0,,11,0,0
28897,2024-04-18 17:06:29,1,,8,1,176
23304,2024-04-18 17:37:06,0,,8,1,371
30458,2024-04-18 17:37:10,0,,5,0,0
83,2024-04-18 17:49:24,1,,7,0,0
9287,2024-04-18 18:01:06,0,,6,0,0
24083,2024-04-18 18:01:19,0,,6,0,0
37568,2024-04-18 18:07:59,1,,3,0,0
60316,2024-04-18 18:10:11,0,,7,0,0
79850,2024-04-18 18:11:26,0,,7,0,0
37428,2024-04-18 18:12:20,0,,4,1,209
86802,2024-04-18 18:22:43,0,,5,1,331
37752,2024-04-18 18:32:26,0,,3,0,0
6528,2024-04-18 18:39:32,1,,5,0,0
48736,2024-04-18 18:55:01,0,,1,0,0
29081,2024-04-18 18:55:40,1,,10,1,244
40622,2024-04-18 18:59:08,0,,6,0,0
62893,2024-04-18 19:13:33,0,,4,0,0
35081,2024-04-18 19:14:49,0,,0,0,0
46104,2024-04-18 19:20:24,0,,3,0,0
89648,2024-04-18 19:25:19,1,,4,1,214
22509,2024-04-18 19:27:52,0,,2,0,0
40403,2024-04-18 19:52:44,0,,6,0,0
81974,2024-04-18 19:53:50,0,,8,1,211
22452,2024-04-18 19:59:59,0,,4,0,0
24854,2024-04-18 20:22:03,0,,10,0,0
2616,2024-04-18 20:32:38,1,,7,1,138
80896,2024-04-18 20:44:17,1,,5,0,0
37973,2024-04-18 20:46:46,0,,5,1,416
63079,2024-04-18 20:57:33,0,,8,0,0
97509,2024-04-18 21:09:21,0,,9,1,369
21703,2024-04-18 21:33:22,1,,4,1,388
90965,2024-04-18 21:47:09,0,,6,1,184
55359,2024-04-18 21:59:27,1,,3,0,0
9470,2024-04-18 22:05:47,0,,5,0,0
48201,2024-04-18 22:10:40,0,,7,0,0
79850,2024-04-18 22:13:28,0,,5,0,0
54535,2024-04-18 22:17:07,0,,3,1,296
71243,2024-04-18 22:31:34,0,,3,0,0
99085,2024-04-18 22:33:25,1,,3,0,0
40211,2024-04-18 22:36:31,0,,7,0,0
67786,2024-04-18 22:41:02,0,,7,1,255
33140,2024-04-18 22:43:51,0,,2,0,0
36187,2024-04-18 22:44:58,0,,9,0,0
6141,2024-04-18 22:46:12,0,,6,1,270
80042,2024-04-18 22:48:18,0,,9,1,275
10651,2024-04-18 22:57:01,0,,1,1,446
12622,2024-04-18 23:04:09,0,,9,1,247
28643,2024-04-18 23:05:08,1,,12,0,0
11907,2024-04-18 23:31:32,1,,9,0,0
85364,2024-04-18 23:34:50,1,,6,1,286
92559,2024-04-18 23:39:54,0,,7,0,0
95981,2024-04-18 23:54:50,0,,7,1,223
49084,2024-04-19 00:27:32,1,,4,0,0
26911,2024-04-19 00:29:43,1,,2,0,0
67619,2024-04-19 00:29:47,0,,3,0,0
96578,2024-04-19 00:44:23,0,,5,1,349
29859,2024-04-19 01:05:37,1,,4,0,0
49147,2024-04-19 01:06:21,0,,9,0,0
85101,2024-04-19 01:17:38,0,,8,1,316
55558,2024-04-19 01:26:29,0,,4,0,0
42588,2024-04-19 02:04:23,0,,4,0,0
66455,2024-04-19 02:28:55,0,,9,0,0
7952,2024-04-19 02:28:56,0,,9,0,0
68748,2024-04-19 02:50:20,0,,7,0,0
57127,2024-04-19 03:19:31,1,,12,1,345
40943,2024-04-19 03:45:55,0,,6,0,0
26911,2024-04-19 04:10:52,1,,9,0,0
52407,2024-04-19 04:27:58,0,,9,1,235
82460,2024-04-19 04:32:09,0,,8,0,0
26717,2024-04-19 04:48:49,0,,7,0,0
1740,2024-04-19 04:52:12,1,,6,0,0
60174,2024-04-19 04:56:35,0,,6,0,0
72646,2024-04-19 04:57:34,0,,6,0,0
65563,2024-04-19 05:53:17,0,,7,0,0
27326,2024-04-19 05:53:50,1,,4,1,367
15350,2024-04-19 06:21:36,1,,6,1,480
84473,2024-04-19 06:29:20,0,,9,0,0
40804,2024-04-19 06:38:15,0,,7,0,0
624,2024-04-19 06:48:38,0,,6,1,272
98421,2024-04-19 07:17:37,1,,8,0,0
7573,2024-04-19 07:18:31,1,,7,1,293
94312,2024-04-19 07:56:29,0,,9,0,0
55003,2024-04-19 08:04:01,0,,6,0,0
3193,2024-04-19 08:07:01,0,,4,1,243
23522,2024-04-19 08:08:46,0,,7,0,0
36443,2024-04-19 08:13:02,0,,6,0,0
41868,2024-04-19 08:41:17,0,,8,1,262
13867,2024-04-19 08:46:18,1,,9,0,0
56172,2024-04-19 09:07:37,0,,1,0,0
15123,2024-04-19 09:09:54,1,,7,1,554
11398,2024-04-19 09:11:11,0,,7,0,0
69687,2024-04-19 09:20:02,1,,3,1,220
60453,2024-04-19 09:27:58,0,,4,1,188
62680,2024-04-19 09:36:26,0,,2,0,0
38750,2024-04-19 09:39:23,0,,13,0,0
52566,2024-04-19 09:46:17,1,,6,0,0
25617,2024-04-19 10:08:38,0,,11,1,541
88180,2024-04-19 10:21:51,0,,7,0,0
3778,2024-04-19 10:35:27,0,,6,0,0
10651,2024-04-19 10:36:08,1,,4,0,0
56392,2024-04-19 10:42:04,1,,9,1,313
92134,2024-04-19 10:45:51,0,,6,1,456
33379,2024-04-19 10:56:27,1,,9,1,275
209,2024-04-19 10:56:38,0,,5,0,0
47117,2024-04-19 11:00:52,0,,6,1,382
42886,2024-04-19 11:15:56,0,,5,1,343
98350,2024-04-19 11:16:47,0,,6,0,0
4366,2024-04-19 11:41:07,1,,7,1,282
17072,2024-04-19 11:41:34,1,,8,0,0
46823,2024-04-19 11:47:34,1,,5,1,107
2954,2024-04-19 12:28:41,0,,4,0,0
22773,2024-04-19 12:37:19,1,,1,0,0
60520,2024-04-19 12:39:58,0,,7,1,323
46221,2024-04-19 12:44:45,0,,5,0,0
4040,2024-04-19 12:50:43,0,,5,1,257
21972,2024-04-19 12:51:33,0,,6,0,0
60327,2024-04-19 12:56:10,0,,7,1,400
10406,2024-04-19 13:00:09,1,,5,0,0
35543,2024-04-19 13:11:11,1,,6,0,0
95414,2024-04-19 13:11:14,1,,5,1,348
40403,2024-04-19 13:11:27,0,,10,1,283
76030,2024-04-19 13:19:34,0,,4,0,0
24764,2024-04-19 13:25:48,0,,6,1,457
16519,2024-04-19 13:28:42,0,,2,1,153
86802,2024-04-19 13:45:33,0,,7,0,0
95359,2024-04-19 13:51:13,0,,8,1,301
40898,2024-04-19 13:55:20,1,,3,1,169
35481,2024-04-19 14:02:19,1,,8,1,558
11914,2024-04-19 14:26:39,0,,6,1,614
82999,2024-04-19 14:27:24,0,,5,1,167
59863,2024-04-19 14:41:22,1,,7,0,0
53687,2024-04-19 14:43:26,0,,10,0,0
12455,2024-04-19 14:49:03,0,,6,0,0
45831,2024-04-19 14:51:01,0,,6,0,0
65563,2024-04-19 14:58:48,0,,5,0,0
97608,2024-04-19 15:04:24,0,,3,1,177
79797,2024-04-19 15:09:31,1,,8,0,0
17225,2024-04-19 15:12:58,0,,7,1,323
65661,2024-04-19 15:14:47,0,,5,1,304
14459,2024-04-19 15:19:53,0,,2,1,210
95414,2024-04-19 15:40:47,0,,5,0,0
37867,2024-04-19 15:47:26,1,,8,0,0
86551,2024-04-19 16:08:04,0,,11,0,0
27775,2024-04-19 16:44:03,0,,9,1,322
68415,2024-04-19 16:53:16,0,,8,1,366
77463,2024-04-19 16:53:37,0,,5,0,0
34032,2024-04-19 17:03:08,0,,9,0,0
70343,2024-04-19 17:13:27,0,,5,1,160
13478,2024-04-19 17:21:10,0,,4,0,0
92076,2024-04-19 17:22:01,0,,5,0,0
15135,2024-04-19 17:24:11,0,,11,1,328
36565,2024-04-19 17:41:00,1,,2,1,305
79349,2024-04-19 17:42:42,1,,4,1,603
15826,2024-04-19 17:42:47,0,,5,1,293
50124,2024-04-19 17:52:04,0,,5,0,0
13503,2024-04-19 18:05:18,0,,6,0,0
41868,2024-04-19 18:06:35,0,,3,1,421
57497,2024-04-19 18:11:43,0,,6,0,0
8648,2024-04-19 18:22:12,0,,8,0,0
17743,2024-04-19 18:34:13,1,,4,0,0
57333,2024-04-19 18:49:25,1,,7,0,0
49381,2024-04-19 18:54:29,0,,5,0,0
79079,2024-04-19 18:56:02,1,,5,0,0
69934,2024-04-19 19:01:07,0,,6,0,0
75672,2024-04-19 19:32:15,0,,8,0,0
45151,2024-04-19 19:43:21,0,,5,0,0
15606,2024-04-19 19:46:43,0,,4,0,0
55169,2024-04-19 19:54:44,0,,2,0,0
29815,2024-04-19 19:56:39,0,,5,0,0
48541,2024-04-19 20:01:09,0,,9,0,0
10270,2024-04-19 20:06:33,0,,0,1,350
27982,2024-04-19 20:13:07,0,,1,1,241
13402,2024-04-19 20:18:20,0,,8,1,374
63658,2024-04-19 20:31:37,0,,4,1,288
40212,2024-04-19 20:42:21,1,,6,0,0
15123,2024-04-19 20:50:09,1,,7,0,0
6501,2024-04-19 20:55:14,0,,6,0,0
62671,2024-04-19 21:06:05,0,,3,0,0
82865,2024-04-19 21:30:36,0,,5,0,0
40403,2024-04-19 21:37:48,0,,8,0,0
34250,2024-04-19 21:44:04,0,,4,0,0
89245,2024-04-19 22:28:21,1,,5,1,562
12291,2024-04-19 22:35:51,0,,2,1,159
96123,2024-04-19 22:40:11,1,,7,0,0
14078,2024-04-19 22:44:10,0,,5,1,264
55839,2024-04-19 22:48:56,0,,6,1,293
29191,2024-04-19 22:54:48,0,,2,0,0
65076,2024-04-19 23:05:54,0,,7,1,402
89560,2024-04-19 23:19:25,1,,8,0,0
82405,2024-04-19 23:27:11,1,,8,1,218
22864,2024-04-19 23:28:36,1,,8,0,0
3712,2024-04-19 23:45:09,1,,9,1,306
52930,2024-04-19 23:50:33,0,,5,0,0
81159,2024-04-19 23:58:15,1,,12,1,232
6584,2024-04-19 23:59:30,0,,5,0,0
22329,2024-04-20 00:02:57,0,,2,1,459
54535,2024-04-20 00:10:15,0,,11,0,0
28238,2024-04-20 00:16:47,1,,4,1,264
96118,2024-04-20 00:40:40,0,,6,0,0
91723,2024-04-20 00:47:00,0,,6,0,0
61325,2024-04-20 01:21:42,0,,4,1,384
40898,2024-04-20 01:47:38,0,,8,1,599
40212,2024-04-20 01:55:07,1,,11,1,273
50821,2024-04-20 02:28:38,0,,8,0,0
92134,2024-04-20 02:39:43,1,,6,1,321
57497,2024-04-20 02:44:11,0,,4,0,0
91794,2024-04-20 03:32:26,0,,4,1,202
93986,2024-04-20 03:41:38,1,,10,0,0
73493,2024-04-20 03:50:09,0,,6,1,320
12291,2024-04-20 04:27:29,1,,4,1,208
17355,2024-04-20 04:28:52,0,,7,0,0
77347,2024-04-20 04:35:08,0,,3,0,0
59851,2024-04-20 05:06:08,0,,3,0,0
62271,2024-04-20 05:17:16,0,,7,0,0
82999,2024-04-20 05:27:17,0,,6,0,0
15053,2024-04-20 05:59:06,0,,9,0,0
24519,2024-04-20 06:31:14,0,,6,1,304
5285,2024-04-20 07:16:58,0,,6,0,0
24251,2024-04-20 07:19:35,0,,3,1,404
92867,2024-04-20 08:00:49,0,,8,0,0
77463,2024-04-20 08:01:29,0,,4,1,281
53255,2024-04-20 08:09:57,0,,4,0,0
57127,2024-04-20 08:16:09,0,,3,0,0
36443,2024-04-20 08:16:22,1,,9,0,0
93945,2024-04-20 08:33:47,0,,7,0,0
68816,2024-04-20 08:37:16,0,,6,1,148
28643,2024-04-20 08:44:45,0,,4,0,0
1963,2024-04-20 08:49:53,0,,5,0,0
37122,2024-04-20 08:55:08,0,,6,0,0
78832,2024-04-20 08:57:16,0,,3,0,0
93791,2024-04-20 08:59:07,1,,3,0,0
75899,2024-04-20 09:06:32,1,,9,1,120
70763,2024-04-20 09:27:55,1,,7,0,0
92936,2024-04-20 09:49:32,0,,7,1,339
30458,2024-04-20 09:50:25,1,,4,0,0
54032,2024-04-20 10:06:31,1,,3,0,0
63003,2024-04-20 10:13:07,0,,7,0,0
28436,2024-04-20 10:51:00,0,,12,1,395
12029,2024-04-20 10:53:59,0,,3,0,0
1440,2024-04-20 10:57:27,0,,6,0,0
82460,2024-04-20 11:01:03,0,,5,1,188
23304,2024-04-20 11:09:42,0,,5,1,375
70314,2024-04-20 11:16:38,0,,2,1,199
13325,2024-04-20 11:49:20,1,,4,0,0
84154,2024-04-20 11:52:51,0,,3,0,0
35640,2024-04-20 11:58:36,1,,5,0,0
36443,2024-04-20 12:01:13,1,,6,1,373
16425,2024-04-20 12:13:32,1,,2,1,584
63282,2024-04-20 12:17:53,1,,5,1,841
79469,2024-04-20 12:18:56,0,,3,0,0
29535,2024-04-20 12:21:59,1,,6,1,260
46071,2024-04-20 12:26:14,0,,9,1,214
50124,2024-04-20 12:59:16,1,,6,0,0
56004,2024-04-20 13:05:53,0,,9,0,0
17285,2024-04-20 13:20:54,1,,3,0,0
57047,2024-04-20 13:24:16,1,,6,0,0
15350,2024-04-20 14:00:11,0,,7,0,0
26102,2024-04-20 14:10:57,0,,10,1,416
9287,2024-04-20 14:13:07,0,,3,0,0
57866,2024-04-20 14:35:24,0,,3,1,157
49147,2024-04-20 14:37:40,0,,5,0,0
29087,2024-04-20 14:46:26,1,,3,0,0
57596,2024-04-20 15:12:45,0,,5,0,0
59288,2024-04-20 15:29:34,0,,5,0,0
62680,2024-04-20 15:39:47,0,,6,0,0
15574,2024-04-20 15:50:09,0,,13,0,0
14826,2024-04-20 16:13:02,0,,4,0,0
65286,2024-04-20 16:22:43,0,,7,0,0
33751,2024-04-20 16:30:25,0,,12,0,0
80616,2024-04-20 16:39:37,0,,7,1,311
79339,2024-04-20 16:46:06,0,,5,1,208
17355,2024-04-20 16:51:13,0,,6,0,0
12453,2024-04-20 16:57:00,0,,8,1,246
26102,2024-04-20 17:02:31,0,,2,0,0
22122,2024-04-20 17:06:13,1,,4,1,200
63140,2024-04-20 17:19:56,0,,3,1,304
12203,2024-04-20 17:27:29,0,,5,0,0
3030,2024-04-20 17:28:34,1,,7,0,0
34279,2024-04-20 17:31:48,0,,6,0,0
77463,2024-04-20 17:32:59,0,,11,1,217
68748,2024-04-20 17:36:34,0,,4,1,347
87557,2024-04-20 17:37:24,1,,3,0,0
54001,2024-04-20 18:01:27,0,,11,0,0
58196,2024-04-20 18:08:37,0,,6,0,0
12671,2024-04-20 18:13:28,0,,7,1,285
45074,2024-04-20 18:17:40,1,,4,0,0
95947,2024-04-20 18:22:13,0,,4,0,0
69687,2024-04-20 18:27:48,0,,6,1,421
91562,2024-04-20 18:32:37,0,,3,1,284
12029,2024-04-20 18:34:45,0,,5,0,0
87378,2024-04-20 18:40:02,0,,6,0,0
36443,2024-04-20 18:57:23,0,,6,1,284
56617,2024-04-20 19:04:01,0,,8,0,0
36565,2024-04-20 19:08:18,0,,5,1,247
89736,2024-04-20 19:13:05,0,,9,0,0
60484,2024-04-20 19:22:47,1,,6,1,532
79201,2024-04-20 19:27:09,0,,4,0,0
40450,2024-04-20 19:27:37,0,,4,0,0
62706,2024-04-20 19:46:02,1,,7,1,216
3234,2024-04-20 20:02:45,1,,8,0,0
46604,2024-04-20 20:12:35,0,,6,0,0
41882,2024-04-20 20:18:13,0,,6,1,306
63404,2024-04-20 20:22:00,0,,9,0,0
37973,2024-04-20 20:35:36,0,,5,0,0
59202,2024-04-20 20:37:55,0,,4,0,0
98736,2024-04-20 20:42:48,0,,9,0,0
85280,2024-04-20 20:49:31,0,,10,1,587
42534,2024-04-20 20:49:35,0,,3,1,173
16301,2024-04-20 20:53:36,0,,4,1,357
99346,2024-04-20 20:58:37,1,,6,0,0
82971,2024-04-20 21:29:39,1,,8,1,289
74682,2024-04-20 21:48:27,0,,7,0,0
59790,2024-04-20 22:01:44,0,,8,0,0
52930,2024-04-20 22:17:55,0,,5,0,0
28117,2024-04-20 22:21:48,0,,5,0,0
76274,2024-04-20 22:36:00,0,,9,1,379
34250,2024-04-20 22:36:17,0,,10,0,0
41379,2024-04-20 23:00:52,1,,9,0,0
12187,2024-04-20 23:23:10,0,,4,0,0
41040,2024-04-20 23:41:07,0,,9,1,323
21541,2024-04-20 23:44:58,0,,6,1,455
95414,2024-04-21 00:30:59,0,,4,0,0
17593,2024-04-21 00:54:44,0,,4,0,0
94324,2024-04-21 01:04:18,0,,7,0,0
13478,2024-04-21 01:10:27,0,,1,0,0
73659,2024-04-21 01:27:01,0,,5,1,250
4343,2024-04-21 01:44:05,0,,11,0,0
45866,2024-04-21 01:49:28,0,,2,1,656
75672,2024-04-21 02:00:08,1,,4,0,0
9613,2024-04-21 02:05:42,1,,11,0,0
45074,2024-04-21 02:22:22,0,,8,0,0
26911,2024-04-21 02:29:05,0,,4,0,0
2894,2024-04-21 03:19:37,1,,6,0,0
37752,2024-04-21 03:23:05,0,,8,1,330
10007,2024-04-21 03:50:24,0,,5,1,466
63404,2024-04-21 04:08:16,0,,9,0,0
52822,2024-04-21 04:29:33,0,,5,0,0
40943,2024-04-21 04:35:14,0,,5,1,431
52763,2024-04-21 04:51:28,0,,7,0,0
79079,2024-04-21 04:58:55,0,,10,0,0
34155,2024-04-21 05:16:20,0,,7,1,444
88106,2024-04-21 05:27:31,0,,7,0,0
67786,2024-04-21 05:53:31,0,,10,0,0
38792,2024-04-21 05:54:54,0,,4,0,0
67852,2024-04-21 06:05:01,1,,6,0,0
7952,2024-04-21 06:18:58,1,,1,0,0
33140,2024-04-21 06:36:59,1,,6,1,172
17225,2024-04-21 06:38:39,1,,4,0,0
84767,2024-04-21 06:56:45,0,,3,0,0
54535,2024-04-21 07:16:13,1,,7,0,0
53255,2024-04-21 07:17:03,0,,9,1,398
7936,2024-04-21 07:36:03,0,,3,0,0
89286,2024-04-21 07:36:30,0,,5,1,171
18593,2024-04-21 08:03:22,0,,8,1,439
55558,2024-04-21 08:11:16,0,,5,0,0
12553,2024-04-21 08:19:02,0,,2,0,0
66063,2024-04-21 08:37:24,1,,3,0,0
80058,2024-04-21 08:45:59,0,,5,0,0
97509,2024-04-21 08:46:03,0,,10,0,0
19729,2024-04-21 09:01:52,1,,4,1,461
88695,2024-04-21 09:02:10,0,,7,1,230
23351,2024-04-21 09:14:15,0,,5,0,0
41040,2024-04-21 09:21:03,0,,7,0,0
88938,2024-04-21 09:26:35,0,,8,0,0
43583,2024-04-21 09:27:34,0,,1,0,0
88789,2024-04-21 09:32:50,1,,5,1,268
90469,2024-04-21 09:33:06,0,,4,0,0
93791,2024-04-21 09:37:51,0,,7,0,0
16008,2024-04-21 09:42:56,0,,4,0,0
28887,2024-04-21 09:48:38,0,,5,0,0
58113,2024-04-21 09:51:12,0,,4,1,330
35485,2024-04-21 09:51:34,1,,6,1,221
75815,2024-04-21 09:53:12,1,,5,0,0
25138,2024-04-21 09:54:49,0,,8,0,0
45297,2024-04-21 09:58:48,0,,4,0,0
51919,2024-04-21 10:01:44,1,,4,0,0
45505,2024-04-21 10:11:40,1,,9,1,436
52073,2024-04-21 10:28:25,0,,6,0,0
53616,2024-04-21 10:33:01,0,,5,0,0
3778,2024-04-21 10:43:38,1,,9,0,0
46604,2024-04-21 11:04:51,0,,4,0,0
96450,2024-04-21 11:08:33,1,,6,0,0
53616,2024-04-21 11:08:43,0,,9,1,224
58329,2024-04-21 11:10:14,0,,6,0,0
67786,2024-04-21 11:11:11,0,,8,1,265
41063,2024-04-21 11:21:15,0,,10,1,296
42886,2024-04-21 11:26:50,0,,5,0,0
4565,2024-04-21 11:29:45,0,,8,1,441
72216,2024-04-21 11:33:52,0,,8,1,350
57029,2024-04-21 11:53:49,1,,8,1,266
26116,2024-04-21 12:08:49,0,,6,0,0
84683,2024-04-21 12:09:16,1,,3,0,0
48201,2024-04-21 12:25:47,0,,5,1,255
33140,2024-04-21 12:28:30,1,,7,1,403
94155,2024-04-21 12:32:30,0,,8,0,0
13503,2024-04-21 12:34:19,1,,7,0,0
7672,2024-04-21 12:34:26,0,,5,0,0
97509,2024-04-21 12:43:44,1,,5,0,0
60712,2024-04-21 12:50:18,0,,5,0,0
30578,2024-04-21 12:51:58,0,,10,0,0
60453,2024-04-21 12:58:57,0,,11,1,249
60620,2024-04-21 12:59:47,0,,5,0,0
53153,2024-04-21 13:01:15,0,,7,1,185
35481,2024-04-21 13:04:29,0,,3,0,0
11096,2024-04-21 13:12:14,0,,6,0,0
51507,2024-04-21 13:19:33,1,,8,1,228
36191,2024-04-21 13:22:33,0,,5,0,0
84619,2024-04-21 13:33:18,0,,9,0,0
78436,2024-04-21 13:40:18,0,,6,1,294
947,2024-04-21 13:44:05,0,,7,0,0
61363,2024-04-21 13:46:46,0,,6,0,0
58380,2024-04-21 13:46:52,0,,9,0,0
73606,2024-04-21 13:52:06,0,,2,1,317
46747,2024-04-21 13:54:39,0,,8,0,0
29191,2024-04-21 14:12:57,0,,8,0,0
96450,2024-04-21 14:26:41,0,,6,0,0
24422,2024-04-21 14:34:51,1,,9,1,372
56693,2024-04-21 14:39:33,0,,4,1,155
98314,2024-04-21 14:43:25,0,,12,0,0
47203,2024-04-21 14:48:26,0,,0,1,326
33555,2024-04-21 14:58:31,1,,4,0,0
66373,2024-04-21 15:24:19,0,,8,0,0
68648,2024-04-21 15:24:47,0,,9,0,0
5015,2024-04-21 15:35:17,0,,4,0,0
21803,2024-04-21 15:48:18,1,,6,0,0
77968,2024-04-21 15:53:48,0,,3,1,141
21803,2024-04-21 16:10:32,0,,8,0,0
58209,2024-04-21 16:14:32,0,,8,0,0
31454,2024-04-21 16:16:19,0,,5,0,0
58596,2024-04-21 16:20:14,0,,5,1,344
21551,2024-04-21 16:24:38,0,,5,1,164
89497,2024-04-21 16:43:44,1,,6,1,328
3193,2024-04-21 16:50:14,1,,6,0,0
93986,2024-04-21 17:05:36,1,,7,0,0
68505,2024-04-21 17:13:18,0,,10,0,0
37051,2024-04-21 17:26:17,0,,4,1,204
33955,2024-04-21 17:32:06,0,,9,0,0
96921,2024-04-21 17:43:54,1,,5,0,0
35868,2024-04-21 18:18:43,0,,3,0,0
7952,2024-04-21 18:22:07,1,,5,0,0
91660,2024-04-21 18:29:29,0,,7,1,400
52156,2024-04-21 18:43:53,0,,4,0,0
79635,2024-04-21 18:50:46,0,,6,0,0
30360,2024-04-21 19:03:52,0,,6,0,0
93945,2024-04-21 19:04:08,0,,6,1,228
624,2024-04-21 19:04:22,0,,6,0,0
52763,2024-04-21 19:06:46,1,,7,0,0
44843,2024-04-21 19:07:31,1,,3,1,400
83275,2024-04-21 19:13:47,0,,6,1,441
57497,2024-04-21 19:31:42,0,,4,0,0
4565,2024-04-21 19:37:57,1,,2,0,0
46401,2024-04-21 19:46:54,1,,14,0,0
50124,2024-04-21 19:59:30,0,,3,1,307
45866,2024-04-21 20:12:49,0,,6,0,0
27326,2024-04-21 20:16:45,0,,7,0,0
33533,2024-04-21 20:31:58,0,,4,0,0
40611,2024-04-21 20:44:37,0,,2,0,0
68292,2024-04-21 20:51:01,0,,9,0,0
79635,2024-04-21 20:51:57,0,,5,0,0
43583,2024-04-21 21:03:29,1,,6,1,163
31422,2024-04-21 21:05:08,1,,4,0,0
8885,2024-04-21 21:09:27,0,,3,1,254
17637,2024-04-21 21:13:06,0,,7,1,332
85280,2024-04-21 21:24:16,0,,5,0,0
32531,2024-04-21 21:36:02,0,,6,1,458
38750,2024-04-21 21:37:49,1,,15,0,0
77463,2024-04-21 21:44:47,1,,4,1,252
18593,2024-04-21 21:53:45,1,,7,0,0
66101,2024-04-21 21:58:18,0,,7,0,0
62706,2024-04-21 22:00:44,1,,8,0,0
96623,2024-04-21 22:03:08,1,,2,0,0
68292,2024-04-21 22:15:32,0,,3,0,0
91660,2024-04-21 22:23:56,1,,9,0,0
50124,2024-04-21 22:30:12,0,,5,0,0
72923,2024-04-21 22:35:05,1,,5,0,0
69134,2024-04-21 22:37:35,0,,7,1,260
60174,2024-04-21 23:15:21,0,,9,1,258
54599,2024-04-21 23:25:07,1,,5,0,0
34619,2024-04-21 23:29:57,1,,5,0,0
11622,2024-04-21 23:33:20,0,,4,0,0
94702,2024-04-21 23:37:55,0,,8,0,0
88610,2024-04-21 23:50:44,1,,6,1,370
71466,2024-04-21 23:52:55,0,,5,1,330
40211,2024-04-21 23:59:15,0,,4,0,0
17120,2024-04-22 00:20:45,0,,10,0,0
31186,2024-04-22 00:45:32,0,,4,0,0
68505,2024-04-22 01:06:13,0,,6,0,0
72646,2024-04-22 01:16:33,0,,7,1,347
72216,2024-04-22 01:29:14,0,,4,0,0
21852,2024-04-22 01:31:21,0,,4,1,416
76514,2024-04-22 01:37:04,0,,9,0,0
28238,2024-04-22 01:48:41,1,,10,0,0
49471,2024-04-22 01:58:24,0,,5,0,0
86059,2024-04-22 02:01:29,0,,6,0,0
69687,2024-04-22 02:02:54,0,,4,1,474
36255,2024-04-22 02:03:21,0,,7,1,174
29081,2024-04-22 02:15:23,0,,5,1,199
23457,2024-04-22 02:22:46,0,,4,0,0
93945,2024-04-22 02:24:33,0,,1,1,289
33551,2024-04-22 02:46:23,1,,7,1,273
1781,2024-04-22 03:15:19,0,,6,0,0
50092,2024-04-22 03:37:51,0,,5,0,0
86072,2024-04-22 04:32:45,0,,7,0,0
26723,2024-04-22 04:42:50,0,,5,0,0
54980,2024-04-22 04:43:10,0,,4,0,0
96134,2024-04-22 04:44:28,0,,4,0,0
71365,2024-04-22 05:00:16,1,,13,1,345
85042,2024-04-22 05:41:05,0,,10,1,461
61871,2024-04-22 05:43:16,0,,5,0,0
50907,2024-04-22 05:43:51,0,,6,0,0
72159,2024-04-22 05:47:13,0,,4,0,0
30832,2024-04-22 06:13:08,0,,4,1,408
94926,2024-04-22 06:19:28,0,,6,1,135
93693,2024-04-22 06:20:43,0,,9,0,0
77236,2024-04-22 06:56:10,1,,2,0,0
92410,2024-04-22 07:35:57,1,,3,1,334
67130,2024-04-22 07:44:45,0,,8,1,265
71243,2024-04-22 07:44:56,0,,12,0,0
58380,2024-04-22 08:00:37,0,,7,0,0
73606,2024-04-22 08:01:23,0,,2,0,0
78436,2024-04-22 08:04:16,0,,9,0,0
56972,2024-04-22 08:08:30,0,,6,0,0
1154,2024-04-22 08:15:13,0,,3,0,0
79873,2024-04-22 08:19:22,0,,10,0,0
24634,2024-04-22 08:20:38,0,,10,1,238
62271,2024-04-22 08:31:53,1,,7,0,0
28232,2024-04-22 08:39:55,0,,5,0,0
70923,2024-04-22 08:42:05,0,,12,1,233
81599,2024-04-22 08:51:35,0,,6,0,0
79194,2024-04-22 08:56:19,0,,5,1,321
15303,2024-04-22 09:01:40,0,,6,1,461
92936,2024-04-22 09:24:18,0,,7,0,0
17844,2024-04-22 09:33:53,0,,5,0,0
60379,2024-04-22 09:41:13,1,,6,0,0
68415,2024-04-22 09:49:58,0,,5,0,0
1740,2024-04-22 10:09:34,0,,4,1,241
15350,2024-04-22 10:11:58,0,,9,0,0
16008,2024-04-22 10:15:31,0,,5,0,0
76275,2024-04-22 10:15:51,0,,5,0,0
12089,2024-04-22 10:38:58,0,,4,1,361
39461,2024-04-22 10:57:32,0,,8,0,0
28643,2024-04-22 11:07:17,0,,7,0,0
20189,2024-04-22 11:20:24,0,,9,0,0
72216,2024-04-22 11:21:21,0,,3,1,619
52073,2024-04-22 11:23:03,0,,4,0,0
35185,2024-04-22 11:29:05,0,,3,0,0
49390,2024-04-22 11:41:35,0,,2,0,0
43370,2024-04-22 12:03:13,0,,4,0,0
45301,2024-04-22 12:19:19,1,,8,1,198
26314,2024-04-22 12:29:24,1,,9,1,322
20915,2024-04-22 12:30:22,0,,12,0,0
15106,2024-04-22 12:38:31,0,,7,0,0
45866,2024-04-22 12:41:40,0,,9,0,0
82082,2024-04-22 12:54:25,0,,2,0,0
81599,2024-04-22 13:08:28,1,,2,0,0
52563,2024-04-22 13:13:49,0,,1,1,135
54001,2024-04-22 13:18:57,0,,6,1,232
8155,2024-04-22 13:21:00,0,,5,1,343
2130,2024-04-22 13:26:03,0,,7,0,0
5285,2024-04-22 13:47:29,0,,7,0,0
6584,2024-04-22 14:10:15,0,,7,1,257
19729,2024-04-22 14:12:52,0,,6,0,0
60190,2024-04-22 14:57:36,0,,10,1,272
28117,2024-04-22 15:00:47,0,,6,0,0
65201,2024-04-22 15:03:15,1,,7,0,0
74063,2024-04-22 15:18:40,0,,6,0,0
71997,2024-04-22 15:23:21,1,,3,0,0
19735,2024-04-22 15:26:30,1,,2,0,0
38133,2024-04-22 15:38:54,0,,6,1,246
1552,2024-04-22 15:38:58,0,,8,1,215
67950,2024-04-22 15:39:02,0,,8,0,0
21803,2024-04-22 15:39:51,0,,6,0,0
96837,2024-04-22 16:03:41,1,,5,1,420
35485,2024-04-22 16:05:39,0,,3,0,0
11947,2024-04-22 16:10:22,0,,7,0,0
82999,2024-04-22 16:17:27,0,,5,0,0
62583,2024-04-22 16:19:07,0,,6,0,0
77801,2024-04-22 16:23:12,0,,4,0,0
70824,2024-04-22 16:31:22,1,,7,0,0
29081,2024-04-22 16:33:38,0,,8,0,0
27326,2024-04-22 16:43:47,1,,7,1,419
7085,2024-04-22 17:09:47,1,,10,0,0
26339,2024-04-22 17:10:36,1,,5,0,0
88789,2024-04-22 17:16:25,0,,6,0,0
71466,2024-04-22 17:20:47,0,,6,0,0
52501,2024-04-22 17:25:11,0,,3,0,0
44268,2024-04-22 17:29:01,1,,3,0,0
20850,2024-04-22 17:36:44,0,,6,0,0
27834,2024-04-22 17:43:54,0,,4,1,220
77869,2024-04-22 17:49:55,0,,4,1,1021
19343,2024-04-22 17:58:25,0,,7,0,0
41868,2024-04-22 18:13:22,0,,2,1,233
53253,2024-04-22 18:15:12,0,,4,1,257
45831,2024-04-22 18:18:24,1,,3,1,545
75691,2024-04-22 18:38:43,1,,7,0,0
97288,2024-04-22 18:45:54,0,,7,1,376
60712,2024-04-22 18:49:31,0,,4,0,0
90371,2024-04-22 18:55:40,0,,7,0,0
44573,2024-04-22 18:59:30,1,,2,0,0
79850,2024-04-22 19:00:31,0,,5,0,0
22452,2024-04-22 19:02:31,1,,5,1,274
10658,2024-04-22 19:14:19,0,,2,0,0
53147,2024-04-22 19:19:08,0,,6,0,0
8743,2024-04-22 19:19:11,0,,5,1,287
49084,2024-04-22 19:20:38,1,,4,0,0
48881,2024-04-22 19:21:10,0,,2,0,0
52501,2024-04-22 19:23:25,0,,7,0,0
2529,2024-04-22 19:25:01,0,,6,0,0
54980,2024-04-22 19:35:07,0,,6,0,0
58208,2024-04-22 19:40:08,0,,3,0,0
40622,2024-04-22 19:40:10,0,,5,0,0
75417,2024-04-22 19:54:15,0,,8,0,0
46071,2024-04-22 20:06:17,0,,8,1,377
12029,2024-04-22 20:07:03,0,,10,1,466
69887,2024-04-22 20:07:42,0,,8,0,0
6558,2024-04-22 20:10:24,1,,13,0,0
50177,2024-04-22 20:10:40,0,,9,1,275
18810,2024-04-22 20:15:45,0,,10,1,264
1154,2024-04-22 20:16:38,0,,8,0,0
53616,2024-04-22 20:17:54,0,,5,1,395
82460,2024-04-22 20:30:37,1,,7,0,0
30239,2024-04-22 20:51:55,0,,6,1,318
49437,2024-04-22 20:59:17,1,,7,1,565
17424,2024-04-22 21:02:50,0,,7,0,0
56172,2024-04-22 21:25:45,1,,11,0,0
6445,2024-04-22 21:27:22,0,,6,0,0
50395,2024-04-22 21:33:59,1,,5,0,0
30032,2024-04-22 21:40:41,0,,3,0,0
19648,2024-04-22 21:53:57,1,,6,0,0
37973,2024-04-22 21:55:47,1,,5,1,170
87048,2024-04-22 22:00:02,0,,10,0,0
24854,2024-04-22 22:05:53,0,,6,0,0
91723,2024-04-22 22:07:39,0,,4,1,513
47552,2024-04-22 22:13:42,0,,4,1,381
49277,2024-04-22 22:15:14,0,,7,0,0
70763,2024-04-22 22:20:18,1,,9,0,0
43354,2024-04-22 22:24:15,0,,9,0,0
5679,2024-04-22 22:27:24,0,,7,1,368
87557,2024-04-22 22:38:42,0,,8,0,0
54599,2024-04-22 22:40:18,0,,7,0,0
36884,2024-04-22 22:41:28,0,,1,0,0
60484,2024-04-22 22:58:36,1,,10,1,405
24806,2024-04-22 23:04:31,0,,1,0,0
52001,2024-04-22 23:12:42,1,,3,0,0
42460,2024-04-22 23:20:50,0,,13,0,0
18034,2024-04-22 23:23:45,0,,6,1,248
815,2024-04-22 23:26:07,1,,7,0,0
60379,2024-04-22 23:29:15,0,,2,0,0
97773,2024-04-22 23:30:59,0,,6,1,249
79873,2024-04-22 23:33:37,0,,3,0,0
17285,2024-04-22 23:36:11,0,,2,1,163
3672,2024-04-22 23:47:51,0,,7,0,0
66415,2024-04-23 00:29:30,0,,3,0,0
6528,2024-04-23 00:36:19,0,,3,0,0
26911,2024-04-23 00:37:51,0,,3,1,403
15593,2024-04-23 00:39:16,0,,8,0,0
61325,2024-04-23 00:43:17,0,,9,0,0
14452,2024-04-23 00:59:23,0,,8,0,0
60316,2024-04-23 01:09:00,1,,4,0,0
67422,2024-04-23 01:10:05,0,,5,0,0
40403,2024-04-23 01:20:26,0,,7,1,440
36903,2024-04-23 01:49:58,0,,8,1,444
33140,2024-04-23 02:26:17,0,,5,1,412
15135,2024-04-23 02:28:41,0,,6,1,462
75454,2024-04-23 02:32:33,1,,5,1,364
65286,2024-04-23 02:50:58,0,,3,0,0
49561,2024-04-23 03:00:25,0,,3,1,552
12455,2024-04-23 03:03:44,1,,8,0,0
39634,2024-04-23 03:32:47,0,,6,0,0
1896,2024-04-23 03:42:24,0,,5,0,0
81481,2024-04-23 03:46:09,0,,7,1,305
16008,2024-04-23 03:52:48,0,,2,0,0
34250,2024-04-23 04:04:14,0,,4,0,0
17328,2024-04-23 04:14:11,1,,6,0,0
87757,2024-04-23 04:16:07,0,,8,0,0
56392,2024-04-23 04:21:17,1,,8,0,0
12622,2024-04-23 04:42:51,0,,2,1,441
71466,2024-04-23 05:07:05,0,,6,0,0
22663,2024-04-23 05:30:04,1,,4,0,0
95258,2024-04-23 05:45:25,0,,7,1,302
93455,2024-04-23 05:45:44,0,,7,0,0
62893,2024-04-23 05:45:56,0,,1,0,0
76892,2024-04-23 05:54:25,0,,9,0,0
40450,2024-04-23 06:30:22,1,,6,0,0
45301,2024-04-23 07:25:45,0,,4,1,305
7749,2024-04-23 07:27:43,0,,5,0,0
5027,2024-04-23 07:53:41,0,,9,0,0
43529,2024-04-23 07:58:53,0,,5,0,0
85339,2024-04-23 08:21:46,0,,6,0,0
70790,2024-04-23 08:33:15,1,,2,1,269
54980,2024-04-23 08:39:55,0,,3,1,474
56482,2024-04-23 08:49:46,0,,10,0,0
59714,2024-04-23 08:52:23,0,,7,0,0
83539,2024-04-23 08:53:32,0,,5,0,0
25489,2024-04-23 09:22:42,0,,6,1,322
76030,2024-04-23 09:28:21,0,,5,1,230
2130,2024-04-23 09:28:29,1,,9,0,0
48604,2024-04-23 09:31:15,1,,8,0,0
34163,2024-04-23 09:35:26,1,,6,1,439
50907,2024-04-23 09:36:01,1,,6,0,0
96837,2024-04-23 09:48:29,1,,6,0,0
78431,2024-04-23 09:59:10,0,,3,1,285
51321,2024-04-23 10:01:05,0,,8,0,0
40403,2024-04-23 10:04:09,1,,4,1,388
92559,2024-04-23 10:08:59,0,,1,0,0
70343,2024-04-23 10:19:08,0,,3,1,309
60184,2024-04-23 10:42:06,0,,4,0,0
83526,2024-04-23 10:53:09,1,,6,1,349
64558,2024-04-23 11:07:06,0,,7,0,0
51422,2024-04-23 11:15:17,0,,4,0,0
14881,2024-04-23 11:16:34,0,,6,0,0
53151,2024-04-23 11:17:14,0,,6,1,463
19729,2024-04-23 11:19:19,0,,5,1,541
82774,2024-04-23 11:22:02,1,,6,0,0
77347,2024-04-23 11:25:06,1,,8,1,223
82082,2024-04-23 11:56:46,0,,4,0,0
47552,2024-04-23 12:14:09,1,,5,0,0
3978,2024-04-23 12:36:08,0,,6,1,618
56617,2024-04-23 13:02:49,0,,5,0,0
34279,2024-04-23 13:06:37,1,,2,0,0
17497,2024-04-23 13:15:05,1,,3,1,260
54535,2024-04-23 13:20:53,0,,5,0,0
61011,2024-04-23 13:54:49,1,,6,1,360
41240,2024-04-23 13:56:04,1,,8,0,0
87283,2024-04-23 13:57:30,0,,9,0,0
85280,2024-04-23 14:07:56,0,,10,0,0
209,2024-04-23 14:39:49,0,,6,1,567
51082,2024-04-23 14:47:47,0,,1,1,464
59202,2024-04-23 14:49:08,0,,7,0,0
28261,2024-04-23 14:57:52,0,,4,1,130
31314,2024-04-23 15:35:06,1,,5,0,0
52156,2024-04-23 15:35:44,0,,3,0,0
18593,2024-04-23 15:39:37,0,,5,0,0
73189,2024-04-23 15:54:16,0,,4,1,164
98855,2024-04-23 15:58:19,0,,6,1,318
65868,2024-04-23 16:01:11,0,,5,0,0
77116,2024-04-23 16:04:19,0,,6,1,357
96578,2024-04-23 16:06:02,0,,2,0,0
64388,2024-04-23 16:20:13,0,,9,1,268
42017,2024-04-23 16:26:02,1,,3,0,0
68899,2024-04-23 16:26:25,0,,7,0,0
76276,2024-04-23 16:41:26,0,,8,0,0
51250,2024-04-23 16:42:54,1,,3,0,0
42142,2024-04-23 16:48:16,0,,4,0,0
45074,2024-04-23 16:49:44,0,,6,1,433
79079,2024-04-23 16:52:13,1,,5,0,0
99603,2024-04-23 17:02:51,0,,6,1,256
10955,2024-04-23 17:23:02,0,,3,0,0
87403,2024-04-23 17:23:36,0,,5,1,337
8310,2024-04-23 17:26:37,0,,4,1,375
41240,2024-04-23 17:39:53,1,,2,0,0
42460,2024-04-23 18:00:20,0,,7,0,0
72159,2024-04-23 18:29:11,0,,5,0,0
65661,2024-04-23 18:29:39,0,,11,0,0
82774,2024-04-23 18:44:12,1,,6,0,0
78130,2024-04-23 18:53:40,1,,7,1,455
70343,2024-04-23 18:57:34,0,,5,0,0
20915,2024-04-23 19:01:35,0,,5,0,0
76514,2024-04-23 19:05:07,0,,0,0,0
65661,2024-04-23 19:10:44,0,,4,0,0
95810,2024-04-23 19:21:38,0,,10,0,0
31666,2024-04-23 19:24:51,1,,11,0,0
5343,2024-04-23 19:25:20,1,,7,0,0
39461,2024-04-23 19:26:29,0,,4,0,0
66101,2024-04-23 19:26:43,0,,6,1,436
96134,2024-04-23 19:31:06,0,,6,0,0
71340,2024-04-23 19:33:45,0,,6,1,259
25988,2024-04-23 19:36:51,0,,6,0,0
72111,2024-04-23 19:38:32,1,,7,0,0
89497,2024-04-23 19:39:28,0,,6,0,0
38750,2024-04-23 19:58:50,0,,9,0,0
12425,2024-04-23 19:59:55,1,,6,0,0
90965,2024-04-23 20:44:39,1,,2,1,348
81974,2024-04-23 20:51:47,0,,6,1,450
40338,2024-04-23 20:56:33,0,,2,1,337
52073,2024-04-23 20:56:42,0,,5,0,0
3635,2024-04-23 21:05:25,0,,7,0,0
29859,2024-04-23 21:07:24,0,,4,0,0
40338,2024-04-23 21:08:40,1,,10,1,508
33533,2024-04-23 21:09:58,0,,3,0,0
28528,2024-04-23 21:24:23,0,,3,1,415
60071,2024-04-23 21:32:06,1,,8,0,0
83640,2024-04-23 21:46:40,0,,6,0,0
69741,2024-04-23 22:02:37,0,,8,0,0
76807,2024-04-23 22:18:41,0,,7,0,0
61630,2024-04-23 22:21:13,1,,3,1,249
90469,2024-04-23 22:24:37,0,,7,1,150
1890,2024-04-23 22:49:38,0,,4,0,0
67448,2024-04-23 22:49:53,0,,6,1,410
2818,2024-04-23 23:04:43,0,,3,1,643
68816,2024-04-23 23:08:52,0,,10,0,0
11622,2024-04-23 23:09:19,0,,4,0,0
17355,2024-04-23 23:10:48,0,,5,0,0
12089,2024-04-23 23:12:54,0,,7,0,0
65578,2024-04-24 00:01:16,0,,8,1,447
78231,2024-04-24 00:10:15,1,,6,0,0
3206,2024-04-24 00:17:41,1,,1,1,268
2359,2024-04-24 00:28:52,0,,4,0,0
19452,2024-04-24 00:42:27,0,,5,0,0
10847,2024-04-24 00:43:15,0,,8,0,0
6528,2024-04-24 00:49:25,0,,12,0,0
11031,2024-04-24 01:07:14,1,,5,1,280
2784,2024-04-24 01:23:01,1,,5,0,0
50398,2024-04-24 01:51:28,1,,3,1,268
58329,2024-04-24 02:01:28,0,,4,1,277
12203,2024-04-24 02:03:14,0,,2,1,248
97485,2024-04-24 02:11:37,0,,2,0,0
64569,2024-04-24 02:25:00,1,,6,0,0
45831,2024-04-24 02:41:21,0,,5,0,0
4599,2024-04-24 02:55:42,0,,1,0,0
40403,2024-04-24 02:58:06,0,,6,1,260
1876,2024-04-24 03:01:06,0,,8,0,0
80185,2024-04-24 03:39:22,0,,4,1,241
55003,2024-04-24 03:51:36,1,,6,0,0
60712,2024-04-24 03:56:26,0,,6,0,0
43418,2024-04-24 03:58:19,0,,8,0,0
54599,2024-04-24 04:20:44,0,,7,0,0
98374,2024-04-24 04:21:32,1,,8,0,0
43479,2024-04-24 04:25:36,0,,4,1,223
53153,2024-04-24 04:37:25,0,,7,0,0
65474,2024-04-24 04:55:18,0,,5,0,0
42971,2024-04-24 05:09:55,0,,10,1,376
30148,2024-04-24 05:21:30,0,,8,1,366
8885,2024-04-24 05:31:52,1,,4,0,0
58556,2024-04-24 05:34:11,1,,9,0,0
48922,2024-04-24 05:36:40,0,,9,0,0
84647,2024-04-24 06:26:35,0,,7,0,0
96837,2024-04-24 06:32:04,0,,6,0,0
5015,2024-04-24 07:00:00,0,,7,1,327
30871,2024-04-24 07:08:30,0,,5,0,0
40181,2024-04-24 07:28:27,0,,7,0,0
7496,2024-04-24 08:05:07,0,,7,1,590
96079,2024-04-24 08:15:47,0,,3,0,0
19452,2024-04-24 08:16:41,0,,9,1,167
63453,2024-04-24 08:20:15,0,,3,0,0
60652,2024-04-24 08:36:20,0,,6,0,0
37973,2024-04-24 08:41:20,0,,9,0,0
48201,2024-04-24 08:57:27,0,,7,0,0
8236,2024-04-24 09:05:56,0,,8,0,0
55256,2024-04-24 09:30:35,0,,8,0,0
30439,2024-04-24 09:33:56,0,,10,0,0
71128,2024-04-24 09:45:30,0,,6,0,0
27775,2024-04-24 09:47:47,0,,8,1,511
24489,2024-04-24 09:48:52,0,,4,0,0
46269,2024-04-24 09:55:16,0,,10,1,337
78472,2024-04-24 10:06:54,1,,2,0,0
11031,2024-04-24 10:08:22,0,,4,0,0
8514,2024-04-24 10:22:13,0,,8,0,0
8236,2024-04-24 10:24:53,0,,5,0,0
44865,2024-04-24 10:30:31,1,,4,0,0
44194,2024-04-24 10:58:03,1,,5,1,493
18485,2024-04-24 11:00:21,1,,9,0,0
17497,2024-04-24 11:00:50,0,,9,1,962
58739,2024-04-24 11:19:25,0,,5,1,323
34155,2024-04-24 11:27:02,0,,7,0,0
19445,2024-04-24 11:27:28,0,,6,1,235
51139,2024-04-24 11:54:44,0,,9,1,395
3672,2024-04-24 11:57:09,0,,4,0,0
57066,2024-04-24 12:11:23,1,,4,0,0
25580,2024-04-24 12:12:14,1,,7,0,0
38744,2024-04-24 12:26:33,1,,3,0,0
60316,2024-04-24 12:41:01,1,,7,0,0
25489,2024-04-24 12:48:11,1,,9,1,152
81974,2024-04-24 12:52:19,0,,6,1,404
97288,2024-04-24 12:55:44,1,,3,0,0
22122,2024-04-24 12:58:18,0,,4,1,587
24083,2024-04-24 13:15:25,1,,5,1,247
76744,2024-04-24 13:23:17,0,,9,0,0
96123,2024-04-24 13:33:18,1,,3,1,459
209,2024-04-24 13:38:29,1,,6,1,639
6439,2024-04-24 13:43:56,0,,3,0,0
5027,2024-04-24 13:49:21,0,,5,0,0
39461,2024-04-24 13:55:24,0,,3,0,0
54191,2024-04-24 13:57:38,1,,8,1,315
65578,2024-04-24 14:09:29,1,,5,0,0
94312,2024-04-24 14:13:17,1,,6,0,0
2894,2024-04-24 14:16:40,0,,6,0,0
40212,2024-04-24 14:29:59,0,,5,1,301
65536,2024-04-24 14:45:56,0,,4,0,0
96305,2024-04-24 15:21:09,0,,4,0,0
1890,2024-04-24 15:33:03,1,,4,1,532
43583,2024-04-24 15:38:43,0,,8,0,0
65306,2024-04-24 15:40:34,0,,6,0,0
5015,2024-04-24 15:49:08,0,,2,0,0
26723,2024-04-24 15:49:20,0,,8,1,268
42724,2024-04-24 15:50:04,0,,2,0,0
95981,2024-04-24 15:56:34,0,,5,0,0
40763,2024-04-24 16:07:18,1,,9,0,0
60264,2024-04-24 16:12:22,0,,7,1,389
69887,2024-04-24 16:20:51,0,,13,1,449
28238,2024-04-24 16:27:57,1,,8,0,0
66017,2024-04-24 16:30:27,1,,3,0,0
53215,2024-04-24 16:42:29,0,,4,0,0
98421,2024-04-24 16:44:25,1,,3,0,0
11318,2024-04-24 16:56:57,0,,6,0,0
5020,2024-04-24 17:19:55,0,,4,1,255
2616,2024-04-24 17:50:09,0,,7,0,0
1010,2024-04-24 17:59:32,0,,5,0,0
12089,2024-04-24 18:02:32,0,,6,0,0
76807,2024-04-24 18:43:22,0,,9,0,0
90756,2024-04-24 18:53:02,1,,7,1,263
56617,2024-04-24 18:53:46,0,,6,0,0
33955,2024-04-24 18:54:09,0,,7,1,333
86059,2024-04-24 19:00:10,1,,5,0,0
31454,2024-04-24 19:05:13,0,,6,0,0
97608,2024-04-24 19:41:10,1,,10,0,0
77150,2024-04-24 19:42:49,1,,7,0,0
34155,2024-04-24 19:48:06,1,,6,0,0
3193,2024-04-24 20:00:50,0,,3,0,0
21972,2024-04-24 20:06:59,0,,3,0,0
26314,2024-04-24 20:12:14,0,,4,0,0
70314,2024-04-24 20:21:06,0,,3,0,0
50398,2024-04-24 20:23:19,0,,6,1,215
47117,2024-04-24 20:38:05,0,,8,1,280
37752,2024-04-24 20:51:05,1,,9,1,234
4565,2024-04-24 21:12:46,1,,5,0,0
99202,2024-04-24 21:13:52,0,,7,0,0
46269,2024-04-24 21:17:11,1,,11,1,428
6267,2024-04-24 21:22:00,1,,5,0,0
68505,2024-04-24 21:23:32,0,,4,0,0
60917,2024-04-24 21:29:52,1,,4,0,0
37568,2024-04-24 21:38:27,0,,3,0,0
93693,2024-04-24 21:48:02,1,,4,0,0
73737,2024-04-24 22:02:27,0,,7,0,0
91867,2024-04-24 22:02:47,0,,7,0,0
40403,2024-04-24 22:05:57,0,,9,0,0
79874,2024-04-24 22:18:11,0,,8,1,255
77524,2024-04-24 22:23:35,0,,14,0,0
22864,2024-04-24 22:31:09,0,,3,0,0
10336,2024-04-24 22:32:13,0,,4,0,0
77968,2024-04-24 22:45:40,1,,6,1,219
79874,2024-04-24 22:46:42,0,,4,0,0
87530,2024-04-24 23:01:08,0,,5,0,0
92979,2024-04-24 23:10:32,0,,4,0,0
26054,2024-04-24 23:19:18,0,,9,1,397
71779,2024-04-24 23:22:01,0,,4,0,0
85339,2024-04-24 23:28:49,1,,4,1,542
97608,2024-04-24 23:38:04,0,,3,1,297
47552,2024-04-25 00:09:05,0,,12,1,443
37377,2024-04-25 00:11:01,0,,5,0,0
2818,2024-04-25 00:16:51,1,,9,1,284
624,2024-04-25 00:24:25,0,,10,1,451
2447,2024-04-25 00:27:22,1,,6,0,0
77080,2024-04-25 00:42:42,0,,10,1,615
54863,2024-04-25 00:56:58,0,,5,0,0
91008,2024-04-25 01:17:06,1,,9,0,0
36022,2024-04-25 01:30:27,0,,5,1,178
70763,2024-04-25 01:45:46,0,,10,0,0
5654,2024-04-25 02:03:26,0,,4,1,206
41031,2024-04-25 03:19:33,1,,6,1,336
22122,2024-04-25 03:28:45,1,,6,1,611
64569,2024-04-25 03:29:52,1,,8,0,0
14525,2024-04-25 04:08:51,1,,7,0,0
17328,2024-04-25 04:25:56,1,,11,0,0
54287,2024-04-25 04:30:18,0,,4,0,0
98187,2024-04-25 04:32:50,0,,6,0,0
74770,2024-04-25 04:45:29,0,,9,0,0
99202,2024-04-25 04:56:35,1,,8,1,331
69883,2024-04-25 05:59:22,0,,5,0,0
12425,2024-04-25 06:14:54,0,,6,1,377
19452,2024-04-25 06:30:22,0,,7,0,0
78436,2024-04-25 07:00:19,1,,5,0,0
2784,2024-04-25 07:22:18,0,,5,0,0
14881,2024-04-25 07:36:09,0,,3,0,0
18861,2024-04-25 08:01:37,0,,7,0,0
38744,2024-04-25 08:09:08,0,,3,0,0
19132,2024-04-25 08:24:23,0,,3,1,298
5020,2024-04-25 08:26:08,0,,4,0,0
82337,2024-04-25 08:34:16,0,,12,0,0
17497,2024-04-25 08:36:10,0,,6,0,0
30439,2024-04-25 08:41:20,0,,7,1,325
89648,2024-04-25 08:42:08,1,,7,1,371
10208,2024-04-25 08:42:26,0,,8,1,493
80896,2024-04-25 08:44:23,0,,3,0,0
8885,2024-04-25 08:56:35,0,,3,1,345
43191,2024-04-25 08:57:04,1,,5,0,0
99073,2024-04-25 09:01:04,0,,7,1,462
71596,2024-04-25 09:02:51,0,,3,1,443
67619,2024-04-25 09:15:41,1,,7,0,0
49381,2024-04-25 09:21:55,0,,7,0,0
44573,2024-04-25 09:25:03,1,,3,0,0
86802,2024-04-25 09:30:15,0,,8,0,0
49437,2024-04-25 09:33:49,0,,9,0,0
12291,2024-04-25 09:39:49,1,,3,1,378
25698,2024-04-25 09:41:27,1,,8,1,471
42416,2024-04-25 09:42:31,1,,3,0,0
28887,2024-04-25 09:42:36,1,,10,0,0
69887,2024-04-25 09:45:46,0,,3,0,0
11606,2024-04-25 09:49:38,0,,5,0,0
4484,2024-04-25 09:53:25,0,,8,1,239
49277,2024-04-25 10:04:25,1,,3,1,302
12291,2024-04-25 10:05:36,0,,6,1,281
43529,2024-04-25 10:06:52,0,,4,1,236
20284,2024-04-25 10:07:53,1,,5,0,0
15053,2024-04-25 10:17:22,0,,9,0,0
15574,2024-04-25 10:25:19,1,,7,1,254
98319,2024-04-25 10:30:40,0,,7,0,0
82234,2024-04-25 10:43:08,0,,7,0,0
21476,2024-04-25 10:48:12,0,,5,0,0
75781,2024-04-25 10:58:32,0,,7,0,0
98374,2024-04-25 11:00:44,0,,13,0,0
95793,2024-04-25 11:22:15,1,,8,0,0
947,2024-04-25 11:23:04,0,,5,1,329
77236,2024-04-25 11:43:51,1,,6,1,264
65286,2024-04-25 11:45:44,0,,8,1,287
93342,2024-04-25 11:49:08,1,,6,0,0
42971,2024-04-25 11:51:30,0,,7,0,0
44194,2024-04-25 12:04:07,0,,6,1,230
13867,2024-04-25 12:09:50,1,,5,0,0
22864,2024-04-25 12:12:20,0,,6,1,300
17355,2024-04-25 12:14:27,0,,6,0,0
67786,2024-04-25 12:23:14,0,,10,0,0
60316,2024-04-25 12:24:31,1,,6,0,0
52129,2024-04-25 12:27:52,0,,4,0,0
7749,2024-04-25 12:38:37,0,,8,0,0
12671,2024-04-25 12:45:12,1,,5,0,0
14452,2024-04-25 12:47:51,0,,6,0,0
32134,2024-04-25 12:50:13,0,,9,1,326
78832,2024-04-25 13:09:20,0,,12,1,243
45866,2024-04-25 13:09:32,1,,9,0,0
83526,2024-04-25 13:13:13,0,,4,0,0
23351,2024-04-25 13:15:29,0,,7,1,189
63458,2024-04-25 13:18:38,1,,9,1,445
96358,2024-04-25 13:23:31,0,,5,0,0
33333,2024-04-25 13:27:44,0,,6,0,0
72159,2024-04-25 13:28:23,0,,5,0,0
32531,2024-04-25 13:31:01,0,,6,0,0
52930,2024-04-25 14:05:37,1,,8,0,0
6439,2024-04-25 14:08:06,0,,7,0,0
38542,2024-04-25 14:18:18,0,,3,1,302
59202,2024-04-25 14:39:57,0,,10,1,523
91072,2024-04-25 14:42:35,0,,3,1,377
43609,2024-04-25 14:44:47,1,,14,1,266
88066,2024-04-25 15:00:57,0,,7,0,0
15826,2024-04-25 15:04:54,0,,5,0,0
81481,2024-04-25 15:10:23,0,,6,0,0
40611,2024-04-25 15:12:03,0,,5,0,0
49155,2024-04-25 15:27:25,0,,4,0,0
76275,2024-04-25 15:36:23,1,,9,0,0
5343,2024-04-25 15:37:54,0,,6,0,0
11629,2024-04-25 15:38:17,0,,4,1,366
7981,2024-04-25 15:47:15,1,,7,0,0
14095,2024-04-25 15:47:20,1,,9,0,0
49390,2024-04-25 15:56:27,0,,5,0,0
13867,2024-04-25 16:02:29,1,,4,0,0
8194,2024-04-25 16:13:50,0,,10,0,0
68076,2024-04-25 16:16:02,0,,5,1,402
17225,2024-04-25 16:18:19,0,,6,0,0
23389,2024-04-25 16:40:08,1,,6,1,288
624,2024-04-25 17:07:05,1,,7,1,283
80203,2024-04-25 17:15:36,1,,9,0,0
88106,2024-04-25 17:37:14,1,,6,1,412
72159,2024-04-25 17:44:08,0,,8,0,0
43418,2024-04-25 17:49:25,1,,2,0,0
2529,2024-04-25 17:49:50,1,,7,0,0
71856,2024-04-25 18:04:41,0,,5,0,0
53253,2024-04-25 18:06:53,0,,2,0,0
12455,2024-04-25 18:08:10,0,,7,0,0
71128,2024-04-25 18:14:41,0,,5,0,0
68292,2024-04-25 18:15:24,1,,10,0,0
96123,2024-04-25 18:27:37,0,,5,0,0
49155,2024-04-25 18:28:39,0,,12,1,459
43479,2024-04-25 18:31:29,0,,11,0,0
11914,2024-04-25 18:32:15,0,,4,0,0
64558,2024-04-25 18:46:24,0,,9,0,0
87048,2024-04-25 19:00:28,1,,8,0,0
31314,2024-04-25 19:05:18,0,,5,1,307
10406,2024-04-25 19:06:49,0,,9,0,0
35836,2024-04-25 19:18:43,0,,10,0,0
50177,2024-04-25 19:38:35,0,,5,1,458
65219,2024-04-25 20:17:22,0,,6,1,419
40350,2024-04-25 20:18:51,1,,7,1,344
99781,2024-04-25 20:21:36,0,,6,0,0
89532,2024-04-25 20:30:05,0,,4,0,0
28643,2024-04-25 20:33:28,0,,5,0,0
42028,2024-04-25 20:55:16,1,,8,1,200
98736,2024-04-25 20:57:48,1,,10,0,0
49155,2024-04-25 21:00:12,0,,4,0,0
1379,2024-04-25 21:05:30,0,,3,0,0
43583,2024-04-25 21:07:16,1,,4,0,0
6558,2024-04-25 21:07:55,0,,2,0,0
71149,2024-04-25 21:15:58,0,,6,0,0
74682,2024-04-25 21:20:48,1,,3,0,0
4040,2024-04-25 21:38:01,0,,3,1,656
11629,2024-04-25 21:44:15,0,,5,0,0
93455,2024-04-25 21:51:51,0,,4,0,0
1552,2024-04-25 22:03:55,0,,7,0,0
65201,2024-04-25 22:30:08,0,,2,0,0
40212,2024-04-25 22:34:35,0,,6,1,612
4599,2024-04-25 22:34:58,0,,4,1,325
95359,2024-04-25 22:42:35,0,,2,1,582
51033,2024-04-25 22:55:56,1,,5,1,184
42460,2024-04-25 23:17:17,0,,10,0,0
35648,2024-04-25 23:23:50,1,,5,0,0
77447,2024-04-25 23:30:49,0,,9,0,0
49380,2024-04-25 23:31:34,1,,14,1,284
62770,2024-04-25 23:32:00,0,,5,0,0
17072,2024-04-25 23:35:22,0,,6,0,0
96867,2024-04-25 23:37:14,0,,2,0,0
48429,2024-04-25 23:42:34,0,,6,0,0
99781,2024-04-25 23:46:18,0,,6,0,0
8155,2024-04-25 23:50:15,1,,5,0,0
69887,2024-04-25 23:53:06,0,,8,1,255
79874,2024-04-25 23:57:35,0,,2,0,0
18931,2024-04-26 00:04:27,1,,3,0,0
16301,2024-04-26 00:06:30,1,,9,1,350
98855,2024-04-26 00:21:35,0,,5,1,232
80616,2024-04-26 00:31:41,0,,2,0,0
71235,2024-04-26 00:37:30,0,,8,1,195
98736,2024-04-26 00:59:34,0,,6,0,0
52784,2024-04-26 01:32:07,0,,12,0,0
96517,2024-04-26 01:34:32,0,,6,0,0
58928,2024-04-26 01:45:30,0,,9,0,0
8743,2024-04-26 01:52:59,0,,9,0,0
23645,2024-04-26 02:07:37,1,,6,0,0
99434,2024-04-26 02:27:29,0,,5,0,0
2130,2024-04-26 03:24:09,1,,4,0,0
53615,2024-04-26 03:31:52,0,,7,1,213
38792,2024-04-26 03:32:59,0,,6,0,0
46071,2024-04-26 03:48:24,1,,7,0,0
52073,2024-04-26 04:11:10,0,,4,1,354
88864,2024-04-26 04:21:02,0,,9,0,0
85339,2024-04-26 04:27:39,0,,9,0,0
8236,2024-04-26 05:04:21,0,,7,1,200
56693,2024-04-26 05:29:42,1,,5,0,0
85101,2024-04-26 05:40:55,1,,9,1,524
3635,2024-04-26 05:56:06,0,,9,1,220
31666,2024-04-26 06:20:59,0,,8,0,0
59691,2024-04-26 06:22:58,0,,6,1,333
58739,2024-04-26 06:51:54,0,,6,0,0
24854,2024-04-26 07:03:20,0,,6,0,0
940,2024-04-26 07:22:06,1,,7,1,356
76276,2024-04-26 07:25:53,1,,5,1,292
22663,2024-04-26 08:07:52,1,,8,1,255
19452,2024-04-26 08:10:26,1,,2,0,0
79850,2024-04-26 08:30:42,1,,5,0,0
92284,2024-04-26 08:30:59,0,,8,0,0
42668,2024-04-26 08:33:18,0,,7,0,0
3828,2024-04-26 08:36:58,0,,9,0,0
71779,2024-04-26 08:41:54,0,,4,1,290
26054,2024-04-26 08:55:23,0,,7,0,0
52705,2024-04-26 09:14:05,1,,6,1,245
61320,2024-04-26 09:15:28,0,,7,0,0
6445,2024-04-26 09:18:00,0,,12,0,0
7936,2024-04-26 09:18:14,0,,6,1,258
79469,2024-04-26 09:19:03,1,,8,1,298
19412,2024-04-26 09:42:53,0,,1,0,0
40862,2024-04-26 09:42:57,0,,7,1,443
76276,2024-04-26 09:46:21,0,,6,0,0
42416,2024-04-26 09:47:37,0,,4,0,0
16316,2024-04-26 09:49:56,1,,8,0,0
8648,2024-04-26 09:59:53,1,,4,0,0
93986,2024-04-26 10:11:05,0,,3,0,0
918,2024-04-26 10:12:00,1,,6,1,199
46401,2024-04-26 10:13:05,1,,4,0,0
1111,2024-04-26 10:16:32,0,,6,0,0
13464,2024-04-26 10:22:07,1,,7,0,0
72159,2024-04-26 10:39:36,1,,5,1,487
76275,2024-04-26 10:45:08,0,,4,0,0
75781,2024-04-26 10:46:34,0,,3,1,191
52001,2024-04-26 10:52:58,1,,6,0,0
10336,2024-04-26 10:57:37,0,,9,0,0
5027,2024-04-26 11:02:59,1,,6,0,0
90935,2024-04-26 11:12:28,1,,10,1,437
79200,2024-04-26 11:17:00,1,,4,1,204
29191,2024-04-26 11:19:42,0,,12,0,0
45186,2024-04-26 11:25:03,1,,10,0,0
25617,2024-04-26 11:43:02,0,,4,0,0
68804,2024-04-26 11:44:29,1,,9,0,0
93986,2024-04-26 11:50:11,0,,2,0,0
8083,2024-04-26 11:55:31,0,,6,0,0
6193,2024-04-26 12:00:26,1,,2,0,0
77236,2024-04-26 12:16:51,0,,5,1,377
58380,2024-04-26 12:26:14,0,,9,0,0
78350,2024-04-26 12:32:56,0,,8,0,0
20915,2024-04-26 12:34:43,0,,8,1,268
30032,2024-04-26 12:39:43,1,,5,1,332
29859,2024-04-26 12:48:48,0,,2,0,0
78431,2024-04-26 12:50:00,1,,4,0,0
6543,2024-04-26 12:58:47,0,,5,0,0
50395,2024-04-26 13:03:49,1,,9,0,0
99312,2024-04-26 13:11:51,0,,3,0,0
26054,2024-04-26 13:18:37,0,,8,1,263
33533,2024-04-26 13:35:53,0,,4,1,251
78436,2024-04-26 14:05:29,1,,6,0,0
88905,2024-04-26 14:09:57,0,,7,0,0
60190,2024-04-26 14:15:00,0,,6,0,0
60174,2024-04-26 14:26:38,0,,5,0,0
56172,2024-04-26 14:31:56,0,,5,0,0
78231,2024-04-26 14:32:57,0,,6,0,0
57436,2024-04-26 14:33:15,1,,9,0,0
12004,2024-04-26 14:34:45,0,,10,0,0
6193,2024-04-26 14:38:28,0,,4,0,0
69934,2024-04-26 14:38:58,0,,4,0,0
46478,2024-04-26 14:40:46,0,,6,0,0
40898,2024-04-26 14:43:42,0,,7,0,0
94627,2024-04-26 14:51:39,1,,9,1,448
43354,2024-04-26 14:57:09,1,,8,0,0
73302,2024-04-26 15:03:00,0,,6,0,0
22864,2024-04-26 15:07:06,0,,5,0,0
57066,2024-04-26 15:23:03,0,,8,1,203
19020,2024-04-26 15:33:23,0,,2,0,0
41379,2024-04-26 15:41:13,0,,4,0,0
1677,2024-04-26 15:48:33,1,,6,1,221
80896,2024-04-26 15:52:14,0,,3,0,0
66354,2024-04-26 15:59:52,0,,5,0,0
4202,2024-04-26 16:09:27,0,,7,0,0
43354,2024-04-26 16:13:54,0,,7,0,0
27318,2024-04-26 16:18:12,0,,7,1,217
6141,2024-04-26 16:19:38,1,,5,0,0
92076,2024-04-26 16:26:47,0,,6,1,340
52822,2024-04-26 16:30:45,0,,4,0,0
40264,2024-04-26 16:36:34,1,,6,0,0
23220,2024-04-26 16:43:38,1,,6,0,0
75899,2024-04-26 16:45:15,0,,10,0,0
79093,2024-04-26 16:51:04,0,,0,0,0
88905,2024-04-26 17:10:56,0,,7,1,237
76892,2024-04-26 17:24:03,0,,7,1,232
21698,2024-04-26 17:49:16,1,,6,0,0
5339,2024-04-26 17:57:31,1,,4,1,252
30239,2024-04-26 17:59:01,0,,9,0,0
27318,2024-04-26 18:05:40,0,,1,0,0
5015,2024-04-26 18:13:33,0,,5,0,0
77561,2024-04-26 18:19:45,0,,8,0,0
37439,2024-04-26 18:24:49,1,,8,0,0
77150,2024-04-26 18:46:58,1,,6,1,478
44843,2024-04-26 18:53:57,1,,11,1,603
34163,2024-04-26 18:54:02,0,,9,1,509
35640,2024-04-26 18:58:19,1,,2,0,0
59863,2024-04-26 18:59:00,0,,3,1,246
58690,2024-04-26 19:14:26,1,,6,0,0
11031,2024-04-26 19:37:12,0,,7,1,246
70763,2024-04-26 19:46:06,1,,7,1,261
26339,2024-04-26 19:47:33,0,,4,0,0
21972,2024-04-26 20:07:53,0,,6,0,0
46873,2024-04-26 20:16:25,1,,10,1,245
93986,2024-04-26 20:50:51,1,,7,0,0
17844,2024-04-26 21:06:57,0,,5,1,262
43418,2024-04-26 21:07:11,0,,5,0,0
86072,2024-04-26 21:11:30,1,,6,0,0
76744,2024-04-26 21:17:33,1,,4,1,320
49390,2024-04-26 21:31:55,0,,8,0,0
65306,2024-04-26 21:35:02,1,,4,1,411
58282,2024-04-26 21:45:25,1,,8,0,0
25617,2024-04-26 21:54:53,1,,11,0,0
87745,2024-04-26 22:18:39,1,,5,0,0
19735,2024-04-26 22:19:23,1,,6,1,424
24083,2024-04-26 22:22:31,0,,4,1,493
2818,2024-04-26 22:32:26,1,,7,0,0
33955,2024-04-26 22:33:49,1,,6,0,0
11096,2024-04-26 22:49:55,0,,10,0,0
9103,2024-04-26 22:51:06,1,,7,0,0
26458,2024-04-26 22:51:24,0,,7,0,0
54032,2024-04-26 22:53:29,0,,7,1,439
35682,2024-04-26 23:06:49,0,,9,0,0
83,2024-04-26 23:06:55,0,,9,0,0
69687,2024-04-26 23:07:55,0,,5,0,0
14095,2024-04-26 23:11:21,1,,5,0,0
30148,2024-04-26 23:33:35,1,,7,0,0
28117,2024-04-26 23:58:12,1,,4,0,0
68977,2024-04-27 00:09:42,1,,4,1,251
95844,2024-04-27 00:22:09,0,,8,0,0
34619,2024-04-27 00:32:24,0,,7,1,390
3973,2024-04-27 00:36:27,1,,1,0,0
25988,2024-04-27 00:40:15,1,,9,0,0
45831,2024-04-27 00:44:53,0,,7,1,248
68381,2024-04-27 00:45:24,1,,5,0,0
13544,2024-04-27 01:37:45,0,,8,0,0
29370,2024-04-27 01:40:15,1,,2,1,266
96517,2024-04-27 01:43:33,0,,3,0,0
93455,2024-04-27 01:46:39,1,,11,0,0
49147,2024-04-27 01:51:22,0,,3,0,0
40622,2024-04-27 02:11:49,0,,8,1,535
97069,2024-04-27 02:13:52,0,,3,1,266
2622,2024-04-27 02:32:20,0,,11,0,0
41082,2024-04-27 02:36:33,0,,7,0,0
74667,2024-04-27 02:51:39,1,,4,0,0
12187,2024-04-27 03:03:49,0,,9,1,597
73606,2024-04-27 03:12:46,1,,8,0,0
41031,2024-04-27 03:24:57,0,,6,1,374
20609,2024-04-27 03:55:58,1,,4,1,334
25617,2024-04-27 04:05:01,0,,3,1,289
99207,2024-04-27 04:19:33,1,,3,0,0
42886,2024-04-27 04:20:47,0,,8,0,0
65578,2024-04-27 04:40:32,1,,3,1,507
96305,2024-04-27 04:41:44,0,,13,0,0
68381,2024-04-27 04:48:18,0,,12,0,0
39588,2024-04-27 04:54:48,0,,9,0,0
92777,2024-04-27 05:02:19,0,,4,0,0
70523,2024-04-27 05:14:52,0,,4,0,0
1768,2024-04-27 05:45:20,0,,8,0,0
68804,2024-04-27 06:33:00,0,,4,1,403
48541,2024-04-27 06:33:36,0,,6,0,0
42460,2024-04-27 07:02:00,0,,3,0,0
74176,2024-04-27 07:26:45,0,,5,0,0
42028,2024-04-27 07:38:03,0,,9,0,0
80198,2024-04-27 07:40:43,0,,11,0,0
69532,2024-04-27 07:44:41,0,,10,0,0
68427,2024-04-27 07:46:47,0,,6,0,0
6267,2024-04-27 07:52:33,0,,3,0,0
63458,2024-04-27 07:56:49,0,,6,0,0
55558,2024-04-27 08:20:11,0,,6,0,0
99207,2024-04-27 08:20:28,0,,5,0,0
53253,2024-04-27 08:25:56,1,,4,1,250
83275,2024-04-27 08:28:12,0,,4,1,505
20536,2024-04-27 08:29:09,0,,5,0,0
48429,2024-04-27 08:32:56,1,,5,1,357
63160,2024-04-27 08:51:36,0,,6,0,0
34155,2024-04-27 08:57:44,1,,6,0,0
46401,2024-04-27 09:20:29,0,,4,0,0
8136,2024-04-27 09:30:47,0,,6,0,0
69532,2024-04-27 09:38:48,0,,2,0,0
40264,2024-04-27 09:41:41,0,,8,1,276
33555,2024-04-27 09:49:18,0,,9,0,0
12196,2024-04-27 09:49:21,0,,6,0,0
25944,2024-04-27 09:54:28,0,,6,0,0
17398,2024-04-27 09:55:28,0,,6,0,0
77447,2024-04-27 10:05:19,0,,9,1,354
28897,2024-04-27 10:18:38,0,,4,0,0
36443,2024-04-27 10:22:43,1,,5,1,220
68712,2024-04-27 10:33:59,0,,5,1,190
74682,2024-04-27 10:44:03,0,,5,0,0
78431,2024-04-27 10:54:29,0,,5,0,0
46396,2024-04-27 11:31:24,0,,7,0,0
6389,2024-04-27 11:40:45,0,,5,0,0
58596,2024-04-27 11:41:49,1,,4,0,0
52898,2024-04-27 11:52:59,1,,10,0,0
90469,2024-04-27 12:08:47,0,,8,0,0
12455,2024-04-27 12:09:08,0,,4,1,371
82082,2024-04-27 12:12:31,0,,6,0,0
40611,2024-04-27 12:13:40,1,,6,0,0
69134,2024-04-27 12:21:41,1,,8,1,244
3828,2024-04-27 12:22:04,0,,4,1,305
74176,2024-04-27 12:31:45,0,,2,0,0
3595,2024-04-27 13:02:26,0,,9,1,411
11630,2024-04-27 13:08:58,0,,10,1,158
1010,2024-04-27 13:31:45,0,,5,1,242
56693,2024-04-27 13:35:19,1,,3,0,0
87048,2024-04-27 13:35:22,1,,4,0,0
43470,2024-04-27 13:42:22,0,,7,0,0
92777,2024-04-27 13:59:56,0,,4,0,0
52763,2024-04-27 14:03:52,1,,2,1,457
49277,2024-04-27 14:21:05,0,,8,0,0
41287,2024-04-27 14:29:29,0,,5,1,250
94155,2024-04-27 14:36:31,0,,7,1,317
8310,2024-04-27 14:41:31,0,,6,1,315
63300,2024-04-27 14:41:43,0,,2,1,384
81196,2024-04-27 14:50:48,0,,9,0,0
4343,2024-04-27 14:53:37,0,,6,0,0
81533,2024-04-27 15:00:33,1,,5,0,0
65033,2024-04-27 15:06:09,1,,5,0,0
1890,2024-04-27 15:11:38,1,,5,0,0
15804,2024-04-27 15:15:15,0,,4,1,326
3973,2024-04-27 15:18:15,0,,8,0,0
66354,2024-04-27 15:23:55,0,,5,0,0
24251,2024-04-27 15:25:35,1,,8,1,180
24083,2024-04-27 15:38:14,1,,4,0,0
86484,2024-04-27 15:58:49,0,,7,1,364
65180,2024-04-27 16:05:37,0,,8,1,243
42416,2024-04-27 16:13:35,0,,5,0,0
29081,2024-04-27 16:16:02,0,,6,1,337
26054,2024-04-27 16:21:28,0,,7,0,0
40338,2024-04-27 16:28:17,1,,9,0,0
38133,2024-04-27 16:37:34,0,,6,1,258
89648,2024-04-27 16:39:52,0,,13,0,0
63453,2024-04-27 16:44:33,0,,6,1,519
1154,2024-04-27 16:47:57,1,,6,1,239
77029,2024-04-27 17:17:28,1,,4,0,0
61871,2024-04-27 17:21:53,0,,8,0,0
23522,2024-04-27 17:24:34,1,,7,0,0
68292,2024-04-27 17:24:56,1,,5,1,280
99781,2024-04-27 17:25:58,1,,5,1,443
51919,2024-04-27 17:29:35,0,,8,0,0
16316,2024-04-27 17:30:23,1,,9,1,242
19729,2024-04-27 17:31:11,1,,7,0,0
37568,2024-04-27 17:36:44,1,,4,0,0
55851,2024-04-27 17:41:10,0,,8,1,172
54349,2024-04-27 17:42:12,1,,9,1,323
4599,2024-04-27 17:47:10,0,,5,0,0
3712,2024-04-27 17:52:56,0,,6,1,504
80058,2024-04-27 17:59:30,0,,6,1,252
54349,2024-04-27 18:04:15,0,,6,0,0
24083,2024-04-27 18:05:54,1,,4,0,0
10651,2024-04-27 18:09:33,1,,4,0,0
65306,2024-04-27 18:11:01,1,,7,0,0
43191,2024-04-27 18:15:05,0,,12,0,0
60316,2024-04-27 18:21:12,0,,6,1,338
33533,2024-04-27 18:32:08,1,,12,1,241
18737,2024-04-27 18:44:46,0,,8,0,0
69725,2024-04-27 18:51:57,0,,6,1,535
8083,2024-04-27 18:53:10,1,,3,0,0
58596,2024-04-27 18:57:47,0,,9,1,245
41379,2024-04-27 19:16:43,0,,2,0,0
3672,2024-04-27 19:20:02,0,,4,0,0
56125,2024-04-27 19:21:18,1,,5,1,371
49155,2024-04-27 19:33:58,0,,4,0,0
51666,2024-04-27 19:41:46,0,,11,0,0
48429,2024-04-27 19:48:02,0,,8,1,528
80896,2024-04-27 20:00:35,0,,6,0,0
75672,2024-04-27 20:05:11,1,,1,0,0
98319,2024-04-27 20:07:32,0,,1,0,0
47420,2024-04-27 20:16:24,0,,5,0,0
9103,2024-04-27 20:19:08,0,,6,1,282
56172,2024-04-27 20:21:12,0,,12,0,0
31666,2024-04-27 20:22:16,0,,3,0,0
28887,2024-04-27 20:38:15,1,,9,1,560
60174,2024-04-27 21:10:52,0,,8,1,442
89648,2024-04-27 21:11:14,0,,6,1,339
48201,2024-04-27 21:21:30,0,,4,0,0
25988,2024-04-27 21:38:30,1,,8,0,0
71243,2024-04-27 21:56:21,1,,5,0,0
83214,2024-04-27 21:58:07,0,,10,0,0
60484,2024-04-27 21:59:56,1,,4,0,0
60264,2024-04-27 22:00:15,1,,10,0,0
16425,2024-04-27 22:18:47,1,,7,0,0
92050,2024-04-27 22:28:24,0,,3,1,231
45186,2024-04-27 22:38:16,0,,7,1,652
83275,2024-04-27 22:38:46,0,,4,0,0
79325,2024-04-27 22:56:52,0,,10,0,0
50821,2024-04-27 22:58:58,1,,6,1,252
46269,2024-04-27 23:01:46,0,,4,0,0
4343,2024-04-27 23:04:15,0,,6,0,0
86577,2024-04-27 23:09:55,0,,4,1,353
58282,2024-04-27 23:30:17,0,,9,0,0
31225,2024-04-27 23:31:27,0,,3,0,0
52001,2024-04-27 23:33:41,1,,11,1,157
3264,2024-04-27 23:40:10,0,,6,1,316
90965,2024-04-27 23:56:02,0,,11,1,364
30871,2024-04-28 00:06:59,0,,5,0,0
4040,2024-04-28 01:07:49,0,,3,0,0
77414,2024-04-28 01:08:39,0,,5,0,0
29454,2024-04-28 01:25:46,1,,4,1,188
98319,2024-04-28 01:26:06,0,,4,0,0
77463,2024-04-28 01:43:01,1,,3,0,0
11914,2024-04-28 02:00:13,0,,11,0,0
67619,2024-04-28 02:41:15,1,,9,0,0
3672,2024-04-28 02:46:21,1,,13,1,444
18593,2024-04-28 02:51:17,0,,2,0,0
60620,2024-04-28 03:05:15,1,,4,1,146
60484,2024-04-28 04:39:56,0,,3,0,0
92867,2024-04-28 04:46:41,1,,7,0,0
83214,2024-04-28 04:53:19,0,,3,0,0
42460,2024-04-28 04:56:21,0,,6,0,0
19452,2024-04-28 04:57:54,0,,4,1,148
1990,2024-04-28 06:24:57,0,,9,1,357
58282,2024-04-28 06:56:36,0,,6,0,0
1111,2024-04-28 07:03:05,1,,4,1,358
58380,2024-04-28 07:05:44,0,,3,0,0
44751,2024-04-28 07:38:05,0,,7,0,0
22864,2024-04-28 07:44:38,0,,6,1,392
89736,2024-04-28 08:03:30,1,,5,0,0
2954,2024-04-28 08:09:54,0,,7,1,226
43370,2024-04-28 08:18:10,1,,2,0,0
60689,2024-04-28 08:22:49,0,,6,0,0
45151,2024-04-28 08:24:32,0,,5,0,0
98736,2024-04-28 08:31:18,0,,1,1,272
78175,2024-04-28 08:31:23,0,,2,0,0
26405,2024-04-28 08:44:00,1,,9,1,493
46604,2024-04-28 08:51:29,0,,9,0,0
4366,2024-04-28 09:00:22,0,,9,0,0
29370,2024-04-28 09:02:50,0,,4,0,0
23457,2024-04-28 09:07:02,0,,3,1,372
75672,2024-04-28 09:15:24,1,,6,0,0
56125,2024-04-28 09:24:26,0,,9,0,0
22431,2024-04-28 09:27:51,1,,8,1,291
11565,2024-04-28 09:34:58,0,,6,1,344
40072,2024-04-28 09:37:24,0,,12,1,445
11639,2024-04-28 09:43:51,0,,3,0,0
65362,2024-04-28 09:48:01,0,,7,1,125
76275,2024-04-28 09:49:27,1,,5,0,0
54349,2024-04-28 09:53:36,1,,8,1,280
8083,2024-04-28 09:54:06,0,,7,1,239
24489,2024-04-28 10:05:39,1,,7,0,0
5343,2024-04-28 10:40:17,1,,8,0,0
40804,2024-04-28 10:48:46,0,,9,0,0
35447,2024-04-28 10:49:14,1,,6,1,336
6558,2024-04-28 10:49:25,1,,5,0,0
95807,2024-04-28 10:49:51,0,,6,1,311
95359,2024-04-28 10:54:36,0,,5,0,0
69292,2024-04-28 10:56:40,0,,7,0,0
68427,2024-04-28 11:08:40,0,,7,0,0
74063,2024-04-28 11:15:51,1,,8,0,0
87403,2024-04-28 11:20:39,1,,7,0,0
69532,2024-04-28 11:32:51,0,,12,0,0
40072,2024-04-28 11:34:28,1,,3,0,0
33250,2024-04-28 11:38:19,0,,9,0,0
5820,2024-04-28 11:39:36,0,,10,0,0
8136,2024-04-28 11:49:34,0,,7,1,558
6267,2024-04-28 11:56:52,0,,9,0,0
36572,2024-04-28 12:08:41,0,,6,0,0
14600,2024-04-28 12:17:40,0,,13,1,265
42416,2024-04-28 12:30:16,0,,6,0,0
66017,2024-04-28 12:30:17,1,,2,1,294
50395,2024-04-28 12:34:50,0,,9,0,0
86059,2024-04-28 12:40:56,0,,0,0,0
66265,2024-04-28 12:41:23,1,,4,0,0
17869,2024-04-28 12:45:42,0,,6,0,0
98080,2024-04-28 12:46:46,0,,8,1,443
10847,2024-04-28 12:48:50,0,,6,1,339
4343,2024-04-28 13:02:42,1,,3,0,0
38792,2024-04-28 13:04:43,1,,9,1,237
50821,2024-04-28 13:08:36,1,,5,1,298
64011,2024-04-28 13:15:35,0,,4,0,0
46478,2024-04-28 13:26:27,1,,6,0,0
89509,2024-04-28 13:48:46,1,,4,0,0
88727,2024-04-28 13:55:21,1,,10,0,0
68076,2024-04-28 14:12:52,0,,4,0,0
78442,2024-04-28 14:13:58,1,,3,0,0
71340,2024-04-28 14:15:27,0,,2,0,0
1740,2024-04-28 14:18:55,0,,9,0,0
17120,2024-04-28 14:29:19,0,,5,0,0
54001,2024-04-28 14:49:16,1,,6,1,244
94926,2024-04-28 14:56:29,0,,9,0,0
81578,2024-04-28 15:08:22,1,,6,0,0
95810,2024-04-28 15:11:59,0,,10,0,0
34279,2024-04-28 15:17:46,0,,4,0,0
24764,2024-04-28 15:18:27,0,,3,1,206
87877,2024-04-28 15:20:43,0,,9,1,291
35868,2024-04-28 15:23:41,0,,6,0,0
15029,2024-04-28 15:24:06,0,,11,0,0
45151,2024-04-28 15:24:17,0,,10,0,0
51250,2024-04-28 15:31:19,0,,7,1,499
70824,2024-04-28 15:31:22,0,,2,0,0
33596,2024-04-28 15:39:17,0,,10,0,0
54599,2024-04-28 15:46:34,0,,3,0,0
91951,2024-04-28 15:56:36,0,,9,0,0
24083,2024-04-28 16:04:28,0,,6,0,0
8194,2024-04-28 16:06:14,0,,4,1,523
53616,2024-04-28 16:10:56,0,,2,0,0
4343,2024-04-28 16:11:39,1,,5,0,0
56125,2024-04-28 16:30:27,0,,7,0,0
86003,2024-04-28 16:36:27,0,,8,0,0
77080,2024-04-28 16:42:54,0,,3,1,399
95682,2024-04-28 16:47:35,0,,11,0,0
1768,2024-04-28 17:10:59,1,,5,0,0
47420,2024-04-28 17:29:44,0,,4,0,0
41882,2024-04-28 17:51:34,1,,6,0,0
8470,2024-04-28 17:53:15,0,,7,0,0
83640,2024-04-28 17:55:00,0,,5,1,188
6267,2024-04-28 17:55:22,1,,4,1,344
51919,2024-04-28 18:10:24,0,,6,0,0
92050,2024-04-28 18:13:49,1,,5,0,0
61861,2024-04-28 18:15:16,0,,6,0,0
21476,2024-04-28 18:18:12,0,,3,0,0
16855,2024-04-28 18:21:08,0,,3,0,0
31314,2024-04-28 18:24:25,0,,2,0,0
61932,2024-04-28 18:32:26,0,,6,1,245
59007,2024-04-28 18:34:23,0,,4,0,0
47420,2024-04-28 18:49:48,1,,8,1,354
13664,2024-04-28 18:51:52,1,,3,0,0
4744,2024-04-28 18:58:14,1,,5,1,426
55256,2024-04-28 19:10:32,0,,8,0,0
18593,2024-04-28 19:19:29,1,,3,0,0
12291,2024-04-28 19:20:09,0,,2,0,0
35185,2024-04-28 19:23:45,0,,9,0,0
17072,2024-04-28 19:27:11,0,,8,0,0
97508,2024-04-28 19:30:37,0,,7,0,0
59007,2024-04-28 19:41:10,1,,4,0,0
79797,2024-04-28 19:42:15,0,,11,1,440
80185,2024-04-28 19:49:21,0,,9,1,371
36908,2024-04-28 20:05:55,0,,8,1,254
98736,2024-04-28 20:08:28,0,,7,1,275
74602,2024-04-28 20:16:29,0,,5,0,0
25944,2024-04-28 20:56:31,0,,5,0,0
66101,2024-04-28 21:01:59,1,,3,1,328
15263,2024-04-28 21:03:12,0,,9,0,0
42971,2024-04-28 21:07:16,0,,8,0,0
42668,2024-04-28 21:07:24,0,,5,1,535
46464,2024-04-28 21:18:56,1,,3,0,0
93782,2024-04-28 21:24:51,0,,2,1,322
58329,2024-04-28 21:31:39,0,,7,0,0
60652,2024-04-28 21:51:23,0,,3,0,0
97081,2024-04-28 22:07:57,1,,4,0,0
71895,2024-04-28 22:12:36,1,,10,0,0
67648,2024-04-28 22:18:35,0,,4,1,240
13503,2024-04-28 22:21:20,1,,4,1,472
25698,2024-04-28 22:31:20,0,,7,1,426
73302,2024-04-28 22:36:39,0,,8,1,346
33596,2024-04-28 22:38:08,0,,5,1,448
77236,2024-04-28 22:47:06,0,,3,0,0
53615,2024-04-28 23:10:15,1,,8,1,399
47420,2024-04-28 23:11:26,1,,3,1,272
99073,2024-04-28 23:16:36,0,,10,1,305
33333,2024-04-28 23:26:14,0,,7,0,0
66111,2024-04-28 23:37:05,1,,6,0,0
68712,2024-04-28 23:38:53,1,,4,0,0
30825,2024-04-28 23:45:19,0,,2,1,541
93791,2024-04-28 23:48:38,1,,6,0,0
87745,2024-04-29 00:13:50,1,,8,0,0
91072,2024-04-29 00:30:28,0,,4,0,0
84604,2024-04-29 01:05:49,0,,4,0,0
75678,2024-04-29 01:19:50,1,,4,0,0
51321,2024-04-29 01:21:42,0,,4,0,0
82082,2024-04-29 01:26:09,0,,5,0,0
15263,2024-04-29 01:30:24,0,,10,0,0
17378,2024-04-29 01:55:10,1,,5,0,0
98855,2024-04-29 02:17:13,1,,4,1,277
61325,2024-04-29 02:26:00,0,,6,0,0
16586,2024-04-29 02:36:56,1,,10,0,0
26054,2024-04-29 02:42:43,0,,6,0,0
67928,2024-04-29 03:09:55,0,,5,0,0
26314,2024-04-29 03:38:21,0,,7,0,0
97489,2024-04-29 03:44:42,1,,5,0,0
76807,2024-04-29 04:09:07,1,,6,0,0
60166,2024-04-29 04:19:28,0,,3,0,0
40047,2024-04-29 04:33:35,0,,8,1,401
90371,2024-04-29 04:55:18,0,,3,0,0
90935,2024-04-29 05:18:37,1,,3,1,589
25420,2024-04-29 05:22:54,1,,8,1,220
39588,2024-04-29 05:29:09,1,,9,1,309
33596,2024-04-29 05:33:00,0,,5,0,0
63458,2024-04-29 05:48:22,0,,9,1,477
30360,2024-04-29 06:02:52,0,,8,0,0
69292,2024-04-29 06:06:32,0,,6,0,0
57029,2024-04-29 06:13:41,0,,6,1,246
87530,2024-04-29 06:37:40,0,,3,1,429
35640,2024-04-29 06:38:23,0,,6,1,475
42668,2024-04-29 06:57:01,0,,10,1,303
95844,2024-04-29 07:28:39,0,,8,0,0
51250,2024-04-29 07:33:23,1,,14,0,0
89648,2024-04-29 07:44:57,0,,8,1,315
54122,2024-04-29 08:03:10,0,,4,1,170
29213,2024-04-29 08:07:11,0,,9,0,0
43500,2024-04-29 08:20:53,0,,7,0,0
30239,2024-04-29 08:21:33,0,,5,0,0
53473,2024-04-29 08:23:31,0,,5,0,0
22864,2024-04-29 08:30:56,0,,3,0,0
24634,2024-04-29 08:33:05,0,,3,0,0
2447,2024-04-29 09:04:11,0,,6,0,0
45866,2024-04-29 09:26:10,0,,7,0,0
40644,2024-04-29 09:52:48,0,,5,0,0
71360,2024-04-29 10:01:11,0,,8,0,0
98399,2024-04-29 10:04:48,0,,7,0,0
93342,2024-04-29 10:15:30,0,,4,0,0
69934,2024-04-29 10:18:58,0,,11,1,356
17593,2024-04-29 10:26:22,0,,11,1,324
46396,2024-04-29 10:45:11,0,,6,1,455
58329,2024-04-29 11:16:07,1,,4,1,534
5208,2024-04-29 11:16:20,0,,9,1,349
13738,2024-04-29 11:38:31,0,,0,0,0
30871,2024-04-29 11:59:40,0,,5,1,174
98577,2024-04-29 12:02:08,0,,6,0,0
46221,2024-04-29 12:16:34,1,,6,1,720
77347,2024-04-29 12:18:22,1,,5,0,0
7233,2024-04-29 12:19:43,0,,6,0,0
10847,2024-04-29 12:25:59,0,,9,0,0
43479,2024-04-29 12:26:04,1,,7,0,0
65936,2024-04-29 12:27:32,0,,4,0,0
91689,2024-04-29 12:29:33,0,,4,1,414
14561,2024-04-29 12:30:41,0,,12,1,218
73659,2024-04-29 12:31:50,1,,5,0,0
81338,2024-04-29 12:35:01,0,,9,0,0
14822,2024-04-29 12:37:24,0,,11,0,0
7936,2024-04-29 12:42:05,1,,5,0,0
44843,2024-04-29 12:45:11,0,,6,0,0
75037,2024-04-29 12:50:58,0,,10,0,0
6558,2024-04-29 12:51:23,1,,4,1,354
81338,2024-04-29 12:53:19,0,,1,0,0
35447,2024-04-29 13:00:49,0,,6,0,0
28897,2024-04-29 13:24:42,1,,4,0,0
98350,2024-04-29 13:41:44,0,,2,0,0
83214,2024-04-29 13:43:14,1,,3,0,0
35138,2024-04-29 14:00:08,0,,6,0,0
55851,2024-04-29 14:18:51,0,,5,0,0
95844,2024-04-29 14:24:10,0,,6,0,0
95631,2024-04-29 14:29:26,0,,3,0,0
68415,2024-04-29 14:30:31,0,,4,0,0
72216,2024-04-29 14:46:27,0,,5,0,0
82234,2024-04-29 14:59:47,0,,3,0,0
4663,2024-04-29 15:03:48,0,,6,0,0
3978,2024-04-29 15:16:16,1,,7,1,500
76275,2024-04-29 15:26:42,1,,8,0,0
41653,2024-04-29 15:32:35,0,,4,1,359
71340,2024-04-29 15:41:01,0,,7,0,0
13311,2024-04-29 15:43:10,1,,5,0,0
67852,2024-04-29 15:55:42,0,,6,1,229
35868,2024-04-29 15:56:35,0,,7,1,536
69352,2024-04-29 15:56:40,0,,3,1,242
56031,2024-04-29 16:09:19,0,,5,0,0
68505,2024-04-29 16:15:21,0,,2,1,248
52784,2024-04-29 16:23:21,0,,3,1,177
8194,2024-04-29 16:47:48,0,,5,1,180
29081,2024-04-29 17:06:26,0,,8,1,287
56693,2024-04-29 17:28:44,0,,6,1,265
68076,2024-04-29 17:30:46,0,,2,0,0
63282,2024-04-29 17:39:34,0,,4,0,0
31666,2024-04-29 17:49:55,0,,5,1,274
10955,2024-04-29 17:51:29,0,,7,1,190
17225,2024-04-29 17:56:04,0,,2,0,0
29191,2024-04-29 17:56:16,0,,6,1,213
55359,2024-04-29 18:03:56,0,,9,0,0
2121,2024-04-29 18:06:48,1,,3,1,225
43093,2024-04-29 18:06:50,1,,5,0,0
70923,2024-04-29 18:17:58,1,,4,0,0
49084,2024-04-29 18:23:59,0,,8,1,286
29454,2024-04-29 18:42:09,0,,4,1,363
36112,2024-04-29 18:45:15,0,,4,0,0
1313,2024-04-29 18:50:30,0,,6,0,0
87283,2024-04-29 19:05:34,1,,2,0,0
64011,2024-04-29 19:14:24,1,,5,0,0
85364,2024-04-29 19:34:40,1,,7,0,0
1963,2024-04-29 19:52:12,0,,5,0,0
37165,2024-04-29 20:14:46,1,,4,0,0
3595,2024-04-29 20:15:37,0,,10,0,0
77236,2024-04-29 20:19:04,0,,9,1,304
91867,2024-04-29 20:23:42,1,,4,0,0
27326,2024-04-29 20:49:18,0,,8,0,0
97485,2024-04-29 20:49:53,0,,6,1,256
42416,2024-04-29 20:56:07,0,,9,0,0
918,2024-04-29 20:59:48,0,,6,0,0
815,2024-04-29 21:02:19,1,,4,0,0
73606,2024-04-29 21:05:29,0,,3,0,0
65694,2024-04-29 21:11:31,0,,2,0,0
34619,2024-04-29 21:12:51,0,,6,0,0
74063,2024-04-29 21:22:38,0,,5,0,0
85042,2024-04-29 21:23:41,0,,2,0,0
35485,2024-04-29 21:25:31,0,,5,1,246
11096,2024-04-29 21:49:30,0,,7,0,0
77236,2024-04-29 21:55:03,0,,3,0,0
26541,2024-04-29 22:02:36,1,,0,0,0
29815,2024-04-29 22:09:44,0,,5,1,305
93791,2024-04-29 22:12:00,0,,5,0,0
21972,2024-04-29 22:16:20,1,,4,0,0
76275,2024-04-29 22:28:47,1,,4,0,0
40403,2024-04-29 22:31:11,0,,5,0,0
87458,2024-04-29 22:46:36,0,,3,1,602
14777,2024-04-29 22:48:55,1,,6,0,0
9287,2024-04-29 22:56:58,0,,5,0,0
68415,2024-04-29 23:09:23,0,,2,0,0
98187,2024-04-29 23:12:32,0,,9,0,0
28117,2024-04-29 23:14:56,0,,8,1,408
68648,2024-04-29 23:31:57,0,,11,1,190
86551,2024-04-29 23:38:21,0,,7,1,382
23351,2024-04-29 23:43:22,1,,6,1,276
89736,2024-04-29 23:51:07,0,,11,1,344
46226,2024-04-30 00:17:59,1,,3,0,0
15574,2024-04-30 00:34:24,1,,7,0,0
45151,2024-04-30 00:42:40,0,,4,0,0
22442,2024-04-30 00:43:22,0,,9,1,521
64569,2024-04-30 01:12:35,0,,4,0,0
79093,2024-04-30 01:26:39,0,,2,0,0
43609,2024-04-30 01:28:21,0,,7,0,0
96595,2024-04-30 01:44:29,0,,6,0,0
71149,2024-04-30 02:21:27,1,,6,0,0
64450,2024-04-30 02:45:24,0,,6,0,0
12553,2024-04-30 02:47:20,0,,8,1,317
68415,2024-04-30 02:50:38,0,,7,1,631
81366,2024-04-30 03:15:08,0,,9,0,0
34032,2024-04-30 04:26:51,0,,3,1,298
65993,2024-04-30 04:34:08,1,,6,0,0
71779,2024-04-30 04:53:58,0,,4,0,0
3264,2024-04-30 05:19:44,0,,3,1,564
23522,2024-04-30 05:26:20,0,,3,1,319
45866,2024-04-30 05:33:04,0,,6,0,0
61861,2024-04-30 05:58:59,0,,8,0,0
48541,2024-04-30 06:48:44,0,,8,1,254
23522,2024-04-30 07:02:39,0,,10,0,0
21718,2024-04-30 07:20:43,0,,6,0,0
57596,2024-04-30 07:29:00,1,,4,0,0
14074,2024-04-30 07:57:15,1,,6,0,0
69521,2024-04-30 08:12:32,0,,3,0,0
36572,2024-04-30 08:38:36,1,,6,0,0
65474,2024-04-30 08:47:01,0,,5,1,252
91351,2024-04-30 08:47:48,0,,8,1,176
53255,2024-04-30 08:48:36,0,,6,1,306
87757,2024-04-30 08:50:09,1,,4,1,294
83298,2024-04-30 09:01:00,0,,5,1,277
42038,2024-04-30 09:13:41,0,,5,0,0
14561,2024-04-30 09:16:03,1,,10,1,313
78442,2024-04-30 09:20:58,0,,6,0,0
3595,2024-04-30 09:24:47,1,,3,0,0
65362,2024-04-30 09:48:04,0,,6,0,0
40767,2024-04-30 09:53:16,1,,6,1,310
5763,2024-04-30 10:12:33,0,,8,1,432
63079,2024-04-30 10:14:21,0,,4,0,0
11853,2024-04-30 10:14:52,0,,4,1,247
61630,2024-04-30 10:20:49,0,,6,1,296
65977,2024-04-30 10:32:32,0,,4,0,0
77524,2024-04-30 10:43:02,0,,6,0,0
49437,2024-04-30 11:02:08,0,,6,0,0
45100,2024-04-30 11:02:56,1,,8,1,183
51033,2024-04-30 11:08:32,0,,6,0,0
55256,2024-04-30 11:21:36,1,,7,0,0
65201,2024-04-30 11:22:24,0,,4,0,0
30148,2024-04-30 11:23:28,0,,3,0,0
61630,2024-04-30 11:41:10,1,,7,1,344
13478,2024-04-30 11:48:17,0,,12,0,0
22592,2024-04-30 11:54:20,0,,8,1,360
11565,2024-04-30 12:20:40,0,,4,1,377
97508,2024-04-30 12:26:39,0,,7,0,0
60689,2024-04-30 12:29:32,1,,5,0,0
48736,2024-04-30 12:32:54,1,,5,1,236
92936,2024-04-30 12:34:27,1,,7,0,0
96623,2024-04-30 12:35:36,0,,5,1,302
60568,2024-04-30 12:44:17,0,,6,0,0
52769,2024-04-30 12:47:24,0,,7,1,250
84619,2024-04-30 13:00:03,1,,6,0,0
98855,2024-04-30 13:11:01,0,,8,0,0
7085,2024-04-30 13:16:39,0,,5,0,0
57436,2024-04-30 13:21:54,0,,9,1,238
41040,2024-04-30 13:43:53,0,,6,0,0
71149,2024-04-30 13:45:19,0,,5,1,274
67286,2024-04-30 14:04:03,1,,5,0,0
46274,2024-04-30 14:19:05,0,,7,0,0
35185,2024-04-30 14:24:32,0,,6,0,0
34927,2024-04-30 14:27:11,1,,9,1,254
34170,2024-04-30 14:29:48,0,,5,0,0
80616,2024-04-30 14:35:32,1,,5,0,0
52563,2024-04-30 14:50:51,0,,12,0,0
43479,2024-04-30 14:55:11,0,,6,0,0
15139,2024-04-30 14:59:18,0,,8,0,0
38744,2024-04-30 15:06:18,0,,4,0,0
54980,2024-04-30 15:07:38,0,,9,0,0
71997,2024-04-30 15:09:41,0,,10,1,381
68899,2024-04-30 15:10:45,0,,7,0,0
21806,2024-04-30 15:18:16,1,,7,1,219
37165,2024-04-30 15:25:10,1,,2,1,267
58739,2024-04-30 15:27:47,0,,4,0,0
75781,2024-04-30 15:34:33,0,,4,0,0
62938,2024-04-30 15:38:08,0,,4,1,661
4484,2024-04-30 15:42:40,1,,9,0,0
18637,2024-04-30 16:00:54,1,,5,1,253
76004,2024-04-30 16:00:56,0,,8,0,0
35185,2024-04-30 16:08:07,0,,7,0,0
3264,2024-04-30 16:19:28,0,,6,1,427
48541,2024-04-30 16:23:15,1,,10,1,257
14452,2024-04-30 16:33:08,0,,1,0,0
59342,2024-04-30 16:34:31,0,,5,0,0
82234,2024-04-30 16:35:41,0,,3,0,0
36908,2024-04-30 16:37:48,0,,7,0,0
38246,2024-04-30 16:52:55,0,,6,1,414
93782,2024-04-30 16:55:52,0,,3,0,0
52769,2024-04-30 17:00:00,0,,10,1,309
67542,2024-04-30 17:26:11,1,,7,1,206
19020,2024-04-30 17:35:22,0,,6,0,0
20536,2024-04-30 17:39:19,1,,7,0,0
69292,2024-04-30 17:51:34,0,,6,0,0
22663,2024-04-30 18:17:40,0,,8,1,186
16586,2024-04-30 18:20:36,0,,11,0,0
68712,2024-04-30 18:21:49,0,,9,0,0
57786,2024-04-30 18:29:18,0,,6,0,0
32375,2024-04-30 18:51:58,1,,7,1,523
77236,2024-04-30 18:53:29,0,,7,0,0
66658,2024-04-30 18:59:02,0,,9,0,0
815,2024-04-30 19:12:08,0,,7,0,0
7508,2024-04-30 19:17:10,0,,4,0,0
96595,2024-04-30 19:23:52,0,,7,0,0
85042,2024-04-30 19:31:21,0,,4,0,0
65033,2024-04-30 19:34:33,0,,6,1,260
81233,2024-04-30 19:48:31,0,,6,0,0
35682,2024-04-30 20:07:55,1,,4,0,0
56125,2024-04-30 20:15:07,1,,5,1,359
83214,2024-04-30 20:24:42,0,,4,0,0
92050,2024-04-30 20:27:19,1,,9,0,0
1379,2024-04-30 20:34:38,0,,7,0,0
27834,2024-04-30 20:35:41,0,,9,1,180
90838,2024-04-30 20:38:01,0,,10,1,539
2800,2024-04-30 20:42:19,0,,6,0,0
42241,2024-04-30 20:43:56,0,,3,0,0
39588,2024-04-30 21:07:46,1,,7,1,275
42668,2024-04-30 21:10:09,0,,3,1,749
17072,2024-04-30 21:21:26,0,,7,1,285
2616,2024-04-30 21:41:14,1,,6,0,0
14547,2024-04-30 21:42:00,0,,8,0,0
9540,2024-04-30 21:51:16,1,,3,0,0
54122,2024-04-30 21:56:48,0,,7,0,0
59106,2024-04-30 22:03:40,0,,7,0,0
72971,2024-04-30 22:17:34,0,,4,0,0
1067,2024-04-30 22:27:21,1,,6,0,0
77116,2024-04-30 22:29:26,0,,9,0,0
42722,2024-04-30 22:30:02,1,,10,0,0
86996,2024-04-30 22:55:05,1,,3,0,0
66354,2024-04-30 23:04:35,0,,5,1,232
54599,2024-04-30 23:04:57,0,,8,0,0
40240,2024-04-30 23:11:47,0,,4,1,253
50487,2024-04-30 23:13:28,0,,2,0,0
27892,2024-04-30 23:17:06,0,,6,1,449
81481,2024-04-30 23:24:44,1,,5,1,266
14826,2024-04-30 23:30:11,1,,3,0,0
1876,2024-04-30 23:36:13,0,,6,1,207
27540,2024-04-30 23:55:22,0,,3,0,0
12455,2024-04-30 23:59:43,1,,8,0,0
