user_id,session_start_dttm,desktop_flag,session_duration_min,purchase_flag,purchase_amount_rub
6317,2024-12-01 00:15:04,1,1,0,0
27527,2024-12-01 00:52:11,0,6,0,0
87737,2024-12-01 00:53:29,0,8,1,190
58519,2024-12-01 00:54:24,0,5,1,267
76359,2024-12-01 01:12:33,0,2,0,0
89251,2024-12-01 01:13:54,1,1,0,0
27527,2024-12-01 01:14:08,0,10,1,294
23319,2024-12-01 01:20:17,0,9,1,187
69428,2024-12-01 01:31:40,1,7,1,312
73493,2024-12-01 01:53:01,0,8,0,0
40579,2024-12-01 02:04:38,0,4,0,0
44735,2024-12-01 03:17:02,0,10,1,239
33835,2024-12-01 03:28:44,0,5,0,0
43649,2024-12-01 03:31:52,0,4,0,0
53215,2024-12-01 04:56:15,0,3,0,0
58556,2024-12-01 05:50:19,0,11,0,0
49437,2024-12-01 05:50:31,1,11,0,0
955,2024-12-01 06:06:45,0,5,1,106
19132,2024-12-01 06:33:36,0,5,0,0
29585,2024-12-01 06:38:21,0,7,1,287
69386,2024-12-01 06:45:18,0,8,0,0
32571,2024-12-01 06:47:51,0,8,1,104
36572,2024-12-01 07:07:44,1,2,1,153
53102,2024-12-01 07:49:47,0,7,0,0
17675,2024-12-01 07:53:45,0,11,1,134
29905,2024-12-01 08:17:13,0,8,0,0
38679,2024-12-01 08:21:15,0,9,0,0
87507,2024-12-01 08:26:29,0,8,1,192
67403,2024-12-01 08:32:26,0,6,0,0
69428,2024-12-01 08:39:39,1,8,0,0
64305,2024-12-01 08:50:52,1,6,0,0
82518,2024-12-01 08:52:22,1,7,0,0
82865,2024-12-01 09:08:18,0,8,0,0
4709,2024-12-01 09:14:34,0,3,1,354
9665,2024-12-01 09:14:54,0,7,0,0
69676,2024-12-01 09:17:17,0,8,1,263
18317,2024-12-01 09:29:40,0,4,0,0
63133,2024-12-01 09:39:03,0,6,0,0
96358,2024-12-01 09:44:13,0,6,0,0
33835,2024-12-01 09:49:35,0,4,0,0
11856,2024-12-01 09:54:12,0,1,0,0
71093,2024-12-01 09:57:36,1,3,0,0
35185,2024-12-01 10:08:15,1,5,0,0
28031,2024-12-01 10:38:49,0,9,0,0
54083,2024-12-01 11:13:27,0,4,1,627
95397,2024-12-01 11:18:22,0,9,0,0
83485,2024-12-01 11:31:20,0,9,0,0
11409,2024-12-01 11:32:01,1,5,0,0
89736,2024-12-01 11:45:24,0,6,1,306
40417,2024-12-01 11:46:40,1,4,1,79
38858,2024-12-01 11:55:25,0,13,0,0
44880,2024-12-01 12:00:06,0,4,0,0
70343,2024-12-01 12:04:16,1,7,1,390
1768,2024-12-01 12:05:57,1,9,0,0
89736,2024-12-01 12:15:41,0,8,0,0
209,2024-12-01 12:16:44,0,3,1,234
1006,2024-12-01 12:17:46,0,5,0,0
95998,2024-12-01 12:24:34,0,7,0,0
8310,2024-12-01 12:42:02,0,8,0,0
94500,2024-12-01 12:59:32,1,4,1,232
45824,2024-12-01 13:05:47,1,6,0,0
82865,2024-12-01 13:17:44,0,7,1,196
65241,2024-12-01 13:19:31,0,7,0,0
3141,2024-12-01 13:23:50,0,2,0,0
81250,2024-12-01 13:24:14,0,6,0,0
18861,2024-12-01 13:25:08,1,5,0,0
73982,2024-12-01 13:34:05,1,3,0,0
28031,2024-12-01 13:38:24,0,4,0,0
6491,2024-12-01 14:02:44,0,4,0,0
75691,2024-12-01 14:37:56,0,8,0,0
22377,2024-12-01 14:40:50,0,5,0,0
24321,2024-12-01 14:56:02,1,8,1,175
22226,2024-12-01 14:58:58,0,5,0,0
23389,2024-12-01 15:04:00,0,4,0,0
60242,2024-12-01 15:14:13,0,5,0,0
39655,2024-12-01 15:39:49,0,2,1,211
1006,2024-12-01 15:57:34,1,6,0,0
68404,2024-12-01 15:57:47,1,9,0,0
17844,2024-12-01 15:59:33,1,6,0,0
27313,2024-12-01 15:59:55,0,6,0,0
3962,2024-12-01 16:18:51,0,5,0,0
31474,2024-12-01 16:27:29,0,4,1,110
72504,2024-12-01 16:29:58,0,8,1,206
39882,2024-12-01 16:31:24,1,6,0,0
78974,2024-12-01 16:32:24,0,4,1,241
80058,2024-12-01 16:43:55,1,6,0,0
73615,2024-12-01 16:48:17,0,5,0,0
16922,2024-12-01 16:56:14,0,9,0,0
13088,2024-12-01 17:08:20,0,2,0,0
35671,2024-12-01 17:08:53,0,5,0,0
90813,2024-12-01 17:15:37,0,7,0,0
97169,2024-12-01 17:18:55,1,7,1,166
829,2024-12-01 17:23:10,1,3,0,0
79791,2024-12-01 17:36:50,1,1,0,0
28970,2024-12-01 17:39:46,0,5,0,0
95184,2024-12-01 17:48:47,0,5,0,0
73631,2024-12-01 18:53:47,0,8,0,0
72645,2024-12-01 18:54:39,0,6,0,0
17,2024-12-01 19:19:14,0,4,0,0
19952,2024-12-01 19:22:01,0,3,0,0
5740,2024-12-01 19:23:19,0,7,0,0
44081,2024-12-01 19:24:12,0,3,0,0
11331,2024-12-01 19:33:27,0,7,0,0
47552,2024-12-01 19:39:11,0,12,0,0
61420,2024-12-01 19:55:31,0,8,1,202
70343,2024-12-01 20:08:25,0,4,0,0
54191,2024-12-01 20:10:32,1,4,1,948
78974,2024-12-01 20:14:57,0,4,1,235
75203,2024-12-01 20:25:54,0,7,0,0
38031,2024-12-01 20:25:59,0,7,0,0
45989,2024-12-01 20:31:18,0,5,0,0
93586,2024-12-01 20:35:28,0,4,0,0
35138,2024-12-01 20:38:51,1,9,0,0
15593,2024-12-01 20:41:34,0,7,0,0
95707,2024-12-01 20:52:25,1,3,0,0
82212,2024-12-01 20:53:45,1,8,0,0
90127,2024-12-01 20:55:03,1,7,0,0
21570,2024-12-01 20:55:33,1,5,1,209
46794,2024-12-01 21:08:05,1,4,1,319
69773,2024-12-01 21:14:15,1,10,1,543
1165,2024-12-01 21:44:01,0,6,0,0
77532,2024-12-01 21:46:41,0,8,1,118
94500,2024-12-01 21:51:07,0,10,0,0
69156,2024-12-01 22:02:09,0,11,1,589
44401,2024-12-01 22:11:50,1,11,0,0
67539,2024-12-01 22:13:58,0,2,1,172
37475,2024-12-01 22:19:20,0,7,0,0
34279,2024-12-01 22:35:28,0,6,0,0
46802,2024-12-01 22:43:31,1,5,0,0
93991,2024-12-01 23:26:37,0,8,1,348
95415,2024-12-01 23:44:31,0,5,0,0
39101,2024-12-01 23:48:38,1,6,1,582
99576,2024-12-01 23:58:55,0,6,1,245
18527,2024-12-02 00:10:49,0,5,1,192
29905,2024-12-02 00:15:58,0,3,0,0
42182,2024-12-02 00:30:59,1,7,0,0
7881,2024-12-02 02:34:22,0,2,1,558
44081,2024-12-02 02:35:13,0,4,0,0
60036,2024-12-02 02:46:42,0,1,0,0
70663,2024-12-02 02:46:45,1,5,0,0
86713,2024-12-02 02:50:02,0,6,0,0
1088,2024-12-02 02:56:03,0,4,0,0
93880,2024-12-02 03:03:38,0,4,1,279
60975,2024-12-02 03:14:49,1,5,1,279
42155,2024-12-02 03:17:58,0,5,1,93
96227,2024-12-02 03:19:33,0,9,1,184
63852,2024-12-02 03:36:54,1,4,0,0
40518,2024-12-02 03:57:38,0,7,0,0
66957,2024-12-02 04:10:01,1,7,0,0
39672,2024-12-02 04:19:57,1,6,0,0
55806,2024-12-02 04:42:29,0,8,0,0
38790,2024-12-02 04:53:09,0,6,0,0
93586,2024-12-02 05:00:45,1,7,1,267
85960,2024-12-02 06:04:49,1,4,0,0
22366,2024-12-02 06:08:54,1,2,0,0
93991,2024-12-02 06:17:25,1,6,0,0
20832,2024-12-02 06:24:51,0,11,0,0
98314,2024-12-02 06:44:25,0,8,0,0
2727,2024-12-02 07:09:12,0,8,1,218
2819,2024-12-02 07:17:36,0,6,1,448
72006,2024-12-02 07:41:20,0,3,1,281
56625,2024-12-02 07:53:28,0,2,1,108
68784,2024-12-02 07:55:17,0,3,0,0
67189,2024-12-02 08:03:10,0,7,0,0
52073,2024-12-02 08:14:06,0,2,1,247
14333,2024-12-02 08:16:14,0,4,0,0
46802,2024-12-02 08:19:03,1,9,0,0
34701,2024-12-02 08:20:18,0,3,1,188
60975,2024-12-02 08:24:00,1,6,0,0
92692,2024-12-02 08:50:39,0,5,0,0
49265,2024-12-02 09:02:27,1,5,1,371
53945,2024-12-02 09:04:47,1,10,1,219
36636,2024-12-02 09:25:45,0,3,0,0
20045,2024-12-02 09:35:01,0,4,1,338
58556,2024-12-02 09:39:42,1,4,1,128
68462,2024-12-02 09:42:39,1,4,0,0
96227,2024-12-02 09:51:54,0,6,0,0
16577,2024-12-02 09:59:57,1,8,1,251
82866,2024-12-02 10:07:50,1,6,1,637
9103,2024-12-02 10:24:12,0,5,0,0
48650,2024-12-02 10:30:42,0,7,0,0
15212,2024-12-02 11:15:05,0,4,1,307
47812,2024-12-02 11:20:37,0,9,0,0
17593,2024-12-02 11:25:06,0,7,0,0
11886,2024-12-02 11:43:08,1,3,0,0
9470,2024-12-02 11:43:44,0,3,0,0
11409,2024-12-02 11:47:28,0,3,1,769
3057,2024-12-02 12:20:00,1,2,1,245
952,2024-12-02 12:21:23,0,7,0,0
4149,2024-12-02 12:29:27,0,12,1,328
12442,2024-12-02 12:32:50,0,5,0,0
10637,2024-12-02 12:39:33,1,8,0,0
86827,2024-12-02 12:57:30,0,8,0,0
22366,2024-12-02 12:58:42,0,6,1,227
49471,2024-12-02 13:04:06,1,7,0,0
97515,2024-12-02 13:16:29,1,5,0,0
2819,2024-12-02 13:28:48,0,9,0,0
65355,2024-12-02 13:29:40,0,9,0,0
45989,2024-12-02 13:30:59,1,4,0,0
11097,2024-12-02 13:31:51,0,11,1,589
5986,2024-12-02 13:34:20,1,9,0,0
40516,2024-12-02 13:34:54,0,8,0,0
50395,2024-12-02 13:48:44,0,6,0,0
2390,2024-12-02 13:53:46,0,4,1,238
3721,2024-12-02 13:56:36,0,3,0,0
46243,2024-12-02 14:01:43,0,2,1,117
45405,2024-12-02 14:03:28,0,4,0,0
29081,2024-12-02 14:05:17,0,6,0,0
34976,2024-12-02 14:07:15,0,7,1,230
40579,2024-12-02 14:08:43,0,6,0,0
97211,2024-12-02 14:13:45,0,6,0,0
24519,2024-12-02 14:20:20,0,8,0,0
25944,2024-12-02 14:27:24,1,1,0,0
8333,2024-12-02 14:36:04,0,3,0,0
74645,2024-12-02 14:41:38,0,14,0,0
86645,2024-12-02 14:46:01,0,5,0,0
60036,2024-12-02 14:47:12,0,6,0,0
66798,2024-12-02 14:51:11,0,8,0,0
46237,2024-12-02 14:52:09,0,2,0,0
65254,2024-12-02 14:52:51,0,10,0,0
45505,2024-12-02 15:10:32,0,5,0,0
85100,2024-12-02 15:20:45,0,5,0,0
41129,2024-12-02 15:30:24,1,6,0,0
83485,2024-12-02 15:38:53,0,8,0,0
60975,2024-12-02 15:40:55,0,7,0,0
87463,2024-12-02 15:43:13,0,5,1,524
97367,2024-12-02 15:48:07,0,8,1,221
66111,2024-12-02 15:52:50,0,5,0,0
71101,2024-12-02 16:04:24,1,3,0,0
69402,2024-12-02 16:06:01,1,7,0,0
42377,2024-12-02 16:07:17,1,2,0,0
6208,2024-12-02 16:24:28,0,7,1,217
6023,2024-12-02 16:36:30,0,11,0,0
29289,2024-12-02 16:51:12,0,8,0,0
73514,2024-12-02 17:07:47,0,10,0,0
71946,2024-12-02 17:20:39,1,6,0,0
73984,2024-12-02 17:23:59,1,6,0,0
38870,2024-12-02 17:28:35,0,7,0,0
32026,2024-12-02 17:31:52,0,7,0,0
52836,2024-12-02 17:38:51,0,4,1,153
2755,2024-12-02 17:42:23,0,8,1,204
56021,2024-12-02 18:05:39,1,8,0,0
13119,2024-12-02 18:06:02,0,2,0,0
19735,2024-12-02 18:23:29,0,9,0,0
47552,2024-12-02 18:30:37,0,6,1,335
30384,2024-12-02 18:32:59,0,6,0,0
9470,2024-12-02 18:44:39,0,11,1,108
95184,2024-12-02 19:05:17,0,0,0,0
72977,2024-12-02 19:18:05,0,6,0,0
31250,2024-12-02 19:40:12,0,9,0,0
92308,2024-12-02 19:41:32,1,6,0,0
67235,2024-12-02 19:42:25,1,9,0,0
14399,2024-12-02 19:43:22,1,6,1,212
65131,2024-12-02 19:58:06,1,11,0,0
73514,2024-12-02 20:15:56,0,10,0,0
86547,2024-12-02 20:19:38,0,6,1,428
2359,2024-12-02 20:26:04,0,5,0,0
94738,2024-12-02 20:32:04,0,2,0,0
95363,2024-12-02 20:37:11,0,9,1,207
60036,2024-12-02 20:44:43,0,10,0,0
71373,2024-12-02 21:04:14,0,8,1,356
43137,2024-12-02 21:09:21,0,4,0,0
16949,2024-12-02 21:10:10,1,6,0,0
83799,2024-12-02 21:24:02,0,4,1,204
16586,2024-12-02 21:32:46,0,4,0,0
82447,2024-12-02 21:39:16,0,3,0,0
41129,2024-12-02 21:42:41,0,9,0,0
42182,2024-12-02 22:21:50,1,8,0,0
23803,2024-12-02 22:27:07,1,7,0,0
184,2024-12-02 22:42:30,0,3,1,249
26041,2024-12-02 22:53:36,1,7,1,352
85472,2024-12-02 23:00:44,0,6,0,0
28681,2024-12-02 23:12:06,0,9,1,129
74687,2024-12-02 23:15:30,0,5,1,172
4149,2024-12-02 23:15:47,0,9,0,0
96221,2024-12-02 23:18:00,0,5,1,118
49381,2024-12-02 23:22:50,1,7,1,239
64208,2024-12-02 23:34:29,0,4,0,0
37258,2024-12-02 23:39:31,0,7,0,0
37439,2024-12-02 23:54:28,0,9,1,302
64208,2024-12-02 23:55:30,0,4,0,0
75691,2024-12-02 23:56:26,0,2,0,0
49199,2024-12-03 00:59:55,0,4,1,310
99219,2024-12-03 01:03:35,0,6,0,0
24264,2024-12-03 01:20:36,1,5,0,0
20238,2024-12-03 01:57:26,0,3,0,0
25636,2024-12-03 03:21:03,1,5,0,0
88053,2024-12-03 03:38:02,0,5,1,255
12361,2024-12-03 04:03:53,0,3,0,0
8305,2024-12-03 04:31:16,1,5,1,233
10208,2024-12-03 05:10:25,1,5,0,0
8310,2024-12-03 05:15:11,0,9,0,0
33525,2024-12-03 05:22:01,0,6,1,290
90832,2024-12-03 05:41:57,0,4,1,206
16381,2024-12-03 05:56:47,0,8,0,0
47538,2024-12-03 05:58:48,0,5,0,0
11907,2024-12-03 05:58:57,1,5,0,0
51765,2024-12-03 06:12:30,0,5,0,0
6208,2024-12-03 06:26:11,0,12,0,0
20068,2024-12-03 06:35:38,1,9,1,466
92134,2024-12-03 06:39:42,0,2,0,0
31171,2024-12-03 07:02:55,0,9,0,0
49152,2024-12-03 07:28:49,0,5,1,145
8333,2024-12-03 07:37:09,0,3,1,131
95397,2024-12-03 08:00:15,0,6,0,0
58556,2024-12-03 08:00:28,0,9,0,0
90381,2024-12-03 08:02:26,0,5,1,316
77457,2024-12-03 08:06:52,0,10,1,222
45426,2024-12-03 08:13:50,0,6,0,0
47511,2024-12-03 08:20:34,1,5,1,337
17981,2024-12-03 08:23:27,1,5,0,0
45690,2024-12-03 08:24:03,0,6,0,0
11947,2024-12-03 08:33:10,1,6,1,232
8310,2024-12-03 08:35:44,0,6,0,0
66691,2024-12-03 08:40:14,0,5,0,0
76936,2024-12-03 08:46:47,0,7,0,0
35671,2024-12-03 08:51:30,0,6,0,0
73615,2024-12-03 09:00:44,0,7,0,0
20712,2024-12-03 09:08:46,0,5,0,0
49317,2024-12-03 09:09:20,0,3,0,0
25656,2024-12-03 09:12:54,1,9,0,0
87918,2024-12-03 09:34:35,0,1,0,0
15139,2024-12-03 09:50:09,0,9,1,143
90495,2024-12-03 10:00:02,0,5,1,182
69352,2024-12-03 10:08:36,0,11,0,0
23059,2024-12-03 10:21:29,1,5,1,71
22366,2024-12-03 10:21:52,0,5,1,224
7899,2024-12-03 10:47:46,0,4,1,247
60498,2024-12-03 10:54:11,1,6,0,0
76584,2024-12-03 11:05:58,1,6,0,0
62743,2024-12-03 11:14:33,0,5,0,0
86507,2024-12-03 11:15:54,1,6,0,0
41505,2024-12-03 11:18:13,0,5,0,0
54122,2024-12-03 11:19:33,0,11,0,0
94312,2024-12-03 11:28:24,0,6,0,0
99024,2024-12-03 11:29:09,1,5,1,180
1006,2024-12-03 11:33:34,1,8,0,0
88053,2024-12-03 11:59:53,0,13,0,0
84848,2024-12-03 12:07:14,1,10,0,0
38002,2024-12-03 12:11:24,1,7,1,88
11907,2024-12-03 12:16:02,1,6,0,0
31445,2024-12-03 12:19:27,0,3,0,0
57286,2024-12-03 12:53:40,0,7,0,0
80014,2024-12-03 12:59:00,0,5,1,419
71373,2024-12-03 13:09:21,0,4,0,0
25097,2024-12-03 13:14:00,0,4,0,0
93998,2024-12-03 13:20:19,1,8,0,0
7018,2024-12-03 13:33:19,1,4,1,147
19012,2024-12-03 13:33:38,1,7,1,373
27928,2024-12-03 13:48:50,0,8,1,315
26315,2024-12-03 14:00:51,1,5,1,133
31855,2024-12-03 14:01:48,0,6,0,0
26492,2024-12-03 14:02:14,1,2,1,478
56587,2024-12-03 14:09:53,0,9,0,0
49362,2024-12-03 14:10:50,0,4,0,0
93998,2024-12-03 14:24:29,1,3,0,0
53473,2024-12-03 14:40:29,0,7,0,0
40876,2024-12-03 14:44:38,0,2,0,0
425,2024-12-03 15:05:40,0,6,1,223
60295,2024-12-03 15:06:11,0,5,1,234
35081,2024-12-03 15:06:48,1,7,0,0
92069,2024-12-03 15:07:08,0,5,0,0
92102,2024-12-03 15:07:48,0,7,0,0
81402,2024-12-03 15:09:17,1,3,0,0
67020,2024-12-03 15:24:08,0,7,0,0
26075,2024-12-03 15:28:39,1,2,1,706
39672,2024-12-03 15:37:35,0,5,1,468
33035,2024-12-03 15:41:54,0,8,1,248
91745,2024-12-03 15:58:09,0,6,1,229
53687,2024-12-03 16:04:10,0,3,0,0
49419,2024-12-03 16:27:36,0,4,1,342
46604,2024-12-03 16:28:21,1,8,0,0
96386,2024-12-03 16:33:36,0,8,1,915
73452,2024-12-03 16:38:50,0,6,1,91
78832,2024-12-03 17:01:21,0,7,1,123
85827,2024-12-03 17:14:04,1,4,1,224
94312,2024-12-03 17:25:06,0,3,1,221
71946,2024-12-03 17:28:19,1,6,0,0
45831,2024-12-03 17:29:21,1,6,0,0
8224,2024-12-03 17:37:32,0,4,1,622
53102,2024-12-03 18:01:30,1,7,0,0
33835,2024-12-03 18:10:56,0,8,1,384
32611,2024-12-03 18:11:36,0,3,0,0
9258,2024-12-03 18:24:07,0,8,1,418
25636,2024-12-03 18:25:35,1,5,0,0
49457,2024-12-03 18:33:55,0,3,0,0
12890,2024-12-03 18:38:50,1,8,0,0
77042,2024-12-03 18:42:54,0,2,0,0
13877,2024-12-03 18:47:44,0,2,0,0
16637,2024-12-03 18:58:16,0,6,0,0
83485,2024-12-03 19:15:29,0,7,0,0
54835,2024-12-03 19:37:52,0,2,1,465
73615,2024-12-03 19:40:07,0,2,0,0
4149,2024-12-03 19:59:13,0,7,0,0
47117,2024-12-03 20:00:25,1,10,1,126
91327,2024-12-03 20:03:08,0,5,0,0
42182,2024-12-03 20:05:33,1,7,0,0
76810,2024-12-03 20:06:04,1,9,1,419
49362,2024-12-03 20:13:30,0,12,0,0
78119,2024-12-03 20:15:20,0,6,0,0
95184,2024-12-03 20:19:15,0,4,0,0
16473,2024-12-03 20:30:06,0,8,0,0
30290,2024-12-03 20:31:18,0,7,1,239
8603,2024-12-03 20:37:36,0,1,0,0
7647,2024-12-03 20:55:38,0,3,1,551
62216,2024-12-03 21:04:15,0,6,0,0
4331,2024-12-03 21:20:12,0,11,0,0
25656,2024-12-03 21:20:42,0,5,0,0
98779,2024-12-03 21:28:06,1,8,0,0
53215,2024-12-03 21:33:00,0,8,0,0
1810,2024-12-03 21:36:11,0,10,1,269
10637,2024-12-03 21:38:59,1,3,0,0
9999,2024-12-03 22:05:55,1,5,0,0
45297,2024-12-03 22:26:10,1,8,0,0
22226,2024-12-03 23:06:31,0,9,0,0
19583,2024-12-03 23:19:49,1,5,0,0
51507,2024-12-03 23:39:14,0,8,0,0
34455,2024-12-03 23:39:24,0,6,0,0
4347,2024-12-03 23:42:20,0,10,1,206
75700,2024-12-03 23:55:39,1,7,0,0
32949,2024-12-04 00:06:31,0,4,1,277
18317,2024-12-04 00:32:40,0,8,0,0
58154,2024-12-04 00:38:38,0,3,0,0
12096,2024-12-04 01:18:40,1,6,0,0
12525,2024-12-04 01:59:55,1,8,0,0
60340,2024-12-04 02:08:07,0,7,0,0
33733,2024-12-04 02:13:33,0,5,1,89
72819,2024-12-04 02:25:18,0,5,0,0
41003,2024-12-04 02:47:37,0,6,1,211
76250,2024-12-04 03:43:01,0,3,0,0
37403,2024-12-04 03:59:33,0,4,0,0
16586,2024-12-04 04:11:14,0,4,0,0
20875,2024-12-04 04:19:39,0,6,0,0
33284,2024-12-04 04:23:48,0,7,0,0
95739,2024-12-04 04:27:33,1,10,0,0
22452,2024-12-04 04:29:52,0,12,0,0
30037,2024-12-04 05:17:17,1,4,0,0
12763,2024-12-04 05:22:14,0,7,1,284
7440,2024-12-04 05:23:52,1,2,0,0
40138,2024-12-04 05:27:33,1,2,0,0
60316,2024-12-04 06:30:58,1,6,0,0
18011,2024-12-04 06:50:16,0,6,0,0
18850,2024-12-04 07:07:27,1,5,0,0
69500,2024-12-04 07:59:36,1,6,0,0
41031,2024-12-04 08:01:29,1,12,0,0
67020,2024-12-04 08:10:33,0,3,0,0
55577,2024-12-04 08:12:49,0,7,0,0
81402,2024-12-04 08:14:40,0,5,0,0
47538,2024-12-04 08:41:50,0,5,0,0
79791,2024-12-04 08:45:39,0,7,0,0
16577,2024-12-04 08:49:02,1,4,0,0
44401,2024-12-04 08:57:03,0,7,1,370
10651,2024-12-04 09:02:39,0,8,0,0
14505,2024-12-04 09:02:59,0,4,0,0
40072,2024-12-04 09:07:07,0,8,0,0
81196,2024-12-04 09:31:07,1,5,0,0
71466,2024-12-04 09:50:50,1,4,0,0
82824,2024-12-04 10:00:34,1,2,1,192
92683,2024-12-04 10:03:55,0,6,1,167
31193,2024-12-04 10:07:06,0,8,0,0
184,2024-12-04 10:22:58,0,7,0,0
94926,2024-12-04 10:23:36,1,3,1,332
33284,2024-12-04 10:27:30,0,3,0,0
88401,2024-12-04 10:38:17,0,7,0,0
13317,2024-12-04 10:49:35,0,3,1,429
13363,2024-12-04 11:03:24,0,3,1,218
26966,2024-12-04 11:21:57,0,6,0,0
59167,2024-12-04 11:29:00,0,5,0,0
61971,2024-12-04 11:32:20,0,5,0,0
46243,2024-12-04 11:37:18,0,5,1,225
26075,2024-12-04 11:43:36,0,8,1,295
85611,2024-12-04 11:59:46,0,7,0,0
46802,2024-12-04 12:14:45,0,2,0,0
81196,2024-12-04 12:27:01,0,7,0,0
26041,2024-12-04 12:31:07,1,5,1,221
14905,2024-12-04 12:33:01,0,7,0,0
34608,2024-12-04 13:00:05,0,3,0,0
16381,2024-12-04 13:03:03,1,6,0,0
54496,2024-12-04 13:17:12,0,5,0,0
4331,2024-12-04 13:34:19,0,6,0,0
5852,2024-12-04 13:35:01,0,3,0,0
7539,2024-12-04 13:37:33,0,6,0,0
8648,2024-12-04 13:38:57,0,4,0,0
82212,2024-12-04 13:48:13,1,9,0,0
89864,2024-12-04 13:49:33,0,6,0,0
2104,2024-12-04 14:01:20,1,11,1,272
86603,2024-12-04 14:04:43,1,8,1,194
10458,2024-12-04 14:11:55,1,4,1,155
51706,2024-12-04 14:53:34,0,4,1,244
67619,2024-12-04 14:58:00,0,2,1,161
50442,2024-12-04 14:58:47,0,9,0,0
21251,2024-12-04 15:15:46,1,9,1,391
2727,2024-12-04 15:19:55,0,6,0,0
34976,2024-12-04 15:25:11,0,5,0,0
27974,2024-12-04 15:29:21,0,10,1,106
33284,2024-12-04 15:30:32,0,8,1,93
25432,2024-12-04 15:36:27,0,4,1,246
69814,2024-12-04 15:56:18,1,12,0,0
41003,2024-12-04 15:58:21,1,4,0,0
2373,2024-12-04 16:09:54,0,8,0,0
49265,2024-12-04 16:12:38,0,6,1,342
30289,2024-12-04 16:13:15,1,6,0,0
5852,2024-12-04 16:20:25,0,7,0,0
85359,2024-12-04 16:36:44,0,3,1,171
12529,2024-12-04 16:38:19,0,6,0,0
96298,2024-12-04 16:47:25,0,7,1,204
44760,2024-12-04 16:50:03,1,6,0,0
19735,2024-12-04 16:51:35,0,9,0,0
97211,2024-12-04 17:00:03,0,9,0,0
64454,2024-12-04 17:07:59,0,7,0,0
1088,2024-12-04 17:17:41,0,7,1,151
29585,2024-12-04 17:29:07,0,5,0,0
58196,2024-12-04 17:44:22,0,10,0,0
81287,2024-12-04 17:45:41,1,3,1,194
72919,2024-12-04 17:53:49,0,4,1,208
75829,2024-12-04 17:58:34,0,3,0,0
21644,2024-12-04 17:58:54,0,9,1,198
81091,2024-12-04 18:00:45,0,8,0,0
93906,2024-12-04 18:09:09,0,7,0,0
97418,2024-12-04 18:24:11,0,2,0,0
425,2024-12-04 18:25:48,0,8,1,424
46628,2024-12-04 18:33:21,0,5,0,0
40181,2024-12-04 19:24:42,0,9,0,0
17029,2024-12-04 19:53:38,0,8,0,0
7679,2024-12-04 19:59:15,0,4,0,0
92405,2024-12-04 19:59:52,0,6,0,0
99444,2024-12-04 20:19:18,0,4,1,233
32571,2024-12-04 20:31:52,0,8,1,193
25097,2024-12-04 20:33:04,0,4,1,527
92781,2024-12-04 20:34:54,1,6,1,194
39448,2024-12-04 20:38:36,1,9,0,0
34727,2024-12-04 20:50:24,0,7,1,196
8603,2024-12-04 20:51:19,0,2,1,175
13953,2024-12-04 20:57:58,0,5,0,0
14399,2024-12-04 21:07:00,0,3,0,0
76250,2024-12-04 21:08:51,0,6,0,0
37403,2024-12-04 21:09:02,0,5,0,0
5734,2024-12-04 21:13:00,1,3,1,213
76359,2024-12-04 21:19:02,1,4,0,0
80637,2024-12-04 21:23:27,0,9,0,0
59623,2024-12-04 21:35:52,0,6,0,0
36112,2024-12-04 21:39:18,0,5,1,179
3654,2024-12-04 21:41:03,0,9,0,0
97475,2024-12-04 22:04:41,0,10,0,0
87292,2024-12-04 22:07:04,0,9,0,0
5740,2024-12-04 22:12:34,0,6,0,0
90414,2024-12-04 22:20:26,1,4,0,0
65350,2024-12-04 22:45:31,0,3,1,215
36661,2024-12-04 22:53:15,0,8,1,113
95235,2024-12-04 22:58:21,0,8,1,148
88559,2024-12-04 22:58:30,0,7,0,0
34594,2024-12-04 23:12:56,0,4,1,98
82866,2024-12-04 23:20:41,0,6,0,0
71466,2024-12-04 23:22:22,1,3,0,0
18015,2024-12-04 23:24:16,1,5,0,0
48288,2024-12-04 23:33:14,0,2,0,0
7679,2024-12-04 23:41:14,1,4,0,0
24239,2024-12-04 23:41:19,0,5,0,0
44367,2024-12-04 23:49:59,1,6,0,0
60190,2024-12-04 23:52:07,0,3,1,463
37867,2024-12-04 23:58:14,1,4,0,0
95281,2024-12-05 00:25:42,1,4,0,0
57948,2024-12-05 00:30:04,1,7,0,0
52225,2024-12-05 00:31:39,0,5,0,0
83383,2024-12-05 00:32:53,0,4,0,0
42603,2024-12-05 00:51:54,0,4,0,0
41031,2024-12-05 00:54:51,0,4,0,0
22432,2024-12-05 01:19:19,0,4,0,0
60925,2024-12-05 01:53:07,1,6,1,380
54764,2024-12-05 02:36:10,0,9,0,0
24789,2024-12-05 03:00:06,0,4,0,0
13088,2024-12-05 03:13:08,0,3,1,477
25203,2024-12-05 03:40:34,0,4,0,0
88263,2024-12-05 03:50:02,1,6,1,237
85042,2024-12-05 03:52:56,0,6,0,0
82865,2024-12-05 04:03:43,0,6,1,408
4484,2024-12-05 04:32:42,0,2,0,0
80145,2024-12-05 04:44:57,0,5,0,0
48591,2024-12-05 04:50:54,0,5,0,0
96101,2024-12-05 05:03:45,1,7,0,0
91632,2024-12-05 05:10:33,0,6,1,336
18105,2024-12-05 05:20:35,0,7,0,0
11409,2024-12-05 05:53:09,0,9,0,0
64075,2024-12-05 05:59:36,1,6,1,331
9103,2024-12-05 06:34:02,0,5,0,0
26041,2024-12-05 06:34:46,1,7,0,0
83485,2024-12-05 06:42:52,1,6,1,564
35671,2024-12-05 07:41:28,0,9,1,283
39012,2024-12-05 07:48:57,1,8,1,211
66726,2024-12-05 07:50:44,0,7,1,244
81533,2024-12-05 07:56:04,0,1,0,0
25931,2024-12-05 08:08:33,0,7,0,0
10847,2024-12-05 08:12:13,1,6,0,0
43521,2024-12-05 08:14:48,0,3,0,0
58519,2024-12-05 08:21:14,1,5,0,0
32802,2024-12-05 08:24:19,0,7,0,0
71946,2024-12-05 08:27:45,0,5,0,0
53215,2024-12-05 08:34:09,0,2,1,686
22134,2024-12-05 08:48:29,0,2,0,0
80632,2024-12-05 08:58:02,1,5,1,242
56276,2024-12-05 09:17:24,0,5,0,0
85912,2024-12-05 09:17:33,0,4,0,0
65131,2024-12-05 09:39:20,1,10,1,132
41645,2024-12-05 09:51:35,0,3,0,0
22056,2024-12-05 10:00:53,0,5,0,0
14399,2024-12-05 10:10:30,0,8,0,0
92308,2024-12-05 10:17:27,0,11,1,295
41926,2024-12-05 10:31:06,0,5,0,0
40579,2024-12-05 11:06:02,0,3,1,458
54414,2024-12-05 11:06:25,1,6,1,196
38679,2024-12-05 11:10:14,0,9,0,0
49510,2024-12-05 11:20:44,0,4,0,0
19132,2024-12-05 11:28:06,1,4,0,0
43565,2024-12-05 11:51:37,0,6,0,0
24854,2024-12-05 11:57:30,0,8,1,652
93991,2024-12-05 12:20:50,0,6,0,0
71093,2024-12-05 12:27:26,0,7,1,146
12125,2024-12-05 12:39:11,1,11,0,0
40698,2024-12-05 12:41:21,0,5,1,182
91745,2024-12-05 12:47:21,0,6,0,0
84565,2024-12-05 12:59:50,0,5,0,0
77238,2024-12-05 13:09:44,0,4,0,0
46758,2024-12-05 13:11:54,1,7,0,0
34347,2024-12-05 13:18:59,1,7,0,0
9665,2024-12-05 13:29:10,1,9,0,0
33893,2024-12-05 13:44:07,0,6,0,0
35751,2024-12-05 13:45:44,0,4,0,0
11398,2024-12-05 13:51:48,0,5,0,0
61745,2024-12-05 13:53:49,0,4,0,0
60692,2024-12-05 14:09:42,1,14,1,94
80021,2024-12-05 14:19:10,0,9,0,0
89864,2024-12-05 14:22:44,0,9,0,0
59623,2024-12-05 14:42:10,0,3,0,0
14180,2024-12-05 14:46:31,0,10,0,0
15720,2024-12-05 14:48:03,0,4,0,0
69402,2024-12-05 14:56:23,0,4,0,0
22406,2024-12-05 15:03:12,0,4,1,162
23311,2024-12-05 15:05:24,0,4,0,0
67539,2024-12-05 15:07:00,0,3,0,0
14333,2024-12-05 15:07:23,0,11,1,270
29898,2024-12-05 15:10:20,0,6,1,282
81578,2024-12-05 15:41:50,0,1,0,0
84211,2024-12-05 15:49:30,1,5,1,121
60242,2024-12-05 16:35:32,1,3,1,191
82728,2024-12-05 16:45:58,0,4,1,169
51901,2024-12-05 16:51:51,0,4,0,0
89948,2024-12-05 17:06:26,0,2,1,366
52898,2024-12-05 17:07:25,0,7,0,0
58419,2024-12-05 17:13:28,0,4,1,363
34347,2024-12-05 17:15:37,1,4,0,0
58192,2024-12-05 17:15:53,1,9,1,345
18831,2024-12-05 17:37:36,0,6,0,0
80145,2024-12-05 17:37:51,0,3,1,225
88997,2024-12-05 18:08:44,1,7,0,0
81619,2024-12-05 18:12:43,0,5,1,198
77457,2024-12-05 18:14:03,0,7,0,0
17844,2024-12-05 18:33:56,0,4,0,0
85236,2024-12-05 18:38:07,1,4,0,0
88460,2024-12-05 18:40:21,1,10,0,0
44401,2024-12-05 18:59:12,1,7,0,0
8224,2024-12-05 19:58:03,1,5,1,356
45851,2024-12-05 20:08:29,0,8,1,215
69352,2024-12-05 20:17:05,1,3,0,0
31474,2024-12-05 20:19:57,0,4,1,207
78119,2024-12-05 20:30:23,0,12,1,286
12510,2024-12-05 20:32:37,1,8,0,0
11331,2024-12-05 20:32:59,0,8,0,0
70666,2024-12-05 20:37:44,1,3,0,0
33519,2024-12-05 20:37:48,0,6,0,0
36825,2024-12-05 20:39:41,1,7,0,0
15275,2024-12-05 20:57:40,1,3,0,0
12096,2024-12-05 21:05:13,1,6,1,259
76359,2024-12-05 21:28:29,0,4,1,289
78231,2024-12-05 21:29:43,1,4,1,258
39448,2024-12-05 21:40:46,1,7,0,0
58282,2024-12-05 21:53:30,0,5,0,0
42241,2024-12-05 22:00:52,1,8,0,0
13913,2024-12-05 22:14:10,0,5,0,0
48362,2024-12-05 22:14:17,0,9,1,194
95767,2024-12-05 22:14:46,1,8,0,0
90532,2024-12-05 22:22:21,0,7,0,0
67656,2024-12-05 22:56:53,0,7,1,318
34455,2024-12-05 23:06:35,0,3,0,0
77954,2024-12-05 23:10:07,0,1,0,0
34976,2024-12-05 23:13:48,0,5,0,0
19583,2024-12-05 23:30:50,1,8,0,0
49199,2024-12-06 00:07:02,1,8,0,0
84619,2024-12-06 00:21:14,1,3,0,0
16586,2024-12-06 00:59:40,1,5,1,364
87618,2024-12-06 01:36:23,1,9,0,0
77801,2024-12-06 01:52:24,0,9,0,0
54122,2024-12-06 01:55:23,0,7,0,0
97930,2024-12-06 02:04:11,0,5,1,203
27422,2024-12-06 02:19:17,0,6,0,0
62663,2024-12-06 02:42:37,0,5,1,183
69687,2024-12-06 03:25:01,0,2,0,0
96221,2024-12-06 04:03:04,0,7,0,0
88401,2024-12-06 04:20:01,0,6,0,0
63509,2024-12-06 04:38:32,0,4,0,0
86603,2024-12-06 05:17:13,1,6,0,0
4052,2024-12-06 05:24:49,0,13,0,0
59540,2024-12-06 05:31:43,0,5,0,0
98932,2024-12-06 06:06:11,0,5,0,0
53925,2024-12-06 07:01:51,1,4,0,0
23995,2024-12-06 07:14:05,0,4,1,320
77532,2024-12-06 07:39:15,0,4,0,0
4732,2024-12-06 08:01:03,0,9,1,264
29585,2024-12-06 08:03:25,0,7,0,0
31650,2024-12-06 08:05:57,1,8,0,0
17723,2024-12-06 08:08:05,1,5,0,0
72696,2024-12-06 08:20:28,0,4,0,0
81447,2024-12-06 08:21:10,0,6,1,222
60148,2024-12-06 08:24:43,0,5,1,181
69987,2024-12-06 08:25:16,1,4,0,0
55431,2024-12-06 08:26:50,0,6,0,0
85912,2024-12-06 08:45:00,0,2,0,0
11947,2024-12-06 08:57:49,0,4,0,0
5643,2024-12-06 09:01:46,1,11,0,0
37568,2024-12-06 09:15:48,0,7,1,163
12671,2024-12-06 09:28:41,0,8,0,0
23840,2024-12-06 09:32:55,0,9,0,0
248,2024-12-06 09:38:24,0,6,0,0
98932,2024-12-06 09:51:18,1,6,0,0
86711,2024-12-06 10:12:02,0,5,1,134
34431,2024-12-06 10:21:46,1,4,0,0
11146,2024-12-06 10:29:38,1,4,0,0
30632,2024-12-06 10:40:27,0,2,1,231
30901,2024-12-06 10:48:28,0,5,0,0
99024,2024-12-06 10:58:21,0,6,0,0
248,2024-12-06 11:03:15,0,7,0,0
13317,2024-12-06 11:36:26,0,5,1,227
50204,2024-12-06 11:45:43,1,7,0,0
29437,2024-12-06 12:02:58,1,5,0,0
79797,2024-12-06 12:09:43,0,5,0,0
71101,2024-12-06 12:11:46,0,8,0,0
9470,2024-12-06 12:23:08,1,7,0,0
7018,2024-12-06 12:33:00,0,7,0,0
54197,2024-12-06 12:34:27,0,8,1,185
82824,2024-12-06 12:36:18,0,9,0,0
9999,2024-12-06 12:46:37,0,8,0,0
54068,2024-12-06 13:01:48,0,5,0,0
87737,2024-12-06 13:16:43,0,14,0,0
43191,2024-12-06 13:17:31,0,4,1,142
89031,2024-12-06 13:30:27,1,4,0,0
67638,2024-12-06 13:30:55,0,8,0,0
16377,2024-12-06 13:37:45,1,5,0,0
81563,2024-12-06 13:37:51,0,6,0,0
27765,2024-12-06 13:41:54,0,5,0,0
39461,2024-12-06 13:42:13,0,8,0,0
81619,2024-12-06 13:55:10,0,5,0,0
14333,2024-12-06 14:09:06,0,6,1,406
53403,2024-12-06 14:14:43,0,6,0,0
98385,2024-12-06 14:26:41,0,4,1,141
22377,2024-12-06 14:34:02,0,10,0,0
65077,2024-12-06 14:44:01,0,8,1,160
1124,2024-12-06 14:50:52,0,7,0,0
19583,2024-12-06 14:52:36,0,2,0,0
72533,2024-12-06 14:54:10,1,3,0,0
16499,2024-12-06 15:23:51,0,7,0,0
27927,2024-12-06 15:28:42,1,4,0,0
35671,2024-12-06 15:36:43,0,5,0,0
87463,2024-12-06 15:44:41,0,5,1,199
4149,2024-12-06 15:54:20,1,12,0,0
26315,2024-12-06 15:59:59,0,10,0,0
12093,2024-12-06 16:32:53,0,2,1,342
17839,2024-12-06 16:40:58,0,6,0,0
11409,2024-12-06 16:50:16,1,8,1,319
89422,2024-12-06 16:54:37,0,3,0,0
49348,2024-12-06 17:11:53,0,4,0,0
52784,2024-12-06 17:13:51,0,5,0,0
942,2024-12-06 17:51:22,0,4,0,0
64358,2024-12-06 18:16:01,0,7,0,0
20045,2024-12-06 18:18:43,0,4,1,156
45297,2024-12-06 18:21:41,1,5,0,0
39672,2024-12-06 18:41:57,0,3,0,0
86364,2024-12-06 18:42:06,0,5,1,393
1844,2024-12-06 18:52:50,0,5,1,224
59610,2024-12-06 19:01:07,0,3,0,0
1006,2024-12-06 19:02:31,0,2,0,0
55631,2024-12-06 19:11:07,0,5,0,0
38206,2024-12-06 19:35:18,0,4,0,0
9131,2024-12-06 19:45:48,0,8,1,262
58519,2024-12-06 19:53:31,0,6,0,0
64936,2024-12-06 20:02:20,1,4,1,213
82225,2024-12-06 20:11:40,0,5,0,0
88042,2024-12-06 20:30:42,0,8,0,0
88648,2024-12-06 21:04:23,1,2,0,0
90277,2024-12-06 21:05:08,0,4,1,170
29289,2024-12-06 21:13:19,0,7,1,222
80058,2024-12-06 21:23:13,0,1,0,0
42603,2024-12-06 21:29:31,1,6,0,0
93880,2024-12-06 21:30:05,0,6,1,226
60190,2024-12-06 21:37:28,0,3,1,289
61488,2024-12-06 21:46:49,0,4,0,0
23840,2024-12-06 21:47:34,0,5,0,0
81493,2024-12-06 21:47:48,0,5,1,120
79877,2024-12-06 22:10:06,0,2,0,0
55539,2024-12-06 22:13:10,0,3,0,0
9999,2024-12-06 22:14:42,0,8,0,0
38989,2024-12-06 22:19:13,1,9,1,172
14180,2024-12-06 22:20:12,0,5,0,0
15720,2024-12-06 22:35:18,0,7,1,165
88401,2024-12-06 22:42:48,0,7,0,0
63160,2024-12-06 23:10:42,0,5,0,0
45831,2024-12-06 23:17:14,0,7,0,0
15512,2024-12-06 23:28:24,1,5,1,825
52898,2024-12-06 23:30:12,0,5,0,0
15338,2024-12-06 23:55:02,0,7,0,0
79791,2024-12-07 00:00:59,0,10,0,0
55539,2024-12-07 00:32:57,0,8,0,0
40611,2024-12-07 00:35:25,0,8,0,0
90495,2024-12-07 01:43:33,0,3,0,0
81578,2024-12-07 02:07:01,0,5,0,0
80881,2024-12-07 02:38:34,0,6,1,269
5144,2024-12-07 02:41:02,0,7,0,0
26492,2024-12-07 02:51:44,0,4,0,0
56896,2024-12-07 03:20:59,0,3,0,0
36136,2024-12-07 03:50:27,1,5,1,404
25668,2024-12-07 04:20:10,0,9,0,0
41505,2024-12-07 04:28:09,0,3,0,0
8224,2024-12-07 04:44:47,0,4,0,0
55076,2024-12-07 05:00:17,1,4,1,350
68784,2024-12-07 05:05:15,0,6,0,0
22452,2024-12-07 05:23:45,0,3,0,0
18759,2024-12-07 06:00:11,0,8,0,0
47203,2024-12-07 06:33:47,0,5,1,189
72354,2024-12-07 07:36:45,0,8,0,0
942,2024-12-07 07:39:26,0,7,0,0
55076,2024-12-07 08:06:32,0,8,1,297
69206,2024-12-07 08:10:30,0,6,0,0
64558,2024-12-07 08:29:48,0,6,0,0
73304,2024-12-07 08:42:44,0,6,0,0
67539,2024-12-07 08:42:47,1,10,1,228
28261,2024-12-07 09:23:24,1,11,1,341
29437,2024-12-07 10:05:24,0,6,0,0
89195,2024-12-07 10:08:18,1,6,0,0
87985,2024-12-07 10:18:05,0,6,0,0
61086,2024-12-07 10:37:53,0,7,0,0
45525,2024-12-07 10:46:48,0,7,0,0
76810,2024-12-07 11:10:29,1,7,0,0
46243,2024-12-07 11:16:59,0,4,0,0
1837,2024-12-07 11:20:01,0,6,0,0
34455,2024-12-07 11:22:31,0,8,0,0
26422,2024-12-07 11:26:16,1,8,0,0
78974,2024-12-07 11:32:44,0,7,0,0
92308,2024-12-07 11:34:38,0,7,0,0
55422,2024-12-07 11:40:25,0,7,0,0
84307,2024-12-07 11:55:32,0,9,1,231
40518,2024-12-07 11:55:35,0,4,0,0
34157,2024-12-07 12:00:22,1,7,0,0
82212,2024-12-07 12:18:30,1,4,0,0
39012,2024-12-07 12:19:44,1,10,0,0
72504,2024-12-07 12:20:34,0,4,1,297
44987,2024-12-07 12:21:20,1,4,0,0
83726,2024-12-07 12:21:29,0,6,1,311
91096,2024-12-07 12:27:36,0,4,0,0
92405,2024-12-07 12:33:04,0,7,0,0
63739,2024-12-07 12:35:10,0,4,0,0
82518,2024-12-07 12:37:41,0,6,0,0
32894,2024-12-07 12:48:01,0,2,0,0
9728,2024-12-07 13:02:59,0,5,0,0
36632,2024-12-07 13:12:14,0,5,0,0
26041,2024-12-07 13:18:21,0,9,1,215
83383,2024-12-07 13:20:04,1,7,0,0
47552,2024-12-07 13:20:09,0,4,1,234
36661,2024-12-07 13:38:59,0,8,0,0
40264,2024-12-07 13:47:21,0,6,1,684
69773,2024-12-07 13:51:42,1,8,1,254
40516,2024-12-07 13:57:08,1,3,0,0
93959,2024-12-07 14:15:14,0,5,0,0
34823,2024-12-07 14:34:09,0,4,0,0
39672,2024-12-07 14:34:54,1,6,0,0
28829,2024-12-07 14:46:05,0,8,0,0
33035,2024-12-07 14:51:10,0,6,0,0
90127,2024-12-07 15:06:09,0,10,0,0
13325,2024-12-07 15:19:21,0,8,0,0
76250,2024-12-07 15:21:48,1,3,0,0
24654,2024-12-07 15:23:05,1,5,0,0
29081,2024-12-07 15:26:49,1,10,1,182
57127,2024-12-07 15:33:42,1,6,0,0
99970,2024-12-07 15:39:33,1,5,1,310
55714,2024-12-07 15:52:57,0,4,1,376
54835,2024-12-07 16:00:11,0,9,0,0
40264,2024-12-07 16:04:03,0,3,0,0
24789,2024-12-07 16:25:32,0,9,0,0
58282,2024-12-07 16:40:20,1,5,0,0
60921,2024-12-07 16:43:02,0,7,0,0
90414,2024-12-07 16:47:55,0,6,0,0
7539,2024-12-07 17:07:55,0,6,1,398
69206,2024-12-07 17:21:21,1,2,1,279
47117,2024-12-07 17:23:21,1,4,0,0
79339,2024-12-07 17:34:52,0,3,0,0
17015,2024-12-07 17:58:17,0,2,1,415
69987,2024-12-07 18:14:35,0,8,0,0
86711,2024-12-07 18:45:56,0,6,1,126
30729,2024-12-07 18:51:23,1,4,0,0
79078,2024-12-07 19:04:09,0,4,0,0
48633,2024-12-07 19:11:53,0,11,0,0
77101,2024-12-07 19:19:39,0,9,0,0
63404,2024-12-07 19:54:41,0,4,1,181
43565,2024-12-07 20:04:56,0,6,0,0
5778,2024-12-07 20:12:16,0,2,0,0
82067,2024-12-07 20:20:21,0,13,1,276
57290,2024-12-07 20:23:35,0,6,1,265
36825,2024-12-07 20:24:45,0,4,0,0
16577,2024-12-07 20:30:46,1,9,0,0
67950,2024-12-07 20:39:39,1,4,0,0
65578,2024-12-07 20:43:05,1,0,0,0
99219,2024-12-07 20:43:37,1,10,1,94
55539,2024-12-07 21:23:12,1,4,1,370
3635,2024-12-07 21:23:21,0,5,1,285
78635,2024-12-07 21:29:10,0,4,0,0
7018,2024-12-07 21:33:05,1,5,0,0
89303,2024-12-07 21:39:36,1,6,0,0
9572,2024-12-07 21:43:40,0,5,1,221
16577,2024-12-07 22:15:46,0,10,0,0
67020,2024-12-07 22:23:28,1,7,0,0
93693,2024-12-07 22:37:47,0,4,1,569
17844,2024-12-07 23:25:39,0,5,0,0
18952,2024-12-07 23:39:06,0,6,0,0
85827,2024-12-07 23:46:21,0,1,1,110
99972,2024-12-07 23:47:47,1,3,1,220
77101,2024-12-07 23:49:49,0,2,0,0
28938,2024-12-07 23:55:40,1,2,0,0
51454,2024-12-07 23:59:51,1,7,1,317
74687,2024-12-08 00:08:22,0,9,1,477
65131,2024-12-08 00:35:35,0,6,1,289
12096,2024-12-08 01:10:33,0,5,0,0
27770,2024-12-08 01:48:15,1,5,0,0
9922,2024-12-08 02:07:12,0,8,0,0
63133,2024-12-08 02:22:52,1,4,1,160
40181,2024-12-08 02:25:49,0,11,0,0
8603,2024-12-08 02:26:11,0,4,0,0
49152,2024-12-08 02:32:17,0,2,1,101
13344,2024-12-08 02:54:47,0,5,0,0
21251,2024-12-08 02:56:56,0,4,0,0
67235,2024-12-08 02:58:22,0,5,0,0
33873,2024-12-08 03:18:00,0,5,0,0
69814,2024-12-08 03:36:19,0,10,0,0
81225,2024-12-08 03:46:52,1,3,0,0
44735,2024-12-08 03:56:03,0,9,1,173
10993,2024-12-08 04:01:36,0,4,0,0
28041,2024-12-08 04:09:29,0,6,0,0
8333,2024-12-08 04:41:52,0,6,0,0
75700,2024-12-08 04:46:14,0,6,0,0
67761,2024-12-08 04:48:33,0,0,1,126
19132,2024-12-08 05:26:22,0,6,0,0
1810,2024-12-08 05:55:02,1,4,1,131
90800,2024-12-08 05:59:36,0,4,1,183
50442,2024-12-08 06:06:57,1,4,0,0
77392,2024-12-08 06:16:21,0,8,0,0
33893,2024-12-08 06:23:08,0,10,0,0
22423,2024-12-08 06:33:47,0,3,1,358
34750,2024-12-08 06:52:20,0,7,0,0
99108,2024-12-08 07:12:20,0,7,0,0
56276,2024-12-08 07:24:35,1,9,0,0
80587,2024-12-08 07:30:07,1,6,1,141
44880,2024-12-08 07:36:43,0,7,1,385
60242,2024-12-08 07:50:47,0,6,0,0
88401,2024-12-08 08:03:49,1,5,0,0
97515,2024-12-08 08:13:24,0,8,1,255
24239,2024-12-08 08:45:13,0,6,0,0
59492,2024-12-08 08:47:03,0,8,1,97
56432,2024-12-08 08:47:55,0,4,0,0
39672,2024-12-08 08:49:51,0,2,0,0
87067,2024-12-08 08:54:01,0,6,0,0
26407,2024-12-08 09:04:13,0,6,0,0
29289,2024-12-08 09:08:33,1,4,0,0
43649,2024-12-08 09:09:33,0,3,0,0
69936,2024-12-08 09:11:13,0,6,0,0
93926,2024-12-08 09:14:02,0,4,0,0
84319,2024-12-08 09:17:43,0,10,1,463
94958,2024-12-08 09:21:52,0,9,0,0
89422,2024-12-08 09:28:12,1,10,0,0
40518,2024-12-08 09:43:08,0,6,1,473
17119,2024-12-08 09:46:17,0,1,0,0
65241,2024-12-08 09:50:56,1,7,0,0
74199,2024-12-08 09:57:21,1,9,0,0
36661,2024-12-08 10:07:47,0,6,0,0
32571,2024-12-08 10:10:27,1,8,0,0
29746,2024-12-08 10:13:28,0,6,0,0
39672,2024-12-08 10:27:34,1,8,0,0
49446,2024-12-08 10:31:25,1,6,1,196
69687,2024-12-08 10:34:36,0,3,0,0
37018,2024-12-08 10:37:46,0,7,0,0
47009,2024-12-08 10:39:53,0,3,0,0
60316,2024-12-08 10:47:22,0,10,0,0
79349,2024-12-08 10:57:42,0,5,1,366
31408,2024-12-08 11:25:35,1,9,0,0
32666,2024-12-08 12:15:09,0,2,0,0
77015,2024-12-08 12:16:34,0,4,0,0
11907,2024-12-08 12:27:47,1,9,0,0
64307,2024-12-08 12:36:40,0,6,0,0
86976,2024-12-08 12:42:46,1,8,0,0
16473,2024-12-08 12:59:53,0,10,0,0
24654,2024-12-08 13:17:38,0,4,1,418
89251,2024-12-08 13:46:57,1,6,0,0
27097,2024-12-08 14:02:11,0,7,0,0
92683,2024-12-08 14:16:07,0,10,1,352
7197,2024-12-08 14:16:26,0,4,0,0
45525,2024-12-08 14:23:25,0,3,0,0
49265,2024-12-08 14:26:35,0,5,1,237
79791,2024-12-08 14:39:24,0,7,1,357
60295,2024-12-08 14:43:24,0,9,1,69
53690,2024-12-08 14:46:54,0,8,0,0
52225,2024-12-08 14:53:00,0,6,0,0
32510,2024-12-08 15:02:56,0,3,1,108
77101,2024-12-08 15:04:33,1,6,0,0
77238,2024-12-08 15:20:55,0,3,1,255
52073,2024-12-08 15:34:24,0,7,1,168
91948,2024-12-08 15:40:15,0,3,1,225
82943,2024-12-08 15:41:28,0,4,0,0
42603,2024-12-08 15:45:57,0,4,1,171
5389,2024-12-08 15:51:40,0,6,0,0
75665,2024-12-08 16:04:18,1,4,0,0
2247,2024-12-08 16:20:53,0,4,1,165
66882,2024-12-08 16:28:16,0,4,1,378
25636,2024-12-08 16:37:51,0,9,0,0
22678,2024-12-08 16:41:26,1,9,0,0
46604,2024-12-08 16:45:33,0,8,0,0
13556,2024-12-08 16:49:17,0,11,0,0
34976,2024-12-08 16:51:54,0,13,0,0
36762,2024-12-08 16:54:57,0,5,1,146
26953,2024-12-08 17:00:46,0,6,1,306
80637,2024-12-08 17:01:45,0,7,0,0
66741,2024-12-08 17:11:09,0,2,1,217
48288,2024-12-08 17:26:56,0,9,0,0
5032,2024-12-08 17:31:57,0,10,0,0
35597,2024-12-08 17:34:01,0,2,0,0
74796,2024-12-08 17:35:30,0,10,0,0
97169,2024-12-08 17:37:31,1,7,1,111
681,2024-12-08 17:41:11,1,6,0,0
45297,2024-12-08 18:09:15,0,9,0,0
62212,2024-12-08 18:10:45,1,5,1,196
82170,2024-12-08 18:18:17,1,9,1,449
60295,2024-12-08 18:41:55,0,5,0,0
72135,2024-12-08 18:57:05,0,3,0,0
76063,2024-12-08 19:04:08,0,3,1,152
34727,2024-12-08 19:18:13,1,6,0,0
81619,2024-12-08 19:32:50,1,8,0,0
73615,2024-12-08 19:50:27,1,1,0,0
41505,2024-12-08 19:58:00,0,6,0,0
11331,2024-12-08 20:09:41,0,7,1,322
3635,2024-12-08 20:11:17,0,3,0,0
26807,2024-12-08 20:16:50,0,6,0,0
28261,2024-12-08 20:17:21,1,1,1,355
19012,2024-12-08 20:23:58,0,1,0,0
24175,2024-12-08 20:30:25,1,1,0,0
45446,2024-12-08 20:47:38,0,5,0,0
19952,2024-12-08 20:51:00,0,7,0,0
80587,2024-12-08 21:10:05,0,9,0,0
33873,2024-12-08 21:10:21,1,2,0,0
75700,2024-12-08 21:14:33,0,7,1,200
28938,2024-12-08 21:25:29,1,2,1,280
82067,2024-12-08 21:41:18,0,6,0,0
41645,2024-12-08 21:45:09,0,6,0,0
56276,2024-12-08 21:48:05,0,9,0,0
95767,2024-12-08 21:59:21,0,10,0,0
1844,2024-12-08 21:59:32,1,7,0,0
38463,2024-12-08 22:21:50,0,7,0,0
14262,2024-12-08 22:25:56,1,5,0,0
26075,2024-12-08 22:28:37,1,5,1,503
15512,2024-12-08 22:37:51,1,8,0,0
85573,2024-12-08 22:45:24,0,6,0,0
72565,2024-12-08 22:55:54,0,9,0,0
35640,2024-12-08 23:14:41,0,5,1,246
91745,2024-12-08 23:21:41,0,5,0,0
38679,2024-12-08 23:29:57,0,5,0,0
44880,2024-12-08 23:41:42,0,8,0,0
54414,2024-12-08 23:48:21,0,7,0,0
54414,2024-12-08 23:58:36,0,11,1,261
65131,2024-12-09 00:08:49,0,7,0,0
92303,2024-12-09 00:22:37,1,5,0,0
37403,2024-12-09 00:34:38,0,7,0,0
60148,2024-12-09 00:35:00,0,5,1,169
9728,2024-12-09 00:35:34,1,8,1,209
13325,2024-12-09 01:15:08,1,5,0,0
88466,2024-12-09 01:36:46,0,8,0,0
22294,2024-12-09 02:16:41,1,7,0,0
10208,2024-12-09 02:25:01,1,6,1,159
75700,2024-12-09 02:28:21,0,7,1,118
84307,2024-12-09 03:22:39,0,9,0,0
91327,2024-12-09 03:23:16,0,4,1,178
83024,2024-12-09 03:27:15,1,6,0,0
63422,2024-12-09 03:32:09,0,9,0,0
42241,2024-12-09 04:17:44,1,5,0,0
76159,2024-12-09 04:46:59,0,4,0,0
37568,2024-12-09 04:54:17,0,8,1,177
25203,2024-12-09 05:42:05,0,8,1,201
33882,2024-12-09 05:42:27,0,5,0,0
97418,2024-12-09 06:13:32,0,9,0,0
15512,2024-12-09 07:10:49,0,8,1,237
49152,2024-12-09 07:19:14,1,6,1,161
85631,2024-12-09 07:28:47,0,5,1,484
2247,2024-12-09 07:59:20,1,3,1,270
77042,2024-12-09 08:01:53,0,3,1,442
86297,2024-12-09 08:04:02,0,6,0,0
11097,2024-12-09 08:15:26,0,4,0,0
64711,2024-12-09 08:15:51,0,3,0,0
37938,2024-12-09 08:22:27,1,6,1,222
59718,2024-12-09 08:25:35,0,6,1,167
4732,2024-12-09 08:29:15,1,5,1,284
31611,2024-12-09 08:35:28,0,3,0,0
81447,2024-12-09 08:40:58,1,11,0,0
72819,2024-12-09 08:51:08,0,6,0,0
33519,2024-12-09 08:51:55,0,8,1,165
63667,2024-12-09 09:11:13,0,6,0,0
79339,2024-12-09 09:14:27,1,3,1,205
40725,2024-12-09 09:17:31,0,3,0,0
76810,2024-12-09 09:29:02,1,4,0,0
22134,2024-12-09 09:29:17,0,5,0,0
60316,2024-12-09 09:38:22,0,3,0,0
98350,2024-12-09 09:54:29,0,5,0,0
6106,2024-12-09 09:56:09,1,4,1,406
78106,2024-12-09 10:12:07,0,4,1,464
76414,2024-12-09 10:15:44,0,7,0,0
88460,2024-12-09 10:25:03,0,3,1,410
83485,2024-12-09 10:29:45,0,6,1,347
90532,2024-12-09 10:30:30,0,6,0,0
63422,2024-12-09 10:40:20,1,8,1,332
42715,2024-12-09 10:46:22,0,9,0,0
69814,2024-12-09 10:50:34,0,6,1,120
57948,2024-12-09 11:04:55,0,2,1,148
54191,2024-12-09 11:26:08,1,7,0,0
36112,2024-12-09 11:29:32,0,6,0,0
30290,2024-12-09 11:41:18,1,3,1,357
86102,2024-12-09 11:44:02,0,7,1,182
14971,2024-12-09 11:54:41,0,14,1,276
16782,2024-12-09 11:58:43,1,3,1,265
93284,2024-12-09 12:04:48,0,4,1,188
72819,2024-12-09 12:11:01,0,4,0,0
2104,2024-12-09 12:22:35,0,12,1,137
51885,2024-12-09 12:55:24,0,7,0,0
70219,2024-12-09 13:00:14,0,6,0,0
93693,2024-12-09 13:07:01,1,2,1,372
91951,2024-12-09 13:08:42,1,2,1,299
45601,2024-12-09 13:17:22,0,13,1,229
31208,2024-12-09 13:36:51,1,9,0,0
49348,2024-12-09 13:39:06,0,5,1,229
38513,2024-12-09 13:47:44,0,2,0,0
93782,2024-12-09 13:49:59,1,5,0,0
57127,2024-12-09 14:02:48,0,9,0,0
29384,2024-12-09 14:04:31,0,4,0,0
95415,2024-12-09 14:13:23,1,3,1,230
3654,2024-12-09 14:22:25,1,5,0,0
65350,2024-12-09 14:24:04,0,4,0,0
14505,2024-12-09 14:50:46,0,5,1,386
12510,2024-12-09 14:52:29,1,6,1,492
40211,2024-12-09 15:05:56,1,4,1,437
91745,2024-12-09 15:06:11,0,4,1,114
83799,2024-12-09 15:10:04,0,4,1,136
72006,2024-12-09 15:17:21,1,6,0,0
80021,2024-12-09 15:22:26,1,6,0,0
97476,2024-12-09 15:38:34,1,11,1,106
73031,2024-12-09 15:38:54,0,5,0,0
82165,2024-12-09 15:43:58,0,3,0,0
32026,2024-12-09 15:45:17,0,11,0,0
44767,2024-12-09 16:06:29,0,4,0,0
81619,2024-12-09 16:11:39,1,4,0,0
49660,2024-12-09 16:37:54,0,5,0,0
95653,2024-12-09 16:37:56,1,7,1,216
22452,2024-12-09 16:50:05,0,7,0,0
17663,2024-12-09 16:54:34,0,8,1,276
12529,2024-12-09 17:02:11,0,9,0,0
65131,2024-12-09 17:24:44,0,5,0,0
6852,2024-12-09 17:30:40,0,7,0,0
98019,2024-12-09 17:37:55,1,10,0,0
53925,2024-12-09 17:39:21,1,8,0,0
15110,2024-12-09 17:52:30,0,8,0,0
95739,2024-12-09 18:03:21,0,6,0,0
72642,2024-12-09 18:12:54,0,7,0,0
43618,2024-12-09 18:23:50,0,4,0,0
87237,2024-12-09 18:32:24,0,8,0,0
60692,2024-12-09 18:33:41,0,1,1,137
29863,2024-12-09 18:35:07,1,8,0,0
69687,2024-12-09 18:37:06,0,4,0,0
12510,2024-12-09 18:51:13,0,6,0,0
3924,2024-12-09 19:10:15,1,4,1,175
79078,2024-12-09 19:11:51,0,3,1,111
28970,2024-12-09 19:16:08,0,1,1,122
67189,2024-12-09 19:22:46,1,7,0,0
70571,2024-12-09 19:41:40,0,5,1,153
41271,2024-12-09 19:47:18,1,10,0,0
20045,2024-12-09 19:52:29,1,13,1,173
84619,2024-12-09 19:55:11,1,8,1,244
94844,2024-12-09 20:04:33,0,4,1,569
30290,2024-12-09 20:05:38,0,11,0,0
8603,2024-12-09 20:08:50,0,3,1,197
72692,2024-12-09 20:11:57,0,4,0,0
1810,2024-12-09 20:15:47,1,5,1,113
76414,2024-12-09 20:50:02,0,3,0,0
60316,2024-12-09 21:16:58,1,6,0,0
19132,2024-12-09 21:19:04,0,6,1,162
56587,2024-12-09 21:29:02,1,8,1,212
42919,2024-12-09 21:36:32,0,6,1,238
75665,2024-12-09 21:55:56,0,4,0,0
69724,2024-12-09 22:07:19,0,8,1,460
67403,2024-12-09 22:27:46,0,9,0,0
46628,2024-12-09 22:30:37,0,6,0,0
72919,2024-12-09 22:32:57,1,6,0,0
46612,2024-12-09 22:36:31,0,6,0,0
68784,2024-12-09 22:38:48,0,3,1,388
86913,2024-12-09 22:52:10,0,7,0,0
82865,2024-12-09 23:03:14,0,4,1,275
28083,2024-12-09 23:14:40,1,11,0,0
67894,2024-12-09 23:29:51,0,8,1,260
73192,2024-12-09 23:50:46,0,8,1,353
99576,2024-12-10 00:00:25,1,7,0,0
35751,2024-12-10 00:12:34,0,5,1,211
69871,2024-12-10 00:24:55,0,4,0,0
11187,2024-12-10 01:00:39,0,8,0,0
44268,2024-12-10 01:17:38,0,3,1,378
86102,2024-12-10 01:20:47,1,6,0,0
53582,2024-12-10 01:33:53,1,5,0,0
5144,2024-12-10 01:52:08,0,4,1,203
77532,2024-12-10 02:03:30,0,9,0,0
91017,2024-12-10 02:12:21,1,11,0,0
24654,2024-12-10 02:12:28,0,6,0,0
62663,2024-12-10 02:32:48,0,3,0,0
83224,2024-12-10 03:29:01,0,7,0,0
52613,2024-12-10 04:18:01,0,10,0,0
59623,2024-12-10 04:24:42,0,8,0,0
91948,2024-12-10 04:28:24,0,5,0,0
45405,2024-12-10 05:01:14,1,5,0,0
41271,2024-12-10 05:41:33,0,5,1,205
15074,2024-12-10 05:42:29,0,7,0,0
54414,2024-12-10 05:47:56,0,1,0,0
84685,2024-12-10 05:47:57,0,6,0,0
54083,2024-12-10 05:49:14,0,4,0,0
90202,2024-12-10 06:10:18,1,6,1,360
49199,2024-12-10 06:16:31,0,3,1,389
16949,2024-12-10 06:18:13,1,9,0,0
17593,2024-12-10 06:51:46,0,2,0,0
72323,2024-12-10 06:53:20,1,5,0,0
49166,2024-12-10 07:10:02,0,5,0,0
38118,2024-12-10 07:26:35,0,7,0,0
80145,2024-12-10 07:27:40,0,4,0,0
60498,2024-12-10 07:40:04,1,5,1,207
1990,2024-12-10 08:05:33,0,2,1,217
60242,2024-12-10 08:09:24,0,6,0,0
30876,2024-12-10 08:19:00,0,7,0,0
9364,2024-12-10 08:29:55,0,4,1,158
26807,2024-12-10 08:33:47,0,5,0,0
71117,2024-12-10 08:35:36,0,6,0,0
10475,2024-12-10 08:40:52,0,3,0,0
94738,2024-12-10 08:48:07,0,5,1,358
61625,2024-12-10 08:52:02,0,5,0,0
90800,2024-12-10 09:11:11,0,7,0,0
24654,2024-12-10 09:18:40,0,4,0,0
84307,2024-12-10 09:35:50,0,3,0,0
87431,2024-12-10 09:38:24,0,6,0,0
34594,2024-12-10 09:38:28,0,3,1,195
73304,2024-12-10 09:38:39,1,13,0,0
18850,2024-12-10 09:55:40,1,4,1,325
17,2024-12-10 09:59:23,0,9,0,0
87237,2024-12-10 10:11:27,0,3,0,0
89073,2024-12-10 10:11:54,1,5,0,0
7197,2024-12-10 10:15:34,0,5,0,0
17460,2024-12-10 10:15:38,0,3,0,0
82188,2024-12-10 10:20:16,0,3,0,0
93926,2024-12-10 10:23:24,0,3,1,414
85845,2024-12-10 10:31:17,0,4,0,0
93781,2024-12-10 10:38:11,0,10,0,0
2104,2024-12-10 10:51:13,0,11,0,0
37626,2024-12-10 11:39:12,1,7,0,0
44735,2024-12-10 11:55:50,1,5,0,0
4144,2024-12-10 11:59:21,0,8,0,0
87237,2024-12-10 12:06:20,1,8,1,159
87737,2024-12-10 12:24:14,0,7,0,0
38083,2024-12-10 12:31:39,0,5,0,0
56587,2024-12-10 12:37:18,0,3,1,94
67894,2024-12-10 12:45:18,0,4,0,0
1668,2024-12-10 12:49:29,1,5,1,245
67200,2024-12-10 12:56:53,0,7,0,0
25698,2024-12-10 13:04:07,0,5,0,0
18641,2024-12-10 13:17:05,1,5,0,0
2724,2024-12-10 13:31:47,1,4,1,166
34976,2024-12-10 13:33:20,0,10,0,0
87900,2024-12-10 13:40:49,1,1,0,0
25203,2024-12-10 13:42:22,0,7,0,0
79078,2024-12-10 13:44:34,0,7,0,0
58322,2024-12-10 13:48:49,0,7,0,0
86547,2024-12-10 13:52:57,0,3,0,0
90202,2024-12-10 14:13:38,1,8,1,260
24714,2024-12-10 14:30:21,1,3,0,0
72814,2024-12-10 14:40:31,0,7,0,0
5,2024-12-10 14:46:32,0,6,0,0
81225,2024-12-10 14:51:07,0,12,1,213
57948,2024-12-10 14:51:39,0,7,1,242
77532,2024-12-10 14:53:21,1,8,0,0
2359,2024-12-10 15:03:52,1,5,0,0
24714,2024-12-10 15:05:02,0,3,1,220
24489,2024-12-10 15:15:37,0,4,1,103
19260,2024-12-10 15:50:12,0,7,0,0
60148,2024-12-10 16:45:43,0,3,0,0
38679,2024-12-10 16:48:39,1,7,0,0
65993,2024-12-10 16:57:06,0,9,0,0
43918,2024-12-10 17:10:55,1,10,0,0
61861,2024-12-10 17:17:23,0,7,0,0
64208,2024-12-10 17:21:27,0,8,1,440
83799,2024-12-10 17:27:36,1,7,0,0
34347,2024-12-10 17:27:51,1,8,1,107
75273,2024-12-10 17:32:43,0,8,0,0
74016,2024-12-10 18:00:17,0,9,1,285
4331,2024-12-10 18:08:49,1,4,0,0
76359,2024-12-10 18:09:01,1,4,0,0
88559,2024-12-10 18:18:07,0,5,0,0
66756,2024-12-10 18:20:08,0,10,1,240
69773,2024-12-10 18:31:38,0,8,0,0
34347,2024-12-10 18:37:43,1,7,1,162
73974,2024-12-10 18:38:49,1,0,1,147
32512,2024-12-10 18:44:15,0,11,0,0
97476,2024-12-10 18:54:57,0,7,0,0
83153,2024-12-10 19:07:04,0,12,0,0
33832,2024-12-10 19:30:01,0,3,0,0
3246,2024-12-10 19:33:29,0,3,0,0
30037,2024-12-10 19:36:12,0,4,0,0
27765,2024-12-10 19:38:48,0,5,0,0
59524,2024-12-10 19:39:16,0,5,1,142
77428,2024-12-10 19:48:11,0,6,0,0
69156,2024-12-10 20:18:43,0,4,0,0
49056,2024-12-10 20:42:04,0,3,0,0
15173,2024-12-10 21:03:18,1,6,0,0
33063,2024-12-10 21:08:48,0,4,0,0
49062,2024-12-10 21:12:44,0,7,1,479
49188,2024-12-10 21:18:18,0,5,1,183
23950,2024-12-10 21:33:37,0,7,0,0
18105,2024-12-10 21:52:17,0,6,0,0
77685,2024-12-10 21:53:38,0,7,0,0
1668,2024-12-10 21:54:43,0,9,0,0
17675,2024-12-10 22:08:22,1,3,0,0
16586,2024-12-10 22:11:12,1,3,1,290
12525,2024-12-10 22:49:38,0,10,1,155
23335,2024-12-10 22:53:49,1,6,0,0
81091,2024-12-10 23:05:09,0,5,0,0
25944,2024-12-10 23:29:39,0,3,1,168
51579,2024-12-10 23:34:17,0,10,0,0
53925,2024-12-10 23:48:37,1,8,0,0
19718,2024-12-10 23:53:53,0,5,0,0
89422,2024-12-10 23:54:35,1,5,0,0
92450,2024-12-11 00:51:53,0,9,0,0
94312,2024-12-11 00:58:50,1,6,1,204
69500,2024-12-11 01:23:11,0,9,0,0
67810,2024-12-11 01:49:38,0,11,0,0
48288,2024-12-11 02:33:33,1,3,0,0
82188,2024-12-11 02:52:58,1,10,1,189
75691,2024-12-11 03:00:32,0,7,0,0
55806,2024-12-11 03:22:16,0,8,1,228
2397,2024-12-11 03:27:51,0,3,0,0
43565,2024-12-11 03:27:57,0,5,0,0
86113,2024-12-11 03:33:21,0,4,0,0
27927,2024-12-11 03:34:55,1,8,0,0
32510,2024-12-11 03:43:29,1,4,0,0
40289,2024-12-11 03:51:38,0,6,0,0
60071,2024-12-11 03:52:46,0,10,1,210
28238,2024-12-11 03:53:51,0,6,1,193
65412,2024-12-11 04:32:33,0,4,0,0
68953,2024-12-11 04:36:09,1,5,0,0
74235,2024-12-11 05:09:21,0,9,0,0
19583,2024-12-11 05:09:55,0,5,0,0
22406,2024-12-11 05:27:13,0,6,0,0
49660,2024-12-11 05:29:20,1,2,0,0
64388,2024-12-11 05:46:40,1,2,0,0
77116,2024-12-11 07:13:25,1,4,0,0
66460,2024-12-11 07:27:55,0,4,0,0
85128,2024-12-11 07:37:28,0,5,0,0
87032,2024-12-11 08:04:27,0,7,0,0
7672,2024-12-11 08:09:05,1,3,0,0
24556,2024-12-11 08:24:30,0,6,0,0
8531,2024-12-11 08:35:56,0,5,1,339
73523,2024-12-11 08:51:23,0,6,0,0
89948,2024-12-11 08:57:37,0,10,1,202
20480,2024-12-11 09:09:05,1,4,0,0
92781,2024-12-11 09:11:49,0,6,0,0
44268,2024-12-11 09:20:29,0,10,0,0
82165,2024-12-11 09:22:50,0,5,0,0
82728,2024-12-11 09:23:58,1,5,0,0
17981,2024-12-11 09:25:57,0,5,0,0
44401,2024-12-11 09:38:17,0,8,1,261
82212,2024-12-11 10:03:12,1,4,0,0
23791,2024-12-11 10:25:23,0,7,0,0
24556,2024-12-11 10:40:54,0,7,0,0
92450,2024-12-11 10:44:18,1,3,0,0
51121,2024-12-11 10:47:58,0,12,0,0
82865,2024-12-11 10:48:08,0,3,1,381
96358,2024-12-11 10:54:09,1,7,1,206
80589,2024-12-11 10:54:52,1,7,1,198
45601,2024-12-11 11:10:23,0,9,0,0
72110,2024-12-11 11:13:26,0,10,0,0
88273,2024-12-11 11:35:49,1,4,1,415
22867,2024-12-11 11:42:39,0,9,0,0
59670,2024-12-11 11:47:47,0,5,0,0
81083,2024-12-11 11:47:49,0,6,1,137
71900,2024-12-11 11:53:03,0,4,0,0
26315,2024-12-11 12:02:39,0,12,0,0
70773,2024-12-11 12:04:02,0,6,1,227
36636,2024-12-11 12:04:54,0,8,0,0
99972,2024-12-11 12:11:40,0,8,0,0
93991,2024-12-11 12:27:47,0,8,0,0
10208,2024-12-11 12:29:09,0,9,0,0
85849,2024-12-11 12:31:03,0,5,1,99
19260,2024-12-11 12:43:19,0,13,0,0
22821,2024-12-11 12:51:16,0,3,0,0
34032,2024-12-11 13:11:16,0,6,0,0
82124,2024-12-11 13:42:24,0,4,1,275
71101,2024-12-11 14:16:50,0,3,0,0
36661,2024-12-11 14:38:14,0,8,1,163
17675,2024-12-11 14:44:38,0,7,0,0
53153,2024-12-11 14:53:00,0,4,0,0
942,2024-12-11 14:55:41,0,9,0,0
45601,2024-12-11 15:07:49,1,7,1,309
76414,2024-12-11 15:11:52,0,10,1,293
85849,2024-12-11 15:12:31,1,2,0,0
12780,2024-12-11 15:17:43,0,6,0,0
87336,2024-12-11 15:19:21,0,8,0,0
3654,2024-12-11 15:29:56,0,7,0,0
23689,2024-12-11 15:38:37,1,8,0,0
40417,2024-12-11 15:51:07,0,10,0,0
13840,2024-12-11 15:57:56,0,5,0,0
53945,2024-12-11 16:16:59,0,6,0,0
59492,2024-12-11 16:20:59,0,4,0,0
94844,2024-12-11 16:22:17,1,8,0,0
57948,2024-12-11 17:10:22,0,4,0,0
30632,2024-12-11 17:12:59,0,4,0,0
92308,2024-12-11 17:15:53,0,8,1,221
47552,2024-12-11 17:25:38,1,5,0,0
91327,2024-12-11 17:31:21,0,2,0,0
16445,2024-12-11 17:59:18,0,11,0,0
51885,2024-12-11 18:03:51,0,4,1,288
41702,2024-12-11 18:09:57,0,7,0,0
43649,2024-12-11 18:10:28,1,6,0,0
48650,2024-12-11 18:21:45,0,7,0,0
80286,2024-12-11 18:22:39,1,4,0,0
3672,2024-12-11 18:30:00,0,2,0,0
81027,2024-12-11 18:36:19,0,6,1,313
9922,2024-12-11 18:52:37,0,7,1,168
5778,2024-12-11 18:57:08,0,6,1,159
26407,2024-12-11 18:59:22,1,10,0,0
82212,2024-12-11 19:20:15,1,2,1,186
42182,2024-12-11 19:24:26,0,5,0,0
35138,2024-12-11 19:27:27,0,2,0,0
92683,2024-12-11 19:42:16,0,8,1,259
66756,2024-12-11 19:43:00,0,6,1,150
89358,2024-12-11 19:53:55,0,5,0,0
86680,2024-12-11 19:59:16,0,9,0,0
66726,2024-12-11 20:10:23,1,11,1,163
48819,2024-12-11 20:21:42,1,5,1,177
10651,2024-12-11 20:22:06,0,6,1,150
90127,2024-12-11 20:28:33,1,6,1,136
11235,2024-12-11 20:55:08,0,6,0,0
60071,2024-12-11 20:56:11,1,9,1,188
11853,2024-12-11 21:09:05,0,2,0,0
23803,2024-12-11 21:14:02,0,4,0,0
84575,2024-12-11 21:41:41,1,4,0,0
30290,2024-12-11 21:50:31,0,5,1,258
89736,2024-12-11 22:08:09,0,4,0,0
51454,2024-12-11 22:22:32,0,8,0,0
14333,2024-12-11 22:22:47,1,8,0,0
69386,2024-12-11 22:37:42,0,4,1,331
28679,2024-12-11 22:40:55,1,6,0,0
12093,2024-12-11 22:44:18,0,5,0,0
69676,2024-12-11 22:46:28,1,6,0,0
41655,2024-12-11 22:49:14,1,4,0,0
44401,2024-12-11 23:07:13,1,10,1,160
64075,2024-12-11 23:21:15,1,6,1,378
1088,2024-12-11 23:37:45,0,2,0,0
8244,2024-12-11 23:44:59,0,6,0,0
79503,2024-12-11 23:47:56,1,6,0,0
42182,2024-12-11 23:50:09,0,3,0,0
20481,2024-12-12 00:04:39,1,6,0,0
11398,2024-12-12 00:09:07,0,3,0,0
9999,2024-12-12 00:18:20,0,8,0,0
98828,2024-12-12 00:28:36,1,7,0,0
93906,2024-12-12 01:14:40,0,5,0,0
35751,2024-12-12 01:22:16,0,12,0,0
87463,2024-12-12 01:25:04,0,7,0,0
2724,2024-12-12 01:45:14,0,5,0,0
72110,2024-12-12 02:13:34,1,5,1,220
95739,2024-12-12 02:17:12,0,4,1,460
77801,2024-12-12 02:31:20,1,9,1,141
57290,2024-12-12 03:11:23,0,3,1,309
45505,2024-12-12 03:27:32,0,6,0,0
26075,2024-12-12 03:31:14,0,5,0,0
89736,2024-12-12 04:01:06,1,5,1,366
85631,2024-12-12 04:08:16,0,9,0,0
36661,2024-12-12 04:35:38,1,8,1,215
10995,2024-12-12 04:43:16,1,3,1,431
86297,2024-12-12 05:50:25,0,2,0,0
4869,2024-12-12 05:55:32,0,4,1,382
26492,2024-12-12 06:14:30,0,4,1,382
30632,2024-12-12 06:54:03,0,9,0,0
85631,2024-12-12 07:08:10,0,4,0,0
53403,2024-12-12 07:09:13,0,7,0,0
14399,2024-12-12 07:13:25,0,9,0,0
78832,2024-12-12 07:19:42,0,4,1,333
64198,2024-12-12 07:22:26,0,6,1,124
85359,2024-12-12 07:27:58,0,6,0,0
41003,2024-12-12 07:33:38,1,8,1,127
1142,2024-12-12 07:41:52,0,6,0,0
35751,2024-12-12 07:57:04,0,5,0,0
53582,2024-12-12 08:04:19,0,13,0,0
63211,2024-12-12 08:15:04,0,3,0,0
17460,2024-12-12 08:18:57,0,8,0,0
3924,2024-12-12 08:19:27,0,10,1,270
61346,2024-12-12 08:43:07,1,8,1,196
59492,2024-12-12 08:48:34,1,8,1,148
90202,2024-12-12 10:00:53,0,11,0,0
95653,2024-12-12 10:03:19,0,12,1,256
43773,2024-12-12 10:04:25,0,7,0,0
35138,2024-12-12 10:28:43,0,6,0,0
83726,2024-12-12 10:28:54,1,1,1,174
82943,2024-12-12 10:30:10,0,2,1,235
66460,2024-12-12 10:38:23,0,6,0,0
45064,2024-12-12 11:19:32,0,7,1,132
22134,2024-12-12 11:25:24,0,9,0,0
86827,2024-12-12 11:38:12,0,7,1,151
82225,2024-12-12 12:08:57,0,7,0,0
33873,2024-12-12 12:15:18,0,5,1,628
18015,2024-12-12 12:15:54,0,7,1,201
55269,2024-12-12 12:16:12,0,2,0,0
76250,2024-12-12 12:19:30,0,8,0,0
40518,2024-12-12 12:34:57,1,3,0,0
95363,2024-12-12 12:45:30,0,3,0,0
14777,2024-12-12 12:56:59,0,4,0,0
73806,2024-12-12 13:00:15,0,6,0,0
29585,2024-12-12 13:02:45,0,7,0,0
43618,2024-12-12 13:03:37,0,7,0,0
93983,2024-12-12 13:05:38,1,2,0,0
20480,2024-12-12 13:24:51,0,5,0,0
79791,2024-12-12 13:42:13,0,7,0,0
72642,2024-12-12 13:58:36,0,8,0,0
15275,2024-12-12 13:59:06,1,7,0,0
54191,2024-12-12 14:00:31,0,6,1,238
58196,2024-12-12 14:00:53,0,4,0,0
40138,2024-12-12 14:14:04,0,7,0,0
69206,2024-12-12 14:16:02,0,2,0,0
59524,2024-12-12 14:38:32,0,5,0,0
83224,2024-12-12 14:46:29,0,9,0,0
72135,2024-12-12 15:09:14,0,4,1,203
67894,2024-12-12 15:17:38,1,7,0,0
47692,2024-12-12 15:26:11,1,4,0,0
26789,2024-12-12 15:37:05,0,7,0,0
13067,2024-12-12 15:39:49,0,3,0,0
9448,2024-12-12 16:40:53,0,2,1,190
26492,2024-12-12 16:42:27,0,6,0,0
45831,2024-12-12 16:43:55,0,11,0,0
72645,2024-12-12 16:51:01,0,15,0,0
20297,2024-12-12 16:56:14,0,7,0,0
30876,2024-12-12 16:59:15,0,5,0,0
26422,2024-12-12 17:24:25,0,6,1,261
67020,2024-12-12 17:25:34,0,1,0,0
66504,2024-12-12 17:29:54,0,6,0,0
72814,2024-12-12 17:33:49,0,11,1,527
55318,2024-12-12 17:38:05,0,5,0,0
84319,2024-12-12 17:39:51,0,10,0,0
51919,2024-12-12 17:44:22,1,7,0,0
44875,2024-12-12 17:55:30,0,6,0,0
681,2024-12-12 18:13:53,0,2,0,0
41129,2024-12-12 18:14:10,0,5,0,0
31445,2024-12-12 18:25:11,0,7,0,0
4991,2024-12-12 18:26:51,0,5,0,0
85849,2024-12-12 18:28:46,0,7,0,0
5747,2024-12-12 18:53:53,0,7,0,0
43517,2024-12-12 19:15:08,0,7,0,0
16041,2024-12-12 19:30:03,1,6,0,0
30876,2024-12-12 19:34:11,0,6,0,0
15352,2024-12-12 19:36:27,0,9,1,333
31650,2024-12-12 19:37:42,0,4,0,0
20284,2024-12-12 19:40:43,0,7,0,0
79349,2024-12-12 19:41:46,0,2,1,682
33596,2024-12-12 19:42:40,0,2,0,0
9470,2024-12-12 19:53:12,0,10,0,0
41922,2024-12-12 19:54:07,1,9,1,355
42919,2024-12-12 19:55:18,0,4,0,0
84685,2024-12-12 19:59:26,1,5,0,0
69470,2024-12-12 20:04:56,0,7,0,0
74199,2024-12-12 20:07:47,1,6,1,346
58196,2024-12-12 20:09:44,0,10,0,0
35834,2024-12-12 20:15:47,0,3,1,101
13088,2024-12-12 20:37:13,1,5,0,0
80632,2024-12-12 20:52:23,0,5,0,0
44760,2024-12-12 21:10:29,0,6,1,121
25944,2024-12-12 21:18:07,0,6,0,0
21338,2024-12-12 21:18:50,0,6,0,0
56198,2024-12-12 21:31:57,0,6,1,125
63211,2024-12-12 21:33:54,1,7,0,0
34455,2024-12-12 21:34:32,1,7,0,0
86484,2024-12-12 21:38:47,0,8,1,369
86547,2024-12-12 21:43:51,0,6,0,0
26501,2024-12-12 21:47:22,1,6,0,0
27770,2024-12-12 21:49:47,0,6,0,0
45995,2024-12-12 21:52:26,1,5,0,0
49660,2024-12-12 21:56:51,0,4,1,260
80420,2024-12-12 22:05:20,1,7,0,0
38858,2024-12-12 22:11:18,0,5,0,0
10208,2024-12-12 22:12:52,0,6,0,0
46958,2024-12-12 22:27:06,0,8,1,359
69866,2024-12-12 22:46:16,0,1,0,0
21784,2024-12-12 23:09:45,0,10,0,0
97540,2024-12-12 23:10:09,0,6,0,0
6936,2024-12-12 23:14:27,0,5,1,232
97946,2024-12-12 23:36:36,0,4,0,0
73974,2024-12-12 23:38:22,0,4,1,249
35138,2024-12-12 23:42:31,0,4,1,217
83485,2024-12-12 23:52:37,0,6,0,0
64278,2024-12-13 00:00:07,1,2,1,145
19735,2024-12-13 00:01:35,0,2,1,186
72323,2024-12-13 00:06:20,1,7,0,0
69470,2024-12-13 00:08:46,1,4,0,0
75273,2024-12-13 00:29:00,1,5,0,0
2104,2024-12-13 00:33:08,0,5,0,0
95402,2024-12-13 00:35:01,0,8,1,127
44880,2024-12-13 01:10:10,0,5,1,213
13067,2024-12-13 01:37:14,0,9,1,342
60316,2024-12-13 01:41:14,0,5,0,0
99987,2024-12-13 02:32:58,1,4,0,0
52705,2024-12-13 02:40:42,1,7,0,0
82124,2024-12-13 02:57:35,0,5,1,473
73692,2024-12-13 03:00:04,0,7,0,0
54197,2024-12-13 03:04:04,0,7,0,0
74579,2024-12-13 03:04:44,0,8,0,0
14399,2024-12-13 04:01:19,0,4,0,0
80382,2024-12-13 04:16:23,1,5,1,268
69741,2024-12-13 04:30:13,0,5,0,0
71900,2024-12-13 04:30:28,0,7,1,291
76414,2024-12-13 04:52:43,0,5,0,0
28681,2024-12-13 05:23:34,0,4,0,0
24654,2024-12-13 06:50:24,0,9,0,0
87157,2024-12-13 07:04:02,0,8,1,102
15074,2024-12-13 07:09:28,0,7,0,0
53153,2024-12-13 07:11:18,0,6,0,0
47009,2024-12-13 07:40:00,1,8,1,126
53830,2024-12-13 07:40:36,1,7,0,0
73806,2024-12-13 08:11:01,0,4,1,320
51090,2024-12-13 08:23:49,1,7,0,0
91034,2024-12-13 08:25:02,0,4,0,0
38206,2024-12-13 08:29:24,0,9,1,184
16164,2024-12-13 08:44:15,0,9,0,0
9728,2024-12-13 08:45:22,1,11,0,0
89422,2024-12-13 09:01:50,1,8,0,0
86484,2024-12-13 09:11:02,0,5,0,0
83358,2024-12-13 09:12:04,0,4,1,375
4709,2024-12-13 09:14:53,1,6,0,0
95363,2024-12-13 09:28:58,0,5,0,0
66726,2024-12-13 09:30:46,0,3,1,122
38206,2024-12-13 09:38:32,0,3,1,262
73974,2024-12-13 10:03:03,0,1,0,0
47692,2024-12-13 10:03:13,0,7,1,274
1124,2024-12-13 10:16:02,0,12,1,238
61861,2024-12-13 10:16:28,0,6,0,0
56276,2024-12-13 10:31:08,0,4,0,0
8648,2024-12-13 10:38:47,0,4,0,0
99022,2024-12-13 10:44:50,0,7,1,222
27180,2024-12-13 10:50:29,0,8,0,0
25372,2024-12-13 10:54:15,1,7,0,0
12671,2024-12-13 11:13:01,0,3,0,0
56432,2024-12-13 11:15:44,0,10,1,174
85960,2024-12-13 11:20:23,0,7,0,0
13913,2024-12-13 11:29:57,1,8,1,256
88923,2024-12-13 11:52:46,0,7,0,0
38858,2024-12-13 11:55:25,0,6,1,564
4117,2024-12-13 11:55:41,0,6,0,0
29746,2024-12-13 12:10:28,1,4,0,0
25048,2024-12-13 12:12:25,0,1,0,0
90277,2024-12-13 12:13:20,0,7,0,0
31171,2024-12-13 12:19:14,1,7,0,0
93415,2024-12-13 12:29:10,0,5,0,0
60601,2024-12-13 12:29:36,1,9,1,149
40211,2024-12-13 12:36:04,0,5,0,0
10231,2024-12-13 12:45:31,1,9,0,0
18011,2024-12-13 13:04:13,0,4,0,0
66882,2024-12-13 13:06:36,1,5,1,253
53925,2024-12-13 13:22:39,0,4,1,290
49510,2024-12-13 13:25:42,0,4,1,213
76359,2024-12-13 13:32:25,0,8,1,158
18218,2024-12-13 13:52:05,1,7,1,409
52898,2024-12-13 13:53:52,1,4,1,154
56587,2024-12-13 14:10:41,0,7,0,0
57397,2024-12-13 14:17:52,0,10,0,0
34608,2024-12-13 14:21:21,1,7,0,0
37122,2024-12-13 14:26:36,1,5,0,0
60498,2024-12-13 14:28:02,0,9,1,202
45989,2024-12-13 14:29:22,0,7,0,0
76063,2024-12-13 14:41:49,0,8,0,0
84264,2024-12-13 14:46:14,1,1,0,0
4117,2024-12-13 15:24:10,0,1,1,176
89294,2024-12-13 15:24:58,0,7,1,194
16782,2024-12-13 15:28:15,0,9,0,0
39882,2024-12-13 15:30:28,1,4,0,0
23791,2024-12-13 15:30:40,0,7,0,0
16722,2024-12-13 15:41:21,0,5,0,0
4484,2024-12-13 15:41:54,0,2,0,0
73692,2024-12-13 15:46:40,0,7,1,210
49446,2024-12-13 15:53:54,0,4,1,197
99352,2024-12-13 15:57:18,1,3,0,0
32571,2024-12-13 15:59:08,0,7,1,136
66798,2024-12-13 16:03:47,1,9,1,122
86713,2024-12-13 16:08:41,0,8,0,0
67810,2024-12-13 16:17:22,1,10,0,0
43618,2024-12-13 16:23:31,0,1,0,0
50037,2024-12-13 16:26:41,0,5,1,506
5880,2024-12-13 16:26:50,1,2,1,209
24321,2024-12-13 16:47:39,0,5,1,215
1124,2024-12-13 16:56:10,0,4,0,0
85911,2024-12-13 17:15:25,1,9,0,0
87507,2024-12-13 17:27:35,0,6,1,88
78635,2024-12-13 17:30:27,0,2,1,195
1871,2024-12-13 17:32:25,0,4,0,0
64278,2024-12-13 17:43:46,0,7,0,0
43252,2024-12-13 17:49:44,1,6,0,0
30632,2024-12-13 18:10:03,0,3,1,238
27928,2024-12-13 18:13:44,1,5,1,181
78106,2024-12-13 18:20:24,1,4,0,0
68043,2024-12-13 18:21:28,0,12,1,421
22821,2024-12-13 18:36:57,1,3,0,0
33832,2024-12-13 18:38:27,0,6,0,0
40518,2024-12-13 18:40:46,1,4,1,115
28238,2024-12-13 18:44:09,0,4,0,0
26315,2024-12-13 18:48:52,0,2,0,0
76159,2024-12-13 18:50:50,1,11,0,0
67020,2024-12-13 19:00:38,0,2,0,0
11553,2024-12-13 19:10:05,0,4,1,1018
12529,2024-12-13 19:16:08,0,7,0,0
41031,2024-12-13 19:19:01,0,6,0,0
46243,2024-12-13 19:19:32,1,3,1,172
27479,2024-12-13 19:22:28,0,9,0,0
51422,2024-12-13 19:37:50,0,5,0,0
67013,2024-12-13 19:39:40,0,5,0,0
81287,2024-12-13 19:46:38,1,4,1,220
18015,2024-12-13 19:48:48,0,7,1,269
2909,2024-12-13 19:50:56,0,7,0,0
3924,2024-12-13 19:58:39,0,3,0,0
68784,2024-12-13 19:59:30,0,10,0,0
11187,2024-12-13 20:00:32,1,4,0,0
45691,2024-12-13 20:06:00,0,7,0,0
45989,2024-12-13 20:10:54,1,4,1,168
15512,2024-12-13 20:10:58,1,7,0,0
95363,2024-12-13 20:11:56,0,2,0,0
84264,2024-12-13 20:15:51,0,3,0,0
35081,2024-12-13 20:27:33,0,5,0,0
43252,2024-12-13 20:46:07,0,8,0,0
18015,2024-12-13 21:06:20,0,1,0,0
80589,2024-12-13 21:12:10,0,7,1,297
50442,2024-12-13 21:23:48,0,6,0,0
37439,2024-12-13 21:30:10,0,1,0,0
98039,2024-12-13 21:32:01,0,6,0,0
21644,2024-12-13 21:33:37,1,5,1,183
15633,2024-12-13 21:45:01,0,2,0,0
550,2024-12-13 21:45:02,0,5,1,156
49381,2024-12-13 22:00:04,1,10,1,163
4732,2024-12-13 22:07:46,0,2,0,0
76944,2024-12-13 22:23:15,0,7,0,0
62035,2024-12-13 22:28:22,0,9,0,0
13877,2024-12-13 22:33:39,1,7,0,0
83024,2024-12-13 23:07:41,0,12,1,111
54197,2024-12-13 23:08:08,1,1,0,0
12125,2024-12-13 23:15:12,0,4,0,0
71900,2024-12-13 23:20:01,1,1,1,244
19209,2024-12-13 23:38:43,0,6,1,230
55256,2024-12-13 23:41:52,1,4,0,0
28006,2024-12-13 23:50:39,0,10,0,0
85573,2024-12-13 23:55:47,0,3,1,235
81779,2024-12-13 23:56:29,0,4,1,238
49062,2024-12-14 00:13:47,0,4,0,0
68404,2024-12-14 00:15:40,1,5,1,743
89422,2024-12-14 00:27:04,0,5,0,0
82824,2024-12-14 00:44:27,0,7,0,0
85100,2024-12-14 00:54:42,1,6,0,0
27982,2024-12-14 01:06:07,0,4,1,259
26879,2024-12-14 01:06:46,0,3,1,318
25818,2024-12-14 01:11:00,1,6,0,0
68938,2024-12-14 01:20:11,1,7,1,456
25097,2024-12-14 01:51:48,0,4,0,0
81358,2024-12-14 01:55:32,0,7,0,0
13913,2024-12-14 02:02:05,1,5,0,0
15106,2024-12-14 02:06:05,0,4,0,0
68863,2024-12-14 02:18:55,0,6,1,303
59167,2024-12-14 02:23:41,1,8,0,0
56498,2024-12-14 02:40:20,0,9,0,0
86680,2024-12-14 02:48:58,0,4,1,475
62035,2024-12-14 02:55:40,0,3,0,0
63697,2024-12-14 03:17:48,0,4,0,0
79532,2024-12-14 03:23:00,1,9,0,0
91431,2024-12-14 04:09:53,1,5,0,0
34594,2024-12-14 04:55:11,1,8,1,593
5991,2024-12-14 05:10:35,1,4,1,131
88923,2024-12-14 05:22:34,0,8,0,0
43710,2024-12-14 05:45:02,0,5,0,0
72873,2024-12-14 05:53:25,1,4,1,166
41922,2024-12-14 06:37:19,0,7,0,0
16499,2024-12-14 06:50:23,0,5,1,270
46628,2024-12-14 07:05:36,1,3,0,0
65578,2024-12-14 07:06:58,1,5,1,173
84319,2024-12-14 07:08:52,0,9,0,0
80589,2024-12-14 07:14:19,0,4,0,0
49660,2024-12-14 07:27:33,1,4,1,239
22377,2024-12-14 07:37:40,0,5,0,0
49437,2024-12-14 07:54:57,0,3,0,0
87918,2024-12-14 08:07:35,0,7,1,146
87237,2024-12-14 08:25:11,0,6,0,0
82223,2024-12-14 08:28:09,0,9,0,0
94958,2024-12-14 08:29:53,1,7,0,0
35671,2024-12-14 08:45:15,0,6,0,0
27097,2024-12-14 08:46:02,0,8,0,0
62212,2024-12-14 08:58:40,0,9,0,0
61305,2024-12-14 09:06:22,0,8,0,0
79986,2024-12-14 09:09:08,0,6,0,0
33882,2024-12-14 09:09:31,0,8,1,334
543,2024-12-14 09:24:38,1,6,1,278
93998,2024-12-14 09:29:44,1,5,0,0
81579,2024-12-14 09:37:00,0,8,0,0
68427,2024-12-14 09:38:44,0,6,0,0
74645,2024-12-14 09:40:50,0,3,1,396
19209,2024-12-14 09:57:07,0,10,1,155
33385,2024-12-14 10:01:23,0,5,0,0
23689,2024-12-14 10:02:29,0,4,0,0
72873,2024-12-14 10:05:57,1,2,0,0
1668,2024-12-14 10:23:05,0,7,1,120
78635,2024-12-14 10:25:03,0,10,0,0
65131,2024-12-14 10:28:49,1,3,0,0
82124,2024-12-14 10:45:59,0,6,0,0
9922,2024-12-14 10:52:44,1,6,0,0
51422,2024-12-14 10:58:37,0,8,1,313
64388,2024-12-14 11:02:18,0,9,0,0
56125,2024-12-14 11:03:57,0,7,0,0
43565,2024-12-14 11:20:54,1,4,0,0
550,2024-12-14 11:30:25,0,3,0,0
94846,2024-12-14 11:43:41,0,6,0,0
79078,2024-12-14 11:55:40,0,7,1,361
82518,2024-12-14 12:04:23,1,7,0,0
72360,2024-12-14 12:11:35,0,6,1,254
14399,2024-12-14 12:19:02,1,10,1,189
27770,2024-12-14 12:24:43,1,7,0,0
74796,2024-12-14 12:24:53,1,14,1,255
66726,2024-12-14 12:28:08,1,6,0,0
942,2024-12-14 12:42:14,0,8,0,0
74687,2024-12-14 12:54:03,0,5,0,0
2727,2024-12-14 12:57:01,0,6,0,0
89736,2024-12-14 13:16:38,1,6,0,0
74579,2024-12-14 13:25:09,1,5,0,0
72819,2024-12-14 13:25:45,0,7,1,339
96358,2024-12-14 14:07:04,0,4,0,0
84307,2024-12-14 14:09:47,1,5,0,0
46892,2024-12-14 14:29:58,1,9,0,0
90202,2024-12-14 14:40:28,0,4,1,222
13067,2024-12-14 14:44:12,0,6,0,0
16025,2024-12-14 15:19:53,1,2,1,105
53304,2024-12-14 15:21:56,0,8,0,0
2755,2024-12-14 15:27:58,0,4,0,0
25372,2024-12-14 15:37:47,0,11,0,0
5986,2024-12-14 15:44:08,0,5,0,0
73514,2024-12-14 15:46:05,0,8,0,0
74199,2024-12-14 15:46:11,0,7,1,79
90277,2024-12-14 15:55:25,0,5,0,0
98779,2024-12-14 16:03:43,0,7,1,324
92781,2024-12-14 16:36:22,0,9,0,0
72565,2024-12-14 16:51:44,0,5,0,0
52139,2024-12-14 16:51:48,0,6,1,165
57596,2024-12-14 16:53:51,0,0,0,0
28829,2024-12-14 17:04:17,1,8,0,0
25170,2024-12-14 17:09:01,0,7,1,183
64307,2024-12-14 17:11:21,1,7,0,0
3924,2024-12-14 17:43:02,0,7,0,0
97703,2024-12-14 17:45:34,1,5,0,0
80145,2024-12-14 17:48:04,0,7,1,115
47538,2024-12-14 17:55:40,0,3,1,83
2819,2024-12-14 17:56:39,1,3,1,122
41271,2024-12-14 18:01:29,0,10,0,0
69206,2024-12-14 18:09:47,1,7,1,485
50037,2024-12-14 18:28:52,0,7,0,0
24722,2024-12-14 18:41:07,1,8,0,0
74579,2024-12-14 18:41:39,0,6,0,0
26422,2024-12-14 18:46:14,0,8,0,0
86827,2024-12-14 18:52:25,1,9,1,357
64307,2024-12-14 18:55:12,0,8,0,0
53714,2024-12-14 19:05:44,0,4,1,208
71942,2024-12-14 19:10:14,1,7,0,0
82124,2024-12-14 19:10:19,0,2,0,0
85960,2024-12-14 19:15:05,0,4,0,0
92069,2024-12-14 19:15:40,0,8,0,0
49419,2024-12-14 19:16:16,1,7,0,0
32140,2024-12-14 19:21:27,1,11,0,0
42603,2024-12-14 19:22:35,1,7,0,0
57948,2024-12-14 19:26:34,0,4,0,0
51090,2024-12-14 19:27:45,1,9,1,365
24489,2024-12-14 19:48:22,0,10,1,140
72642,2024-12-14 19:48:28,0,7,0,0
79079,2024-12-14 19:52:40,0,7,0,0
1692,2024-12-14 19:57:49,0,6,0,0
8333,2024-12-14 20:04:30,0,4,0,0
11409,2024-12-14 20:06:39,0,7,0,0
59492,2024-12-14 20:08:58,0,4,1,247
38118,2024-12-14 20:15:56,1,1,0,0
14505,2024-12-14 20:34:08,1,14,0,0
18392,2024-12-14 20:38:23,0,9,0,0
26807,2024-12-14 20:39:07,0,4,1,235
75284,2024-12-14 20:53:53,0,7,0,0
49769,2024-12-14 20:58:38,0,5,1,320
73031,2024-12-14 21:08:06,0,7,1,229
69352,2024-12-14 21:48:45,0,5,1,162
97476,2024-12-14 22:03:20,0,12,1,208
64157,2024-12-14 22:13:50,1,5,0,0
72323,2024-12-14 22:28:59,0,6,0,0
10475,2024-12-14 22:41:14,0,7,1,220
70773,2024-12-14 22:55:19,1,11,0,0
9821,2024-12-14 22:55:37,0,7,0,0
10208,2024-12-14 22:59:54,0,5,0,0
69500,2024-12-14 23:03:19,1,3,0,0
41031,2024-12-14 23:12:49,0,2,1,148
52225,2024-12-14 23:17:50,0,3,0,0
25097,2024-12-14 23:19:07,0,3,0,0
64388,2024-12-14 23:40:30,1,0,0,0
11187,2024-12-14 23:51:20,0,6,0,0
68427,2024-12-15 00:38:10,0,6,0,0
33035,2024-12-15 01:04:28,0,7,0,0
93998,2024-12-15 01:41:37,0,7,0,0
98211,2024-12-15 01:44:28,0,6,0,0
2359,2024-12-15 02:23:54,0,6,0,0
84125,2024-12-15 02:32:56,0,5,1,382
27294,2024-12-15 02:33:54,0,8,0,0
64075,2024-12-15 03:02:40,0,3,1,237
12210,2024-12-15 03:19:13,0,12,0,0
95397,2024-12-15 04:03:19,1,4,1,140
65077,2024-12-15 04:05:20,0,7,0,0
29746,2024-12-15 04:12:28,1,6,1,169
3327,2024-12-15 05:08:20,0,4,1,276
46855,2024-12-15 05:29:55,0,8,0,0
5389,2024-12-15 05:36:33,0,2,0,0
93393,2024-12-15 05:44:02,0,13,0,0
35751,2024-12-15 05:44:56,0,7,0,0
27367,2024-12-15 05:51:03,0,1,1,272
81398,2024-12-15 05:58:46,0,3,1,193
82875,2024-12-15 05:59:32,0,4,1,444
45400,2024-12-15 06:02:45,0,4,0,0
41922,2024-12-15 06:50:42,0,7,0,0
4545,2024-12-15 07:12:48,0,11,1,155
44081,2024-12-15 07:18:03,1,5,0,0
19993,2024-12-15 07:29:38,0,11,0,0
59492,2024-12-15 07:55:40,0,4,0,0
78119,2024-12-15 08:14:49,0,5,1,95
3635,2024-12-15 08:17:16,1,11,1,194
36112,2024-12-15 08:20:10,1,4,1,181
59718,2024-12-15 08:34:09,0,8,0,0
24609,2024-12-15 08:34:42,0,3,1,287
88091,2024-12-15 08:35:17,0,13,0,0
82943,2024-12-15 08:39:49,0,4,0,0
84319,2024-12-15 08:47:41,0,7,1,501
18218,2024-12-15 09:07:55,0,6,0,0
33882,2024-12-15 09:13:15,1,8,0,0
10657,2024-12-15 09:18:51,0,3,0,0
64307,2024-12-15 09:23:20,0,5,0,0
33063,2024-12-15 09:45:39,1,4,0,0
76063,2024-12-15 09:46:07,0,4,0,0
47798,2024-12-15 09:56:55,0,3,0,0
11331,2024-12-15 09:59:53,0,6,1,293
44081,2024-12-15 10:00:26,1,5,0,0
98779,2024-12-15 10:02:42,0,6,1,478
60925,2024-12-15 10:14:42,0,9,0,0
35640,2024-12-15 10:41:53,0,12,0,0
12529,2024-12-15 10:43:46,0,4,1,326
72565,2024-12-15 10:45:18,1,6,1,250
23306,2024-12-15 11:12:56,0,5,1,205
69470,2024-12-15 11:14:58,0,6,0,0
15350,2024-12-15 11:29:26,0,8,0,0
81027,2024-12-15 11:33:07,1,4,1,150
86059,2024-12-15 11:42:10,0,7,0,0
4482,2024-12-15 11:50:15,1,6,1,190
45824,2024-12-15 12:07:07,0,3,0,0
86645,2024-12-15 12:17:30,0,7,0,0
99022,2024-12-15 12:20:35,0,7,0,0
81398,2024-12-15 12:21:10,1,3,0,0
17378,2024-12-15 12:29:55,0,4,0,0
63509,2024-12-15 12:45:10,1,10,1,285
90800,2024-12-15 12:59:16,1,4,1,162
90495,2024-12-15 13:15:23,1,3,0,0
80746,2024-12-15 13:17:32,0,2,0,0
76269,2024-12-15 13:18:50,1,9,1,389
71247,2024-12-15 13:33:15,0,6,1,269
3246,2024-12-15 14:07:13,1,8,1,234
38941,2024-12-15 14:07:50,1,6,1,62
21539,2024-12-15 14:19:21,0,4,0,0
25668,2024-12-15 14:21:08,0,4,0,0
96221,2024-12-15 14:22:44,1,7,1,111
57596,2024-12-15 15:15:03,0,1,0,0
61346,2024-12-15 15:27:47,0,8,0,0
21933,2024-12-15 15:33:45,0,6,0,0
73555,2024-12-15 15:36:00,0,6,0,0
29291,2024-12-15 15:43:25,1,2,0,0
77173,2024-12-15 15:45:05,1,4,1,272
82865,2024-12-15 15:45:34,0,6,0,0
27974,2024-12-15 15:48:19,0,4,1,186
49437,2024-12-15 15:51:00,0,3,0,0
93693,2024-12-15 16:14:43,0,8,0,0
71900,2024-12-15 16:17:35,1,6,0,0
86645,2024-12-15 16:23:37,0,5,0,0
28041,2024-12-15 16:32:08,0,7,1,109
72919,2024-12-15 16:40:05,1,5,1,209
91431,2024-12-15 16:46:05,1,3,0,0
88075,2024-12-15 17:13:58,1,7,1,343
96623,2024-12-15 17:28:44,0,7,0,0
28938,2024-12-15 17:46:20,0,9,0,0
21811,2024-12-15 18:01:28,1,8,1,420
81083,2024-12-15 18:10:57,0,7,0,0
88273,2024-12-15 18:15:20,1,3,1,484
80926,2024-12-15 18:22:24,1,6,0,0
85626,2024-12-15 18:22:35,0,6,0,0
55076,2024-12-15 18:24:00,0,2,1,595
75284,2024-12-15 18:33:07,0,7,1,371
88263,2024-12-15 18:50:59,0,10,1,286
86976,2024-12-15 18:51:51,0,4,1,97
7079,2024-12-15 18:55:31,1,7,0,0
18952,2024-12-15 18:59:39,0,8,0,0
43008,2024-12-15 19:01:35,0,13,0,0
82124,2024-12-15 19:03:30,0,4,1,136
5986,2024-12-15 19:33:01,0,6,0,0
19583,2024-12-15 19:43:37,0,2,1,205
97946,2024-12-15 19:44:08,0,10,0,0
86680,2024-12-15 19:55:35,0,7,0,0
97703,2024-12-15 20:26:28,0,8,0,0
92558,2024-12-15 20:40:04,0,4,0,0
55256,2024-12-15 20:54:50,0,8,0,0
82016,2024-12-15 21:07:19,1,7,1,175
89864,2024-12-15 21:30:12,0,7,1,331
57596,2024-12-15 21:37:12,0,10,0,0
2819,2024-12-15 21:38:52,1,6,0,0
67851,2024-12-15 21:40:43,1,2,0,0
28006,2024-12-15 21:42:52,0,8,0,0
40518,2024-12-15 21:52:20,0,5,0,0
45525,2024-12-15 21:53:58,0,3,0,0
57081,2024-12-15 22:00:36,0,7,0,0
26407,2024-12-15 22:05:10,1,3,0,0
21784,2024-12-15 22:14:36,1,9,1,262
60148,2024-12-15 22:15:45,1,7,0,0
72533,2024-12-15 22:19:49,0,5,1,283
47552,2024-12-15 22:21:54,0,8,1,199
29585,2024-12-15 22:28:38,0,8,1,232
550,2024-12-15 22:30:53,0,5,0,0
38513,2024-12-15 22:42:47,1,5,0,0
96123,2024-12-15 22:45:21,1,5,0,0
16994,2024-12-15 23:00:23,0,4,1,171
91745,2024-12-15 23:16:10,0,4,0,0
9007,2024-12-15 23:47:01,1,7,1,216
89294,2024-12-15 23:56:37,0,8,1,239
58578,2024-12-16 00:02:40,0,8,0,0
91431,2024-12-16 00:03:08,0,3,0,0
84319,2024-12-16 00:29:27,1,5,0,0
40470,2024-12-16 01:06:35,0,6,0,0
62035,2024-12-16 01:35:33,1,3,0,0
557,2024-12-16 01:50:59,0,6,0,0
31513,2024-12-16 02:18:54,1,3,0,0
63509,2024-12-16 02:25:05,1,6,0,0
17981,2024-12-16 03:13:34,0,6,0,0
71357,2024-12-16 03:40:20,1,6,0,0
36632,2024-12-16 04:00:11,1,5,0,0
45995,2024-12-16 04:00:31,0,9,1,104
98385,2024-12-16 04:03:32,0,8,1,243
12093,2024-12-16 04:06:01,0,8,1,196
18105,2024-12-16 04:22:25,1,2,1,208
86113,2024-12-16 04:41:50,0,8,1,413
95402,2024-12-16 05:14:08,0,3,0,0
67761,2024-12-16 05:29:38,1,4,0,0
47798,2024-12-16 05:58:39,0,4,1,317
55714,2024-12-16 06:10:56,0,9,0,0
63784,2024-12-16 06:25:09,0,6,0,0
51033,2024-12-16 06:36:43,0,9,0,0
31171,2024-12-16 06:55:56,1,2,0,0
25247,2024-12-16 06:59:35,0,8,0,0
72565,2024-12-16 07:18:37,0,4,0,0
67448,2024-12-16 07:24:25,0,6,0,0
8785,2024-12-16 07:53:49,0,5,0,0
83024,2024-12-16 08:03:20,0,6,0,0
95653,2024-12-16 08:07:08,0,6,0,0
23840,2024-12-16 08:13:17,0,6,0,0
3327,2024-12-16 08:21:15,0,3,1,111
18317,2024-12-16 08:39:19,0,8,0,0
68748,2024-12-16 08:40:49,0,6,1,285
87463,2024-12-16 08:59:10,0,5,0,0
60316,2024-12-16 08:59:16,1,5,0,0
97367,2024-12-16 09:09:10,1,2,1,101
65508,2024-12-16 09:10:17,0,4,0,0
63133,2024-12-16 09:21:16,0,3,1,175
15352,2024-12-16 09:25:24,0,3,0,0
57942,2024-12-16 09:26:52,1,6,1,241
46406,2024-12-16 09:30:07,1,9,0,0
29898,2024-12-16 09:30:16,0,10,0,0
49152,2024-12-16 09:41:06,0,8,0,0
4052,2024-12-16 09:46:04,0,4,0,0
45064,2024-12-16 10:01:22,0,8,0,0
48852,2024-12-16 10:14:05,1,4,0,0
55806,2024-12-16 10:29:46,0,4,1,278
71946,2024-12-16 10:32:06,0,3,0,0
48044,2024-12-16 10:51:37,1,2,1,173
86913,2024-12-16 10:51:53,0,8,1,241
32652,2024-12-16 11:17:25,0,4,1,266
57397,2024-12-16 11:56:51,0,6,0,0
151,2024-12-16 12:09:08,1,5,0,0
92698,2024-12-16 12:09:22,0,12,0,0
36762,2024-12-16 12:14:39,1,7,1,141
33035,2024-12-16 12:34:17,0,5,1,190
31675,2024-12-16 12:53:35,1,3,0,0
44081,2024-12-16 12:58:57,0,4,0,0
48886,2024-12-16 13:08:28,0,8,1,239
64235,2024-12-16 13:18:57,0,7,0,0
36661,2024-12-16 13:31:04,0,7,0,0
46892,2024-12-16 13:34:06,0,3,1,219
84619,2024-12-16 13:41:17,0,8,0,0
13913,2024-12-16 13:57:44,1,4,1,181
10208,2024-12-16 13:59:21,0,5,1,276
89704,2024-12-16 14:02:44,1,6,1,119
4149,2024-12-16 14:34:22,0,7,0,0
61378,2024-12-16 15:08:21,1,5,0,0
49446,2024-12-16 15:14:15,0,5,0,0
4759,2024-12-16 15:24:25,0,4,0,0
20460,2024-12-16 15:29:57,1,8,1,332
15512,2024-12-16 15:35:40,0,5,1,89
36572,2024-12-16 15:37:42,0,7,1,228
90495,2024-12-16 15:39:54,0,6,0,0
2724,2024-12-16 16:01:17,0,7,0,0
87237,2024-12-16 16:02:34,0,5,0,0
71529,2024-12-16 16:05:42,0,7,0,0
56276,2024-12-16 16:09:52,0,3,1,223
52139,2024-12-16 16:18:08,0,3,1,266
42603,2024-12-16 16:43:47,0,8,0,0
40579,2024-12-16 16:44:12,0,3,0,0
77238,2024-12-16 16:57:22,1,7,0,0
18593,2024-12-16 17:13:21,0,8,0,0
33525,2024-12-16 17:19:22,0,7,0,0
44735,2024-12-16 17:28:16,0,5,0,0
22134,2024-12-16 17:29:24,0,6,0,0
92533,2024-12-16 17:35:24,0,5,1,81
97270,2024-12-16 17:42:55,0,4,1,207
28031,2024-12-16 17:47:01,0,11,1,205
65412,2024-12-16 17:54:45,0,6,0,0
74620,2024-12-16 18:02:31,1,8,0,0
72873,2024-12-16 18:04:32,0,6,1,72
60498,2024-12-16 18:20:26,0,8,1,301
27479,2024-12-16 18:27:00,1,9,1,199
95281,2024-12-16 18:40:24,0,6,0,0
49315,2024-12-16 18:47:45,1,6,0,0
59524,2024-12-16 18:54:59,1,9,0,0
84575,2024-12-16 18:58:45,1,4,0,0
84123,2024-12-16 19:02:38,0,9,1,363
940,2024-12-16 19:05:54,0,4,1,179
11639,2024-12-16 19:08:15,1,7,1,276
95764,2024-12-16 19:15:45,0,11,1,179
67810,2024-12-16 19:27:43,0,6,0,0
39101,2024-12-16 19:29:43,1,6,0,0
64711,2024-12-16 19:51:51,0,4,0,0
52225,2024-12-16 20:14:33,0,8,1,300
77185,2024-12-16 20:15:28,1,5,1,282
61721,2024-12-16 20:16:40,0,4,1,406
9999,2024-12-16 20:40:18,0,5,0,0
46855,2024-12-16 20:59:04,0,9,1,260
3654,2024-12-16 21:01:09,0,7,0,0
38989,2024-12-16 21:05:58,0,5,0,0
92450,2024-12-16 21:10:42,1,8,0,0
10813,2024-12-16 21:28:35,0,4,0,0
49315,2024-12-16 21:44:57,0,4,0,0
24175,2024-12-16 22:00:19,0,3,0,0
942,2024-12-16 22:09:04,0,3,1,462
92558,2024-12-16 22:09:50,1,5,1,223
63715,2024-12-16 22:19:01,0,6,0,0
26407,2024-12-16 23:01:54,0,7,1,90
4759,2024-12-16 23:13:45,1,6,1,160
93928,2024-12-16 23:22:22,0,6,0,0
77532,2024-12-16 23:26:12,0,3,0,0
91096,2024-12-16 23:44:49,0,3,0,0
29437,2024-12-16 23:56:21,0,7,0,0
18593,2024-12-17 00:06:34,1,8,1,201
32962,2024-12-17 00:31:51,0,9,0,0
86225,2024-12-17 00:32:21,0,7,0,0
10336,2024-12-17 00:42:00,0,6,0,0
41003,2024-12-17 00:55:42,0,9,1,358
45831,2024-12-17 01:09:28,0,4,0,0
64198,2024-12-17 01:14:58,1,12,0,0
16381,2024-12-17 01:29:10,0,5,0,0
74199,2024-12-17 01:42:15,0,6,0,0
3654,2024-12-17 03:06:08,0,0,0,0
99725,2024-12-17 03:17:04,0,4,1,279
13325,2024-12-17 03:21:45,0,8,0,0
99755,2024-12-17 03:38:38,0,10,0,0
64203,2024-12-17 03:57:50,1,6,1,184
24489,2024-12-17 04:51:06,0,3,0,0
86577,2024-12-17 04:54:01,1,5,0,0
39378,2024-12-17 04:59:08,0,5,0,0
13913,2024-12-17 05:25:23,0,6,1,181
34823,2024-12-17 05:38:31,0,5,0,0
83485,2024-12-17 05:57:46,0,3,0,0
33893,2024-12-17 06:24:01,1,11,1,332
55256,2024-12-17 06:26:05,1,2,0,0
90832,2024-12-17 06:29:42,1,5,0,0
72323,2024-12-17 06:41:22,0,15,0,0
84236,2024-12-17 06:41:29,1,4,1,124
49362,2024-12-17 06:53:10,1,3,0,0
11535,2024-12-17 07:13:14,0,6,0,0
74520,2024-12-17 07:25:33,0,5,1,147
74687,2024-12-17 07:35:59,0,6,1,246
50172,2024-12-17 07:57:45,0,10,0,0
16377,2024-12-17 08:01:42,0,5,0,0
72692,2024-12-17 08:02:44,0,1,0,0
65998,2024-12-17 08:20:11,0,7,0,0
8624,2024-12-17 08:27:17,1,8,0,0
17723,2024-12-17 08:37:26,1,5,1,166
51090,2024-12-17 08:38:01,1,5,0,0
24722,2024-12-17 08:38:14,0,4,0,0
96227,2024-12-17 08:38:48,0,5,0,0
78485,2024-12-17 08:43:09,0,7,0,0
77532,2024-12-17 08:49:27,0,4,1,91
62035,2024-12-17 08:50:41,0,3,0,0
74687,2024-12-17 08:56:51,1,6,1,251
29905,2024-12-17 09:02:43,0,5,0,0
44735,2024-12-17 09:03:11,0,9,1,404
1088,2024-12-17 09:15:33,0,4,1,109
25048,2024-12-17 09:16:24,0,11,0,0
80021,2024-12-17 09:22:06,0,4,1,156
66504,2024-12-17 09:23:49,0,8,1,317
43252,2024-12-17 09:24:18,0,9,1,1028
58519,2024-12-17 09:29:18,0,8,1,200
18218,2024-12-17 09:36:02,0,9,0,0
46243,2024-12-17 09:37:36,0,10,0,0
74070,2024-12-17 09:41:45,1,2,0,0
19735,2024-12-17 09:49:30,0,4,0,0
84307,2024-12-17 09:58:23,0,5,1,224
86198,2024-12-17 10:05:41,0,5,0,0
7843,2024-12-17 10:09:23,0,6,0,0
75691,2024-12-17 10:16:37,1,8,1,308
4149,2024-12-17 10:19:21,1,2,0,0
6463,2024-12-17 10:20:50,0,3,1,140
40518,2024-12-17 10:44:56,1,4,0,0
92090,2024-12-17 10:45:06,0,5,0,0
74870,2024-12-17 10:59:51,0,6,1,327
16637,2024-12-17 11:01:53,0,1,1,188
93959,2024-12-17 11:45:08,0,10,0,0
82804,2024-12-17 11:54:13,0,9,0,0
2247,2024-12-17 11:57:23,0,9,1,327
79349,2024-12-17 11:58:59,1,4,0,0
59492,2024-12-17 12:14:25,1,5,0,0
27367,2024-12-17 12:18:23,1,7,0,0
1124,2024-12-17 12:24:24,0,3,0,0
60316,2024-12-17 12:26:47,0,9,0,0
12125,2024-12-17 12:28:17,1,7,0,0
13556,2024-12-17 12:44:11,0,8,0,0
44767,2024-12-17 12:50:12,1,7,1,282
9448,2024-12-17 13:02:44,0,5,0,0
45505,2024-12-17 13:06:13,0,5,0,0
22839,2024-12-17 13:17:54,1,4,0,0
86547,2024-12-17 13:18:33,0,4,0,0
3924,2024-12-17 13:20:18,0,7,0,0
1006,2024-12-17 13:43:45,1,2,0,0
90832,2024-12-17 13:59:40,1,9,0,0
72664,2024-12-17 14:05:42,0,8,0,0
28938,2024-12-17 14:06:53,0,13,0,0
32571,2024-12-17 14:14:51,0,8,1,323
29905,2024-12-17 14:25:13,1,6,0,0
39101,2024-12-17 14:33:10,0,7,0,0
33519,2024-12-17 14:50:02,0,4,0,0
89245,2024-12-17 14:52:14,1,12,0,0
56432,2024-12-17 14:55:30,1,4,0,0
45400,2024-12-17 14:56:41,0,10,0,0
77954,2024-12-17 15:04:54,0,6,0,0
80420,2024-12-17 15:09:23,1,5,0,0
57081,2024-12-17 15:13:09,0,8,0,0
72919,2024-12-17 15:38:55,1,8,1,194
23995,2024-12-17 15:40:38,0,2,0,0
95764,2024-12-17 15:56:33,1,3,1,114
11856,2024-12-17 16:13:07,1,5,0,0
93959,2024-12-17 16:14:37,0,5,1,208
28031,2024-12-17 16:27:46,0,7,0,0
33035,2024-12-17 16:34:56,0,4,0,0
19338,2024-12-17 16:36:45,0,3,0,0
78324,2024-12-17 16:42:31,1,3,0,0
33873,2024-12-17 16:45:19,1,4,0,0
35481,2024-12-17 16:53:45,0,8,0,0
45995,2024-12-17 16:58:53,1,10,0,0
60071,2024-12-17 17:04:07,1,8,0,0
49152,2024-12-17 17:28:29,0,2,1,281
95631,2024-12-17 17:54:31,0,10,0,0
47204,2024-12-17 17:55:44,0,5,0,0
44573,2024-12-17 17:55:57,0,4,0,0
81486,2024-12-17 17:56:16,0,6,1,216
52436,2024-12-17 18:01:51,0,5,0,0
82728,2024-12-17 18:09:20,0,9,1,236
36422,2024-12-17 18:22:47,0,9,0,0
26501,2024-12-17 18:40:19,0,5,0,0
64936,2024-12-17 18:54:07,1,9,0,0
95363,2024-12-17 19:11:45,1,7,0,0
86521,2024-12-17 19:14:28,0,3,0,0
59463,2024-12-17 19:18:36,0,9,0,0
60431,2024-12-17 19:43:09,1,8,0,0
21539,2024-12-17 19:45:26,0,7,0,0
10847,2024-12-17 20:07:22,0,3,0,0
83383,2024-12-17 20:07:27,0,7,0,0
43093,2024-12-17 20:12:30,0,5,0,0
45405,2024-12-17 20:41:16,0,5,0,0
45810,2024-12-17 20:43:55,1,2,0,0
32962,2024-12-17 21:14:01,0,2,0,0
57888,2024-12-17 21:14:51,0,8,0,0
64846,2024-12-17 21:20:23,1,3,1,102
95631,2024-12-17 21:35:22,1,5,1,185
43252,2024-12-17 21:37:48,0,1,0,0
69500,2024-12-17 21:41:16,0,5,1,73
40451,2024-12-17 22:01:41,1,9,0,0
46967,2024-12-17 22:10:29,1,4,0,0
63715,2024-12-17 22:13:50,1,8,1,149
73304,2024-12-17 22:24:55,0,5,0,0
10995,2024-12-17 22:43:35,0,3,0,0
49188,2024-12-17 22:45:52,0,4,0,0
79349,2024-12-17 23:05:49,1,2,1,437
58519,2024-12-17 23:24:37,0,11,0,0
15350,2024-12-17 23:26:25,0,8,0,0
38206,2024-12-17 23:33:04,0,9,0,0
10530,2024-12-17 23:33:32,0,3,0,0
70343,2024-12-17 23:38:12,0,13,1,239
55577,2024-12-18 00:13:16,0,7,0,0
65213,2024-12-18 00:43:31,1,5,0,0
43540,2024-12-18 01:32:05,1,5,1,184
3654,2024-12-18 01:46:10,0,6,0,0
25537,2024-12-18 02:10:31,1,7,0,0
71132,2024-12-18 02:11:31,1,8,0,0
49419,2024-12-18 02:13:59,0,6,0,0
19109,2024-12-18 02:18:41,0,2,0,0
49062,2024-12-18 02:25:00,0,7,0,0
89303,2024-12-18 02:35:41,0,3,0,0
91855,2024-12-18 02:46:25,0,10,1,204
19579,2024-12-18 02:55:42,0,3,0,0
13344,2024-12-18 03:14:31,0,2,0,0
63422,2024-12-18 03:54:20,0,5,0,0
82067,2024-12-18 04:24:13,1,8,1,346
33596,2024-12-18 04:25:23,0,4,1,163
71132,2024-12-18 04:50:57,1,7,0,0
46269,2024-12-18 04:55:23,0,6,0,0
17378,2024-12-18 05:32:11,0,11,0,0
10070,2024-12-18 05:42:19,0,6,1,168
37603,2024-12-18 06:25:08,0,4,1,693
83358,2024-12-18 06:37:20,0,8,0,0
99108,2024-12-18 06:40:15,0,9,1,173
23950,2024-12-18 06:42:10,0,3,0,0
21620,2024-12-18 06:49:30,0,5,0,0
72097,2024-12-18 07:10:46,0,1,0,0
71247,2024-12-18 07:18:51,0,7,0,0
24262,2024-12-18 07:23:49,0,6,1,129
55431,2024-12-18 07:31:41,1,6,1,287
36112,2024-12-18 08:08:33,0,5,0,0
43521,2024-12-18 08:32:18,1,2,0,0
49362,2024-12-18 08:51:30,0,6,1,231
91017,2024-12-18 09:21:10,0,10,0,0
18015,2024-12-18 09:49:20,1,4,0,0
69773,2024-12-18 09:57:16,0,11,0,0
34594,2024-12-18 10:08:08,0,4,0,0
80021,2024-12-18 10:10:35,0,8,1,247
76063,2024-12-18 10:18:50,1,6,0,0
31171,2024-12-18 10:26:26,0,7,1,213
56432,2024-12-18 10:26:32,0,4,0,0
22431,2024-12-18 10:32:12,1,2,1,374
23219,2024-12-18 10:40:13,0,10,0,0
72873,2024-12-18 10:51:23,0,5,0,0
88075,2024-12-18 11:05:40,1,10,1,264
27479,2024-12-18 11:10:57,1,6,1,204
71117,2024-12-18 11:24:59,0,13,0,0
6446,2024-12-18 11:31:42,0,7,0,0
45064,2024-12-18 11:35:17,0,1,0,0
20712,2024-12-18 11:47:48,0,7,1,187
93991,2024-12-18 12:00:27,0,6,0,0
28903,2024-12-18 12:07:03,0,9,0,0
19718,2024-12-18 12:11:58,0,9,1,356
77238,2024-12-18 12:13:45,0,8,0,0
43093,2024-12-18 12:23:47,0,5,0,0
5643,2024-12-18 12:34:06,1,7,1,292
40264,2024-12-18 12:35:35,0,2,0,0
57942,2024-12-18 12:41:36,0,4,0,0
82132,2024-12-18 12:42:30,0,8,0,0
80896,2024-12-18 12:53:52,0,4,0,0
17981,2024-12-18 13:02:00,0,7,0,0
59670,2024-12-18 13:08:59,0,2,0,0
23059,2024-12-18 13:27:45,1,4,1,204
56162,2024-12-18 13:29:59,0,4,0,0
77463,2024-12-18 13:42:50,0,8,1,192
35640,2024-12-18 13:55:56,1,7,0,0
61363,2024-12-18 13:59:55,1,9,0,0
46402,2024-12-18 14:02:29,0,8,1,189
72111,2024-12-18 14:04:17,0,6,1,117
41031,2024-12-18 14:38:43,0,9,1,185
13344,2024-12-18 15:06:55,1,6,0,0
51885,2024-12-18 15:12:54,0,12,1,213
98385,2024-12-18 15:14:05,0,3,1,252
20421,2024-12-18 15:27:26,0,0,0,0
88091,2024-12-18 15:32:14,0,6,1,142
95397,2024-12-18 15:35:00,0,6,0,0
85827,2024-12-18 15:44:14,0,8,0,0
67308,2024-12-18 15:55:04,1,5,1,256
5458,2024-12-18 15:58:55,0,6,0,0
68784,2024-12-18 16:24:09,1,3,0,0
14380,2024-12-18 16:30:55,0,5,0,0
98331,2024-12-18 16:40:21,0,5,0,0
28668,2024-12-18 16:47:08,1,9,1,268
25636,2024-12-18 16:55:13,1,6,0,0
86059,2024-12-18 16:59:43,0,6,1,371
63784,2024-12-18 17:06:47,0,10,0,0
66882,2024-12-18 17:09:28,1,8,0,0
68863,2024-12-18 17:20:44,1,6,0,0
79877,2024-12-18 17:24:34,0,4,0,0
55714,2024-12-18 17:26:19,0,4,1,294
72642,2024-12-18 17:30:08,0,4,1,166
67448,2024-12-18 17:33:20,0,5,1,171
20481,2024-12-18 17:44:40,0,8,0,0
38206,2024-12-18 17:45:27,0,7,0,0
49348,2024-12-18 17:58:44,1,7,0,0
27495,2024-12-18 17:59:56,0,7,0,0
32510,2024-12-18 18:09:42,0,5,1,124
77941,2024-12-18 18:26:40,0,5,1,125
85845,2024-12-18 18:43:00,0,7,1,286
1768,2024-12-18 18:56:24,1,5,0,0
48988,2024-12-18 19:00:12,0,5,0,0
30876,2024-12-18 19:29:26,0,7,0,0
20297,2024-12-18 19:37:20,0,9,0,0
46612,2024-12-18 19:56:21,0,8,0,0
19562,2024-12-18 20:10:14,1,8,0,0
16445,2024-12-18 20:18:40,1,6,0,0
58519,2024-12-18 20:36:26,0,2,1,173
89948,2024-12-18 20:52:01,0,7,0,0
55256,2024-12-18 21:28:33,1,8,0,0
82824,2024-12-18 21:34:44,0,4,0,0
15139,2024-12-18 21:47:56,1,3,1,156
26789,2024-12-18 22:05:38,0,4,0,0
97515,2024-12-18 22:11:15,0,3,0,0
95402,2024-12-18 22:11:37,0,8,0,0
2009,2024-12-18 22:14:10,0,9,0,0
32949,2024-12-18 22:21:46,0,5,0,0
67638,2024-12-18 22:25:29,0,8,0,0
86403,2024-12-18 22:27:43,1,4,0,0
60190,2024-12-18 22:30:49,1,8,0,0
44666,2024-12-18 22:34:04,0,4,0,0
64388,2024-12-18 22:35:46,0,6,0,0
85100,2024-12-18 22:50:21,0,10,1,128
11639,2024-12-18 23:30:46,1,3,1,214
83203,2024-12-18 23:34:04,0,3,0,0
31474,2024-12-18 23:36:09,0,3,0,0
17015,2024-12-18 23:40:16,1,3,0,0
36255,2024-12-19 00:30:26,0,6,1,189
67189,2024-12-19 00:57:11,0,8,1,164
72565,2024-12-19 01:12:16,0,8,1,101
39425,2024-12-19 01:45:56,0,6,1,317
20460,2024-12-19 01:58:10,0,5,0,0
90282,2024-12-19 02:16:26,0,10,0,0
38002,2024-12-19 02:23:43,1,3,1,228
73493,2024-12-19 02:29:13,1,4,0,0
44268,2024-12-19 02:38:02,0,5,0,0
94312,2024-12-19 02:42:59,0,5,0,0
38863,2024-12-19 03:00:21,0,6,0,0
77173,2024-12-19 03:05:23,1,4,0,0
64235,2024-12-19 03:06:50,0,4,1,172
89813,2024-12-19 03:50:26,1,3,0,0
89182,2024-12-19 04:14:40,1,1,0,0
43137,2024-12-19 04:22:40,1,8,0,0
60160,2024-12-19 04:28:33,0,8,0,0
14017,2024-12-19 04:41:41,1,5,0,0
97367,2024-12-19 05:17:41,1,8,0,0
82223,2024-12-19 05:39:31,0,10,1,191
43137,2024-12-19 05:39:42,1,8,0,0
56276,2024-12-19 05:48:29,0,7,0,0
5734,2024-12-19 05:56:37,0,10,0,0
20332,2024-12-19 06:22:58,0,1,0,0
81083,2024-12-19 06:27:33,1,8,0,0
32652,2024-12-19 06:28:44,0,7,1,214
40763,2024-12-19 07:07:31,1,7,1,172
44296,2024-12-19 07:25:50,0,2,0,0
16101,2024-12-19 07:41:57,0,6,0,0
37557,2024-12-19 08:12:26,0,4,0,0
17016,2024-12-19 08:14:42,0,5,0,0
11398,2024-12-19 08:17:21,0,4,1,127
4545,2024-12-19 08:18:56,0,5,0,0
69206,2024-12-19 08:34:53,0,4,0,0
31675,2024-12-19 08:42:44,1,5,0,0
33893,2024-12-19 08:48:14,0,5,0,0
22134,2024-12-19 08:54:49,1,7,0,0
12847,2024-12-19 08:59:26,1,4,0,0
14777,2024-12-19 09:02:02,1,8,0,0
90520,2024-12-19 09:03:32,0,5,1,497
28829,2024-12-19 09:04:09,0,7,0,0
52436,2024-12-19 09:05:43,0,2,0,0
13067,2024-12-19 09:14:14,1,3,0,0
26041,2024-12-19 09:40:32,0,6,0,0
65855,2024-12-19 09:51:47,0,8,0,0
95415,2024-12-19 10:01:26,1,5,1,328
9470,2024-12-19 10:26:57,0,5,0,0
21251,2024-12-19 10:28:00,0,6,0,0
8603,2024-12-19 10:39:32,1,5,1,135
10847,2024-12-19 10:58:44,1,6,0,0
60340,2024-12-19 11:16:29,0,1,0,0
5679,2024-12-19 11:19:08,0,5,0,0
31171,2024-12-19 11:19:34,0,6,0,0
98080,2024-12-19 11:19:56,0,5,1,155
26953,2024-12-19 11:20:57,1,8,0,0
98996,2024-12-19 11:24:10,0,3,0,0
97946,2024-12-19 11:52:13,1,2,1,320
83358,2024-12-19 11:58:28,1,7,0,0
50217,2024-12-19 12:11:51,1,1,0,0
94312,2024-12-19 12:12:29,1,7,1,243
77238,2024-12-19 12:23:03,1,6,0,0
51579,2024-12-19 12:38:35,0,5,1,179
49067,2024-12-19 12:43:38,0,3,0,0
40450,2024-12-19 12:53:58,1,6,0,0
69866,2024-12-19 13:02:02,1,5,0,0
209,2024-12-19 13:06:54,0,5,0,0
5880,2024-12-19 13:08:30,1,6,0,0
8441,2024-12-19 13:17:42,0,6,0,0
93960,2024-12-19 13:44:13,1,5,0,0
32894,2024-12-19 13:45:28,0,3,1,230
19209,2024-12-19 13:46:57,0,3,0,0
95653,2024-12-19 13:47:57,1,4,0,0
15352,2024-12-19 14:02:35,0,1,0,0
27479,2024-12-19 14:07:50,0,6,0,0
49419,2024-12-19 14:16:08,0,2,0,0
47777,2024-12-19 14:35:55,0,3,0,0
5361,2024-12-19 14:59:38,1,12,0,0
60318,2024-12-19 15:15:25,1,5,0,0
94436,2024-12-19 15:32:45,0,3,0,0
31193,2024-12-19 15:44:19,0,5,0,0
29395,2024-12-19 15:51:35,1,8,0,0
57127,2024-12-19 15:59:21,0,5,0,0
80286,2024-12-19 16:08:21,0,3,0,0
3246,2024-12-19 16:11:14,0,7,1,586
63422,2024-12-19 16:11:49,0,7,0,0
8098,2024-12-19 16:17:43,1,7,0,0
59463,2024-12-19 16:21:49,0,11,1,268
66354,2024-12-19 16:29:57,0,5,0,0
15173,2024-12-19 16:43:08,1,8,1,234
81579,2024-12-19 16:49:05,0,5,0,0
23373,2024-12-19 16:49:16,1,5,0,0
81407,2024-12-19 17:00:45,0,6,0,0
84422,2024-12-19 17:03:39,0,4,1,181
32709,2024-12-19 17:12:38,1,7,1,316
59670,2024-12-19 17:21:45,0,5,0,0
62374,2024-12-19 17:42:05,0,4,1,168
61346,2024-12-19 17:56:57,0,2,0,0
94436,2024-12-19 17:57:29,0,5,0,0
4144,2024-12-19 18:06:06,1,8,1,184
14927,2024-12-19 18:11:33,1,2,0,0
11331,2024-12-19 18:32:28,1,4,1,227
33035,2024-12-19 18:35:47,0,3,0,0
51121,2024-12-19 18:42:31,0,4,0,0
24489,2024-12-19 18:53:57,1,8,0,0
31474,2024-12-19 19:05:33,0,6,1,458
7079,2024-12-19 19:06:58,0,5,1,141
38989,2024-12-19 19:15:00,0,8,0,0
57942,2024-12-19 19:26:48,1,4,0,0
65921,2024-12-19 19:50:13,1,9,0,0
46628,2024-12-19 19:56:32,1,7,0,0
10813,2024-12-19 19:59:27,0,9,0,0
63715,2024-12-19 20:07:42,0,7,0,0
11331,2024-12-19 20:19:16,0,6,1,309
56666,2024-12-19 20:26:16,0,2,0,0
55577,2024-12-19 20:29:42,0,7,0,0
10995,2024-12-19 20:30:01,0,3,0,0
19209,2024-12-19 20:43:10,1,6,1,211
12096,2024-12-19 20:54:47,0,3,1,148
51982,2024-12-19 21:15:08,0,6,0,0
92777,2024-12-19 21:16:02,1,9,1,171
82165,2024-12-19 21:24:45,0,5,0,0
87985,2024-12-19 21:28:55,0,1,1,158
51090,2024-12-19 21:31:05,0,4,0,0
86403,2024-12-19 21:38:02,0,4,1,219
98996,2024-12-19 21:41:59,1,2,0,0
49166,2024-12-19 21:43:22,1,8,0,0
44977,2024-12-19 21:45:26,1,14,1,154
28031,2024-12-19 21:47:07,1,4,1,270
17,2024-12-19 22:13:40,1,5,1,369
8244,2024-12-19 22:17:32,1,3,0,0
53830,2024-12-19 22:18:28,0,7,0,0
18593,2024-12-19 22:30:12,0,4,0,0
31523,2024-12-19 22:33:48,1,9,0,0
15338,2024-12-19 22:37:09,0,3,0,0
56633,2024-12-19 22:51:57,0,5,0,0
940,2024-12-19 22:59:36,0,3,1,104
12529,2024-12-19 23:01:29,0,5,0,0
6659,2024-12-19 23:06:01,0,8,0,0
33832,2024-12-19 23:20:56,1,7,0,0
2727,2024-12-19 23:22:05,1,7,1,170
53543,2024-12-19 23:28:28,0,8,0,0
74520,2024-12-19 23:32:42,1,6,0,0
81027,2024-12-19 23:35:17,1,6,0,0
45400,2024-12-19 23:46:57,0,6,1,270
23306,2024-12-19 23:50:28,0,4,1,186
41659,2024-12-19 23:51:50,1,5,1,427
60925,2024-12-19 23:55:40,1,6,1,112
98385,2024-12-20 00:11:59,0,3,0,0
65993,2024-12-20 00:24:45,0,7,0,0
81231,2024-12-20 00:26:30,1,5,0,0
15633,2024-12-20 00:40:22,0,6,0,0
72919,2024-12-20 00:42:05,0,7,0,0
83383,2024-12-20 01:01:45,1,4,0,0
15338,2024-12-20 01:14:47,0,6,0,0
22636,2024-12-20 01:23:05,1,8,0,0
97367,2024-12-20 01:24:51,0,6,0,0
13402,2024-12-20 01:30:24,0,1,1,420
18899,2024-12-20 01:31:42,0,6,0,0
41082,2024-12-20 01:32:50,0,4,0,0
12096,2024-12-20 01:43:41,1,2,0,0
57875,2024-12-20 01:46:35,1,8,0,0
82518,2024-12-20 02:04:04,1,0,1,250
98828,2024-12-20 02:15:41,1,7,0,0
49678,2024-12-20 02:45:38,0,4,0,0
62781,2024-12-20 02:57:52,0,5,0,0
61325,2024-12-20 03:21:20,0,7,0,0
56802,2024-12-20 03:40:56,0,7,0,0
94738,2024-12-20 04:24:33,0,4,0,0
81152,2024-12-20 04:49:30,0,7,0,0
98996,2024-12-20 05:13:42,1,9,1,518
87431,2024-12-20 05:20:16,1,3,0,0
58578,2024-12-20 05:44:05,1,8,1,840
248,2024-12-20 06:21:42,1,6,0,0
45446,2024-12-20 06:35:57,0,7,0,0
9922,2024-12-20 06:45:45,0,5,1,381
22867,2024-12-20 06:59:22,0,9,0,0
54191,2024-12-20 07:12:31,0,4,0,0
71946,2024-12-20 07:25:01,0,7,0,0
42182,2024-12-20 07:34:34,0,7,0,0
17068,2024-12-20 07:46:05,0,7,0,0
20045,2024-12-20 08:16:33,0,5,0,0
35751,2024-12-20 08:24:45,1,4,1,345
71247,2024-12-20 08:51:00,0,4,1,232
95363,2024-12-20 08:54:41,0,5,0,0
91180,2024-12-20 09:03:31,0,5,1,268
71466,2024-12-20 09:09:25,0,6,0,0
49152,2024-12-20 09:22:01,1,7,0,0
2145,2024-12-20 09:26:58,1,7,1,150
76359,2024-12-20 09:29:46,1,5,0,0
17029,2024-12-20 09:33:57,0,7,0,0
9448,2024-12-20 09:34:15,0,7,0,0
67013,2024-12-20 09:40:01,0,6,0,0
25698,2024-12-20 10:00:24,0,3,0,0
19100,2024-12-20 10:13:29,1,9,1,605
31562,2024-12-20 10:16:46,1,4,0,0
94844,2024-12-20 10:23:27,1,5,0,0
49446,2024-12-20 11:23:00,1,12,0,0
38109,2024-12-20 11:38:09,1,11,1,232
73304,2024-12-20 11:52:54,0,11,1,128
97720,2024-12-20 11:53:36,0,6,0,0
73031,2024-12-20 11:59:09,0,5,1,237
19338,2024-12-20 11:59:59,0,7,0,0
26407,2024-12-20 12:05:08,0,10,0,0
45374,2024-12-20 12:17:27,1,4,0,0
22867,2024-12-20 12:18:55,0,8,0,0
1124,2024-12-20 12:26:28,0,8,0,0
79503,2024-12-20 12:30:57,0,2,0,0
18485,2024-12-20 12:49:32,1,2,0,0
32212,2024-12-20 12:50:48,0,5,0,0
85960,2024-12-20 13:03:11,1,4,1,250
16050,2024-12-20 13:13:12,0,6,0,0
88273,2024-12-20 13:22:37,1,7,1,177
11639,2024-12-20 13:28:54,1,6,0,0
42321,2024-12-20 13:35:44,0,10,0,0
75725,2024-12-20 13:59:38,1,5,1,264
22406,2024-12-20 14:20:05,0,5,0,0
92558,2024-12-20 14:32:39,0,4,0,0
28668,2024-12-20 14:41:25,0,8,0,0
72323,2024-12-20 14:58:19,1,5,0,0
23683,2024-12-20 15:03:13,0,3,0,0
40763,2024-12-20 15:07:26,0,7,0,0
66504,2024-12-20 15:11:00,1,5,0,0
63697,2024-12-20 15:18:51,0,11,0,0
37938,2024-12-20 15:25:42,0,11,1,242
97930,2024-12-20 15:37:17,1,11,0,0
1423,2024-12-20 15:42:22,0,7,0,0
88091,2024-12-20 15:42:45,0,7,0,0
99141,2024-12-20 15:46:26,1,2,0,0
55076,2024-12-20 15:52:04,1,8,0,0
48591,2024-12-20 15:54:48,0,5,0,0
49769,2024-12-20 16:05:47,1,8,0,0
57697,2024-12-20 16:11:04,0,7,0,0
44401,2024-12-20 16:11:47,1,2,1,743
15275,2024-12-20 16:23:49,0,5,0,0
95645,2024-12-20 16:49:19,0,6,0,0
55714,2024-12-20 17:23:12,0,8,0,0
11187,2024-12-20 17:29:42,1,3,0,0
14505,2024-12-20 17:30:40,0,5,1,113
22452,2024-12-20 17:36:40,0,9,1,375
10087,2024-12-20 17:38:07,0,2,1,217
85845,2024-12-20 17:42:16,0,6,1,196
77392,2024-12-20 17:54:41,1,9,0,0
34727,2024-12-20 18:20:25,0,7,0,0
9922,2024-12-20 18:21:25,1,3,1,365
57888,2024-12-20 18:40:26,1,5,0,0
4709,2024-12-20 19:00:02,1,3,1,281
15139,2024-12-20 19:01:10,0,9,0,0
82165,2024-12-20 19:03:44,0,10,1,282
16499,2024-12-20 19:06:49,1,9,1,187
65077,2024-12-20 19:09:00,0,1,0,0
70343,2024-12-20 19:15:17,0,3,0,0
40181,2024-12-20 19:15:53,0,10,0,0
35772,2024-12-20 19:15:55,0,9,0,0
80589,2024-12-20 19:26:40,1,2,0,0
10208,2024-12-20 19:29:36,0,11,0,0
38858,2024-12-20 19:29:37,0,6,1,147
82824,2024-12-20 19:32:15,0,10,0,0
93189,2024-12-20 19:33:13,1,4,1,152
89245,2024-12-20 19:35:04,0,8,1,94
58196,2024-12-20 20:01:20,1,5,0,0
5774,2024-12-20 20:03:50,0,8,0,0
41868,2024-12-20 20:09:37,0,4,1,174
16153,2024-12-20 20:14:08,1,8,1,497
6936,2024-12-20 20:21:21,1,9,1,341
94249,2024-12-20 20:31:56,0,7,0,0
13556,2024-12-20 20:34:05,0,11,1,169
16782,2024-12-20 20:40:42,1,6,1,105
48886,2024-12-20 20:42:46,1,7,0,0
71844,2024-12-20 20:56:59,0,8,0,0
72642,2024-12-20 20:57:16,0,6,0,0
59524,2024-12-20 20:58:49,0,5,1,167
17594,2024-12-20 20:59:33,0,10,1,187
81486,2024-12-20 21:00:17,1,4,0,0
20460,2024-12-20 21:01:04,1,7,0,0
60144,2024-12-20 21:27:53,0,7,1,269
65508,2024-12-20 22:11:42,0,10,1,504
8333,2024-12-20 22:15:18,1,5,0,0
8441,2024-12-20 22:16:58,1,6,0,0
98331,2024-12-20 22:26:31,0,4,0,0
73974,2024-12-20 22:29:05,1,9,0,0
33035,2024-12-20 22:45:21,1,8,0,0
68427,2024-12-20 22:52:59,0,11,0,0
58196,2024-12-20 22:53:43,0,6,0,0
10995,2024-12-20 22:55:44,0,2,0,0
68748,2024-12-20 22:59:22,0,5,1,209
98586,2024-12-20 23:10:56,0,6,0,0
64253,2024-12-20 23:18:55,0,4,0,0
79503,2024-12-20 23:37:39,0,8,0,0
42884,2024-12-20 23:47:05,0,4,1,244
19242,2024-12-20 23:59:51,1,3,1,332
35751,2024-12-21 00:54:53,0,6,0,0
45297,2024-12-21 01:04:45,0,6,0,0
44268,2024-12-21 01:06:40,0,8,0,0
78095,2024-12-21 01:28:57,0,3,0,0
13067,2024-12-21 01:39:53,0,5,1,333
80801,2024-12-21 01:55:48,1,5,1,194
53714,2024-12-21 02:06:06,0,8,0,0
83645,2024-12-21 02:26:41,0,1,0,0
4482,2024-12-21 02:38:14,0,2,0,0
52436,2024-12-21 03:04:04,0,12,0,0
940,2024-12-21 03:13:02,0,4,0,0
89948,2024-12-21 03:37:34,0,6,0,0
11853,2024-12-21 04:11:45,0,10,0,0
57436,2024-12-21 04:39:29,0,5,1,142
38513,2024-12-21 04:58:49,1,10,0,0
26966,2024-12-21 05:39:22,0,6,0,0
55806,2024-12-21 05:58:34,0,10,0,0
98212,2024-12-21 06:00:37,0,6,1,136
16025,2024-12-21 06:13:30,1,8,0,0
98586,2024-12-21 07:36:53,0,8,0,0
45446,2024-12-21 08:09:24,0,7,0,0
38989,2024-12-21 08:17:07,0,5,1,148
8728,2024-12-21 08:20:37,0,3,1,228
80746,2024-12-21 08:26:37,0,2,0,0
36616,2024-12-21 08:37:13,0,6,0,0
86297,2024-12-21 08:43:38,0,5,0,0
28006,2024-12-21 09:03:25,0,7,1,152
13325,2024-12-21 09:09:53,0,8,0,0
75102,2024-12-21 09:23:15,1,11,1,138
92332,2024-12-21 09:27:38,1,8,0,0
82016,2024-12-21 09:35:14,0,8,0,0
51809,2024-12-21 09:46:49,0,4,1,226
64203,2024-12-21 09:49:33,1,3,1,196
38002,2024-12-21 09:55:30,0,10,1,230
35218,2024-12-21 09:56:40,0,5,0,0
65841,2024-12-21 10:00:36,0,7,0,0
24277,2024-12-21 10:03:37,0,4,0,0
46855,2024-12-21 10:09:21,1,3,0,0
35481,2024-12-21 10:22:32,1,5,1,124
76944,2024-12-21 10:25:34,0,8,1,244
97106,2024-12-21 10:46:56,0,6,0,0
96064,2024-12-21 10:56:52,1,3,1,312
85827,2024-12-21 10:59:27,1,7,1,104
84473,2024-12-21 11:01:11,0,3,0,0
8441,2024-12-21 11:08:23,0,4,1,136
62360,2024-12-21 11:22:15,1,6,0,0
34032,2024-12-21 11:29:56,1,7,0,0
14149,2024-12-21 11:34:47,0,7,0,0
14959,2024-12-21 11:40:19,1,5,0,0
12332,2024-12-21 11:46:27,0,4,0,0
29305,2024-12-21 11:50:56,0,3,0,0
16979,2024-12-21 12:00:14,0,5,0,0
98996,2024-12-21 12:04:07,1,7,1,151
38863,2024-12-21 12:19:14,1,2,0,0
22636,2024-12-21 12:30:01,0,8,0,0
93781,2024-12-21 12:36:14,0,5,0,0
12510,2024-12-21 12:42:17,0,6,0,0
98828,2024-12-21 12:45:31,0,4,1,203
15425,2024-12-21 12:53:32,0,10,1,174
71844,2024-12-21 12:56:11,0,8,0,0
13402,2024-12-21 12:59:10,0,6,0,0
33832,2024-12-21 13:01:58,0,7,0,0
27928,2024-12-21 13:06:54,0,8,0,0
92781,2024-12-21 13:30:47,0,5,0,0
43754,2024-12-21 13:45:03,1,10,1,137
29094,2024-12-21 13:45:57,0,7,1,157
26492,2024-12-21 13:49:37,0,8,0,0
63528,2024-12-21 14:05:28,0,2,0,0
31178,2024-12-21 14:11:32,1,9,1,349
70947,2024-12-21 14:12:25,0,6,1,230
45297,2024-12-21 14:35:03,0,4,1,170
11639,2024-12-21 14:52:23,0,5,0,0
24277,2024-12-21 15:05:43,0,2,1,331
82943,2024-12-21 15:27:49,0,2,0,0
10657,2024-12-21 15:52:57,1,6,0,0
4484,2024-12-21 15:53:28,1,10,0,0
89649,2024-12-21 16:14:54,0,6,1,283
97211,2024-12-21 16:14:58,1,4,0,0
35218,2024-12-21 16:30:54,1,5,1,156
25247,2024-12-21 16:31:57,1,4,0,0
3327,2024-12-21 16:33:58,0,5,0,0
23900,2024-12-21 16:44:28,0,7,0,0
99970,2024-12-21 16:52:09,0,5,0,0
78106,2024-12-21 17:08:16,0,6,0,0
25617,2024-12-21 17:10:07,1,6,0,0
90282,2024-12-21 17:13:18,1,5,0,0
81100,2024-12-21 17:13:57,1,6,0,0
70923,2024-12-21 17:15:37,1,4,0,0
82787,2024-12-21 17:33:03,0,5,0,0
93652,2024-12-21 17:37:42,0,7,1,396
76936,2024-12-21 18:03:50,0,7,0,0
88273,2024-12-21 18:09:48,0,6,1,248
93959,2024-12-21 18:12:59,1,2,0,0
45525,2024-12-21 18:26:55,1,7,0,0
82875,2024-12-21 18:32:15,0,6,1,358
46892,2024-12-21 18:33:37,0,8,0,0
73031,2024-12-21 18:42:02,0,6,0,0
16782,2024-12-21 18:47:46,0,7,0,0
66741,2024-12-21 18:55:42,0,8,0,0
51422,2024-12-21 19:10:52,1,5,0,0
12332,2024-12-21 19:25:33,0,7,1,404
5528,2024-12-21 19:37:34,1,8,1,286
91855,2024-12-21 19:55:58,0,9,1,253
10995,2024-12-21 20:24:03,1,6,0,0
71247,2024-12-21 20:27:56,0,11,1,189
95638,2024-12-21 20:38:06,0,15,0,0
44875,2024-12-21 20:38:11,1,7,0,0
53714,2024-12-21 20:45:41,1,4,1,484
4052,2024-12-21 20:56:47,1,2,0,0
97367,2024-12-21 21:03:23,0,6,0,0
84517,2024-12-21 21:05:58,0,7,0,0
8603,2024-12-21 21:13:57,1,7,0,0
42603,2024-12-21 21:19:43,1,7,0,0
78485,2024-12-21 21:46:01,0,8,0,0
68427,2024-12-21 21:50:31,0,4,0,0
29395,2024-12-21 22:09:56,0,8,0,0
50442,2024-12-21 22:13:27,0,9,0,0
85573,2024-12-21 22:17:11,0,4,0,0
24489,2024-12-21 22:19:34,0,4,1,159
18243,2024-12-21 22:24:28,0,6,0,0
36636,2024-12-21 22:37:27,0,4,0,0
11097,2024-12-21 22:40:47,0,6,0,0
49315,2024-12-21 22:53:26,1,4,0,0
16153,2024-12-21 22:58:40,0,5,1,180
54191,2024-12-21 23:11:27,0,9,0,0
97476,2024-12-21 23:16:13,0,4,0,0
52898,2024-12-21 23:16:56,1,7,0,0
71296,2024-12-21 23:25:01,0,7,1,102
95764,2024-12-21 23:25:16,0,4,1,329
81578,2024-12-21 23:29:13,1,5,1,260
41659,2024-12-21 23:42:17,1,8,0,0
32510,2024-12-21 23:53:34,0,6,1,236
1810,2024-12-22 00:11:29,1,12,0,0
47511,2024-12-22 00:13:18,0,11,0,0
16377,2024-12-22 00:21:13,0,4,1,449
89182,2024-12-22 00:33:30,0,8,0,0
66111,2024-12-22 00:36:18,1,7,0,0
24489,2024-12-22 00:36:38,1,6,0,0
47777,2024-12-22 01:17:33,0,11,0,0
80058,2024-12-22 01:24:16,1,6,0,0
10995,2024-12-22 01:29:52,0,6,0,0
1692,2024-12-22 01:35:00,0,8,0,0
9319,2024-12-22 01:37:48,0,6,0,0
32611,2024-12-22 01:39:54,0,3,0,0
54197,2024-12-22 02:06:20,1,5,0,0
47511,2024-12-22 03:03:38,0,9,1,114
36661,2024-12-22 03:30:45,1,4,1,233
79339,2024-12-22 03:37:41,0,4,1,171
27479,2024-12-22 03:46:28,1,9,0,0
95638,2024-12-22 04:11:29,0,8,0,0
36616,2024-12-22 04:15:20,0,5,1,289
63667,2024-12-22 04:15:51,1,4,1,142
46967,2024-12-22 04:23:36,0,5,0,0
82865,2024-12-22 04:24:26,1,5,1,189
36422,2024-12-22 04:59:22,0,8,1,252
7079,2024-12-22 05:55:13,0,6,0,0
5389,2024-12-22 06:36:21,0,11,0,0
85960,2024-12-22 07:14:19,0,9,0,0
60503,2024-12-22 07:48:49,0,5,1,161
56795,2024-12-22 07:52:32,0,7,0,0
72919,2024-12-22 08:00:23,1,7,1,194
91951,2024-12-22 08:04:20,0,8,0,0
27097,2024-12-22 08:06:06,0,5,1,82
30876,2024-12-22 08:20:54,0,1,1,211
45374,2024-12-22 08:22:36,1,9,1,192
83203,2024-12-22 08:26:39,0,13,1,144
57888,2024-12-22 08:33:18,0,9,0,0
6501,2024-12-22 08:33:22,0,4,0,0
97515,2024-12-22 08:37:03,0,8,0,0
85849,2024-12-22 08:39:18,0,8,1,142
53945,2024-12-22 08:57:19,0,10,0,0
66741,2024-12-22 08:58:24,1,7,0,0
27097,2024-12-22 09:01:33,1,3,1,686
7539,2024-12-22 09:02:44,0,7,1,226
41655,2024-12-22 09:17:30,0,4,0,0
86297,2024-12-22 09:28:06,1,8,0,0
40606,2024-12-22 09:35:42,1,4,0,0
79648,2024-12-22 09:55:34,0,7,1,184
99022,2024-12-22 09:56:58,0,5,0,0
48886,2024-12-22 10:10:57,1,5,1,355
36098,2024-12-22 10:13:09,0,9,0,0
8378,2024-12-22 10:23:44,0,5,0,0
80632,2024-12-22 10:27:59,0,4,0,0
5643,2024-12-22 10:34:45,0,1,0,0
81231,2024-12-22 10:38:38,0,4,0,0
32571,2024-12-22 10:43:20,1,8,1,182
93928,2024-12-22 10:55:42,0,5,0,0
59524,2024-12-22 10:58:55,1,7,0,0
56276,2024-12-22 11:01:18,1,7,0,0
72533,2024-12-22 11:01:25,0,6,0,0
47631,2024-12-22 11:13:15,0,3,1,376
40606,2024-12-22 11:18:56,1,2,0,0
67761,2024-12-22 11:28:25,0,4,0,0
75770,2024-12-22 11:30:48,1,4,0,0
75304,2024-12-22 11:33:05,0,6,0,0
60071,2024-12-22 11:37:27,0,9,1,105
84473,2024-12-22 11:44:37,1,6,1,167
66741,2024-12-22 11:45:02,1,7,1,251
19735,2024-12-22 11:47:27,0,3,0,0
99970,2024-12-22 11:47:30,0,8,0,0
97106,2024-12-22 11:48:39,0,10,0,0
64253,2024-12-22 11:51:25,0,8,0,0
17839,2024-12-22 12:08:15,1,5,0,0
91745,2024-12-22 12:25:40,1,8,0,0
27031,2024-12-22 12:35:52,0,1,1,357
24262,2024-12-22 12:40:26,0,10,1,238
81287,2024-12-22 12:43:25,0,3,0,0
16499,2024-12-22 12:53:26,1,10,0,0
70947,2024-12-22 13:03:50,1,6,0,0
23745,2024-12-22 13:40:46,0,6,1,247
8531,2024-12-22 13:54:17,0,8,0,0
6208,2024-12-22 14:00:19,0,4,1,306
32140,2024-12-22 14:08:18,0,10,1,408
15512,2024-12-22 14:24:35,1,10,0,0
3654,2024-12-22 14:30:12,0,11,0,0
56607,2024-12-22 14:37:45,0,4,0,0
4907,2024-12-22 14:44:38,0,11,0,0
41926,2024-12-22 14:44:55,1,8,0,0
92867,2024-12-22 14:44:55,1,8,0,0
71101,2024-12-22 14:46:56,0,6,1,313
32510,2024-12-22 15:07:05,0,2,0,0
25455,2024-12-22 15:08:44,0,4,1,450
41860,2024-12-22 15:10:10,0,4,1,184
72467,2024-12-22 15:15:23,0,10,0,0
11856,2024-12-22 15:21:02,1,5,1,445
56198,2024-12-22 15:37:03,0,8,0,0
43517,2024-12-22 15:54:54,0,5,0,0
89649,2024-12-22 16:10:35,0,8,0,0
32894,2024-12-22 16:13:16,0,2,0,0
61745,2024-12-22 16:22:09,0,11,1,287
84307,2024-12-22 16:40:39,1,3,0,0
62364,2024-12-22 16:52:54,0,5,0,0
90282,2024-12-22 17:06:52,1,6,0,0
3973,2024-12-22 17:08:07,0,8,0,0
87481,2024-12-22 17:15:35,1,4,1,222
57128,2024-12-22 17:25:56,0,9,1,219
39448,2024-12-22 17:26:37,1,5,0,0
13478,2024-12-22 17:28:39,0,6,1,287
69206,2024-12-22 17:34:48,1,2,0,0
70923,2024-12-22 17:42:02,0,6,0,0
66354,2024-12-22 17:44:06,0,8,1,335
1513,2024-12-22 17:45:10,0,6,0,0
56198,2024-12-22 17:55:03,0,8,1,125
46474,2024-12-22 17:59:41,0,9,0,0
11907,2024-12-22 18:08:26,0,6,1,251
15352,2024-12-22 18:18:06,0,9,0,0
52705,2024-12-22 18:33:09,0,8,0,0
60975,2024-12-22 18:42:22,1,3,0,0
83383,2024-12-22 18:46:16,1,4,1,151
32376,2024-12-22 18:50:02,0,4,1,151
86713,2024-12-22 18:52:55,0,5,0,0
91034,2024-12-22 18:59:09,0,5,0,0
55631,2024-12-22 19:11:26,1,4,1,159
48044,2024-12-22 19:21:43,1,5,0,0
53215,2024-12-22 19:51:47,0,3,1,236
88542,2024-12-22 20:03:46,0,7,0,0
14262,2024-12-22 20:26:18,0,5,0,0
86861,2024-12-22 20:37:54,0,6,0,0
80058,2024-12-22 20:38:53,0,5,0,0
44954,2024-12-22 20:48:03,1,7,0,0
40579,2024-12-22 20:50:54,0,6,1,127
93142,2024-12-22 21:06:07,1,4,1,169
93782,2024-12-22 21:16:18,0,4,1,182
82124,2024-12-22 21:21:36,0,11,0,0
75077,2024-12-22 21:24:11,0,5,1,113
22821,2024-12-22 21:29:10,0,5,1,154
18243,2024-12-22 21:33:43,0,2,0,0
45691,2024-12-22 21:36:18,0,8,0,0
7539,2024-12-22 21:39:05,0,4,0,0
78324,2024-12-22 21:44:13,0,7,0,0
38002,2024-12-22 21:55:37,0,9,0,0
46958,2024-12-22 22:13:09,0,6,1,212
75304,2024-12-22 22:24:05,1,4,1,156
82212,2024-12-22 22:29:09,0,5,0,0
90154,2024-12-22 22:43:24,0,7,0,0
23689,2024-12-22 22:46:07,0,4,1,256
10475,2024-12-22 22:59:18,0,5,1,490
5986,2024-12-22 23:12:43,0,6,1,205
74870,2024-12-22 23:28:12,0,5,0,0
97703,2024-12-22 23:43:13,0,11,0,0
5389,2024-12-22 23:45:51,0,8,0,0
400,2024-12-23 00:22:26,0,4,0,0
99022,2024-12-23 00:39:20,0,9,0,0
2755,2024-12-23 01:07:56,0,8,0,0
92201,2024-12-23 01:16:00,1,5,1,465
25247,2024-12-23 01:18:13,1,4,1,111
93960,2024-12-23 01:26:21,1,4,0,0
9364,2024-12-23 01:43:49,0,7,1,442
86913,2024-12-23 02:14:01,0,8,0,0
67189,2024-12-23 02:35:03,0,5,0,0
98996,2024-12-23 02:36:20,0,5,0,0
8097,2024-12-23 02:39:56,1,7,0,0
19012,2024-12-23 02:40:11,1,4,0,0
35772,2024-12-23 02:51:39,0,5,1,138
9665,2024-12-23 03:00:09,0,7,1,153
81486,2024-12-23 03:08:54,0,6,0,0
77532,2024-12-23 03:10:36,1,4,0,0
24609,2024-12-23 03:58:44,0,7,0,0
35616,2024-12-23 04:06:08,0,4,0,0
84848,2024-12-23 04:19:59,1,6,1,315
40606,2024-12-23 04:30:33,0,8,0,0
35302,2024-12-23 04:33:53,1,3,0,0
19209,2024-12-23 04:51:24,0,11,0,0
2359,2024-12-23 05:15:14,0,7,0,0
14380,2024-12-23 05:32:08,0,7,0,0
54122,2024-12-23 06:16:31,0,8,0,0
72265,2024-12-23 06:49:30,0,6,1,252
76359,2024-12-23 07:30:14,0,6,1,195
21811,2024-12-23 07:53:30,1,7,0,0
97569,2024-12-23 08:16:45,0,6,0,0
18218,2024-12-23 08:25:06,1,5,0,0
92491,2024-12-23 08:36:28,1,4,0,0
90520,2024-12-23 08:37:19,0,10,0,0
88460,2024-12-23 08:42:48,1,2,0,0
47511,2024-12-23 08:45:15,0,3,0,0
98975,2024-12-23 08:49:47,0,12,0,0
37938,2024-12-23 08:53:29,0,8,1,214
57128,2024-12-23 09:09:48,0,6,0,0
11773,2024-12-23 09:16:52,0,10,0,0
54496,2024-12-23 09:20:42,1,11,0,0
59664,2024-12-23 09:23:07,0,4,0,0
80162,2024-12-23 09:29:31,0,9,0,0
17535,2024-12-23 09:40:25,0,5,1,334
57436,2024-12-23 09:58:05,1,7,1,195
29094,2024-12-23 09:58:27,0,5,1,117
39079,2024-12-23 10:04:09,0,7,1,391
97703,2024-12-23 10:39:24,1,3,1,168
58547,2024-12-23 10:57:38,0,6,0,0
35640,2024-12-23 11:12:16,1,3,1,609
94898,2024-12-23 11:35:32,0,4,0,0
99024,2024-12-23 11:44:17,0,4,0,0
38942,2024-12-23 11:48:09,0,2,0,0
16560,2024-12-23 11:56:12,1,8,1,284
10657,2024-12-23 12:08:45,1,7,1,616
79078,2024-12-23 12:20:35,1,6,1,157
43331,2024-12-23 12:38:10,0,1,0,0
38858,2024-12-23 12:39:59,0,5,0,0
60692,2024-12-23 12:40:25,1,4,0,0
65077,2024-12-23 12:43:29,0,9,1,314
85845,2024-12-23 12:45:35,1,6,0,0
80286,2024-12-23 12:49:47,0,8,0,0
26041,2024-12-23 12:51:32,0,9,1,277
17029,2024-12-23 12:52:50,0,5,0,0
22134,2024-12-23 12:53:33,0,5,0,0
26966,2024-12-23 13:06:33,0,10,0,0
25324,2024-12-23 13:06:39,1,7,1,148
46269,2024-12-23 13:18:40,0,8,0,0
93393,2024-12-23 13:43:12,0,1,1,358
25455,2024-12-23 13:46:05,1,7,1,372
42377,2024-12-23 13:56:51,1,7,1,806
6659,2024-12-23 14:04:03,0,4,1,159
74070,2024-12-23 14:07:16,0,9,0,0
98779,2024-12-23 14:08:10,0,4,1,242
13344,2024-12-23 14:25:48,0,3,0,0
72354,2024-12-23 14:32:25,0,4,0,0
80801,2024-12-23 14:41:19,0,6,1,388
80896,2024-12-23 14:53:19,1,3,0,0
64558,2024-12-23 14:58:04,1,10,0,0
15512,2024-12-23 14:59:14,0,4,0,0
21539,2024-12-23 15:01:17,1,6,0,0
33284,2024-12-23 15:09:54,0,3,0,0
87463,2024-12-23 15:50:49,1,10,0,0
17016,2024-12-23 15:53:23,0,3,0,0
209,2024-12-23 15:53:43,0,4,0,0
22377,2024-12-23 16:06:19,0,8,0,0
49062,2024-12-23 16:14:55,0,3,0,0
87247,2024-12-23 16:17:25,0,13,0,0
46958,2024-12-23 16:26:01,1,7,0,0
8097,2024-12-23 16:28:45,0,7,1,172
92698,2024-12-23 16:29:39,1,5,0,0
76584,2024-12-23 16:31:02,0,4,0,0
12847,2024-12-23 16:32:22,0,8,1,148
40385,2024-12-23 16:44:34,0,11,1,292
8441,2024-12-23 17:16:00,0,8,1,309
89195,2024-12-23 17:16:16,0,4,0,0
13067,2024-12-23 17:18:01,1,3,0,0
1896,2024-12-23 17:18:52,0,6,0,0
76584,2024-12-23 17:19:07,0,6,0,0
5142,2024-12-23 17:33:21,1,8,0,0
248,2024-12-23 17:38:19,0,7,0,0
36136,2024-12-23 17:38:56,0,3,1,882
33035,2024-12-23 17:43:47,0,7,0,0
58113,2024-12-23 17:47:24,0,6,1,143
27974,2024-12-23 18:02:14,0,11,0,0
54496,2024-12-23 18:07:15,0,9,0,0
29395,2024-12-23 18:13:05,1,10,1,173
9364,2024-12-23 18:15:10,0,5,0,0
17015,2024-12-23 18:18:44,0,4,0,0
35049,2024-12-23 18:19:26,1,8,0,0
1768,2024-12-23 18:19:47,1,4,0,0
71296,2024-12-23 18:20:41,0,4,0,0
37938,2024-12-23 18:21:46,1,5,0,0
942,2024-12-23 18:22:32,1,4,0,0
81083,2024-12-23 18:31:06,1,3,1,248
38513,2024-12-23 18:37:07,0,8,0,0
46855,2024-12-23 18:37:29,0,4,1,463
85788,2024-12-23 18:38:19,1,5,0,0
18579,2024-12-23 18:50:36,1,6,1,340
18392,2024-12-23 18:53:53,1,7,1,140
67189,2024-12-23 18:54:23,1,6,1,241
61378,2024-12-23 19:01:11,0,7,0,0
42715,2024-12-23 19:01:19,1,6,1,96
19109,2024-12-23 19:05:33,1,7,0,0
11856,2024-12-23 19:10:29,0,7,0,0
11684,2024-12-23 19:24:30,0,7,0,0
84517,2024-12-23 19:34:31,0,4,0,0
307,2024-12-23 19:34:36,0,8,1,228
14505,2024-12-23 19:40:53,0,5,0,0
36636,2024-12-23 19:58:19,0,5,0,0
69737,2024-12-23 20:06:36,1,1,0,0
3924,2024-12-23 20:07:37,0,4,0,0
66798,2024-12-23 20:32:09,1,8,1,116
71296,2024-12-23 20:50:47,1,8,0,0
90532,2024-12-23 20:52:13,0,6,0,0
79503,2024-12-23 21:02:28,1,6,1,206
79532,2024-12-23 21:02:33,0,9,1,116
83358,2024-12-23 21:18:21,0,5,1,586
56839,2024-12-23 21:28:31,0,6,0,0
64569,2024-12-23 22:05:16,0,10,0,0
6967,2024-12-23 22:06:47,1,7,0,0
52070,2024-12-23 22:14:46,0,7,0,0
84517,2024-12-23 22:23:00,0,8,0,0
26717,2024-12-23 22:24:04,1,5,1,285
81398,2024-12-23 22:37:03,0,8,0,0
30080,2024-12-23 22:55:45,0,8,0,0
79797,2024-12-23 23:00:59,0,7,0,0
69773,2024-12-23 23:14:42,0,4,1,96
91652,2024-12-23 23:19:45,1,4,0,0
74620,2024-12-23 23:23:51,0,2,0,0
7079,2024-12-23 23:28:07,1,7,0,0
4907,2024-12-23 23:42:08,0,9,1,302
96259,2024-12-23 23:46:00,1,8,1,161
95180,2024-12-24 00:47:46,0,4,1,135
16637,2024-12-24 01:26:55,0,5,0,0
92867,2024-12-24 01:45:25,0,6,1,244
35834,2024-12-24 01:52:47,1,6,0,0
63133,2024-12-24 02:04:32,0,3,0,0
51090,2024-12-24 02:05:46,0,4,0,0
57399,2024-12-24 02:35:46,1,11,0,0
60190,2024-12-24 02:51:57,1,5,0,0
15350,2024-12-24 02:55:29,1,7,0,0
36136,2024-12-24 03:03:39,0,2,0,0
65412,2024-12-24 03:07:01,1,7,0,0
66415,2024-12-24 03:08:33,0,10,0,0
29384,2024-12-24 03:26:24,0,9,0,0
98211,2024-12-24 03:59:08,0,11,1,232
17378,2024-12-24 04:24:08,1,9,1,163
76944,2024-12-24 04:29:16,0,9,1,224
47631,2024-12-24 05:09:50,1,8,0,0
79797,2024-12-24 05:26:25,0,3,0,0
97773,2024-12-24 05:51:28,0,5,0,0
70947,2024-12-24 06:26:48,0,6,0,0
9821,2024-12-24 06:43:40,0,4,0,0
39672,2024-12-24 06:57:59,0,6,0,0
8885,2024-12-24 07:03:47,0,7,1,234
92777,2024-12-24 07:17:44,1,9,1,314
209,2024-12-24 07:46:24,0,9,0,0
72814,2024-12-24 07:53:45,0,8,0,0
95645,2024-12-24 07:58:07,0,4,0,0
209,2024-12-24 08:06:23,0,6,0,0
23683,2024-12-24 08:11:36,1,5,0,0
65993,2024-12-24 08:22:03,1,11,0,0
76250,2024-12-24 08:31:39,1,6,0,0
39378,2024-12-24 08:43:34,0,6,0,0
42603,2024-12-24 08:46:48,0,5,0,0
63211,2024-12-24 08:50:54,0,4,0,0
3635,2024-12-24 09:04:32,1,6,0,0
62374,2024-12-24 09:05:42,0,5,0,0
84307,2024-12-24 09:10:16,0,14,0,0
3672,2024-12-24 09:14:51,0,8,0,0
5389,2024-12-24 09:59:21,1,7,0,0
32571,2024-12-24 10:03:11,0,3,0,0
33882,2024-12-24 10:03:59,1,5,0,0
70923,2024-12-24 10:10:37,1,4,0,0
19735,2024-12-24 10:23:59,0,2,1,225
65855,2024-12-24 10:34:13,0,8,0,0
49446,2024-12-24 10:42:01,1,3,0,0
87336,2024-12-24 10:44:34,0,6,0,0
45186,2024-12-24 11:04:27,0,0,0,0
46958,2024-12-24 11:04:54,1,8,0,0
41003,2024-12-24 11:06:11,0,1,0,0
52613,2024-12-24 11:06:18,0,8,0,0
78034,2024-12-24 11:06:52,0,3,1,336
36541,2024-12-24 11:14:18,0,11,1,109
83970,2024-12-24 11:17:32,0,6,0,0
7843,2024-12-24 11:19:40,0,9,0,0
75304,2024-12-24 11:24:00,1,9,0,0
60071,2024-12-24 11:33:30,1,8,0,0
88542,2024-12-24 11:52:31,0,11,0,0
68784,2024-12-24 11:52:59,1,8,0,0
91255,2024-12-24 12:03:31,0,4,0,0
16050,2024-12-24 12:05:36,1,5,1,91
68114,2024-12-24 12:12:31,0,7,0,0
11632,2024-12-24 12:17:51,1,8,1,308
53945,2024-12-24 12:27:22,1,9,0,0
13664,2024-12-24 12:34:42,1,6,1,631
79349,2024-12-24 12:39:06,0,7,1,371
33596,2024-12-24 12:44:04,1,2,0,0
79648,2024-12-24 12:57:23,0,10,1,536
43389,2024-12-24 12:59:42,0,11,0,0
33596,2024-12-24 13:09:52,1,1,1,228
71357,2024-12-24 13:15:24,0,6,0,0
33733,2024-12-24 13:35:08,0,5,1,223
19100,2024-12-24 13:45:06,0,9,0,0
543,2024-12-24 13:55:32,0,6,0,0
60160,2024-12-24 13:58:15,0,7,0,0
47511,2024-12-24 14:15:31,0,5,0,0
38118,2024-12-24 14:16:12,1,2,0,0
94436,2024-12-24 14:18:23,1,2,0,0
57896,2024-12-24 14:25:03,0,7,0,0
17016,2024-12-24 14:26:20,1,5,1,289
20332,2024-12-24 14:34:18,0,9,0,0
16782,2024-12-24 14:49:10,0,7,0,0
69500,2024-12-24 15:32:53,1,2,0,0
43964,2024-12-24 15:40:52,0,7,0,0
16979,2024-12-24 16:02:23,0,3,0,0
70390,2024-12-24 16:08:09,0,8,1,393
84565,2024-12-24 16:16:52,1,5,0,0
89256,2024-12-24 16:20:07,0,5,1,145
41742,2024-12-24 16:42:27,1,8,0,0
38858,2024-12-24 17:20:37,0,11,0,0
43331,2024-12-24 17:29:48,0,5,0,0
70947,2024-12-24 17:32:53,0,5,0,0
67200,2024-12-24 17:33:39,0,8,0,0
96623,2024-12-24 17:39:14,1,6,0,0
51422,2024-12-24 17:59:47,1,5,1,263
58547,2024-12-24 18:00:57,1,10,0,0
47798,2024-12-24 18:09:58,0,9,0,0
67486,2024-12-24 18:10:43,0,7,0,0
51809,2024-12-24 18:42:09,1,6,0,0
10070,2024-12-24 18:44:05,0,7,1,188
96259,2024-12-24 18:45:07,1,3,0,0
19932,2024-12-24 19:00:27,0,7,1,154
2106,2024-12-24 19:03:18,0,9,0,0
64936,2024-12-24 19:05:18,0,8,0,0
51507,2024-12-24 19:10:55,1,8,0,0
9448,2024-12-24 19:14:01,1,5,0,0
35218,2024-12-24 19:20:12,1,7,0,0
19579,2024-12-24 19:47:03,0,4,1,298
82555,2024-12-24 19:49:05,0,7,0,0
67448,2024-12-24 19:52:25,0,8,1,434
8098,2024-12-24 19:53:21,1,7,0,0
40470,2024-12-24 20:07:40,1,7,0,0
69871,2024-12-24 20:11:20,1,5,0,0
5734,2024-12-24 20:24:55,0,3,0,0
5389,2024-12-24 20:29:25,0,5,1,89
41031,2024-12-24 20:58:45,0,4,0,0
95415,2024-12-24 20:59:04,0,8,0,0
64157,2024-12-24 21:25:56,0,6,0,0
74714,2024-12-24 21:34:25,0,2,1,219
29384,2024-12-24 21:35:11,0,0,1,573
31611,2024-12-24 22:00:09,0,5,0,0
35049,2024-12-24 22:00:27,0,2,0,0
25818,2024-12-24 22:08:41,0,6,0,0
88079,2024-12-24 22:12:09,1,7,0,0
82822,2024-12-24 22:37:20,1,7,0,0
2373,2024-12-24 22:42:34,0,9,0,0
12796,2024-12-24 22:43:53,1,7,1,205
18850,2024-12-24 22:44:17,0,15,1,392
32531,2024-12-24 22:49:53,1,10,1,247
59670,2024-12-24 22:59:59,0,4,1,220
41003,2024-12-24 23:04:19,0,13,1,249
93959,2024-12-24 23:07:29,0,5,0,0
83738,2024-12-24 23:18:43,1,6,1,130
45814,2024-12-24 23:20:36,0,7,0,0
97540,2024-12-24 23:31:47,0,4,0,0
51139,2024-12-24 23:32:10,1,4,0,0
27168,2024-12-24 23:49:21,0,8,0,0
79078,2024-12-24 23:50:19,0,4,0,0
52898,2024-12-24 23:54:24,0,7,1,135
95764,2024-12-25 00:03:05,0,3,0,0
42715,2024-12-25 00:09:56,1,7,1,91
23689,2024-12-25 00:14:47,1,4,0,0
43565,2024-12-25 00:34:43,0,7,0,0
69206,2024-12-25 01:18:14,0,3,0,0
86645,2024-12-25 01:51:52,0,5,0,0
32376,2024-12-25 02:04:05,0,6,1,328
95764,2024-12-25 02:22:01,1,2,0,0
86713,2024-12-25 02:29:01,0,2,1,311
624,2024-12-25 02:31:39,1,16,1,144
71529,2024-12-25 02:48:21,0,7,0,0
4732,2024-12-25 03:59:35,0,8,0,0
1990,2024-12-25 04:14:14,1,7,1,188
51507,2024-12-25 04:14:38,0,10,0,0
89245,2024-12-25 04:32:18,0,5,0,0
35868,2024-12-25 05:19:12,0,5,0,0
83738,2024-12-25 05:25:24,1,6,0,0
19209,2024-12-25 05:31:22,0,5,0,0
99332,2024-12-25 05:38:19,0,4,1,260
16025,2024-12-25 05:46:05,1,8,1,328
6501,2024-12-25 05:54:10,1,9,1,484
92599,2024-12-25 05:58:43,0,5,1,244
3327,2024-12-25 06:00:55,0,6,0,0
72533,2024-12-25 06:19:16,1,5,1,1158
98063,2024-12-25 06:33:51,0,3,0,0
4694,2024-12-25 06:39:10,0,11,1,282
1088,2024-12-25 06:50:40,0,5,1,153
78106,2024-12-25 07:10:49,1,5,0,0
77801,2024-12-25 07:14:13,0,6,0,0
1165,2024-12-25 07:57:55,0,7,0,0
8582,2024-12-25 08:06:40,1,9,0,0
45691,2024-12-25 08:11:34,0,4,0,0
52705,2024-12-25 08:21:33,0,6,0,0
97401,2024-12-25 08:26:05,0,4,1,176
71132,2024-12-25 08:27:02,1,5,0,0
32962,2024-12-25 08:32:54,1,6,0,0
68698,2024-12-25 08:37:18,1,5,0,0
16802,2024-12-25 08:38:30,0,6,1,225
99972,2024-12-25 08:41:29,0,5,0,0
33882,2024-12-25 08:46:21,1,8,0,0
25203,2024-12-25 08:46:47,0,2,0,0
21251,2024-12-25 09:00:21,0,7,0,0
4052,2024-12-25 09:06:21,0,7,0,0
73787,2024-12-25 09:22:19,0,9,0,0
14017,2024-12-25 09:31:21,0,5,0,0
92920,2024-12-25 09:40:27,0,5,0,0
11773,2024-12-25 09:40:28,0,5,0,0
42971,2024-12-25 09:44:10,0,4,0,0
37439,2024-12-25 09:54:30,0,6,0,0
55219,2024-12-25 10:04:19,0,6,0,0
99576,2024-12-25 10:41:50,1,11,0,0
40470,2024-12-25 11:16:10,0,7,0,0
66882,2024-12-25 11:27:51,1,6,0,0
74036,2024-12-25 11:38:05,0,6,1,252
8582,2024-12-25 11:44:05,0,3,1,360
68453,2024-12-25 11:50:08,0,8,1,513
82124,2024-12-25 11:54:46,1,4,0,0
70290,2024-12-25 11:55:53,0,4,0,0
22766,2024-12-25 11:56:24,0,8,0,0
25203,2024-12-25 12:04:16,1,2,0,0
59993,2024-12-25 12:11:36,1,5,0,0
23900,2024-12-25 12:34:05,0,5,0,0
62216,2024-12-25 12:35:22,0,1,0,0
61363,2024-12-25 12:35:55,0,6,0,0
57565,2024-12-25 12:52:03,0,6,0,0
88542,2024-12-25 13:05:54,1,7,1,217
38941,2024-12-25 13:09:48,0,5,0,0
41702,2024-12-25 13:25:13,0,6,1,398
64198,2024-12-25 13:29:46,0,8,0,0
93986,2024-12-25 13:31:17,0,7,0,0
88542,2024-12-25 13:40:59,0,7,1,240
74036,2024-12-25 13:56:48,1,11,0,0
85100,2024-12-25 14:07:12,0,7,0,0
45186,2024-12-25 14:23:33,1,7,0,0
77801,2024-12-25 14:38:13,0,2,1,1086
93284,2024-12-25 14:40:13,0,6,1,197
32666,2024-12-25 14:41:10,0,4,0,0
31474,2024-12-25 14:55:34,1,0,0,0
66415,2024-12-25 14:55:42,0,9,0,0
49973,2024-12-25 15:00:07,0,6,1,266
95492,2024-12-25 15:07:43,0,5,0,0
26501,2024-12-25 15:16:37,1,5,0,0
307,2024-12-25 15:26:10,0,7,0,0
33733,2024-12-25 15:26:53,0,5,0,0
18485,2024-12-25 15:37:58,0,6,0,0
85911,2024-12-25 15:38:55,0,5,0,0
40763,2024-12-25 15:45:03,0,8,1,272
94844,2024-12-25 15:48:57,1,6,1,139
26501,2024-12-25 16:16:54,0,6,1,263
75725,2024-12-25 16:18:02,0,7,1,139
93284,2024-12-25 16:30:25,0,9,0,0
49446,2024-12-25 16:38:50,0,6,1,202
35834,2024-12-25 17:07:01,1,6,0,0
90532,2024-12-25 17:25:56,1,7,0,0
42405,2024-12-25 17:25:57,0,4,0,0
88880,2024-12-25 17:26:47,1,13,0,0
16301,2024-12-25 17:34:41,0,6,1,254
77941,2024-12-25 17:42:37,0,2,1,234
9138,2024-12-25 17:42:51,0,5,0,0
41003,2024-12-25 18:13:13,0,3,1,200
90532,2024-12-25 18:16:12,0,4,0,0
86680,2024-12-25 18:18:32,0,7,0,0
9573,2024-12-25 18:21:35,0,7,0,0
66063,2024-12-25 18:23:33,1,7,1,99
41463,2024-12-25 18:27:27,1,6,0,0
46811,2024-12-25 18:31:43,1,6,0,0
69500,2024-12-25 18:35:04,0,5,1,517
42321,2024-12-25 18:50:02,0,3,0,0
31445,2024-12-25 18:51:08,1,5,1,254
85827,2024-12-25 18:55:55,0,3,0,0
61861,2024-12-25 19:01:27,0,3,0,0
38118,2024-12-25 19:03:29,0,3,1,261
3327,2024-12-25 19:23:45,0,5,0,0
68670,2024-12-25 19:36:49,0,3,0,0
97169,2024-12-25 19:51:44,0,9,0,0
5142,2024-12-25 19:52:39,1,2,0,0
26754,2024-12-25 20:02:11,0,4,0,0
45995,2024-12-25 20:20:11,0,1,1,174
79532,2024-12-25 20:33:38,1,6,0,0
89422,2024-12-25 20:44:03,0,7,1,266
46794,2024-12-25 20:49:50,0,9,0,0
33893,2024-12-25 20:53:33,0,9,1,216
151,2024-12-25 20:55:01,1,8,0,0
28379,2024-12-25 21:09:44,0,5,1,225
10657,2024-12-25 21:11:51,1,1,0,0
94898,2024-12-25 21:12:10,1,4,1,87
60144,2024-12-25 21:38:58,0,8,1,280
65077,2024-12-25 22:08:19,0,7,0,0
85849,2024-12-25 22:31:26,0,3,1,276
20414,2024-12-25 22:32:23,0,5,0,0
34032,2024-12-25 22:38:44,0,3,0,0
43093,2024-12-25 22:42:38,0,6,0,0
99755,2024-12-25 22:43:42,0,8,0,0
59492,2024-12-25 22:45:36,0,8,1,224
42884,2024-12-25 23:06:36,0,5,0,0
22509,2024-12-25 23:21:38,0,7,0,0
94958,2024-12-25 23:36:54,0,10,0,0
23373,2024-12-25 23:40:50,0,6,0,0
82188,2024-12-25 23:42:39,0,2,0,0
87877,2024-12-25 23:44:08,0,3,0,0
17029,2024-12-25 23:48:14,0,9,0,0
22636,2024-12-26 00:02:38,0,7,1,310
97540,2024-12-26 00:46:58,0,4,0,0
46653,2024-12-26 00:49:01,0,11,0,0
14777,2024-12-26 00:51:05,0,5,1,389
41860,2024-12-26 01:01:05,0,2,0,0
10530,2024-12-26 01:07:05,1,6,1,295
39101,2024-12-26 02:12:41,0,9,1,314
26953,2024-12-26 02:30:58,0,9,1,183
22766,2024-12-26 02:42:14,0,4,1,185
81533,2024-12-26 02:44:42,0,6,0,0
22528,2024-12-26 02:53:35,0,8,1,225
95402,2024-12-26 03:00:43,0,7,0,0
32286,2024-12-26 03:05:22,1,7,1,174
73968,2024-12-26 03:42:46,1,4,0,0
11419,2024-12-26 03:57:31,0,4,0,0
11009,2024-12-26 04:49:00,1,9,0,0
25170,2024-12-26 05:01:03,0,10,0,0
61586,2024-12-26 05:12:36,0,3,0,0
73806,2024-12-26 05:13:50,0,5,0,0
96480,2024-12-26 05:15:50,0,4,1,250
57875,2024-12-26 05:17:21,0,6,0,0
32510,2024-12-26 05:23:02,0,4,1,187
39715,2024-12-26 06:36:14,1,4,0,0
83203,2024-12-26 06:50:03,1,7,1,350
17378,2024-12-26 07:00:14,1,11,0,0
93928,2024-12-26 07:16:55,0,10,1,175
80754,2024-12-26 08:19:11,0,3,0,0
94249,2024-12-26 08:29:31,0,5,0,0
75304,2024-12-26 09:18:40,0,4,0,0
5774,2024-12-26 09:18:42,0,3,1,269
6299,2024-12-26 09:34:21,1,7,0,0
7822,2024-12-26 09:57:45,1,10,0,0
6600,2024-12-26 10:01:53,1,8,0,0
95975,2024-12-26 10:02:04,0,5,0,0
36636,2024-12-26 10:05:24,0,5,0,0
69470,2024-12-26 10:17:17,1,6,0,0
76901,2024-12-26 10:19:33,1,3,1,311
98221,2024-12-26 10:25:02,0,8,0,0
32286,2024-12-26 11:00:47,1,7,1,180
25533,2024-12-26 11:10:13,0,8,0,0
89649,2024-12-26 11:13:54,0,3,0,0
91255,2024-12-26 11:14:17,0,5,0,0
99972,2024-12-26 11:20:53,0,6,0,0
77116,2024-12-26 11:34:26,0,6,1,267
66111,2024-12-26 11:57:47,0,5,0,0
25048,2024-12-26 12:02:50,0,4,0,0
31513,2024-12-26 12:13:21,0,4,0,0
69814,2024-12-26 12:18:20,1,4,0,0
29608,2024-12-26 12:20:54,0,11,0,0
4136,2024-12-26 12:21:21,0,5,0,0
92332,2024-12-26 12:51:02,0,2,0,0
90800,2024-12-26 12:57:56,1,3,0,0
10847,2024-12-26 13:05:42,0,12,0,0
58272,2024-12-26 13:05:42,1,5,0,0
29898,2024-12-26 13:07:31,0,8,1,217
6432,2024-12-26 13:07:37,0,6,1,221
1839,2024-12-26 13:35:14,0,1,0,0
81231,2024-12-26 13:38:53,0,8,0,0
49973,2024-12-26 13:39:25,0,10,0,0
57436,2024-12-26 13:41:21,1,6,0,0
3635,2024-12-26 13:43:06,1,5,0,0
3908,2024-12-26 13:58:04,1,5,0,0
46811,2024-12-26 13:59:30,0,11,0,0
86553,2024-12-26 14:16:29,1,2,0,0
61625,2024-12-26 14:21:04,0,3,0,0
55219,2024-12-26 14:24:55,0,5,0,0
5351,2024-12-26 14:33:46,0,6,0,0
14380,2024-12-26 14:35:27,0,7,0,0
20284,2024-12-26 14:36:23,1,9,0,0
41129,2024-12-26 15:01:36,1,12,0,0
24489,2024-12-26 15:15:34,0,8,0,0
20332,2024-12-26 15:18:22,0,9,0,0
12847,2024-12-26 15:27:25,0,8,1,349
81533,2024-12-26 15:31:41,0,9,0,0
11853,2024-12-26 15:39:21,0,7,0,0
99352,2024-12-26 15:47:49,1,4,1,125
56198,2024-12-26 15:55:08,0,9,0,0
16802,2024-12-26 15:58:06,1,8,0,0
98779,2024-12-26 16:05:36,1,6,0,0
99352,2024-12-26 16:39:05,1,5,0,0
35185,2024-12-26 16:48:32,0,6,0,0
82016,2024-12-26 16:49:04,0,6,1,237
61799,2024-12-26 17:25:16,0,8,1,265
38002,2024-12-26 17:40:39,1,8,0,0
43889,2024-12-26 17:47:57,1,4,0,0
10657,2024-12-26 17:51:28,0,5,0,0
94312,2024-12-26 17:59:16,1,3,1,226
57399,2024-12-26 17:59:37,0,8,0,0
74579,2024-12-26 18:21:27,0,7,0,0
51437,2024-12-26 18:30:10,0,9,1,445
72919,2024-12-26 18:39:54,0,5,1,107
93986,2024-12-26 18:56:00,1,7,0,0
41702,2024-12-26 18:59:32,0,4,0,0
23219,2024-12-26 19:10:05,0,10,0,0
77116,2024-12-26 19:29:59,0,8,1,434
73692,2024-12-26 19:46:03,0,7,0,0
76901,2024-12-26 20:04:43,1,8,1,190
39101,2024-12-26 20:13:46,1,8,0,0
38109,2024-12-26 20:16:36,0,7,0,0
41310,2024-12-26 20:38:00,1,7,0,0
209,2024-12-26 20:45:56,0,3,1,97
63697,2024-12-26 20:56:42,1,7,1,163
28,2024-12-26 20:58:02,0,6,0,0
65536,2024-12-26 21:14:15,0,5,1,301
65841,2024-12-26 21:20:36,1,9,1,399
82223,2024-12-26 21:21:43,0,4,0,0
59792,2024-12-26 21:26:49,0,4,0,0
46406,2024-12-26 21:44:18,0,5,0,0
89245,2024-12-26 21:48:36,1,5,0,0
40450,2024-12-26 21:48:44,0,2,0,0
3973,2024-12-26 21:57:50,0,10,1,373
15173,2024-12-26 21:59:52,0,10,0,0
56607,2024-12-26 22:11:07,0,4,0,0
88923,2024-12-26 22:20:52,1,5,0,0
75296,2024-12-26 22:20:58,0,4,0,0
42182,2024-12-26 22:27:01,0,5,1,110
48591,2024-12-26 22:30:57,0,2,0,0
91652,2024-12-26 22:55:29,1,3,1,224
35872,2024-12-26 22:56:15,1,6,1,163
44880,2024-12-26 22:58:55,0,4,0,0
28903,2024-12-26 23:07:50,0,9,0,0
248,2024-12-26 23:17:07,0,4,1,982
20902,2024-12-26 23:25:04,0,6,0,0
13117,2024-12-26 23:30:27,0,6,0,0
39672,2024-12-26 23:32:41,0,4,1,256
98212,2024-12-26 23:34:02,0,4,1,393
39172,2024-12-26 23:34:49,1,7,1,184
43478,2024-12-26 23:37:52,0,6,1,210
17956,2024-12-26 23:46:36,0,2,0,0
7843,2024-12-26 23:52:09,0,6,0,0
88079,2024-12-27 00:38:20,1,7,1,355
44880,2024-12-27 01:00:03,0,3,0,0
39696,2024-12-27 01:29:04,1,6,0,0
90154,2024-12-27 02:11:28,0,8,0,0
73974,2024-12-27 02:35:13,0,5,0,0
15074,2024-12-27 03:10:38,1,5,1,122
74235,2024-12-27 03:55:23,1,9,1,150
10813,2024-12-27 04:23:19,0,4,0,0
69987,2024-12-27 05:00:09,0,4,1,184
97540,2024-12-27 05:02:44,0,6,0,0
95326,2024-12-27 06:01:42,0,7,0,0
18392,2024-12-27 06:09:40,0,10,1,282
60498,2024-12-27 06:34:08,0,7,1,244
76936,2024-12-27 07:08:28,1,7,1,197
59844,2024-12-27 07:58:23,1,9,0,0
84319,2024-12-27 08:46:45,0,2,1,273
90247,2024-12-27 08:51:49,0,5,0,0
32212,2024-12-27 09:05:44,0,4,0,0
82188,2024-12-27 09:12:26,1,6,0,0
26501,2024-12-27 09:16:40,0,7,1,190
73326,2024-12-27 09:48:10,0,5,1,362
27259,2024-12-27 09:49:13,0,4,1,207
21848,2024-12-27 10:09:36,1,2,0,0
3908,2024-12-27 10:26:14,1,6,1,326
28323,2024-12-27 10:40:14,0,3,0,0
81398,2024-12-27 10:43:47,0,7,1,212
89256,2024-12-27 10:44:49,0,8,0,0
80956,2024-12-27 10:46:07,1,7,0,0
90414,2024-12-27 11:07:14,0,3,0,0
55707,2024-12-27 11:07:24,0,2,0,0
29518,2024-12-27 11:12:05,0,7,0,0
93142,2024-12-27 11:17:40,0,2,0,0
72664,2024-12-27 11:23:50,0,7,0,0
86680,2024-12-27 12:04:23,1,5,1,92
92491,2024-12-27 12:19:21,0,7,0,0
69515,2024-12-27 12:29:01,1,4,1,194
19735,2024-12-27 12:35:36,0,7,0,0
61363,2024-12-27 12:37:50,1,3,0,0
40721,2024-12-27 12:48:44,0,5,0,0
41601,2024-12-27 12:55:25,0,4,0,0
72354,2024-12-27 13:00:13,0,5,0,0
56996,2024-12-27 13:02:35,0,4,0,0
60498,2024-12-27 13:18:30,1,9,0,0
67851,2024-12-27 13:35:01,0,8,0,0
84524,2024-12-27 13:36:49,0,3,0,0
91017,2024-12-27 13:38:13,1,9,0,0
28590,2024-12-27 13:39:43,0,7,0,0
31474,2024-12-27 13:57:48,0,6,0,0
25818,2024-12-27 13:57:52,0,7,0,0
18308,2024-12-27 14:27:34,1,8,1,257
44296,2024-12-27 14:32:53,1,8,1,224
7739,2024-12-27 14:33:14,0,6,0,0
62035,2024-12-27 14:33:17,1,4,0,0
4117,2024-12-27 14:37:46,1,3,0,0
86577,2024-12-27 14:43:13,0,4,0,0
51507,2024-12-27 14:44:02,1,5,1,295
41310,2024-12-27 14:52:51,0,10,0,0
72323,2024-12-27 15:05:24,1,5,0,0
81481,2024-12-27 15:07:46,1,4,1,300
72110,2024-12-27 15:16:28,0,3,0,0
85827,2024-12-27 15:41:05,0,3,0,0
43331,2024-12-27 15:44:29,0,8,1,393
79079,2024-12-27 15:49:22,1,5,1,199
65077,2024-12-27 15:56:23,0,6,0,0
51121,2024-12-27 15:56:32,0,9,1,190
98996,2024-12-27 16:01:35,0,6,0,0
78106,2024-12-27 16:38:15,0,7,0,0
42624,2024-12-27 16:47:40,0,7,1,201
97581,2024-12-27 16:52:20,1,7,0,0
72642,2024-12-27 16:58:24,0,4,0,0
78095,2024-12-27 17:02:08,0,9,0,0
21077,2024-12-27 17:06:51,1,9,0,0
400,2024-12-27 17:07:54,0,6,1,200
74687,2024-12-27 17:11:12,1,2,0,0
49678,2024-12-27 17:18:29,0,6,0,0
61721,2024-12-27 17:37:45,0,8,1,237
64157,2024-12-27 17:49:20,0,7,1,413
90277,2024-12-27 17:58:53,0,6,1,309
97436,2024-12-27 18:00:27,0,6,0,0
11856,2024-12-27 18:01:29,0,8,1,410
96223,2024-12-27 18:03:02,0,11,0,0
82189,2024-12-27 18:05:02,0,8,0,0
86059,2024-12-27 18:12:27,0,6,0,0
10231,2024-12-27 18:49:23,0,4,0,0
80060,2024-12-27 19:00:06,1,3,0,0
34006,2024-12-27 19:02:32,0,8,0,0
99290,2024-12-27 19:05:37,1,7,0,0
705,2024-12-27 19:12:30,0,5,0,0
6432,2024-12-27 19:16:37,1,6,1,242
64936,2024-12-27 19:24:43,0,8,1,146
9573,2024-12-27 19:26:00,0,3,1,124
79797,2024-12-27 19:45:29,1,5,0,0
86364,2024-12-27 20:07:59,0,3,0,0
5747,2024-12-27 20:08:18,0,4,0,0
32962,2024-12-27 20:33:37,0,7,0,0
57290,2024-12-27 20:41:21,0,5,0,0
83203,2024-12-27 20:48:03,0,4,0,0
95489,2024-12-27 21:19:11,0,4,0,0
73192,2024-12-27 21:25:52,0,6,0,0
23900,2024-12-27 21:27:27,0,6,0,0
46811,2024-12-27 21:28:10,0,7,0,0
26754,2024-12-27 21:43:33,0,11,0,0
57786,2024-12-27 21:44:05,0,9,0,0
30632,2024-12-27 21:54:39,0,8,0,0
56219,2024-12-27 22:16:26,1,6,0,0
54631,2024-12-27 22:17:30,1,7,0,0
16722,2024-12-27 22:25:03,0,5,0,0
84319,2024-12-27 22:29:37,0,3,1,315
2330,2024-12-27 22:34:29,0,6,0,0
45426,2024-12-27 22:55:25,1,4,1,190
942,2024-12-27 22:56:18,0,6,0,0
36098,2024-12-27 23:15:30,1,5,0,0
51139,2024-12-27 23:17:51,0,9,0,0
32666,2024-12-27 23:26:06,1,6,0,0
32949,2024-12-27 23:32:32,1,10,0,0
56198,2024-12-27 23:34:15,0,7,1,183
13840,2024-12-27 23:46:34,0,3,0,0
89256,2024-12-27 23:47:25,1,4,0,0
77941,2024-12-27 23:52:31,0,6,0,0
20395,2024-12-28 00:15:00,0,6,0,0
66063,2024-12-28 00:27:37,0,12,0,0
44666,2024-12-28 00:43:53,1,7,0,0
70343,2024-12-28 00:52:16,0,5,0,0
94846,2024-12-28 01:11:16,0,8,0,0
79339,2024-12-28 01:55:35,0,6,0,0
81231,2024-12-28 02:18:50,1,10,0,0
98080,2024-12-28 02:23:43,0,7,0,0
86645,2024-12-28 02:28:53,0,6,0,0
58587,2024-12-28 02:39:45,0,4,0,0
31675,2024-12-28 03:24:25,0,9,0,0
24277,2024-12-28 04:09:17,0,12,1,616
60431,2024-12-28 04:21:58,0,5,0,0
40450,2024-12-28 04:29:59,1,6,0,0
87237,2024-12-28 04:47:12,0,3,0,0
43521,2024-12-28 05:11:02,0,6,1,286
75273,2024-12-28 05:28:41,0,5,0,0
24239,2024-12-28 05:39:35,0,8,0,0
9448,2024-12-28 06:20:25,0,5,1,153
57875,2024-12-28 06:56:14,0,6,1,276
29384,2024-12-28 07:44:36,0,8,1,236
51437,2024-12-28 07:44:47,0,6,0,0
85236,2024-12-28 08:11:34,1,6,0,0
69953,2024-12-28 08:21:06,0,6,0,0
38463,2024-12-28 08:25:22,0,7,1,371
42779,2024-12-28 08:27:54,0,4,0,0
76159,2024-12-28 08:36:44,0,4,0,0
5389,2024-12-28 08:39:48,1,7,1,92
56896,2024-12-28 08:41:30,1,10,1,154
47631,2024-12-28 08:46:58,0,9,0,0
66814,2024-12-28 09:01:19,0,3,0,0
66063,2024-12-28 09:15:53,0,7,1,425
91652,2024-12-28 09:38:27,1,7,0,0
86364,2024-12-28 09:47:47,0,7,0,0
64198,2024-12-28 09:47:59,0,5,0,0
19735,2024-12-28 09:51:36,0,6,0,0
29094,2024-12-28 10:02:42,0,9,0,0
42405,2024-12-28 10:13:17,1,7,1,397
90790,2024-12-28 10:14:51,0,6,0,0
17535,2024-12-28 10:22:04,0,9,0,0
98932,2024-12-28 10:39:43,0,3,0,0
60148,2024-12-28 10:42:44,0,8,0,0
23219,2024-12-28 11:01:30,1,9,0,0
35785,2024-12-28 11:15:57,1,9,0,0
43252,2024-12-28 11:20:56,0,8,1,188
63422,2024-12-28 11:23:17,0,7,0,0
5643,2024-12-28 11:30:30,1,4,1,203
36255,2024-12-28 11:42:02,0,14,0,0
44210,2024-12-28 11:42:44,0,5,0,0
60975,2024-12-28 11:51:03,1,7,0,0
65536,2024-12-28 11:57:04,0,3,0,0
72692,2024-12-28 12:06:55,0,7,0,0
93180,2024-12-28 12:08:11,0,5,0,0
45814,2024-12-28 12:11:26,0,7,0,0
41379,2024-12-28 12:28:08,1,5,0,0
44977,2024-12-28 12:35:54,0,4,0,0
35834,2024-12-28 12:43:02,0,7,0,0
57888,2024-12-28 12:47:31,0,4,1,121
88460,2024-12-28 13:12:23,0,5,0,0
99987,2024-12-28 13:19:36,0,8,0,0
30876,2024-12-28 13:39:40,0,4,0,0
15173,2024-12-28 13:41:58,1,5,0,0
32949,2024-12-28 13:43:27,0,10,0,0
80286,2024-12-28 13:48:25,0,6,1,401
61305,2024-12-28 13:51:43,1,4,0,0
17647,2024-12-28 13:53:04,0,6,0,0
60431,2024-12-28 14:04:32,0,0,0,0
52139,2024-12-28 14:09:15,1,7,1,546
18946,2024-12-28 14:09:16,0,4,0,0
86861,2024-12-28 14:09:46,0,8,1,157
66111,2024-12-28 14:30:54,0,10,1,227
32387,2024-12-28 14:38:06,0,5,1,49
96712,2024-12-28 15:02:00,0,9,0,0
89958,2024-12-28 15:14:27,0,7,0,0
99970,2024-12-28 15:19:02,1,8,0,0
35481,2024-12-28 15:31:24,0,2,0,0
40450,2024-12-28 15:45:23,0,2,0,0
24722,2024-12-28 16:07:45,0,8,0,0
94958,2024-12-28 16:17:14,1,8,1,194
58454,2024-12-28 16:17:46,1,5,0,0
38369,2024-12-28 16:23:57,0,6,1,150
61142,2024-12-28 16:34:48,1,7,0,0
18308,2024-12-28 16:35:58,0,7,0,0
82212,2024-12-28 16:44:36,1,6,1,296
92069,2024-12-28 16:51:50,1,8,0,0
23219,2024-12-28 17:01:23,0,6,0,0
78324,2024-12-28 17:04:47,0,5,0,0
36661,2024-12-28 17:05:10,0,6,1,119
56666,2024-12-28 17:06:26,0,4,0,0
8098,2024-12-28 17:07:19,0,5,1,312
22452,2024-12-28 17:32:26,0,10,0,0
48886,2024-12-28 17:33:43,0,9,1,196
7843,2024-12-28 17:48:18,1,4,1,123
48988,2024-12-28 18:09:47,0,4,1,144
69866,2024-12-28 18:14:42,0,9,1,190
63211,2024-12-28 18:27:52,0,5,0,0
68801,2024-12-28 18:28:20,0,9,0,0
76250,2024-12-28 18:28:30,0,5,0,0
49166,2024-12-28 18:29:15,0,7,1,524
53110,2024-12-28 18:34:27,0,7,0,0
21550,2024-12-28 18:36:25,0,6,1,343
9138,2024-12-28 18:36:36,0,6,0,0
30632,2024-12-28 18:37:38,0,6,0,0
81579,2024-12-28 18:57:49,1,3,0,0
21762,2024-12-28 19:18:33,0,11,0,0
84524,2024-12-28 19:38:30,0,3,0,0
32802,2024-12-28 19:40:51,0,6,1,122
45426,2024-12-28 19:48:57,1,8,0,0
34006,2024-12-28 20:01:35,1,5,0,0
39422,2024-12-28 20:03:39,0,5,0,0
27097,2024-12-28 20:08:52,1,3,0,0
62035,2024-12-28 20:36:24,0,4,0,0
3246,2024-12-28 20:54:08,1,9,0,0
53215,2024-12-28 21:08:09,1,8,1,86
24806,2024-12-28 21:18:25,0,9,0,0
44573,2024-12-28 21:19:21,0,4,1,229
86713,2024-12-28 21:23:54,0,4,0,0
87237,2024-12-28 21:34:10,0,2,0,0
81481,2024-12-28 21:40:49,0,6,0,0
5528,2024-12-28 21:42:12,1,11,0,0
80707,2024-12-28 21:49:08,0,4,0,0
22406,2024-12-28 22:08:45,0,5,1,330
58272,2024-12-28 22:13:01,1,4,0,0
72097,2024-12-28 22:26:35,0,5,1,238
18946,2024-12-28 22:28:00,1,6,0,0
43137,2024-12-28 22:28:15,0,3,0,0
90532,2024-12-28 22:28:16,0,4,0,0
20284,2024-12-28 22:28:42,0,6,1,113
78635,2024-12-28 22:35:06,0,6,0,0
36394,2024-12-28 22:46:19,0,8,0,0
13117,2024-12-28 22:56:12,0,5,1,177
75296,2024-12-28 23:05:38,0,2,0,0
5227,2024-12-28 23:09:45,0,4,1,104
10798,2024-12-28 23:13:07,0,6,0,0
4260,2024-12-28 23:18:26,0,6,0,0
64846,2024-12-28 23:19:38,1,5,0,0
11853,2024-12-28 23:24:22,0,8,0,0
79339,2024-12-28 23:24:56,0,3,0,0
84565,2024-12-28 23:36:23,0,4,0,0
87247,2024-12-28 23:40:16,0,5,1,248
1871,2024-12-28 23:46:02,0,4,0,0
49852,2024-12-28 23:54:50,0,8,1,144
34608,2024-12-29 00:05:22,0,6,1,482
89195,2024-12-29 00:06:49,0,8,1,192
49769,2024-12-29 00:18:00,0,0,0,0
88943,2024-12-29 00:27:21,1,3,0,0
17981,2024-12-29 00:27:50,0,7,0,0
10070,2024-12-29 00:31:28,0,14,1,246
88079,2024-12-29 00:44:53,0,10,0,0
35716,2024-12-29 01:20:21,0,8,0,0
11331,2024-12-29 01:36:43,0,3,0,0
11684,2024-12-29 01:49:38,0,4,1,213
64237,2024-12-29 01:50:10,0,11,1,358
91745,2024-12-29 02:01:04,0,2,0,0
61378,2024-12-29 02:07:18,1,6,0,0
46846,2024-12-29 02:29:31,1,6,0,0
45400,2024-12-29 02:39:13,1,5,0,0
68670,2024-12-29 02:57:29,1,6,1,370
45691,2024-12-29 03:29:14,0,4,0,0
86913,2024-12-29 04:14:21,1,5,0,0
24356,2024-12-29 04:15:07,0,2,0,0
7564,2024-12-29 04:21:54,0,6,0,0
64235,2024-12-29 04:24:44,0,5,0,0
82822,2024-12-29 04:56:01,0,6,1,374
40248,2024-12-29 05:05:22,1,4,0,0
73304,2024-12-29 05:06:14,0,6,0,0
38002,2024-12-29 06:06:04,1,3,1,236
72642,2024-12-29 06:11:38,1,5,0,0
10657,2024-12-29 06:29:46,0,4,0,0
38989,2024-12-29 06:37:41,1,9,1,197
95415,2024-12-29 06:39:23,1,4,0,0
59844,2024-12-29 07:24:39,0,4,0,0
81231,2024-12-29 07:32:43,0,9,1,268
92781,2024-12-29 07:51:57,0,4,0,0
16499,2024-12-29 08:05:13,0,5,0,0
48819,2024-12-29 08:20:57,1,8,1,164
22636,2024-12-29 08:21:45,0,6,0,0
63008,2024-12-29 08:24:15,0,6,1,171
93998,2024-12-29 08:43:47,1,4,1,387
52346,2024-12-29 08:43:48,1,9,0,0
64454,2024-12-29 09:02:54,1,3,0,0
17378,2024-12-29 09:04:11,1,3,0,0
98063,2024-12-29 09:07:46,0,5,0,0
66882,2024-12-29 09:19:28,1,6,0,0
88459,2024-12-29 09:19:53,1,8,0,0
84209,2024-12-29 09:26:48,1,7,0,0
83970,2024-12-29 09:30:19,1,7,0,0
65412,2024-12-29 09:34:47,0,6,1,227
26075,2024-12-29 09:46:59,1,2,1,150
24277,2024-12-29 09:56:52,0,3,0,0
24806,2024-12-29 10:02:18,0,6,0,0
38885,2024-12-29 10:18:08,0,14,1,290
705,2024-12-29 10:43:29,0,3,0,0
9821,2024-12-29 10:52:58,1,5,1,226
67308,2024-12-29 10:54:50,0,5,0,0
97106,2024-12-29 10:57:02,0,6,1,221
44735,2024-12-29 11:08:05,0,7,0,0
86364,2024-12-29 11:49:03,0,4,1,201
86059,2024-12-29 11:51:42,0,9,1,145
49056,2024-12-29 12:26:47,1,9,0,0
11684,2024-12-29 12:32:36,1,9,1,378
73514,2024-12-29 12:35:19,0,4,1,127
41926,2024-12-29 12:36:42,1,3,1,284
23840,2024-12-29 13:05:24,1,10,1,239
43743,2024-12-29 13:05:34,0,3,0,0
67050,2024-12-29 13:13:26,0,6,0,0
90277,2024-12-29 13:24:07,0,3,1,209
15790,2024-12-29 13:46:23,1,6,1,185
56633,2024-12-29 14:02:12,0,4,0,0
5351,2024-12-29 14:04:16,0,8,0,0
58578,2024-12-29 14:05:37,0,3,0,0
82458,2024-12-29 14:12:42,0,5,0,0
69687,2024-12-29 14:13:44,0,7,0,0
69953,2024-12-29 14:29:27,1,3,0,0
92405,2024-12-29 14:43:51,0,3,0,0
86547,2024-12-29 14:44:46,0,10,0,0
82132,2024-12-29 14:49:42,0,7,0,0
86403,2024-12-29 14:59:49,1,5,0,0
69930,2024-12-29 15:29:36,1,7,0,0
75037,2024-12-29 15:34:46,1,12,0,0
75725,2024-12-29 15:36:13,0,8,0,0
98975,2024-12-29 15:39:53,0,7,0,0
15212,2024-12-29 16:06:17,0,4,0,0
99576,2024-12-29 16:14:21,1,7,0,0
72467,2024-12-29 16:15:39,0,4,0,0
8648,2024-12-29 16:21:51,0,6,1,179
92698,2024-12-29 16:27:28,1,5,0,0
75718,2024-12-29 16:37:05,1,7,0,0
43097,2024-12-29 16:44:20,1,4,1,342
46419,2024-12-29 16:52:36,0,10,0,0
20395,2024-12-29 16:57:46,0,5,1,285
9470,2024-12-29 17:12:47,0,5,0,0
5142,2024-12-29 17:22:29,1,7,0,0
5389,2024-12-29 18:06:06,0,9,0,0
43964,2024-12-29 18:09:30,0,11,0,0
6299,2024-12-29 18:13:53,1,5,0,0
33873,2024-12-29 18:27:12,0,2,0,0
32894,2024-12-29 19:04:55,0,8,1,170
60340,2024-12-29 19:05:28,0,2,1,163
35453,2024-12-29 19:06:03,0,7,1,544
77428,2024-12-29 19:25:12,0,7,1,136
7188,2024-12-29 19:36:25,0,9,0,0
41317,2024-12-29 19:47:51,1,8,0,0
38987,2024-12-29 19:56:59,0,4,0,0
4179,2024-12-29 19:58:12,0,7,0,0
89422,2024-12-29 20:01:04,0,3,0,0
18218,2024-12-29 20:09:22,0,4,0,0
32894,2024-12-29 20:11:55,1,3,0,0
42610,2024-12-29 20:22:08,1,5,0,0
27989,2024-12-29 20:23:07,0,7,1,284
72323,2024-12-29 20:24:57,0,2,0,0
35185,2024-12-29 20:25:04,0,4,0,0
27031,2024-12-29 20:31:16,0,6,0,0
99290,2024-12-29 20:43:04,0,8,0,0
69737,2024-12-29 20:46:19,1,8,0,0
55431,2024-12-29 21:04:39,0,5,1,364
87710,2024-12-29 21:28:40,0,6,0,0
2130,2024-12-29 21:31:27,0,7,1,179
79079,2024-12-29 21:39:47,1,2,1,210
4260,2024-12-29 21:52:51,0,5,0,0
77968,2024-12-29 22:08:53,0,10,1,391
33415,2024-12-29 22:16:21,0,1,0,0
25048,2024-12-29 22:50:33,0,8,0,0
79079,2024-12-29 22:51:27,1,8,0,0
42624,2024-12-29 22:58:46,0,5,1,176
92533,2024-12-29 23:14:47,0,3,0,0
12193,2024-12-29 23:25:26,1,3,0,0
91745,2024-12-29 23:27:54,0,4,1,292
10367,2024-12-29 23:30:20,1,6,0,0
11947,2024-12-30 00:01:46,1,5,1,80
41868,2024-12-30 00:05:40,1,3,1,213
46653,2024-12-30 00:25:50,1,6,1,132
34179,2024-12-30 01:16:15,0,3,1,401
83556,2024-12-30 01:22:25,0,6,1,286
19579,2024-12-30 01:57:33,0,5,0,0
14777,2024-12-30 02:00:49,0,4,1,176
10798,2024-12-30 02:02:33,1,7,0,0
97695,2024-12-30 02:35:42,0,3,0,0
46967,2024-12-30 02:44:38,0,6,1,219
89031,2024-12-30 02:45:27,0,1,1,113
66928,2024-12-30 02:49:52,0,1,1,51
79503,2024-12-30 02:51:52,0,3,0,0
92462,2024-12-30 02:52:28,0,7,0,0
550,2024-12-30 02:58:01,0,8,1,207
97436,2024-12-30 03:16:54,1,4,0,0
99262,2024-12-30 04:00:43,1,9,0,0
46269,2024-12-30 04:15:46,0,9,1,280
58578,2024-12-30 04:22:01,1,6,1,266
68886,2024-12-30 04:22:51,0,3,0,0
22452,2024-12-30 04:25:05,0,5,0,0
15425,2024-12-30 04:30:12,0,7,0,0
98221,2024-12-30 05:06:15,0,5,0,0
43964,2024-12-30 05:34:49,1,7,0,0
56276,2024-12-30 06:39:53,0,7,0,0
42624,2024-12-30 06:45:29,1,4,0,0
29919,2024-12-30 06:55:29,0,7,0,0
17016,2024-12-30 07:07:13,0,7,0,0
19562,2024-12-30 07:16:56,0,9,1,294
942,2024-12-30 07:40:59,0,7,0,0
27989,2024-12-30 07:43:01,1,7,0,0
9448,2024-12-30 07:46:14,0,4,0,0
31171,2024-12-30 08:09:37,0,9,1,336
84209,2024-12-30 08:25:48,0,5,1,215
15633,2024-12-30 08:43:58,0,5,1,264
27097,2024-12-30 08:45:30,1,6,0,0
47872,2024-12-30 08:46:25,1,7,0,0
43389,2024-12-30 09:06:56,0,6,0,0
90414,2024-12-30 09:13:08,0,4,0,0
5747,2024-12-30 09:17:19,0,6,1,423
9999,2024-12-30 09:18:30,0,2,0,0
99804,2024-12-30 09:24:25,1,6,1,276
45691,2024-12-30 09:45:25,0,5,0,0
25698,2024-12-30 09:55:10,0,7,0,0
19242,2024-12-30 09:59:42,1,6,0,0
90127,2024-12-30 10:00:46,0,4,0,0
55431,2024-12-30 10:02:27,0,8,0,0
95645,2024-12-30 10:05:24,0,5,0,0
67638,2024-12-30 10:11:45,0,5,1,472
90414,2024-12-30 10:15:15,1,8,1,439
10530,2024-12-30 10:17:02,0,7,1,179
70773,2024-12-30 10:19:05,0,3,1,102
52346,2024-12-30 10:34:41,1,5,0,0
84485,2024-12-30 10:34:46,1,7,0,0
58519,2024-12-30 10:35:23,0,3,0,0
78095,2024-12-30 10:37:51,0,9,0,0
54631,2024-12-30 10:43:08,0,7,1,266
44666,2024-12-30 10:44:43,0,10,0,0
89649,2024-12-30 10:55:43,1,9,0,0
34347,2024-12-30 10:55:51,0,3,0,0
30934,2024-12-30 11:11:09,1,10,0,0
60071,2024-12-30 11:22:49,0,11,0,0
21251,2024-12-30 11:32:02,0,6,0,0
34009,2024-12-30 11:37:09,0,8,0,0
24670,2024-12-30 11:37:14,1,7,0,0
89195,2024-12-30 11:43:00,0,5,1,283
11805,2024-12-30 11:45:49,0,3,0,0
34603,2024-12-30 11:53:54,0,5,0,0
34009,2024-12-30 11:54:12,0,5,1,347
83153,2024-12-30 12:08:29,0,7,1,303
5991,2024-12-30 12:26:08,1,3,0,0
93142,2024-12-30 12:30:56,1,7,0,0
60144,2024-12-30 12:31:51,0,2,0,0
95653,2024-12-30 12:32:53,1,8,0,0
68427,2024-12-30 12:36:45,1,3,1,212
99825,2024-12-30 12:37:43,0,5,1,192
83530,2024-12-30 12:59:50,0,12,0,0
1990,2024-12-30 13:00:45,1,6,0,0
2505,2024-12-30 13:03:00,1,6,0,0
10367,2024-12-30 13:16:14,0,13,1,435
27989,2024-12-30 13:57:00,0,6,0,0
33201,2024-12-30 13:58:52,0,10,0,0
53714,2024-12-30 14:00:33,0,6,1,242
99022,2024-12-30 14:31:03,0,7,1,106
3973,2024-12-30 14:58:04,0,9,1,240
86553,2024-12-30 15:19:14,0,5,0,0
49381,2024-12-30 15:47:29,1,4,1,240
60601,2024-12-30 15:48:08,0,3,0,0
74796,2024-12-30 15:58:37,0,8,1,75
53153,2024-12-30 16:22:53,0,4,1,212
86976,2024-12-30 16:36:24,1,7,0,0
42038,2024-12-30 16:39:41,0,2,1,332
99987,2024-12-30 16:40:51,0,8,0,0
81447,2024-12-30 16:59:50,1,10,0,0
81231,2024-12-30 17:05:42,0,4,1,173
31826,2024-12-30 17:14:34,1,5,1,151
56258,2024-12-30 17:42:25,0,3,1,234
99351,2024-12-30 17:50:25,1,4,0,0
49678,2024-12-30 17:50:32,1,7,0,0
90808,2024-12-30 17:50:35,0,6,0,0
11907,2024-12-30 18:06:20,0,6,0,0
3993,2024-12-30 18:11:12,0,12,0,0
89649,2024-12-30 18:13:37,1,4,0,0
8603,2024-12-30 18:13:57,0,1,1,253
76901,2024-12-30 18:16:05,1,5,0,0
79503,2024-12-30 18:16:12,0,3,1,166
6475,2024-12-30 18:17:33,1,5,0,0
77832,2024-12-30 18:22:43,0,4,1,174
41926,2024-12-30 18:25:23,0,11,0,0
25406,2024-12-30 18:25:54,0,6,1,266
73514,2024-12-30 18:36:03,1,6,0,0
93284,2024-12-30 18:49:55,1,3,0,0
69352,2024-12-30 18:54:30,0,7,1,183
94844,2024-12-30 19:06:51,0,7,0,0
61745,2024-12-30 19:16:36,0,5,1,134
83556,2024-12-30 19:23:44,0,2,0,0
52055,2024-12-30 19:24:10,0,4,0,0
10666,2024-12-30 19:27:22,1,5,1,500
34157,2024-12-30 19:32:07,0,9,0,0
44880,2024-12-30 19:59:26,0,8,1,472
87152,2024-12-30 20:14:37,0,7,0,0
18015,2024-12-30 20:15:46,1,5,0,0
18850,2024-12-30 20:15:59,1,5,0,0
90824,2024-12-30 20:26:43,1,5,0,0
35716,2024-12-30 20:43:53,0,3,0,0
82223,2024-12-30 20:44:30,0,7,0,0
8885,2024-12-30 21:49:09,0,2,0,0
22766,2024-12-30 21:51:12,1,4,0,0
84848,2024-12-30 21:52:42,1,6,1,120
91255,2024-12-30 22:04:23,0,7,0,0
39101,2024-12-30 22:18:39,1,8,0,0
93422,2024-12-30 22:39:28,0,4,0,0
88273,2024-12-30 22:54:04,0,4,1,230
25324,2024-12-30 22:57:37,0,3,0,0
62699,2024-12-30 23:44:17,0,6,0,0
94738,2024-12-31 00:27:12,1,5,1,334
24670,2024-12-31 00:53:30,0,7,0,0
90824,2024-12-31 01:33:02,0,9,0,0
17457,2024-12-31 02:08:28,1,6,0,0
28668,2024-12-31 02:19:24,1,9,0,0
42252,2024-12-31 02:19:57,0,4,0,0
16782,2024-12-31 02:53:14,0,6,0,0
17535,2024-12-31 03:08:13,0,6,0,0
39425,2024-12-31 03:21:39,0,10,1,429
84567,2024-12-31 03:27:34,0,4,1,360
38987,2024-12-31 03:27:44,0,2,1,124
52055,2024-12-31 03:50:20,0,4,0,0
48591,2024-12-31 03:53:03,0,8,1,217
54197,2024-12-31 05:24:23,0,4,0,0
99576,2024-12-31 05:39:51,0,5,1,290
90247,2024-12-31 05:40:23,1,1,1,260
36219,2024-12-31 06:08:06,0,7,0,0
69206,2024-12-31 06:17:43,1,5,0,0
12671,2024-12-31 07:14:00,0,10,0,0
83153,2024-12-31 07:48:17,0,7,1,64
39101,2024-12-31 07:56:21,0,5,0,0
55806,2024-12-31 07:57:42,0,6,0,0
27031,2024-12-31 08:05:57,0,10,1,135
1768,2024-12-31 08:17:11,0,8,0,0
92477,2024-12-31 08:37:05,0,8,0,0
47830,2024-12-31 08:39:46,0,5,0,0
8531,2024-12-31 08:39:50,1,7,1,146
10946,2024-12-31 09:02:26,0,7,1,339
48241,2024-12-31 09:07:14,1,3,0,0
20332,2024-12-31 09:07:32,0,6,0,0
65213,2024-12-31 09:16:07,0,10,1,312
18302,2024-12-31 09:19:12,0,3,0,0
74687,2024-12-31 09:24:59,0,5,0,0
49419,2024-12-31 10:01:20,1,8,0,0
42715,2024-12-31 10:15:25,0,10,1,69
68670,2024-12-31 10:32:33,0,7,1,173
1668,2024-12-31 10:35:44,0,8,0,0
91255,2024-12-31 10:35:55,0,5,0,0
57896,2024-12-31 10:45:42,1,4,1,177
218,2024-12-31 11:03:40,0,5,0,0
21785,2024-12-31 11:06:07,0,7,0,0
43964,2024-12-31 11:08:48,0,5,0,0
28938,2024-12-31 11:11:41,0,5,0,0
38858,2024-12-31 11:13:00,0,3,0,0
84848,2024-12-31 11:18:43,1,7,0,0
99351,2024-12-31 11:29:14,0,6,0,0
47511,2024-12-31 11:31:48,0,6,0,0
57948,2024-12-31 11:35:14,0,6,1,117
3327,2024-12-31 11:58:39,0,1,1,283
12529,2024-12-31 12:13:32,0,3,0,0
36533,2024-12-31 12:21:18,0,5,0,0
218,2024-12-31 12:22:36,1,5,0,0
68784,2024-12-31 12:23:20,0,8,0,0
19792,2024-12-31 12:23:48,0,6,0,0
55431,2024-12-31 12:30:35,0,10,1,140
39672,2024-12-31 12:41:41,1,3,0,0
48650,2024-12-31 12:43:53,0,7,1,329
4179,2024-12-31 12:51:07,1,7,0,0
73326,2024-12-31 12:53:51,0,5,1,466
38369,2024-12-31 13:06:30,0,5,0,0
68453,2024-12-31 13:11:58,0,9,0,0
18850,2024-12-31 13:20:56,0,7,0,0
34006,2024-12-31 13:27:43,0,7,0,0
69206,2024-12-31 13:37:22,1,2,0,0
49315,2024-12-31 13:45:21,1,4,0,0
75770,2024-12-31 13:57:08,1,12,0,0
39101,2024-12-31 14:06:38,0,5,1,176
47631,2024-12-31 14:07:39,1,5,1,156
58519,2024-12-31 14:13:48,1,6,0,0
21785,2024-12-31 14:17:45,1,2,1,326
45027,2024-12-31 14:24:33,1,11,1,769
48241,2024-12-31 14:25:59,1,4,0,0
55800,2024-12-31 14:26:33,0,8,0,0
13402,2024-12-31 14:33:00,1,8,0,0
46794,2024-12-31 14:38:15,0,8,0,0
40181,2024-12-31 14:39:21,0,10,1,249
69206,2024-12-31 14:40:39,1,4,0,0
39378,2024-12-31 14:49:47,0,14,1,130
90154,2024-12-31 14:56:07,0,7,0,0
58454,2024-12-31 15:00:17,1,3,0,0
95645,2024-12-31 15:03:46,0,9,0,0
53543,2024-12-31 15:04:03,1,5,0,0
17711,2024-12-31 15:12:27,1,9,0,0
8599,2024-12-31 15:24:22,0,7,1,84
89958,2024-12-31 15:45:28,0,6,0,0
11853,2024-12-31 15:52:37,1,9,1,140
71357,2024-12-31 16:15:51,0,7,0,0
34259,2024-12-31 16:31:37,0,8,0,0
22766,2024-12-31 16:34:28,0,8,0,0
10657,2024-12-31 16:50:52,0,5,1,301
36533,2024-12-31 16:51:16,1,11,0,0
32375,2024-12-31 16:54:19,0,2,0,0
63667,2024-12-31 17:17:17,1,4,0,0
42884,2024-12-31 17:20:52,0,5,0,0
85960,2024-12-31 17:23:34,0,5,1,155
67503,2024-12-31 17:26:42,0,10,0,0
41271,2024-12-31 17:33:51,0,4,0,0
9319,2024-12-31 17:40:34,0,6,0,0
56633,2024-12-31 17:40:59,0,9,1,128
75284,2024-12-31 17:50:08,0,6,0,0
11844,2024-12-31 18:08:24,0,1,0,0
20712,2024-12-31 18:31:50,1,6,0,0
77968,2024-12-31 18:40:05,0,2,0,0
8267,2024-12-31 18:42:08,0,7,0,0
43540,2024-12-31 18:44:59,1,7,1,263
16153,2024-12-31 18:50:07,1,3,0,0
59792,2024-12-31 18:50:58,0,4,1,138
72097,2024-12-31 19:06:47,1,11,0,0
8310,2024-12-31 19:12:44,0,4,0,0
45027,2024-12-31 19:26:48,0,4,1,405
67503,2024-12-31 19:30:40,0,5,0,0
22839,2024-12-31 19:33:21,0,8,0,0
61242,2024-12-31 19:55:48,0,9,1,244
90101,2024-12-31 20:02:40,1,5,0,0
95180,2024-12-31 20:12:52,0,6,1,202
26966,2024-12-31 20:19:55,0,3,0,0
17457,2024-12-31 20:21:03,0,4,0,0
48533,2024-12-31 20:30:25,0,7,0,0
83203,2024-12-31 20:30:56,0,5,0,0
19932,2024-12-31 20:47:26,0,3,0,0
45691,2024-12-31 20:53:23,0,4,0,0
6475,2024-12-31 20:58:26,0,4,0,0
56198,2024-12-31 21:04:14,1,3,1,245
42038,2024-12-31 21:05:23,0,7,1,175
84500,2024-12-31 21:08:46,0,8,0,0
2145,2024-12-31 21:20:44,1,3,1,179
65126,2024-12-31 21:23:09,0,6,1,376
61625,2024-12-31 21:26:47,1,7,0,0
39448,2024-12-31 21:29:26,0,7,1,280
64388,2024-12-31 21:36:57,0,6,0,0
10946,2024-12-31 21:45:11,0,4,0,0
13953,2024-12-31 21:47:22,0,10,1,148
81486,2024-12-31 21:51:27,0,10,0,0
89256,2024-12-31 22:01:10,1,8,1,202
94898,2024-12-31 22:19:10,0,7,1,209
39672,2024-12-31 22:34:26,0,3,0,0
12332,2024-12-31 23:05:18,0,4,0,0
2145,2024-12-31 23:22:58,1,5,1,202
18040,2024-12-31 23:38:19,0,8,0,0
20902,2024-12-31 23:51:21,0,2,1,254
90101,2024-12-31 23:52:54,1,3,1,253
44035,2024-12-31 23:55:41,0,5,0,0
63739,2024-12-31 23:59:41,1,4,0,0
