user_id,session_start_dttm,desktop_flag,session_duration_min,purchase_flag,purchase_amount_rub
60498,2025-06-01 00:06:37,0,7,0,0
13363,2025-06-01 00:08:37,1,6,0,0
40007,2025-06-01 00:10:52,0,5,0,0
5361,2025-06-01 00:12:01,0,8,1,326
21338,2025-06-01 00:17:51,0,5,0,0
60051,2025-06-01 00:28:55,0,3,0,0
53974,2025-06-01 00:38:12,0,6,0,0
52031,2025-06-01 00:38:53,0,5,1,501
97328,2025-06-01 00:41:00,0,4,0,0
74125,2025-06-01 00:46:03,0,4,0,0
84123,2025-06-01 00:47:04,1,6,0,0
97475,2025-06-01 00:47:43,0,6,0,0
14842,2025-06-01 00:55:05,0,4,1,467
77532,2025-06-01 00:55:56,0,5,1,583
16025,2025-06-01 01:02:44,0,14,1,442
79986,2025-06-01 01:09:04,0,7,0,0
79301,2025-06-01 01:15:01,0,7,0,0
57145,2025-06-01 01:18:16,0,7,0,0
52703,2025-06-01 01:45:29,1,4,0,0
22309,2025-06-01 01:54:19,0,6,1,291
71120,2025-06-01 01:57:42,0,3,1,594
18517,2025-06-01 02:31:07,0,6,0,0
64358,2025-06-01 02:59:05,1,12,0,0
9465,2025-06-01 03:00:45,1,5,1,357
65907,2025-06-01 03:04:24,0,6,1,332
11776,2025-06-01 03:08:11,0,7,1,319
22169,2025-06-01 03:15:07,1,4,1,273
84964,2025-06-01 03:42:19,0,4,0,0
18125,2025-06-01 03:53:54,0,6,0,0
78670,2025-06-01 04:28:29,0,5,1,375
2960,2025-06-01 04:35:53,1,7,0,0
19436,2025-06-01 04:42:24,0,4,1,509
68479,2025-06-01 04:47:44,0,7,0,0
71576,2025-06-01 05:00:40,0,3,0,0
60139,2025-06-01 05:14:35,1,4,0,0
25586,2025-06-01 05:31:12,0,10,1,350
92017,2025-06-01 05:42:52,0,6,1,564
5661,2025-06-01 05:43:24,0,7,0,0
98679,2025-06-01 05:44:18,0,5,1,502
84237,2025-06-01 05:48:53,0,8,0,0
83,2025-06-01 05:50:11,0,6,1,375
77941,2025-06-01 05:52:27,0,6,0,0
12125,2025-06-01 06:02:44,1,5,0,0
61799,2025-06-01 06:10:24,1,8,0,0
61394,2025-06-01 06:14:00,0,5,1,799
92375,2025-06-01 06:21:07,0,3,0,0
70490,2025-06-01 06:45:56,1,3,0,0
47335,2025-06-01 06:57:43,1,5,0,0
89445,2025-06-01 07:34:48,0,6,0,0
15757,2025-06-01 07:38:05,1,10,1,390
45831,2025-06-01 08:05:08,1,8,0,0
6451,2025-06-01 08:11:20,0,3,0,0
38890,2025-06-01 08:18:21,0,7,1,456
50473,2025-06-01 08:22:38,1,10,1,517
94520,2025-06-01 08:26:46,0,5,0,0
63612,2025-06-01 08:27:43,0,6,0,0
87715,2025-06-01 08:39:28,0,10,0,0
34006,2025-06-01 08:44:26,1,7,0,0
87925,2025-06-01 08:45:29,1,5,0,0
98679,2025-06-01 09:00:09,0,5,0,0
78683,2025-06-01 09:04:45,0,4,0,0
58547,2025-06-01 09:09:02,0,4,0,0
65219,2025-06-01 09:10:09,0,5,1,410
75034,2025-06-01 09:17:32,1,6,0,0
91660,2025-06-01 09:21:49,0,3,1,485
33038,2025-06-01 09:21:51,0,6,0,0
43710,2025-06-01 09:23:56,0,3,0,0
68552,2025-06-01 09:29:38,1,3,1,419
95163,2025-06-01 09:33:14,0,8,0,0
34440,2025-06-01 09:34:36,1,6,0,0
38928,2025-06-01 09:35:47,0,9,0,0
13363,2025-06-01 09:44:52,0,3,0,0
23995,2025-06-01 09:47:41,0,4,0,0
17257,2025-06-01 09:52:49,0,8,1,438
77019,2025-06-01 10:01:13,0,7,1,385
18302,2025-06-01 10:03:43,0,6,0,0
98221,2025-06-01 10:11:24,0,2,0,0
48680,2025-06-01 10:15:31,0,10,0,0
55800,2025-06-01 10:21:55,0,6,0,0
61394,2025-06-01 10:26:57,0,6,1,391
66262,2025-06-01 10:33:38,1,4,0,0
70337,2025-06-01 10:35:12,0,5,0,0
1538,2025-06-01 10:37:20,0,6,1,675
11826,2025-06-01 10:44:56,0,3,0,0
79986,2025-06-01 10:45:53,1,13,0,0
31636,2025-06-01 10:47:49,0,7,0,0
80006,2025-06-01 10:55:45,1,3,0,0
39588,2025-06-01 10:56:27,1,3,0,0
81940,2025-06-01 11:01:06,0,6,0,0
45691,2025-06-01 11:05:29,0,5,0,0
23657,2025-06-01 11:09:59,1,11,0,0
31803,2025-06-01 11:23:50,0,8,0,0
1480,2025-06-01 11:28:39,0,6,1,331
59586,2025-06-01 11:36:07,1,11,0,0
81258,2025-06-01 11:44:19,0,5,0,0
97328,2025-06-01 11:47:58,0,4,0,0
39806,2025-06-01 12:04:44,0,9,0,0
91794,2025-06-01 12:17:48,0,9,1,377
61139,2025-06-01 12:25:55,0,10,1,586
58441,2025-06-01 12:27:06,0,9,0,0
75034,2025-06-01 12:31:06,0,5,1,413
28083,2025-06-01 12:32:39,0,7,1,495
4391,2025-06-01 12:34:16,0,4,1,248
13402,2025-06-01 12:42:24,0,6,0,0
58641,2025-06-01 12:59:56,0,7,1,551
4783,2025-06-01 13:02:40,0,8,0,0
63453,2025-06-01 13:04:31,0,9,1,300
61799,2025-06-01 13:10:49,0,6,0,0
37100,2025-06-01 13:12:05,0,2,1,361
33151,2025-06-01 13:13:31,0,12,1,379
80616,2025-06-01 13:16:55,0,2,0,0
84929,2025-06-01 13:17:04,1,5,0,0
92375,2025-06-01 13:27:37,0,2,0,0
26026,2025-06-01 13:32:09,0,7,0,0
85611,2025-06-01 13:32:34,0,8,1,386
49806,2025-06-01 13:39:35,0,5,0,0
90891,2025-06-01 13:40:04,1,3,0,0
2784,2025-06-01 13:51:49,1,2,0,0
36098,2025-06-01 14:02:56,1,4,1,490
5361,2025-06-01 14:07:45,0,10,1,322
11812,2025-06-01 14:16:06,0,6,1,305
20940,2025-06-01 14:16:13,1,5,1,790
46883,2025-06-01 14:20:14,1,4,1,534
41063,2025-06-01 14:29:12,0,7,1,486
40196,2025-06-01 14:36:06,1,6,0,0
66208,2025-06-01 14:37:53,1,4,0,0
95764,2025-06-01 14:37:55,0,6,0,0
46317,2025-06-01 14:40:10,0,4,1,302
49627,2025-06-01 14:49:09,1,3,1,409
46921,2025-06-01 15:09:16,1,6,1,445
43568,2025-06-01 15:15:46,1,9,0,0
60910,2025-06-01 15:26:04,0,7,0,0
77532,2025-06-01 15:30:46,0,6,0,0
16802,2025-06-01 15:33:04,0,6,0,0
75770,2025-06-01 15:37:15,1,7,1,319
25586,2025-06-01 15:40:18,1,4,0,0
67403,2025-06-01 15:51:15,0,6,0,0
34586,2025-06-01 15:55:13,0,4,1,349
39806,2025-06-01 15:56:36,0,5,0,0
17594,2025-06-01 15:58:16,1,8,0,0
506,2025-06-01 16:02:46,0,6,1,507
43192,2025-06-01 16:03:23,1,7,1,302
30713,2025-06-01 16:06:21,0,4,1,355
8194,2025-06-01 16:08:43,0,12,0,0
29300,2025-06-01 16:14:27,0,5,0,0
9151,2025-06-01 16:16:02,0,11,0,0
48471,2025-06-01 16:19:54,0,9,0,0
22329,2025-06-01 16:26:32,0,5,0,0
61727,2025-06-01 16:29:00,0,9,0,0
69866,2025-06-01 16:33:41,0,4,1,299
44925,2025-06-01 16:35:49,1,6,0,0
8890,2025-06-01 16:36:32,0,5,1,364
79301,2025-06-01 16:44:44,0,4,1,334
42603,2025-06-01 16:46:15,1,5,0,0
87237,2025-06-01 16:46:58,0,4,1,259
18213,2025-06-01 16:50:53,1,6,0,0
59954,2025-06-01 16:53:40,0,3,0,0
82825,2025-06-01 16:57:29,0,8,0,0
53974,2025-06-01 17:00:36,1,8,0,0
9092,2025-06-01 17:02:17,1,11,0,0
79182,2025-06-01 17:06:24,1,3,1,266
65862,2025-06-01 17:10:39,0,4,0,0
50204,2025-06-01 17:11:56,0,8,0,0
7298,2025-06-01 17:21:30,0,2,0,0
20853,2025-06-01 17:26:00,0,7,1,534
53729,2025-06-01 17:30:47,1,4,0,0
56896,2025-06-01 17:36:48,1,3,0,0
80006,2025-06-01 17:39:48,0,1,1,462
26073,2025-06-01 17:49:44,1,3,1,557
69897,2025-06-01 17:51:58,1,5,0,0
69183,2025-06-01 17:56:45,0,5,0,0
19503,2025-06-01 17:58:43,0,5,0,0
75770,2025-06-01 17:59:56,0,9,0,0
54883,2025-06-01 18:01:59,0,5,0,0
52139,2025-06-01 18:05:50,0,8,0,0
59650,2025-06-01 18:09:28,0,2,1,295
30032,2025-06-01 18:10:37,0,6,0,0
24678,2025-06-01 18:23:31,0,1,0,0
88792,2025-06-01 18:26:02,0,5,0,0
67603,2025-06-01 18:31:37,0,3,0,0
28679,2025-06-01 18:31:53,0,9,1,414
10917,2025-06-01 18:33:58,1,4,0,0
75380,2025-06-01 18:38:42,0,3,1,589
19128,2025-06-01 18:41:08,1,9,0,0
55631,2025-06-01 18:57:25,0,6,1,254
78119,2025-06-01 18:59:35,1,11,1,575
7890,2025-06-01 18:59:43,0,8,1,306
86449,2025-06-01 19:01:12,0,4,0,0
5852,2025-06-01 19:06:21,1,4,1,770
65254,2025-06-01 19:08:01,1,4,0,0
6953,2025-06-01 19:11:12,0,5,0,0
47427,2025-06-01 19:19:04,0,7,0,0
72330,2025-06-01 19:19:47,0,3,0,0
99045,2025-06-01 19:34:43,0,10,1,372
59683,2025-06-01 19:37:10,0,6,0,0
19729,2025-06-01 19:40:12,0,6,0,0
3654,2025-06-01 19:47:04,0,6,1,480
40578,2025-06-01 19:49:56,1,7,0,0
38671,2025-06-01 19:51:18,0,5,0,0
85967,2025-06-01 20:04:37,1,1,0,0
16725,2025-06-01 20:05:08,0,1,0,0
92130,2025-06-01 20:07:35,0,8,1,390
97826,2025-06-01 20:08:35,1,8,1,459
98118,2025-06-01 20:09:22,0,5,1,673
50063,2025-06-01 20:20:55,0,2,1,299
94148,2025-06-01 20:28:54,0,5,0,0
1056,2025-06-01 20:35:38,0,7,0,0
74687,2025-06-01 20:41:46,1,10,0,0
5038,2025-06-01 20:45:23,0,6,1,462
18243,2025-06-01 21:02:03,0,6,0,0
96917,2025-06-01 21:09:45,0,5,0,0
5614,2025-06-01 21:15:17,1,9,1,260
98577,2025-06-01 21:20:57,0,5,0,0
81091,2025-06-01 21:26:48,0,3,0,0
34219,2025-06-01 21:29:22,0,5,0,0
53141,2025-06-01 21:33:26,1,3,0,0
25586,2025-06-01 21:44:02,0,6,1,418
15460,2025-06-01 21:59:22,1,9,0,0
70923,2025-06-01 22:08:02,0,6,0,0
27571,2025-06-01 22:23:21,0,3,0,0
35505,2025-06-01 22:23:54,0,7,0,0
36279,2025-06-01 22:24:09,0,9,1,538
49362,2025-06-01 22:26:35,1,1,1,437
95622,2025-06-01 22:35:19,0,13,0,0
86148,2025-06-01 22:38:33,0,4,0,0
78642,2025-06-01 22:39:48,0,5,0,0
13464,2025-06-01 22:41:31,0,8,1,735
61727,2025-06-01 23:02:14,0,5,1,380
15985,2025-06-01 23:07:04,0,3,0,0
39634,2025-06-01 23:10:44,1,5,0,0
99045,2025-06-01 23:24:26,1,7,0,0
6389,2025-06-01 23:24:38,0,10,1,483
77970,2025-06-01 23:41:37,1,7,0,0
33307,2025-06-01 23:52:11,0,5,1,400
28778,2025-06-01 23:54:41,0,8,0,0
89384,2025-06-01 23:56:29,0,4,0,0
57563,2025-06-02 00:04:34,0,5,0,0
23466,2025-06-02 00:08:44,1,8,0,0
58547,2025-06-02 00:11:17,0,7,0,0
15460,2025-06-02 00:23:47,1,6,0,0
69515,2025-06-02 00:37:28,1,3,0,0
5740,2025-06-02 00:40:34,0,4,0,0
89162,2025-06-02 01:01:39,1,4,1,361
15804,2025-06-02 01:12:53,0,4,1,405
58441,2025-06-02 01:33:02,0,5,1,267
29829,2025-06-02 01:39:18,0,6,1,206
97436,2025-06-02 01:48:11,0,7,0,0
21338,2025-06-02 01:55:46,0,10,1,358
95489,2025-06-02 01:58:05,0,8,0,0
30568,2025-06-02 02:25:35,1,5,0,0
12373,2025-06-02 02:42:53,0,9,0,0
99258,2025-06-02 02:42:59,1,8,0,0
77414,2025-06-02 03:31:41,1,5,0,0
62938,2025-06-02 03:36:59,1,9,0,0
66455,2025-06-02 03:40:15,0,8,1,557
47009,2025-06-02 03:53:17,0,6,0,0
59954,2025-06-02 03:56:20,0,4,0,0
7298,2025-06-02 04:10:29,1,4,0,0
50018,2025-06-02 04:12:06,1,5,0,0
6439,2025-06-02 04:25:57,0,10,0,0
66214,2025-06-02 04:28:54,0,4,0,0
55702,2025-06-02 04:31:41,0,6,0,0
21584,2025-06-02 04:43:31,1,7,0,0
42063,2025-06-02 04:45:51,1,4,0,0
19436,2025-06-02 05:04:39,0,7,0,0
59000,2025-06-02 05:33:42,0,8,0,0
25951,2025-06-02 05:36:07,0,8,0,0
89935,2025-06-02 06:02:25,0,3,1,453
39677,2025-06-02 06:13:23,1,6,1,254
71139,2025-06-02 06:25:48,0,5,1,518
54158,2025-06-02 06:40:13,0,3,1,335
79916,2025-06-02 06:42:05,0,7,1,297
19364,2025-06-02 06:44:22,1,10,0,0
82825,2025-06-02 06:45:45,1,12,0,0
94151,2025-06-02 06:55:56,0,6,0,0
12373,2025-06-02 06:57:04,0,5,0,0
78794,2025-06-02 07:06:49,0,5,0,0
61131,2025-06-02 07:12:58,0,3,0,0
14547,2025-06-02 07:17:49,0,8,1,295
11895,2025-06-02 07:19:30,0,5,0,0
86059,2025-06-02 07:27:49,0,5,0,0
99744,2025-06-02 07:41:41,1,3,1,287
52031,2025-06-02 07:43:23,0,5,0,0
21463,2025-06-02 07:43:37,1,8,0,0
65463,2025-06-02 08:01:39,1,8,0,0
40007,2025-06-02 08:07:15,0,5,0,0
38002,2025-06-02 08:07:56,0,7,0,0
30550,2025-06-02 08:11:51,1,6,0,0
97856,2025-06-02 08:26:34,1,8,0,0
83313,2025-06-02 08:30:19,1,6,1,416
22134,2025-06-02 08:32:25,0,8,0,0
81081,2025-06-02 08:43:42,1,8,0,0
92012,2025-06-02 08:44:57,0,7,0,0
46846,2025-06-02 08:47:19,1,6,0,0
58007,2025-06-02 08:58:04,0,2,0,0
28762,2025-06-02 09:00:31,1,9,1,404
12571,2025-06-02 09:06:11,0,8,0,0
88075,2025-06-02 09:12:53,1,6,1,473
66415,2025-06-02 09:12:56,0,5,0,0
55431,2025-06-02 09:18:06,1,2,0,0
26755,2025-06-02 09:20:11,0,6,1,329
6023,2025-06-02 09:20:27,1,5,0,0
87507,2025-06-02 09:22:03,0,4,1,458
88299,2025-06-02 09:30:53,0,8,0,0
90346,2025-06-02 09:31:04,0,4,0,0
62021,2025-06-02 09:35:14,1,9,0,0
32531,2025-06-02 09:52:46,0,4,0,0
32474,2025-06-02 09:54:16,0,2,0,0
40567,2025-06-02 09:57:30,0,5,0,0
45297,2025-06-02 10:03:19,0,9,1,287
96950,2025-06-02 10:07:25,0,3,1,478
31655,2025-06-02 10:08:13,0,4,0,0
71962,2025-06-02 10:13:18,0,4,0,0
45831,2025-06-02 10:14:09,0,7,1,306
83562,2025-06-02 10:18:20,0,4,0,0
4783,2025-06-02 10:20:31,0,7,0,0
16786,2025-06-02 10:35:14,0,8,0,0
6023,2025-06-02 10:41:11,0,4,0,0
50207,2025-06-02 10:49:20,1,3,0,0
87715,2025-06-02 10:54:03,1,4,1,441
23657,2025-06-02 10:58:46,0,4,1,496
31137,2025-06-02 11:17:42,1,8,0,0
50395,2025-06-02 11:18:32,0,6,0,0
40248,2025-06-02 11:18:34,0,7,0,0
28711,2025-06-02 11:18:43,0,8,0,0
90891,2025-06-02 11:39:44,0,2,0,0
43470,2025-06-02 11:40:46,0,10,0,0
41317,2025-06-02 11:46:02,0,6,0,0
39655,2025-06-02 11:49:05,1,7,0,0
91700,2025-06-02 11:50:13,1,11,0,0
45033,2025-06-02 11:52:56,0,9,1,226
54122,2025-06-02 11:57:09,1,7,0,0
46541,2025-06-02 12:00:58,1,5,1,373
5361,2025-06-02 12:15:41,0,11,1,248
82791,2025-06-02 12:22:20,0,2,0,0
85564,2025-06-02 12:24:16,1,7,1,616
21231,2025-06-02 12:24:27,0,5,0,0
19364,2025-06-02 12:27:30,1,3,1,377
84851,2025-06-02 12:28:06,1,2,0,0
85101,2025-06-02 12:46:19,0,4,0,0
94520,2025-06-02 12:51:14,1,4,0,0
52158,2025-06-02 13:09:14,0,4,0,0
99258,2025-06-02 13:13:11,0,5,0,0
92406,2025-06-02 13:16:29,1,6,0,0
48509,2025-06-02 13:21:39,0,10,0,0
85661,2025-06-02 13:23:26,1,10,1,316
27540,2025-06-02 13:36:02,0,6,0,0
31023,2025-06-02 13:39:17,0,2,0,0
20481,2025-06-02 13:58:24,0,4,0,0
96134,2025-06-02 14:00:06,0,7,1,470
85858,2025-06-02 14:05:03,0,6,0,0
10204,2025-06-02 14:08:50,0,7,0,0
93869,2025-06-02 14:26:28,1,9,1,258
77775,2025-06-02 14:28:31,0,5,1,452
36500,2025-06-02 14:36:23,0,11,0,0
4618,2025-06-02 14:36:39,0,5,1,167
16096,2025-06-02 14:38:36,1,9,1,286
5687,2025-06-02 14:39:02,0,10,0,0
98118,2025-06-02 15:07:45,0,6,0,0
61545,2025-06-02 15:11:15,0,3,0,0
97475,2025-06-02 15:18:50,0,6,0,0
13578,2025-06-02 15:48:09,0,6,1,378
16164,2025-06-02 16:04:44,0,7,0,0
51769,2025-06-02 16:05:00,0,4,0,0
80407,2025-06-02 16:05:46,0,7,0,0
70666,2025-06-02 16:12:05,0,5,1,320
31666,2025-06-02 16:16:33,1,4,1,443
9151,2025-06-02 16:19:09,0,6,0,0
69897,2025-06-02 16:34:02,0,8,1,386
65862,2025-06-02 16:43:09,0,8,0,0
13370,2025-06-02 17:12:06,0,7,0,0
77775,2025-06-02 17:15:31,0,4,0,0
1513,2025-06-02 17:16:06,1,4,0,0
90321,2025-06-02 17:16:56,0,6,0,0
67781,2025-06-02 17:35:35,1,8,0,0
76962,2025-06-02 17:37:04,0,6,1,352
11886,2025-06-02 17:42:21,1,6,0,0
83294,2025-06-02 17:51:16,0,4,0,0
94520,2025-06-02 17:52:04,0,6,0,0
31998,2025-06-02 17:52:48,0,5,0,0
52139,2025-06-02 17:53:19,0,8,0,0
1932,2025-06-02 17:55:59,1,5,1,485
95260,2025-06-02 18:03:17,0,9,0,0
81258,2025-06-02 18:06:33,0,6,0,0
99219,2025-06-02 18:07:59,0,11,1,595
33294,2025-06-02 18:13:26,0,10,0,0
55812,2025-06-02 18:14:02,0,7,1,424
84750,2025-06-02 18:19:27,1,13,0,0
94006,2025-06-02 18:19:28,1,7,0,0
79785,2025-06-02 18:28:25,0,11,0,0
67063,2025-06-02 18:40:06,0,6,0,0
20481,2025-06-02 18:43:40,0,5,1,271
34170,2025-06-02 18:45:40,0,8,0,0
41183,2025-06-02 18:49:57,0,9,1,553
93815,2025-06-02 18:50:55,0,2,0,0
8885,2025-06-02 18:56:25,0,3,1,292
24794,2025-06-02 19:00:27,0,3,0,0
95260,2025-06-02 19:00:32,1,5,0,0
25469,2025-06-02 19:00:59,0,2,0,0
3505,2025-06-02 19:01:57,1,6,1,334
33342,2025-06-02 19:12:17,0,10,0,0
501,2025-06-02 19:20:04,1,8,0,0
43578,2025-06-02 19:22:11,0,2,1,347
54599,2025-06-02 19:24:02,0,4,0,0
89424,2025-06-02 19:26:25,0,10,0,0
62941,2025-06-02 19:27:23,0,5,1,234
31557,2025-06-02 19:48:48,0,7,0,0
5622,2025-06-02 19:48:59,0,9,1,387
13370,2025-06-02 19:49:20,0,7,0,0
93123,2025-06-02 19:54:30,0,2,1,606
49553,2025-06-02 19:54:50,0,4,1,335
59680,2025-06-02 19:59:24,0,6,1,485
59683,2025-06-02 20:09:21,0,4,1,472
20778,2025-06-02 20:16:12,1,4,0,0
29829,2025-06-02 20:25:43,0,2,1,374
78795,2025-06-02 20:39:29,1,3,0,0
36636,2025-06-02 20:40:03,0,4,0,0
49902,2025-06-02 20:43:19,0,4,0,0
98577,2025-06-02 20:43:26,0,11,0,0
98073,2025-06-02 20:43:59,1,5,0,0
64075,2025-06-02 20:46:03,0,3,0,0
44143,2025-06-02 20:46:28,1,6,1,314
63739,2025-06-02 20:46:38,1,10,0,0
41720,2025-06-02 20:53:18,1,5,1,383
47830,2025-06-02 20:53:33,0,5,1,474
61625,2025-06-02 20:56:36,0,4,1,268
3782,2025-06-02 21:00:33,0,4,0,0
68479,2025-06-02 21:01:39,0,11,1,428
1837,2025-06-02 21:04:54,0,6,0,0
7408,2025-06-02 21:08:56,0,6,0,0
48680,2025-06-02 21:10:26,0,7,1,229
9838,2025-06-02 21:12:08,0,6,0,0
90321,2025-06-02 21:17:42,0,10,0,0
61883,2025-06-02 21:24:50,0,2,0,0
26179,2025-06-02 21:31:38,1,2,1,303
23319,2025-06-02 21:35:17,0,8,1,252
95260,2025-06-02 21:41:18,1,6,0,0
84003,2025-06-02 21:45:14,0,9,0,0
8194,2025-06-02 21:57:17,0,8,1,352
67590,2025-06-02 22:02:59,1,5,1,324
82825,2025-06-02 22:03:13,0,3,0,0
17554,2025-06-02 22:04:02,1,5,0,0
59492,2025-06-02 22:05:07,0,3,1,316
67765,2025-06-02 22:08:07,0,3,1,331
2850,2025-06-02 22:12:20,0,7,0,0
357,2025-06-02 22:12:21,0,4,0,0
89935,2025-06-02 22:19:23,0,7,0,0
39787,2025-06-02 22:20:07,0,5,0,0
53527,2025-06-02 22:23:03,1,6,1,885
88923,2025-06-02 22:24:47,0,5,0,0
19096,2025-06-02 22:25:16,1,4,1,452
46802,2025-06-02 22:39:48,1,4,1,344
38121,2025-06-02 22:48:19,0,1,1,768
1124,2025-06-02 22:55:19,1,5,0,0
97508,2025-06-02 23:07:06,0,6,1,271
77941,2025-06-02 23:07:41,1,4,0,0
74136,2025-06-02 23:23:07,0,3,0,0
43192,2025-06-02 23:34:34,0,6,0,0
13402,2025-06-02 23:39:24,1,7,1,333
64450,2025-06-02 23:43:14,0,9,1,518
82270,2025-06-02 23:44:08,0,6,0,0
67130,2025-06-02 23:49:00,0,3,1,294
48362,2025-06-02 23:50:25,0,2,0,0
36858,2025-06-02 23:58:51,0,4,1,332
13877,2025-06-03 00:06:56,0,3,0,0
44779,2025-06-03 00:16:03,0,9,1,231
94520,2025-06-03 00:19:41,1,5,0,0
6274,2025-06-03 00:39:30,0,8,0,0
19157,2025-06-03 01:11:26,0,5,1,556
70339,2025-06-03 01:11:47,0,4,0,0
96460,2025-06-03 01:24:53,0,3,0,0
84028,2025-06-03 01:30:44,0,6,0,0
53109,2025-06-03 01:30:45,0,10,0,0
69938,2025-06-03 01:48:02,0,8,1,416
8894,2025-06-03 02:04:25,0,7,1,379
95163,2025-06-03 02:05:04,1,8,1,286
64358,2025-06-03 02:19:19,0,7,0,0
65208,2025-06-03 02:24:42,0,5,0,0
65868,2025-06-03 02:36:00,0,5,0,0
88299,2025-06-03 03:20:16,0,5,0,0
11529,2025-06-03 03:20:40,0,2,1,494
17355,2025-06-03 03:34:25,1,6,0,0
65180,2025-06-03 03:39:35,1,5,0,0
53687,2025-06-03 03:46:14,0,7,1,610
90848,2025-06-03 03:56:56,0,4,0,0
36422,2025-06-03 03:58:52,1,5,0,0
89572,2025-06-03 04:16:49,0,5,1,280
74206,2025-06-03 04:31:20,0,9,1,562
98385,2025-06-03 04:33:01,0,5,1,417
48509,2025-06-03 04:34:25,0,4,0,0
60498,2025-06-03 04:48:57,0,5,1,354
30905,2025-06-03 04:59:51,0,5,0,0
17594,2025-06-03 05:00:06,0,7,0,0
88923,2025-06-03 05:01:37,0,5,0,0
89935,2025-06-03 05:23:31,0,6,0,0
47598,2025-06-03 05:54:43,0,9,0,0
78795,2025-06-03 06:12:35,1,6,0,0
66214,2025-06-03 06:18:25,1,2,0,0
9387,2025-06-03 06:25:13,1,6,0,0
436,2025-06-03 06:26:52,0,8,0,0
23556,2025-06-03 06:27:20,0,10,0,0
506,2025-06-03 06:45:53,0,5,0,0
97240,2025-06-03 06:50:05,0,2,0,0
19718,2025-06-03 06:57:12,0,5,0,0
99455,2025-06-03 07:00:02,0,3,0,0
71962,2025-06-03 07:17:28,1,4,0,0
23332,2025-06-03 07:52:21,0,8,0,0
78591,2025-06-03 08:02:50,1,2,0,0
53109,2025-06-03 08:04:24,1,3,1,438
96223,2025-06-03 08:13:33,1,8,0,0
75061,2025-06-03 08:20:20,1,9,1,368
9377,2025-06-03 08:20:49,0,10,0,0
8310,2025-06-03 08:21:03,0,7,1,525
95857,2025-06-03 08:21:34,0,4,0,0
95163,2025-06-03 08:32:10,1,4,0,0
36903,2025-06-03 08:32:19,1,5,0,0
12746,2025-06-03 08:35:41,1,3,0,0
38031,2025-06-03 08:45:04,0,8,0,0
36522,2025-06-03 08:49:05,0,9,0,0
68552,2025-06-03 08:49:51,0,7,0,0
59707,2025-06-03 08:50:34,0,7,0,0
18637,2025-06-03 08:58:52,0,7,0,0
21113,2025-06-03 08:59:52,0,9,0,0
28031,2025-06-03 09:10:09,0,2,1,269
47427,2025-06-03 09:17:09,1,7,0,0
56283,2025-06-03 09:18:25,1,5,1,329
14687,2025-06-03 09:18:59,1,9,0,0
6757,2025-06-03 09:38:58,1,7,0,0
4565,2025-06-03 09:47:17,0,2,0,0
84500,2025-06-03 09:52:56,0,6,1,322
49471,2025-06-03 09:59:04,0,5,1,375
16465,2025-06-03 10:04:59,0,4,1,608
95163,2025-06-03 10:05:27,1,5,1,366
84762,2025-06-03 10:12:31,1,9,1,341
86428,2025-06-03 10:15:27,0,2,1,403
21231,2025-06-03 10:15:44,0,8,0,0
85226,2025-06-03 10:16:00,0,4,1,404
89736,2025-06-03 10:35:16,0,13,1,404
49806,2025-06-03 10:37:51,0,9,0,0
89256,2025-06-03 10:41:43,0,5,0,0
89162,2025-06-03 10:53:28,1,8,0,0
5852,2025-06-03 10:55:04,0,7,0,0
23806,2025-06-03 11:00:20,0,4,0,0
28008,2025-06-03 11:01:33,1,10,0,0
71576,2025-06-03 11:03:11,0,4,1,378
72411,2025-06-03 11:06:13,0,13,0,0
17895,2025-06-03 11:08:01,0,2,0,0
16588,2025-06-03 11:21:42,0,6,1,338
2894,2025-06-03 11:25:26,0,6,0,0
58117,2025-06-03 11:25:53,0,2,1,296
18308,2025-06-03 11:27:11,1,5,0,0
22821,2025-06-03 11:34:45,0,7,0,0
14881,2025-06-03 11:37:40,0,4,0,0
69987,2025-06-03 11:47:57,0,6,0,0
81225,2025-06-03 11:54:13,1,12,1,608
18308,2025-06-03 11:58:05,0,7,1,297
53406,2025-06-03 11:59:36,0,8,1,345
19735,2025-06-03 12:00:35,0,5,0,0
17257,2025-06-03 12:01:55,1,6,1,493
99290,2025-06-03 12:02:20,1,3,0,0
46274,2025-06-03 12:05:42,0,3,0,0
53729,2025-06-03 12:06:09,0,2,0,0
9851,2025-06-03 12:07:07,0,16,0,0
49471,2025-06-03 12:11:36,1,4,1,577
90321,2025-06-03 12:14:27,0,7,0,0
97509,2025-06-03 12:15:53,0,1,1,384
16802,2025-06-03 12:17:05,0,8,0,0
3654,2025-06-03 12:22:03,0,7,0,0
12038,2025-06-03 12:25:16,0,9,0,0
42056,2025-06-03 12:25:40,1,7,1,452
48633,2025-06-03 12:32:25,0,7,0,0
5520,2025-06-03 12:36:10,0,8,0,0
21231,2025-06-03 12:41:59,0,7,0,0
5209,2025-06-03 12:45:20,0,4,0,0
24164,2025-06-03 12:46:58,0,6,0,0
71120,2025-06-03 12:49:20,0,5,1,367
60158,2025-06-03 12:49:56,0,2,0,0
21281,2025-06-03 12:55:22,0,9,0,0
86837,2025-06-03 12:57:19,1,11,0,0
94834,2025-06-03 13:04:49,1,5,0,0
85528,2025-06-03 13:12:52,0,7,1,480
88938,2025-06-03 13:18:47,0,8,0,0
53406,2025-06-03 13:24:45,0,8,0,0
15382,2025-06-03 13:26:55,1,4,1,492
44596,2025-06-03 13:33:49,0,4,0,0
43097,2025-06-03 13:40:26,0,3,0,0
47830,2025-06-03 13:42:28,0,6,0,0
11260,2025-06-03 13:51:26,0,6,1,521
79301,2025-06-03 13:58:43,0,7,0,0
44666,2025-06-03 13:59:08,0,3,1,345
7952,2025-06-03 14:01:50,0,8,0,0
3062,2025-06-03 14:04:41,0,4,0,0
66214,2025-06-03 14:16:04,0,9,0,0
48290,2025-06-03 14:16:27,0,8,1,356
42045,2025-06-03 14:19:27,1,6,0,0
42182,2025-06-03 14:27:38,0,9,0,0
89384,2025-06-03 14:32:23,0,7,1,285
87507,2025-06-03 14:34:28,1,7,1,322
36556,2025-06-03 14:39:43,0,6,1,615
49155,2025-06-03 14:40:31,0,4,1,527
33045,2025-06-03 14:41:05,0,5,0,0
66004,2025-06-03 14:45:42,0,5,1,327
52746,2025-06-03 14:46:26,0,10,1,322
42321,2025-06-03 14:50:33,1,5,0,0
89560,2025-06-03 14:50:40,1,8,0,0
46205,2025-06-03 14:51:06,1,3,1,550
96537,2025-06-03 14:52:04,0,6,0,0
73642,2025-06-03 15:05:17,0,11,1,445
83313,2025-06-03 15:15:26,0,8,1,389
6274,2025-06-03 15:29:29,0,5,1,390
11827,2025-06-03 15:30:55,0,5,0,0
66208,2025-06-03 15:40:38,0,7,0,0
68404,2025-06-03 16:04:27,0,4,1,510
17389,2025-06-03 16:07:09,0,6,0,0
2705,2025-06-03 16:09:11,0,6,1,491
97753,2025-06-03 16:14:04,1,12,0,0
8624,2025-06-03 16:17:12,1,3,0,0
38798,2025-06-03 16:18:22,0,4,0,0
78280,2025-06-03 16:21:07,1,3,0,0
80254,2025-06-03 16:24:57,0,1,0,0
72945,2025-06-03 16:28:23,0,4,0,0
66004,2025-06-03 16:32:32,0,10,0,0
85369,2025-06-03 16:35:56,0,4,0,0
77185,2025-06-03 16:38:01,1,2,0,0
26073,2025-06-03 16:51:54,1,5,0,0
59586,2025-06-03 16:52:39,1,3,0,0
69915,2025-06-03 16:53:31,0,6,0,0
9465,2025-06-03 16:59:04,0,7,1,519
81091,2025-06-03 17:01:03,1,3,0,0
3532,2025-06-03 17:16:50,0,5,1,339
94520,2025-06-03 17:32:25,0,7,1,383
64275,2025-06-03 17:32:36,0,7,1,387
53729,2025-06-03 17:34:38,1,4,1,384
18637,2025-06-03 17:36:40,0,8,0,0
6167,2025-06-03 17:42:34,0,4,1,887
25586,2025-06-03 17:42:36,0,9,1,197
29608,2025-06-03 17:47:03,0,7,1,422
93654,2025-06-03 17:47:49,1,5,0,0
84003,2025-06-03 17:50:33,1,4,0,0
11776,2025-06-03 17:54:07,1,1,0,0
35366,2025-06-03 18:07:14,1,6,0,0
8624,2025-06-03 18:12:16,0,5,1,396
54049,2025-06-03 18:13:58,0,8,0,0
27890,2025-06-03 18:15:45,0,8,1,309
1288,2025-06-03 18:18:20,0,8,1,277
56626,2025-06-03 18:39:18,0,7,1,389
18099,2025-06-03 18:39:21,1,2,1,318
64275,2025-06-03 18:43:44,1,4,0,0
95975,2025-06-03 18:52:09,0,3,0,0
7399,2025-06-03 19:01:08,0,6,0,0
59613,2025-06-03 19:10:53,1,8,0,0
86147,2025-06-03 19:11:06,0,6,0,0
65862,2025-06-03 19:12:44,1,5,0,0
19364,2025-06-03 19:22:22,0,9,1,369
95235,2025-06-03 19:36:06,0,2,0,0
73633,2025-06-03 19:59:36,0,5,0,0
1480,2025-06-03 20:00:20,0,10,0,0
95260,2025-06-03 20:03:37,0,6,0,0
87564,2025-06-03 20:09:37,0,14,1,316
1740,2025-06-03 20:19:06,0,14,0,0
44186,2025-06-03 20:20:30,0,6,0,0
67792,2025-06-03 20:41:30,0,3,0,0
1513,2025-06-03 20:48:27,1,1,0,0
82055,2025-06-03 21:05:09,1,7,1,324
82875,2025-06-03 21:20:04,0,6,1,575
66004,2025-06-03 21:20:24,0,7,0,0
19260,2025-06-03 21:27:37,0,6,1,735
54122,2025-06-03 21:30:23,0,5,1,276
32495,2025-06-03 21:39:32,1,7,0,0
47108,2025-06-03 21:42:08,1,3,0,0
42321,2025-06-03 21:49:06,0,8,0,0
4942,2025-06-03 22:06:56,0,9,0,0
27971,2025-06-03 22:08:58,1,5,0,0
65208,2025-06-03 22:10:09,0,5,1,252
21072,2025-06-03 22:13:28,0,6,1,517
89384,2025-06-03 22:20:21,0,7,1,358
27367,2025-06-03 22:20:27,0,10,1,265
26073,2025-06-03 22:20:36,0,6,0,0
21714,2025-06-03 22:21:55,0,9,1,365
68467,2025-06-03 22:21:55,0,4,0,0
47108,2025-06-03 22:32:29,0,5,1,306
69515,2025-06-03 22:37:40,1,8,1,350
7996,2025-06-03 22:39:59,0,4,1,278
14320,2025-06-03 22:40:55,0,2,0,0
86428,2025-06-03 22:47:49,1,2,1,318
69709,2025-06-03 23:01:15,0,6,1,483
59683,2025-06-03 23:03:21,0,3,0,0
19157,2025-06-03 23:05:56,0,3,1,262
20940,2025-06-03 23:08:47,0,1,0,0
68552,2025-06-03 23:10:13,0,9,0,0
16381,2025-06-03 23:15:39,0,7,0,0
99141,2025-06-03 23:16:03,0,8,1,374
69897,2025-06-03 23:16:16,1,4,1,316
11826,2025-06-03 23:20:31,0,4,1,346
92285,2025-06-03 23:21:04,0,3,0,0
91794,2025-06-03 23:23:07,1,9,0,0
72360,2025-06-03 23:26:10,1,7,0,0
50645,2025-06-03 23:30:11,0,6,0,0
47538,2025-06-03 23:33:43,1,10,0,0
90346,2025-06-03 23:34:02,1,12,0,0
61393,2025-06-03 23:35:21,0,5,1,385
58470,2025-06-03 23:35:37,0,5,0,0
65362,2025-06-03 23:42:58,1,4,1,341
5740,2025-06-03 23:53:36,0,5,1,281
97240,2025-06-03 23:56:59,0,6,0,0
54122,2025-06-04 00:39:44,1,6,1,273
5038,2025-06-04 01:07:48,1,3,0,0
90891,2025-06-04 01:22:08,0,5,0,0
85226,2025-06-04 01:32:31,0,6,1,277
18120,2025-06-04 01:36:39,0,7,1,550
95260,2025-06-04 01:48:19,0,9,1,295
9143,2025-06-04 01:53:03,1,9,1,346
50440,2025-06-04 01:55:13,0,7,1,746
36556,2025-06-04 02:20:22,0,7,1,688
31998,2025-06-04 02:26:41,0,4,0,0
24794,2025-06-04 02:47:58,1,4,0,0
31666,2025-06-04 02:53:40,1,7,0,0
87422,2025-06-04 03:01:08,0,3,1,427
43710,2025-06-04 03:30:38,0,6,0,0
52031,2025-06-04 03:34:58,1,3,0,0
82055,2025-06-04 03:58:07,0,3,1,444
65254,2025-06-04 03:59:46,0,7,1,434
1565,2025-06-04 04:05:26,0,6,1,358
89384,2025-06-04 04:15:13,0,5,0,0
37403,2025-06-04 04:15:35,0,4,0,0
75770,2025-06-04 04:17:42,0,6,0,0
36828,2025-06-04 04:24:23,0,6,0,0
89736,2025-06-04 04:37:07,0,6,0,0
29829,2025-06-04 04:44:41,0,8,0,0
19436,2025-06-04 04:54:34,0,7,0,0
70129,2025-06-04 04:56:00,0,3,0,0
22161,2025-06-04 04:56:48,1,4,0,0
34440,2025-06-04 04:58:00,0,5,0,0
5778,2025-06-04 04:59:18,0,3,0,0
15275,2025-06-04 05:05:03,0,6,1,296
86965,2025-06-04 05:33:51,1,8,0,0
84123,2025-06-04 05:36:49,0,6,0,0
8083,2025-06-04 05:39:33,1,6,1,270
5770,2025-06-04 05:45:15,0,13,1,274
17,2025-06-04 05:46:03,0,3,0,0
32026,2025-06-04 05:49:26,0,10,0,0
61862,2025-06-04 05:54:25,0,7,0,0
31813,2025-06-04 05:57:37,1,3,0,0
77015,2025-06-04 06:02:22,0,7,0,0
11529,2025-06-04 06:05:03,0,5,0,0
3782,2025-06-04 06:08:48,0,11,0,0
6299,2025-06-04 06:11:11,0,7,1,401
84851,2025-06-04 06:29:34,0,5,0,0
66111,2025-06-04 06:35:09,1,8,1,654
34170,2025-06-04 06:52:07,0,8,0,0
88864,2025-06-04 07:08:57,1,2,1,361
78120,2025-06-04 07:27:08,0,3,1,267
80981,2025-06-04 07:46:15,1,9,1,518
54474,2025-06-04 07:53:08,0,4,0,0
28281,2025-06-04 07:56:26,1,4,1,477
84750,2025-06-04 08:04:10,0,7,0,0
11099,2025-06-04 08:05:23,1,7,1,218
54122,2025-06-04 08:09:01,0,9,0,0
82724,2025-06-04 08:22:12,0,5,0,0
74687,2025-06-04 08:34:46,1,6,0,0
29552,2025-06-04 08:59:50,1,4,0,0
9151,2025-06-04 09:21:27,0,6,1,240
90371,2025-06-04 09:24:15,0,4,0,0
24887,2025-06-04 09:27:13,1,12,1,497
523,2025-06-04 09:28:20,0,7,0,0
38928,2025-06-04 09:28:59,0,6,1,456
74034,2025-06-04 09:31:33,0,6,0,0
77970,2025-06-04 09:32:45,1,3,0,0
29815,2025-06-04 09:34:13,0,1,0,0
84003,2025-06-04 09:41:06,0,3,0,0
33573,2025-06-04 09:49:28,1,8,0,0
80198,2025-06-04 09:55:15,0,13,0,0
98073,2025-06-04 09:56:26,1,5,0,0
95163,2025-06-04 10:00:06,0,6,0,0
81369,2025-06-04 10:06:59,1,6,1,426
65219,2025-06-04 10:07:03,1,7,1,302
33415,2025-06-04 10:17:33,0,6,1,300
59954,2025-06-04 10:22:00,0,7,0,0
67063,2025-06-04 10:30:45,0,8,0,0
87618,2025-06-04 10:33:13,0,10,1,412
68404,2025-06-04 10:36:05,0,6,1,313
72360,2025-06-04 10:40:40,0,6,0,0
71962,2025-06-04 10:41:09,0,6,1,490
84500,2025-06-04 10:46:21,0,4,0,0
81258,2025-06-04 10:48:56,0,6,0,0
51855,2025-06-04 10:51:40,0,4,0,0
67130,2025-06-04 10:55:07,0,4,1,541
59683,2025-06-04 10:56:03,1,8,0,0
13578,2025-06-04 10:56:35,1,3,0,0
16588,2025-06-04 10:58:25,0,14,0,0
40196,2025-06-04 11:10:11,0,6,1,325
95326,2025-06-04 11:17:20,0,1,0,0
47204,2025-06-04 11:27:00,0,5,0,0
70490,2025-06-04 11:27:05,0,11,0,0
7433,2025-06-04 11:29:04,0,3,1,348
72411,2025-06-04 11:42:28,0,4,0,0
1837,2025-06-04 11:43:07,1,4,0,0
45824,2025-06-04 11:58:52,1,7,1,309
55631,2025-06-04 12:01:06,0,3,0,0
10186,2025-06-04 12:07:27,1,3,0,0
18861,2025-06-04 12:13:00,1,4,1,366
86322,2025-06-04 12:13:49,0,7,0,0
28083,2025-06-04 12:18:36,0,6,0,0
16722,2025-06-04 12:19:25,0,6,1,378
14687,2025-06-04 12:19:52,0,7,1,389
92375,2025-06-04 12:20:09,1,9,0,0
28083,2025-06-04 12:32:32,0,12,1,562
85914,2025-06-04 12:43:05,0,8,1,420
59509,2025-06-04 12:46:03,1,5,0,0
86147,2025-06-04 12:57:01,1,6,0,0
62167,2025-06-04 13:00:49,0,3,0,0
46317,2025-06-04 13:04:19,0,3,0,0
93415,2025-06-04 13:09:08,0,8,1,382
1538,2025-06-04 13:10:18,0,8,0,0
80105,2025-06-04 13:29:07,0,7,0,0
19861,2025-06-04 13:30:34,1,3,0,0
42056,2025-06-04 13:36:27,0,4,0,0
77532,2025-06-04 13:44:24,0,9,1,364
95184,2025-06-04 14:01:18,0,5,1,427
85427,2025-06-04 14:09:37,1,7,0,0
16567,2025-06-04 14:17:31,1,4,0,0
48711,2025-06-04 14:18:19,0,10,1,295
2994,2025-06-04 14:21:25,0,4,0,0
76542,2025-06-04 14:31:10,1,5,0,0
27571,2025-06-04 14:31:45,0,6,0,0
2784,2025-06-04 14:33:23,0,5,0,0
33151,2025-06-04 14:36:59,0,3,0,0
52031,2025-06-04 14:37:29,0,5,0,0
5740,2025-06-04 14:41:40,1,3,1,434
95622,2025-06-04 14:50:30,1,3,0,0
97509,2025-06-04 14:54:04,1,6,0,0
35706,2025-06-04 14:58:19,1,4,1,778
81083,2025-06-04 15:00:51,0,7,0,0
61340,2025-06-04 15:08:44,1,10,1,226
64076,2025-06-04 15:15:38,1,5,0,0
53974,2025-06-04 15:18:45,0,6,1,230
99401,2025-06-04 15:20:26,1,5,0,0
14547,2025-06-04 15:24:27,0,11,0,0
93579,2025-06-04 15:30:44,1,7,0,0
23306,2025-06-04 15:31:41,1,6,0,0
13646,2025-06-04 15:32:16,1,5,0,0
19709,2025-06-04 15:32:45,1,4,1,296
16567,2025-06-04 15:38:30,0,4,0,0
44167,2025-06-04 15:40:07,0,6,0,0
85775,2025-06-04 15:42:42,0,7,0,0
28443,2025-06-04 15:54:24,0,3,0,0
49067,2025-06-04 15:55:32,0,8,0,0
2411,2025-06-04 16:09:19,0,8,1,511
22134,2025-06-04 16:30:29,1,9,1,270
14944,2025-06-04 16:39:45,1,4,0,0
25489,2025-06-04 16:48:17,0,6,0,0
75257,2025-06-04 16:58:09,0,8,1,432
96259,2025-06-04 16:59:05,1,9,0,0
36279,2025-06-04 17:10:18,0,8,1,268
61363,2025-06-04 17:14:06,0,11,0,0
23556,2025-06-04 17:22:47,0,7,1,451
455,2025-06-04 17:30:54,1,7,0,0
52112,2025-06-04 17:37:25,1,5,0,0
61545,2025-06-04 17:38:21,0,10,0,0
29658,2025-06-04 17:54:52,0,3,1,451
92761,2025-06-04 18:00:23,0,10,0,0
7624,2025-06-04 18:07:42,1,6,1,632
5687,2025-06-04 18:18:43,1,6,1,223
64450,2025-06-04 18:23:03,1,5,0,0
75360,2025-06-04 18:24:39,0,2,1,342
32884,2025-06-04 18:33:42,0,6,1,346
78120,2025-06-04 18:35:38,1,4,0,0
38807,2025-06-04 18:42:46,0,7,1,547
24844,2025-06-04 18:44:21,0,4,0,0
8583,2025-06-04 18:46:00,0,2,0,0
27890,2025-06-04 18:46:20,0,4,1,385
98513,2025-06-04 19:06:19,0,7,1,268
43192,2025-06-04 19:06:37,0,5,0,0
38798,2025-06-04 19:08:54,0,4,1,532
84003,2025-06-04 19:14:31,0,6,0,0
26179,2025-06-04 19:27:09,0,6,0,0
51706,2025-06-04 19:30:21,0,3,0,0
97356,2025-06-04 19:32:34,1,5,0,0
20019,2025-06-04 19:37:27,1,3,0,0
56577,2025-06-04 19:45:47,1,5,1,391
18519,2025-06-04 19:48:13,0,8,1,382
8310,2025-06-04 19:50:21,1,3,0,0
57696,2025-06-04 19:56:22,1,8,1,379
50440,2025-06-04 20:11:55,0,4,0,0
84750,2025-06-04 20:16:37,0,4,0,0
12746,2025-06-04 20:20:21,0,5,0,0
48633,2025-06-04 20:24:40,1,5,1,276
95599,2025-06-04 20:28:21,1,5,0,0
74940,2025-06-04 20:34:00,0,5,0,0
75677,2025-06-04 20:34:12,0,2,0,0
80118,2025-06-04 20:41:04,0,8,1,345
62755,2025-06-04 20:42:35,0,6,0,0
17389,2025-06-04 20:44:48,0,2,1,351
23556,2025-06-04 20:54:32,0,5,0,0
82188,2025-06-04 20:58:49,0,2,0,0
23311,2025-06-04 21:03:01,0,7,0,0
24277,2025-06-04 21:08:09,1,10,0,0
90350,2025-06-04 21:21:05,0,8,0,0
96203,2025-06-04 21:21:48,1,7,0,0
73452,2025-06-04 21:26:21,1,10,1,295
13363,2025-06-04 21:46:38,1,3,1,652
97356,2025-06-04 21:52:36,1,7,0,0
61752,2025-06-04 22:15:09,0,6,0,0
39461,2025-06-04 22:25:23,0,5,0,0
85764,2025-06-04 22:37:15,0,6,0,0
78381,2025-06-04 22:38:51,0,5,0,0
66234,2025-06-04 22:44:25,1,5,0,0
76962,2025-06-04 22:46:48,0,10,0,0
17257,2025-06-04 22:51:53,0,6,0,0
69678,2025-06-04 22:53:41,1,6,0,0
14944,2025-06-04 22:59:17,0,5,0,0
23306,2025-06-04 23:13:54,1,1,1,519
73119,2025-06-04 23:17:15,0,6,1,483
64325,2025-06-04 23:21:37,0,4,0,0
47538,2025-06-04 23:23:25,0,4,0,0
78228,2025-06-04 23:30:07,0,3,0,0
64217,2025-06-04 23:33:18,0,6,0,0
27306,2025-06-04 23:36:31,1,3,0,0
30994,2025-06-04 23:40:09,0,10,1,435
29658,2025-06-04 23:43:46,1,6,0,0
98298,2025-06-04 23:47:50,0,6,0,0
48362,2025-06-04 23:52:31,1,6,0,0
34440,2025-06-04 23:55:37,0,7,1,413
91017,2025-06-05 00:20:43,1,7,1,263
31246,2025-06-05 00:27:11,0,6,0,0
42997,2025-06-05 00:31:27,0,10,0,0
41436,2025-06-05 00:33:15,0,4,0,0
67130,2025-06-05 00:36:46,1,7,1,339
68400,2025-06-05 00:48:56,0,1,0,0
40611,2025-06-05 00:54:01,1,5,0,0
66957,2025-06-05 01:25:56,0,2,1,348
90350,2025-06-05 01:37:13,0,5,0,0
95489,2025-06-05 01:56:14,1,4,0,0
33507,2025-06-05 02:09:18,0,9,0,0
24164,2025-06-05 02:13:30,0,7,0,0
78457,2025-06-05 02:18:21,0,7,1,556
49593,2025-06-05 02:24:03,1,7,1,385
1480,2025-06-05 02:40:53,1,7,1,538
85905,2025-06-05 03:07:24,0,4,1,641
48680,2025-06-05 03:27:57,0,8,1,492
78529,2025-06-05 04:10:41,0,10,0,0
68939,2025-06-05 04:37:02,0,5,0,0
12373,2025-06-05 04:51:01,0,10,0,0
33507,2025-06-05 05:21:01,1,4,1,328
35366,2025-06-05 05:31:26,1,4,0,0
71266,2025-06-05 05:43:09,0,5,1,580
97210,2025-06-05 05:49:01,1,3,0,0
38121,2025-06-05 05:53:18,1,18,0,0
61158,2025-06-05 06:27:37,0,5,0,0
7834,2025-06-05 07:00:04,0,6,0,0
85359,2025-06-05 07:01:14,0,12,0,0
21416,2025-06-05 07:05:37,1,4,0,0
45810,2025-06-05 07:22:17,0,8,0,0
68479,2025-06-05 07:24:22,0,5,0,0
89031,2025-06-05 07:28:44,0,8,1,347
56276,2025-06-05 07:39:14,1,11,0,0
54158,2025-06-05 07:40:46,0,4,0,0
218,2025-06-05 08:06:02,0,6,1,392
11228,2025-06-05 08:15:08,0,9,0,0
16209,2025-06-05 08:17:41,0,6,0,0
83275,2025-06-05 08:18:58,0,9,1,416
67063,2025-06-05 08:20:04,0,5,1,294
36560,2025-06-05 08:20:16,0,2,1,416
51957,2025-06-05 08:35:00,0,6,1,326
66262,2025-06-05 08:45:46,0,5,1,427
45810,2025-06-05 08:49:51,1,5,0,0
41183,2025-06-05 09:00:39,1,2,0,0
69887,2025-06-05 09:04:03,1,7,0,0
76936,2025-06-05 09:09:34,1,6,0,0
17379,2025-06-05 09:13:20,1,6,0,0
51855,2025-06-05 09:17:44,0,6,0,0
85849,2025-06-05 09:18:41,0,8,0,0
46307,2025-06-05 09:18:52,0,6,0,0
14547,2025-06-05 09:24:10,1,2,0,0
44648,2025-06-05 09:30:57,1,4,1,309
76469,2025-06-05 09:36:39,0,3,0,0
39655,2025-06-05 09:40:50,0,5,1,450
24887,2025-06-05 09:48:37,0,7,1,427
28008,2025-06-05 09:49:33,0,7,0,0
67539,2025-06-05 09:54:35,1,3,0,0
31759,2025-06-05 09:58:26,0,7,1,516
38065,2025-06-05 10:04:54,1,7,1,461
96949,2025-06-05 10:06:24,0,3,0,0
50018,2025-06-05 10:09:03,1,2,0,0
81081,2025-06-05 10:12:45,0,7,0,0
23797,2025-06-05 10:17:51,1,7,0,0
70851,2025-06-05 10:36:56,0,7,0,0
53300,2025-06-05 10:39:46,1,9,1,286
83526,2025-06-05 10:44:14,0,3,0,0
53814,2025-06-05 10:46:30,0,3,1,517
66208,2025-06-05 10:48:17,0,8,1,265
40403,2025-06-05 10:57:19,0,8,0,0
91401,2025-06-05 11:13:13,0,2,0,0
88299,2025-06-05 11:14:33,1,2,1,378
17257,2025-06-05 11:17:20,1,4,1,442
30434,2025-06-05 11:30:07,0,2,0,0
70960,2025-06-05 11:33:54,0,5,0,0
18517,2025-06-05 11:36:27,1,13,0,0
52980,2025-06-05 11:42:15,0,7,1,406
64076,2025-06-05 11:46:25,1,6,0,0
17869,2025-06-05 11:47:41,0,4,0,0
1513,2025-06-05 11:49:31,0,5,0,0
34006,2025-06-05 11:49:41,1,7,1,581
44268,2025-06-05 11:51:46,0,5,0,0
17947,2025-06-05 11:57:13,0,9,0,0
44186,2025-06-05 12:00:23,0,10,1,315
22134,2025-06-05 12:12:39,1,9,1,324
57495,2025-06-05 12:17:57,1,4,0,0
26179,2025-06-05 12:22:22,0,5,1,383
49553,2025-06-05 12:24:10,0,6,1,306
8336,2025-06-05 12:26:53,0,5,0,0
48362,2025-06-05 12:28:48,0,7,0,0
89958,2025-06-05 12:43:27,0,6,1,364
50009,2025-06-05 12:44:54,1,1,0,0
29859,2025-06-05 12:47:59,0,6,1,633
41082,2025-06-05 12:53:25,0,2,1,388
15338,2025-06-05 12:56:32,0,5,0,0
63137,2025-06-05 12:58:51,0,3,1,755
94520,2025-06-05 12:59:30,1,8,1,538
86645,2025-06-05 13:01:21,0,7,1,338
29315,2025-06-05 13:03:03,1,4,1,347
71266,2025-06-05 13:06:53,1,7,0,0
31636,2025-06-05 13:14:03,1,6,0,0
99258,2025-06-05 13:18:08,0,7,0,0
94006,2025-06-05 13:20:27,1,4,0,0
12038,2025-06-05 13:26:46,0,4,0,0
67792,2025-06-05 13:31:43,0,10,0,0
1067,2025-06-05 13:39:24,0,5,0,0
1288,2025-06-05 13:41:50,0,4,0,0
86132,2025-06-05 13:50:11,1,6,0,0
11228,2025-06-05 13:53:07,1,10,0,0
39795,2025-06-05 14:06:19,0,5,0,0
16391,2025-06-05 14:07:41,1,7,0,0
86102,2025-06-05 14:10:51,0,7,0,0
51957,2025-06-05 14:18:09,1,6,0,0
78110,2025-06-05 14:21:14,0,4,0,0
43032,2025-06-05 14:33:44,0,5,1,469
38701,2025-06-05 14:37:20,0,2,0,0
11053,2025-06-05 14:42:17,1,8,0,0
64208,2025-06-05 14:43:20,0,3,0,0
95975,2025-06-05 14:53:29,0,6,0,0
90350,2025-06-05 14:55:40,0,9,0,0
20778,2025-06-05 14:56:33,1,3,0,0
89610,2025-06-05 15:06:40,0,7,0,0
35366,2025-06-05 15:12:29,1,5,0,0
75770,2025-06-05 15:19:56,0,6,1,356
11443,2025-06-05 15:26:41,0,6,0,0
13556,2025-06-05 15:31:28,0,6,0,0
15331,2025-06-05 15:36:31,0,4,0,0
33342,2025-06-05 15:37:36,0,7,1,306
6953,2025-06-05 15:42:17,1,11,0,0
17869,2025-06-05 15:45:10,0,6,0,0
14311,2025-06-05 16:01:43,0,3,0,0
68387,2025-06-05 16:03:47,1,9,0,0
54481,2025-06-05 16:14:17,1,3,0,0
45831,2025-06-05 16:26:13,0,6,1,305
19540,2025-06-05 16:30:48,0,5,0,0
33573,2025-06-05 16:44:58,0,5,0,0
62982,2025-06-05 16:46:59,0,6,1,288
53087,2025-06-05 16:51:29,1,6,0,0
79079,2025-06-05 16:52:18,0,10,0,0
39928,2025-06-05 16:52:56,0,4,0,0
56577,2025-06-05 16:54:07,0,5,1,403
59954,2025-06-05 16:55:25,1,7,0,0
5032,2025-06-05 16:56:43,0,5,0,0
40417,2025-06-05 17:01:07,0,5,0,0
23556,2025-06-05 17:05:46,0,6,0,0
22329,2025-06-05 17:06:20,1,5,0,0
21803,2025-06-05 17:08:46,0,7,0,0
69156,2025-06-05 17:09:32,0,4,0,0
40669,2025-06-05 17:10:07,0,6,0,0
16725,2025-06-05 17:13:03,1,8,0,0
50395,2025-06-05 17:15:47,0,5,1,354
15985,2025-06-05 17:18:29,1,9,0,0
7433,2025-06-05 17:20:11,0,4,0,0
93690,2025-06-05 17:37:13,0,6,0,0
29709,2025-06-05 17:39:13,0,6,0,0
29658,2025-06-05 17:47:46,0,7,1,262
67781,2025-06-05 18:06:51,0,7,0,0
30905,2025-06-05 18:08:09,1,4,1,479
92012,2025-06-05 18:14:57,0,9,0,0
48919,2025-06-05 18:16:20,1,8,0,0
43032,2025-06-05 18:17:46,0,5,0,0
5622,2025-06-05 18:27:17,1,7,0,0
82270,2025-06-05 18:33:57,1,9,0,0
75102,2025-06-05 18:37:06,0,9,0,0
35697,2025-06-05 18:38:06,1,0,0,0
13402,2025-06-05 18:39:33,0,6,0,0
58641,2025-06-05 18:52:21,0,5,1,361
39795,2025-06-05 18:52:47,0,8,0,0
62781,2025-06-05 19:13:59,0,5,0,0
85967,2025-06-05 19:16:49,1,7,0,0
62781,2025-06-05 19:20:19,0,1,0,0
30994,2025-06-05 19:30:12,0,5,0,0
152,2025-06-05 19:31:08,0,5,0,0
51934,2025-06-05 19:31:32,0,10,0,0
49471,2025-06-05 19:31:38,1,7,1,323
98399,2025-06-05 19:34:44,0,8,1,499
90219,2025-06-05 19:36:10,0,4,1,484
59845,2025-06-05 19:39:28,0,3,1,281
78228,2025-06-05 19:50:26,1,6,0,0
75899,2025-06-05 20:02:26,1,5,0,0
55359,2025-06-05 20:08:37,1,4,1,221
34006,2025-06-05 20:09:38,1,8,0,0
87171,2025-06-05 20:22:10,0,7,1,247
94542,2025-06-05 20:32:23,0,8,0,0
2784,2025-06-05 20:35:42,1,4,0,0
75304,2025-06-05 20:42:29,0,12,0,0
99755,2025-06-05 20:47:01,0,8,0,0
33307,2025-06-05 20:50:18,0,6,0,0
48509,2025-06-05 20:57:18,1,7,0,0
12096,2025-06-05 20:58:46,0,1,0,0
43032,2025-06-05 21:09:11,0,8,0,0
65499,2025-06-05 21:10:45,0,5,1,442
35505,2025-06-05 21:11:53,0,10,0,0
96578,2025-06-05 21:15:49,0,5,0,0
82875,2025-06-05 21:17:37,0,2,1,638
38915,2025-06-05 21:25:02,0,7,0,0
61752,2025-06-05 21:25:50,1,10,0,0
14290,2025-06-05 21:27:55,0,5,0,0
64253,2025-06-05 21:41:36,1,6,0,0
69352,2025-06-05 21:42:13,0,4,1,391
64450,2025-06-05 21:51:53,0,5,0,0
26309,2025-06-05 22:04:13,1,7,0,0
4565,2025-06-05 22:07:21,1,4,0,0
86147,2025-06-05 22:12:36,1,6,1,230
90753,2025-06-05 22:13:26,0,4,1,736
69156,2025-06-05 22:20:13,0,6,0,0
2092,2025-06-05 22:21:01,0,2,1,360
22636,2025-06-05 22:30:14,0,8,0,0
71120,2025-06-05 22:33:29,0,7,0,0
501,2025-06-05 22:34:15,0,4,0,0
53527,2025-06-05 22:36:48,1,9,1,491
39543,2025-06-05 22:43:04,0,7,0,0
6553,2025-06-05 22:44:16,1,7,0,0
4599,2025-06-05 22:44:20,1,8,0,0
12096,2025-06-05 22:45:15,1,4,1,337
6373,2025-06-05 22:48:25,0,6,1,700
78795,2025-06-05 22:50:55,1,7,0,0
43568,2025-06-05 22:55:56,0,6,0,0
89610,2025-06-05 22:56:09,0,3,0,0
47365,2025-06-05 23:02:47,0,8,0,0
24080,2025-06-05 23:34:05,1,5,0,0
84440,2025-06-05 23:34:20,0,3,0,0
46317,2025-06-05 23:34:45,0,9,0,0
83918,2025-06-05 23:36:04,0,9,0,0
86322,2025-06-05 23:44:32,1,4,0,0
14869,2025-06-05 23:48:51,0,3,0,0
71677,2025-06-05 23:54:19,1,9,1,493
14180,2025-06-06 00:10:02,0,13,0,0
96555,2025-06-06 00:14:15,0,2,0,0
96259,2025-06-06 00:20:18,1,6,0,0
49362,2025-06-06 00:26:21,1,9,0,0
75360,2025-06-06 00:48:22,0,8,0,0
49381,2025-06-06 00:49:05,0,4,0,0
52158,2025-06-06 01:06:28,1,7,0,0
61358,2025-06-06 01:13:10,0,9,1,526
17197,2025-06-06 01:16:08,1,5,1,495
60174,2025-06-06 01:20:10,1,7,1,650
97047,2025-06-06 01:23:40,0,8,0,0
38798,2025-06-06 01:26:27,0,9,1,600
268,2025-06-06 01:27:40,0,2,0,0
74687,2025-06-06 01:36:16,1,9,0,0
28443,2025-06-06 01:38:27,0,4,0,0
65126,2025-06-06 01:41:09,1,5,1,685
3062,2025-06-06 01:57:03,0,7,1,568
34151,2025-06-06 02:14:24,0,2,0,0
12354,2025-06-06 02:22:48,0,7,0,0
33307,2025-06-06 02:28:33,0,6,1,473
34249,2025-06-06 02:29:03,0,2,0,0
1757,2025-06-06 02:31:08,0,0,0,0
5038,2025-06-06 02:37:23,0,4,1,492
16725,2025-06-06 02:38:30,0,11,1,302
50440,2025-06-06 02:42:24,0,3,0,0
49593,2025-06-06 02:49:18,0,9,1,402
9377,2025-06-06 02:54:46,0,7,0,0
88988,2025-06-06 03:09:02,0,6,1,410
10686,2025-06-06 03:10:12,1,4,1,524
59000,2025-06-06 03:16:19,0,6,0,0
43578,2025-06-06 03:23:31,0,4,0,0
41601,2025-06-06 03:26:33,0,5,1,532
87715,2025-06-06 03:33:47,0,5,0,0
98298,2025-06-06 03:48:31,0,10,1,559
84500,2025-06-06 03:55:54,0,3,1,361
81366,2025-06-06 03:58:45,0,7,1,298
21013,2025-06-06 03:59:33,0,8,0,0
53687,2025-06-06 04:01:22,0,5,1,444
1676,2025-06-06 04:05:48,0,9,0,0
58360,2025-06-06 04:06:07,0,6,1,555
54685,2025-06-06 05:07:40,1,13,0,0
30994,2025-06-06 05:25:38,0,6,1,310
77941,2025-06-06 05:43:50,1,9,0,0
8885,2025-06-06 05:45:16,0,4,0,0
13402,2025-06-06 05:49:56,1,2,0,0
67765,2025-06-06 06:10:57,0,3,1,427
19990,2025-06-06 06:12:45,0,10,0,0
21551,2025-06-06 06:26:32,0,8,0,0
27479,2025-06-06 06:40:19,0,2,0,0
95145,2025-06-06 06:53:19,0,6,1,643
3193,2025-06-06 06:57:41,0,5,0,0
69640,2025-06-06 06:58:51,1,5,0,0
74447,2025-06-06 07:05:49,0,8,1,666
51957,2025-06-06 08:05:10,0,4,1,447
89572,2025-06-06 08:07:31,0,5,1,230
62938,2025-06-06 08:08:39,1,5,1,537
97509,2025-06-06 08:12:20,0,10,1,478
59954,2025-06-06 08:14:23,0,12,1,276
21077,2025-06-06 08:17:02,0,4,0,0
46172,2025-06-06 08:21:27,1,3,1,468
65180,2025-06-06 08:23:13,0,5,0,0
10658,2025-06-06 08:25:53,0,3,0,0
46758,2025-06-06 08:26:11,0,5,0,0
38701,2025-06-06 08:31:09,0,7,0,0
26026,2025-06-06 08:31:45,1,9,0,0
74910,2025-06-06 08:36:22,1,3,0,0
41063,2025-06-06 08:36:23,0,6,0,0
93402,2025-06-06 08:41:38,0,12,1,341
17261,2025-06-06 08:45:31,0,6,1,394
44532,2025-06-06 08:45:38,0,5,1,209
85611,2025-06-06 08:46:26,0,5,0,0
39643,2025-06-06 08:53:51,0,4,0,0
55667,2025-06-06 08:56:42,0,5,1,660
12746,2025-06-06 09:02:18,0,3,0,0
28031,2025-06-06 09:18:11,1,6,0,0
40451,2025-06-06 09:23:17,1,7,1,531
9465,2025-06-06 09:26:41,0,6,1,513
29598,2025-06-06 09:33:50,0,6,0,0
95326,2025-06-06 09:39:12,0,5,0,0
84750,2025-06-06 09:43:45,0,5,0,0
59866,2025-06-06 09:50:56,1,8,0,0
38031,2025-06-06 10:12:06,0,10,0,0
64855,2025-06-06 10:15:17,1,10,0,0
46529,2025-06-06 10:17:36,0,7,0,0
69386,2025-06-06 10:18:54,1,8,1,305
22134,2025-06-06 10:22:15,1,6,0,0
85611,2025-06-06 10:38:06,0,8,0,0
29608,2025-06-06 10:56:49,0,10,0,0
1804,2025-06-06 10:58:27,0,9,1,432
84565,2025-06-06 11:13:07,1,5,1,523
33308,2025-06-06 11:22:16,0,12,1,841
16381,2025-06-06 11:23:56,0,8,0,0
28039,2025-06-06 11:27:05,0,5,1,429
60167,2025-06-06 11:29:43,0,6,0,0
82270,2025-06-06 11:35:07,0,9,1,536
15478,2025-06-06 11:38:39,0,6,1,458
52158,2025-06-06 11:48:54,0,6,0,0
6036,2025-06-06 11:51:44,0,5,0,0
86449,2025-06-06 12:06:19,0,2,0,0
43939,2025-06-06 12:08:01,0,5,0,0
57563,2025-06-06 12:20:17,0,8,0,0
46846,2025-06-06 12:20:19,1,8,0,0
30384,2025-06-06 12:40:03,1,8,0,0
85849,2025-06-06 12:41:25,0,5,1,310
43127,2025-06-06 12:47:15,0,14,1,366
63453,2025-06-06 12:48:29,0,9,0,0
58117,2025-06-06 12:50:38,1,5,0,0
55431,2025-06-06 12:58:26,0,4,1,415
21551,2025-06-06 12:58:46,1,3,0,0
17554,2025-06-06 13:01:48,0,1,1,413
19073,2025-06-06 13:03:21,0,8,0,0
44676,2025-06-06 13:05:59,1,3,0,0
65208,2025-06-06 13:08:22,0,4,1,314
91784,2025-06-06 13:14:01,1,9,0,0
8310,2025-06-06 13:17:27,0,4,1,287
34006,2025-06-06 13:22:05,0,8,0,0
77015,2025-06-06 13:22:15,0,7,0,0
44186,2025-06-06 13:26:04,1,3,0,0
93402,2025-06-06 13:29:15,1,6,1,426
21231,2025-06-06 13:32:57,0,8,0,0
44143,2025-06-06 13:49:16,0,7,0,0
95527,2025-06-06 13:52:47,0,6,0,0
88923,2025-06-06 14:01:46,0,7,0,0
4124,2025-06-06 14:04:10,0,10,0,0
49381,2025-06-06 14:12:37,1,7,0,0
70466,2025-06-06 14:20:20,1,6,1,600
2994,2025-06-06 14:24:37,0,7,1,606
44081,2025-06-06 14:28:52,1,10,0,0
17804,2025-06-06 14:31:26,0,7,0,0
55944,2025-06-06 14:31:41,0,6,0,0
95622,2025-06-06 14:34:26,0,4,1,450
28232,2025-06-06 14:37:06,0,8,0,0
6274,2025-06-06 14:43:14,1,8,0,0
61339,2025-06-06 14:43:57,0,6,0,0
82875,2025-06-06 14:46:50,1,9,0,0
24277,2025-06-06 14:48:18,0,7,1,336
83275,2025-06-06 14:58:47,1,8,0,0
59000,2025-06-06 15:03:32,0,7,0,0
85764,2025-06-06 15:17:22,0,5,0,0
77869,2025-06-06 15:21:38,1,7,1,651
87715,2025-06-06 15:24:31,1,9,0,0
11228,2025-06-06 15:36:47,0,5,0,0
98298,2025-06-06 15:37:34,0,9,1,532
31343,2025-06-06 15:45:21,0,9,0,0
86645,2025-06-06 15:59:39,0,3,1,332
82347,2025-06-06 16:04:58,1,4,0,0
96555,2025-06-06 16:09:45,0,8,0,0
70346,2025-06-06 16:14:33,1,8,0,0
25938,2025-06-06 16:17:00,0,5,0,0
5032,2025-06-06 16:22:16,0,7,1,301
68404,2025-06-06 16:29:28,1,6,0,0
8624,2025-06-06 16:41:06,1,7,0,0
41063,2025-06-06 16:46:35,1,3,0,0
22231,2025-06-06 16:52:52,1,12,1,301
10458,2025-06-06 16:53:22,1,9,0,0
95844,2025-06-06 16:59:38,0,5,1,481
58007,2025-06-06 17:15:03,1,9,0,0
83918,2025-06-06 17:34:08,0,2,0,0
15263,2025-06-06 17:36:44,0,5,1,411
31082,2025-06-06 17:37:11,1,6,0,0
65868,2025-06-06 17:38:13,0,5,0,0
20841,2025-06-06 17:39:18,1,6,0,0
29437,2025-06-06 17:39:33,0,5,0,0
8552,2025-06-06 17:45:39,1,6,0,0
42523,2025-06-06 17:47:31,0,4,0,0
4144,2025-06-06 17:52:29,0,6,1,917
36560,2025-06-06 17:58:24,0,5,0,0
31343,2025-06-06 18:12:13,0,8,0,0
14149,2025-06-06 18:15:34,0,4,0,0
58596,2025-06-06 18:16:55,0,5,0,0
59492,2025-06-06 18:20:55,0,8,0,0
80105,2025-06-06 18:25:55,0,6,1,434
3327,2025-06-06 18:26:44,0,11,0,0
65219,2025-06-06 18:28:30,0,5,0,0
93131,2025-06-06 18:29:55,0,6,0,0
64358,2025-06-06 18:34:12,0,8,0,0
34457,2025-06-06 18:41:10,0,2,1,491
38478,2025-06-06 18:50:58,0,3,0,0
59866,2025-06-06 18:53:06,0,5,1,271
67964,2025-06-06 19:03:39,0,2,1,508
72411,2025-06-06 19:22:44,0,4,1,377
80029,2025-06-06 19:26:09,0,9,0,0
943,2025-06-06 19:32:48,0,9,0,0
6439,2025-06-06 19:38:34,0,8,1,510
82875,2025-06-06 19:45:56,0,3,1,780
84440,2025-06-06 19:50:32,0,3,0,0
43710,2025-06-06 19:51:50,1,5,0,0
61871,2025-06-06 19:55:14,1,8,0,0
69678,2025-06-06 20:05:23,0,7,0,0
79785,2025-06-06 20:14:15,0,5,0,0
4942,2025-06-06 20:14:37,0,11,1,272
91660,2025-06-06 20:18:28,0,6,1,703
56276,2025-06-06 20:25:46,0,6,1,371
7298,2025-06-06 20:32:34,0,9,0,0
95622,2025-06-06 20:38:34,0,1,0,0
97047,2025-06-06 20:40:19,1,12,0,0
85364,2025-06-06 20:51:16,1,4,1,500
91700,2025-06-06 20:54:01,0,7,1,322
1781,2025-06-06 20:57:31,1,5,1,329
7996,2025-06-06 20:58:11,0,9,1,432
90346,2025-06-06 20:58:13,0,2,0,0
27890,2025-06-06 20:59:11,0,5,0,0
10127,2025-06-06 20:59:49,0,11,1,378
76845,2025-06-06 21:05:30,1,9,1,426
73452,2025-06-06 21:13:02,0,3,0,0
30550,2025-06-06 21:19:55,1,5,0,0
90708,2025-06-06 21:20:25,0,7,0,0
83294,2025-06-06 21:24:15,0,4,1,408
88658,2025-06-06 21:31:49,0,6,1,389
60184,2025-06-06 21:33:13,0,5,1,477
53582,2025-06-06 21:36:27,0,1,0,0
54883,2025-06-06 21:40:57,1,9,0,0
2979,2025-06-06 21:50:02,0,4,0,0
98053,2025-06-06 21:50:57,1,4,0,0
41082,2025-06-06 21:52:06,0,5,1,291
65499,2025-06-06 21:56:10,0,6,0,0
45033,2025-06-06 22:00:19,1,8,1,388
62216,2025-06-06 22:02:22,0,10,0,0
61545,2025-06-06 22:14:00,0,2,0,0
30676,2025-06-06 22:14:45,0,8,0,0
83294,2025-06-06 22:22:15,1,5,0,0
44596,2025-06-06 22:25:33,0,4,0,0
29315,2025-06-06 22:46:34,0,1,1,728
54883,2025-06-06 22:46:53,1,4,0,0
30692,2025-06-06 23:05:28,1,10,0,0
77869,2025-06-06 23:09:20,1,8,1,416
62781,2025-06-06 23:15:02,0,11,0,0
80407,2025-06-06 23:23:57,0,9,0,0
4618,2025-06-06 23:24:12,0,12,0,0
42321,2025-06-06 23:27:22,1,6,0,0
56633,2025-06-06 23:30:53,0,7,1,556
12359,2025-06-06 23:31:16,0,5,0,0
90753,2025-06-06 23:34:59,1,7,1,300
18308,2025-06-06 23:47:56,0,8,0,0
71844,2025-06-06 23:48:19,0,8,0,0
1439,2025-06-06 23:51:32,0,10,1,346
61363,2025-06-07 00:11:32,0,6,0,0
42423,2025-06-07 00:17:16,1,2,0,0
36690,2025-06-07 00:30:18,1,3,1,405
97328,2025-06-07 00:33:09,0,5,1,511
90708,2025-06-07 00:47:01,0,6,1,492
1380,2025-06-07 01:28:14,1,6,0,0
29709,2025-06-07 01:33:55,0,6,1,841
16782,2025-06-07 01:37:54,1,7,0,0
59613,2025-06-07 01:42:52,1,8,0,0
83294,2025-06-07 01:55:37,0,6,1,327
15460,2025-06-07 02:00:08,1,3,0,0
60174,2025-06-07 02:00:09,0,5,1,380
15478,2025-06-07 02:03:24,0,7,1,267
3062,2025-06-07 02:16:12,1,6,0,0
6373,2025-06-07 02:49:56,0,9,0,0
95163,2025-06-07 02:58:52,1,8,0,0
39677,2025-06-07 03:14:20,0,5,1,376
80681,2025-06-07 03:29:39,1,2,0,0
71215,2025-06-07 03:44:09,1,5,0,0
18125,2025-06-07 03:45:04,0,5,0,0
99455,2025-06-07 04:01:37,0,5,0,0
75034,2025-06-07 04:11:49,0,2,0,0
58883,2025-06-07 04:17:59,0,5,0,0
64075,2025-06-07 04:21:10,0,7,1,350
19718,2025-06-07 04:24:36,0,7,1,494
95638,2025-06-07 04:42:26,0,9,1,650
127,2025-06-07 04:50:09,1,5,1,453
16866,2025-06-07 05:12:03,1,4,1,513
74779,2025-06-07 05:21:37,1,9,0,0
24080,2025-06-07 05:30:06,0,5,1,493
89560,2025-06-07 06:16:35,0,5,0,0
7951,2025-06-07 06:17:17,0,9,1,437
90708,2025-06-07 06:18:11,0,6,0,0
42252,2025-06-07 06:41:20,1,2,1,459
7298,2025-06-07 07:01:34,0,8,1,365
17197,2025-06-07 07:08:08,0,7,0,0
55800,2025-06-07 07:17:22,1,7,0,0
80981,2025-06-07 07:43:08,0,7,1,389
20841,2025-06-07 08:03:20,0,8,0,0
75885,2025-06-07 08:05:07,0,9,0,0
45172,2025-06-07 08:06:37,1,4,0,0
64171,2025-06-07 08:08:24,0,5,1,347
33984,2025-06-07 08:11:11,0,4,0,0
22691,2025-06-07 08:24:31,0,7,0,0
38641,2025-06-07 08:25:28,1,4,1,435
44676,2025-06-07 08:28:20,0,13,0,0
2979,2025-06-07 08:39:39,0,6,0,0
41491,2025-06-07 08:51:45,0,4,0,0
1932,2025-06-07 08:52:36,1,12,1,592
93815,2025-06-07 08:56:36,0,6,0,0
2705,2025-06-07 09:00:49,1,4,1,544
25938,2025-06-07 09:06:01,0,5,0,0
55652,2025-06-07 09:08:26,1,7,0,0
28679,2025-06-07 09:13:11,0,8,1,438
69887,2025-06-07 09:17:47,0,5,0,0
22636,2025-06-07 09:19:30,0,10,0,0
84236,2025-06-07 09:19:41,1,3,1,511
41720,2025-06-07 09:20:42,0,1,0,0
5770,2025-06-07 09:28:14,1,5,1,220
83240,2025-06-07 09:28:34,0,7,0,0
81940,2025-06-07 10:02:24,0,10,1,412
69987,2025-06-07 10:09:26,0,3,1,211
12125,2025-06-07 10:11:20,1,1,1,556
73036,2025-06-07 10:17:02,0,5,1,650
87507,2025-06-07 10:30:31,0,6,0,0
12571,2025-06-07 10:32:39,0,7,1,476
27971,2025-06-07 10:35:16,0,7,0,0
36903,2025-06-07 10:37:22,0,6,0,0
96223,2025-06-07 10:40:55,1,5,0,0
20562,2025-06-07 10:47:35,0,9,0,0
85528,2025-06-07 10:50:45,0,6,0,0
43470,2025-06-07 10:56:41,1,5,1,498
40240,2025-06-07 10:57:34,0,4,0,0
35351,2025-06-07 11:03:56,0,10,1,478
268,2025-06-07 11:10:23,0,6,0,0
80088,2025-06-07 11:19:44,0,4,0,0
60167,2025-06-07 11:21:38,0,7,0,0
70756,2025-06-07 11:23:21,0,6,1,436
12038,2025-06-07 11:25:55,0,7,1,574
70093,2025-06-07 11:28:57,1,5,0,0
1288,2025-06-07 11:32:41,0,8,1,502
4545,2025-06-07 11:43:22,1,5,0,0
21072,2025-06-07 11:43:22,0,9,0,0
95599,2025-06-07 11:46:46,0,6,0,0
96917,2025-06-07 11:48:43,1,3,0,0
36858,2025-06-07 11:50:50,1,5,0,0
26309,2025-06-07 11:51:11,0,5,0,0
34440,2025-06-07 11:54:35,1,6,0,0
73119,2025-06-07 11:57:30,0,6,0,0
13537,2025-06-07 12:00:43,1,8,0,0
80926,2025-06-07 12:02:03,0,7,1,376
70093,2025-06-07 12:03:29,1,4,0,0
82132,2025-06-07 12:21:55,0,7,1,504
63453,2025-06-07 12:23:25,0,8,1,376
84236,2025-06-07 12:32:35,1,7,1,701
23354,2025-06-07 12:37:14,0,10,0,0
31343,2025-06-07 12:40:39,1,6,1,370
46274,2025-06-07 12:47:50,0,4,0,0
29084,2025-06-07 12:48:56,1,4,0,0
35065,2025-06-07 12:52:58,1,7,0,0
56577,2025-06-07 12:53:00,0,7,1,299
26315,2025-06-07 12:57:00,0,5,0,0
8310,2025-06-07 12:59:07,0,4,1,375
19686,2025-06-07 13:04:30,0,7,0,0
8552,2025-06-07 13:08:01,0,6,0,0
88066,2025-06-07 13:09:53,1,8,0,0
53300,2025-06-07 13:10:07,0,9,0,0
40567,2025-06-07 13:12:22,0,6,0,0
32495,2025-06-07 13:15:34,0,9,0,0
65868,2025-06-07 13:17:00,1,5,0,0
58331,2025-06-07 13:18:21,1,6,0,0
54122,2025-06-07 13:23:40,0,7,0,0
88066,2025-06-07 13:24:00,1,3,0,0
5343,2025-06-07 13:27:59,1,7,0,0
16722,2025-06-07 13:37:41,0,4,1,321
84372,2025-06-07 13:45:44,0,2,0,0
52746,2025-06-07 13:50:25,0,11,0,0
72945,2025-06-07 13:56:05,0,5,1,569
27367,2025-06-07 14:00:20,0,5,0,0
92012,2025-06-07 14:03:17,0,7,0,0
60116,2025-06-07 14:03:39,0,7,0,0
63483,2025-06-07 14:06:08,0,7,0,0
8336,2025-06-07 14:07:42,0,7,1,276
76845,2025-06-07 14:12:42,1,11,1,305
71706,2025-06-07 14:13:01,0,3,0,0
94500,2025-06-07 14:21:19,1,6,1,358
17389,2025-06-07 14:26:38,1,9,0,0
36402,2025-06-07 14:28:07,0,10,0,0
86428,2025-06-07 14:32:29,0,2,1,214
10686,2025-06-07 14:41:12,0,6,0,0
89031,2025-06-07 14:45:11,0,3,0,0
67539,2025-06-07 14:45:55,0,8,0,0
77970,2025-06-07 14:49:09,1,4,0,0
16567,2025-06-07 14:57:47,0,9,1,597
9851,2025-06-07 15:02:41,0,7,0,0
8624,2025-06-07 15:04:03,0,6,0,0
93815,2025-06-07 15:04:36,1,6,1,402
9548,2025-06-07 15:05:32,0,8,0,0
54158,2025-06-07 15:15:22,0,9,0,0
90983,2025-06-07 15:17:27,0,5,0,0
46541,2025-06-07 15:24:09,0,4,0,0
26177,2025-06-07 15:28:15,1,8,0,0
23097,2025-06-07 15:34:18,1,8,0,0
78683,2025-06-07 15:34:48,1,5,0,0
29829,2025-06-07 15:38:35,0,4,0,0
77019,2025-06-07 15:52:17,1,8,0,0
43710,2025-06-07 15:55:02,0,8,0,0
45165,2025-06-07 16:05:15,1,3,0,0
24277,2025-06-07 16:18:11,1,6,0,0
25938,2025-06-07 16:19:02,0,9,0,0
94626,2025-06-07 16:29:40,1,1,0,0
45100,2025-06-07 16:36:21,0,6,1,304
2979,2025-06-07 16:36:50,0,4,0,0
4599,2025-06-07 16:38:59,0,8,0,0
42063,2025-06-07 16:43:59,0,4,0,0
98679,2025-06-07 16:45:00,1,4,1,496
25469,2025-06-07 16:49:14,0,5,0,0
56278,2025-06-07 16:49:58,1,7,0,0
47830,2025-06-07 16:51:08,0,7,0,0
218,2025-06-07 16:56:43,1,6,0,0
45361,2025-06-07 16:57:05,1,7,0,0
150,2025-06-07 16:58:30,0,9,0,0
76631,2025-06-07 17:00:15,0,4,0,0
80859,2025-06-07 17:02:36,0,4,1,366
67235,2025-06-07 17:03:48,0,4,0,0
5312,2025-06-07 17:24:58,0,3,1,344
5964,2025-06-07 17:49:18,0,6,1,330
71706,2025-06-07 17:50:05,0,6,1,391
5665,2025-06-07 17:56:16,0,4,0,0
82270,2025-06-07 18:04:25,1,8,0,0
23306,2025-06-07 18:08:26,0,6,0,0
50440,2025-06-07 18:10:19,0,4,0,0
69915,2025-06-07 18:13:13,1,6,0,0
8098,2025-06-07 18:27:25,0,1,0,0
11812,2025-06-07 18:37:10,1,7,0,0
58360,2025-06-07 18:48:59,0,9,0,0
34457,2025-06-07 18:56:56,1,2,1,516
14149,2025-06-07 18:59:42,1,8,0,0
55912,2025-06-07 19:02:05,0,8,0,0
127,2025-06-07 19:03:59,1,5,0,0
80254,2025-06-07 19:09:16,0,2,0,0
48680,2025-06-07 19:15:58,1,5,0,0
68197,2025-06-07 19:16:05,1,6,1,530
41702,2025-06-07 19:17:32,1,5,0,0
87710,2025-06-07 19:20:05,1,5,1,226
9465,2025-06-07 19:22:58,1,9,0,0
5964,2025-06-07 19:23:24,1,5,0,0
63410,2025-06-07 19:26:37,0,5,0,0
59694,2025-06-07 19:34:58,0,10,0,0
29315,2025-06-07 19:40:18,0,3,1,403
10658,2025-06-07 19:43:58,0,3,1,520
41491,2025-06-07 19:48:13,0,6,0,0
22788,2025-06-07 19:49:01,0,13,0,0
35485,2025-06-07 19:50:09,1,7,1,520
83526,2025-06-07 19:50:45,0,1,1,771
89031,2025-06-07 19:52:24,0,7,0,0
8624,2025-06-07 19:57:02,1,3,1,337
20742,2025-06-07 20:02:17,0,8,0,0
5747,2025-06-07 20:05:03,0,8,0,0
557,2025-06-07 20:07:42,1,3,0,0
39677,2025-06-07 20:14:35,0,8,0,0
65687,2025-06-07 20:16:19,0,8,0,0
77011,2025-06-07 20:16:22,1,5,0,0
98399,2025-06-07 20:21:58,0,4,0,0
78529,2025-06-07 20:22:34,0,5,1,420
97826,2025-06-07 20:24:26,0,8,1,325
83,2025-06-07 20:32:28,0,7,1,314
86680,2025-06-07 20:41:33,0,5,0,0
99258,2025-06-07 20:43:13,0,4,0,0
13646,2025-06-07 20:51:00,0,6,1,360
55944,2025-06-07 20:54:56,0,3,0,0
30434,2025-06-07 20:56:53,1,7,0,0
71576,2025-06-07 21:00:43,1,10,0,0
49605,2025-06-07 21:00:59,0,8,1,473
82132,2025-06-07 21:02:32,0,6,0,0
34151,2025-06-07 21:04:46,0,10,1,449
83905,2025-06-07 21:09:35,0,5,0,0
45165,2025-06-07 21:12:19,0,5,0,0
66214,2025-06-07 21:12:55,0,2,1,405
10166,2025-06-07 21:14:34,1,5,0,0
69386,2025-06-07 21:30:21,0,7,1,340
56290,2025-06-07 21:32:04,1,4,1,433
82347,2025-06-07 21:35:06,1,3,1,342
61317,2025-06-07 21:36:19,1,10,0,0
8470,2025-06-07 21:44:38,0,3,0,0
1380,2025-06-07 21:46:47,0,4,1,332
80187,2025-06-07 21:49:10,0,10,1,360
1288,2025-06-07 21:51:05,0,4,0,0
53974,2025-06-07 21:51:57,0,6,0,0
22005,2025-06-07 21:55:21,0,4,0,0
68479,2025-06-07 22:08:50,0,8,0,0
33308,2025-06-07 22:09:03,0,4,0,0
27971,2025-06-07 22:14:38,0,7,1,546
44676,2025-06-07 22:14:44,0,6,1,245
10204,2025-06-07 22:18:24,0,2,1,347
15106,2025-06-07 22:20:44,1,7,0,0
25586,2025-06-07 22:23:00,0,4,0,0
53300,2025-06-07 22:36:16,1,8,1,300
48362,2025-06-07 22:37:34,1,9,1,378
44596,2025-06-07 22:45:44,0,8,0,0
98586,2025-06-07 22:48:46,1,8,0,0
23806,2025-06-07 22:48:47,0,3,0,0
2914,2025-06-07 22:51:21,1,6,0,0
18302,2025-06-07 23:11:49,0,5,0,0
61625,2025-06-07 23:15:57,0,4,0,0
44614,2025-06-07 23:21:35,1,7,1,262
40403,2025-06-07 23:22:48,0,4,0,0
62152,2025-06-07 23:24:30,0,8,0,0
31803,2025-06-07 23:25:57,0,2,1,322
46317,2025-06-07 23:26:23,0,6,1,285
27973,2025-06-07 23:30:25,0,8,0,0
26102,2025-06-07 23:31:11,0,2,1,299
87507,2025-06-07 23:35:08,0,6,0,0
50473,2025-06-07 23:37:36,0,3,1,390
5038,2025-06-07 23:41:34,0,4,1,504
15804,2025-06-07 23:47:41,0,6,0,0
96555,2025-06-07 23:47:41,1,4,0,0
14869,2025-06-08 00:11:56,0,6,1,560
39928,2025-06-08 00:14:13,0,5,1,322
81083,2025-06-08 00:17:06,1,10,0,0
42321,2025-06-08 00:18:45,0,9,0,0
31749,2025-06-08 00:26:37,0,4,1,346
79850,2025-06-08 00:38:07,1,5,0,0
9429,2025-06-08 00:43:12,0,5,0,0
82270,2025-06-08 00:45:19,0,5,0,0
27778,2025-06-08 00:48:00,1,8,0,0
58974,2025-06-08 01:11:56,0,2,0,0
55359,2025-06-08 01:13:39,0,4,0,0
91260,2025-06-08 01:24:18,1,9,1,649
45082,2025-06-08 01:26:00,0,6,1,561
65131,2025-06-08 01:45:00,1,3,0,0
56463,2025-06-08 01:52:11,1,5,0,0
49593,2025-06-08 01:53:51,0,6,1,298
87171,2025-06-08 02:01:10,0,3,0,0
91700,2025-06-08 02:15:59,0,6,0,0
33596,2025-06-08 02:19:46,0,2,1,354
48471,2025-06-08 02:26:09,0,6,0,0
2411,2025-06-08 02:43:52,0,3,1,462
88864,2025-06-08 02:48:43,1,5,1,322
22329,2025-06-08 02:56:52,0,5,0,0
74125,2025-06-08 03:05:04,1,2,0,0
83240,2025-06-08 03:06:18,1,10,0,0
5312,2025-06-08 03:20:01,0,7,0,0
93815,2025-06-08 03:20:13,0,7,0,0
11529,2025-06-08 03:22:14,0,7,0,0
18125,2025-06-08 03:30:16,0,2,0,0
13537,2025-06-08 03:42:32,0,1,1,225
73264,2025-06-08 04:01:40,0,6,0,0
38807,2025-06-08 04:10:16,0,5,0,0
33170,2025-06-08 04:19:59,0,3,0,0
12513,2025-06-08 04:37:18,0,7,0,0
74136,2025-06-08 05:16:27,0,4,0,0
86322,2025-06-08 05:20:34,1,4,0,0
70129,2025-06-08 05:25:21,0,9,0,0
40935,2025-06-08 05:49:04,0,8,0,0
68395,2025-06-08 05:50:11,1,5,0,0
39672,2025-06-08 05:50:31,0,5,0,0
85678,2025-06-08 05:57:31,0,6,0,0
95967,2025-06-08 06:04:14,1,7,0,0
42063,2025-06-08 06:11:46,0,8,0,0
6167,2025-06-08 06:24:58,0,3,0,0
5687,2025-06-08 06:28:13,0,3,1,366
57189,2025-06-08 06:33:37,0,3,0,0
91255,2025-06-08 06:36:36,0,7,0,0
32884,2025-06-08 06:36:53,1,14,0,0
55647,2025-06-08 06:42:41,1,8,0,0
1439,2025-06-08 06:45:47,0,6,0,0
63453,2025-06-08 06:58:31,1,4,1,465
75899,2025-06-08 06:58:31,0,6,0,0
71266,2025-06-08 07:06:55,0,7,0,0
6299,2025-06-08 07:16:08,1,6,1,337
44310,2025-06-08 07:31:09,0,3,0,0
36719,2025-06-08 07:42:28,0,9,1,250
9477,2025-06-08 08:02:06,1,4,0,0
35485,2025-06-08 08:09:08,0,6,0,0
76631,2025-06-08 08:13:49,0,8,0,0
83526,2025-06-08 08:24:06,0,6,1,455
1781,2025-06-08 08:33:24,0,6,1,354
64325,2025-06-08 08:42:07,1,5,0,0
19718,2025-06-08 08:46:33,1,8,0,0
7799,2025-06-08 09:00:42,0,3,0,0
56647,2025-06-08 09:02:41,1,5,0,0
9092,2025-06-08 09:05:18,0,4,1,612
28674,2025-06-08 09:10:31,1,4,0,0
79794,2025-06-08 09:13:59,1,8,1,481
24251,2025-06-08 09:18:04,0,4,0,0
65180,2025-06-08 09:20:55,1,7,0,0
58197,2025-06-08 09:32:28,0,4,1,292
99455,2025-06-08 09:33:51,0,9,0,0
42997,2025-06-08 09:40:26,1,1,0,0
8885,2025-06-08 09:43:18,0,4,1,543
39588,2025-06-08 09:45:00,0,4,0,0
19815,2025-06-08 09:45:57,0,5,1,314
32884,2025-06-08 09:51:00,1,2,0,0
70756,2025-06-08 09:52:03,0,2,1,439
21551,2025-06-08 09:52:50,0,7,0,0
71962,2025-06-08 09:59:31,0,7,0,0
5835,2025-06-08 10:00:04,0,3,0,0
45165,2025-06-08 10:01:29,0,6,0,0
55944,2025-06-08 10:05:39,1,4,0,0
65710,2025-06-08 10:09:03,1,4,0,0
30676,2025-06-08 10:10:17,0,3,0,0
55219,2025-06-08 10:13:46,0,7,0,0
99755,2025-06-08 10:18:18,1,6,1,296
82825,2025-06-08 10:19:16,0,7,0,0
30932,2025-06-08 10:22:46,1,4,0,0
94584,2025-06-08 10:25:20,0,3,1,595
65208,2025-06-08 10:28:43,1,7,0,0
96203,2025-06-08 10:31:09,0,7,1,284
56290,2025-06-08 10:32:02,1,2,0,0
84237,2025-06-08 10:33:35,1,8,1,451
66460,2025-06-08 10:35:27,0,3,0,0
83,2025-06-08 10:44:52,0,3,1,326
94421,2025-06-08 10:47:16,1,4,0,0
21281,2025-06-08 10:56:53,1,2,0,0
96917,2025-06-08 11:01:35,0,7,1,427
2286,2025-06-08 11:09:22,0,6,1,385
11539,2025-06-08 11:15:32,1,7,0,0
92012,2025-06-08 11:15:34,0,5,0,0
67422,2025-06-08 11:15:56,0,8,0,0
31343,2025-06-08 11:17:39,0,4,1,436
3654,2025-06-08 11:42:18,0,7,0,0
76430,2025-06-08 11:46:16,0,1,1,439
42063,2025-06-08 11:50:31,1,5,0,0
506,2025-06-08 11:54:34,0,3,0,0
95599,2025-06-08 12:08:38,1,7,0,0
9934,2025-06-08 12:15:01,0,7,0,0
57495,2025-06-08 12:21:25,1,6,0,0
98840,2025-06-08 12:21:28,0,7,0,0
9429,2025-06-08 12:29:09,0,6,0,0
93154,2025-06-08 12:32:19,0,8,0,0
99744,2025-06-08 12:38:35,0,10,1,393
86322,2025-06-08 12:43:20,0,5,1,527
19953,2025-06-08 12:51:46,0,6,0,0
95527,2025-06-08 13:10:08,1,6,0,0
38928,2025-06-08 13:17:26,1,12,0,0
90346,2025-06-08 13:17:44,1,5,1,317
41720,2025-06-08 13:20:44,0,7,0,0
82958,2025-06-08 13:35:00,0,9,1,392
85905,2025-06-08 13:42:59,0,9,1,308
76542,2025-06-08 13:46:07,0,11,0,0
78642,2025-06-08 13:47:35,1,5,1,587
61862,2025-06-08 13:55:50,1,3,0,0
32884,2025-06-08 13:56:49,0,4,0,0
12538,2025-06-08 14:06:23,0,7,0,0
68903,2025-06-08 14:07:31,0,11,0,0
22452,2025-06-08 14:13:43,0,8,0,0
29815,2025-06-08 14:18:10,1,8,1,165
86147,2025-06-08 14:19:17,1,8,0,0
1740,2025-06-08 14:24:42,0,5,0,0
79322,2025-06-08 14:32:12,1,6,0,0
8890,2025-06-08 14:35:29,0,3,0,0
28778,2025-06-08 14:39:24,1,6,0,0
26883,2025-06-08 14:47:09,0,2,1,384
10723,2025-06-08 14:49:23,1,11,0,0
7951,2025-06-08 14:52:26,0,10,0,0
57189,2025-06-08 14:56:40,1,8,1,373
64358,2025-06-08 14:59:33,0,6,0,0
15460,2025-06-08 15:04:23,0,5,0,0
81081,2025-06-08 15:07:15,0,11,0,0
69183,2025-06-08 15:10:58,0,2,0,0
18306,2025-06-08 15:16:09,0,4,0,0
9429,2025-06-08 15:16:57,1,4,1,241
3534,2025-06-08 15:20:41,1,6,1,499
34151,2025-06-08 15:25:30,1,9,0,0
53839,2025-06-08 15:26:24,0,5,0,0
18120,2025-06-08 15:28:30,1,8,0,0
60174,2025-06-08 15:38:35,0,9,0,0
29585,2025-06-08 15:42:19,0,5,1,397
86449,2025-06-08 15:47:02,0,5,1,396
12513,2025-06-08 15:50:26,0,6,0,0
44367,2025-06-08 15:52:41,0,9,0,0
95964,2025-06-08 15:54:08,0,4,0,0
69813,2025-06-08 15:55:14,0,5,0,0
19096,2025-06-08 16:03:49,0,9,0,0
80249,2025-06-08 16:07:40,1,6,0,0
39150,2025-06-08 16:17:33,0,8,0,0
11827,2025-06-08 16:17:53,0,4,0,0
26026,2025-06-08 16:20:55,0,10,0,0
36252,2025-06-08 16:41:19,1,5,1,309
75116,2025-06-08 16:41:50,0,6,1,485
62938,2025-06-08 16:56:23,0,5,1,424
13187,2025-06-08 17:02:30,0,7,0,0
33866,2025-06-08 17:29:29,0,4,0,0
54166,2025-06-08 17:32:39,0,5,0,0
74687,2025-06-08 17:47:34,1,8,0,0
46802,2025-06-08 17:49:30,0,10,1,334
54883,2025-06-08 17:51:08,1,4,0,0
45831,2025-06-08 17:58:09,0,4,0,0
31655,2025-06-08 18:01:34,0,4,0,0
44614,2025-06-08 18:14:02,0,8,0,0
79986,2025-06-08 18:20:50,1,4,0,0
6953,2025-06-08 18:25:16,0,9,0,0
55286,2025-06-08 18:25:48,0,4,0,0
32709,2025-06-08 18:29:02,0,9,0,0
14180,2025-06-08 18:33:27,0,5,0,0
26686,2025-06-08 18:51:22,0,2,0,0
95231,2025-06-08 18:56:19,0,5,0,0
14675,2025-06-08 19:00:01,0,4,0,0
87908,2025-06-08 19:04:09,0,6,0,0
22309,2025-06-08 19:04:51,1,2,1,496
28281,2025-06-08 19:06:43,0,7,1,358
16209,2025-06-08 19:32:34,0,9,0,0
14869,2025-06-08 19:40:55,0,2,1,284
26883,2025-06-08 19:41:48,0,9,1,494
1676,2025-06-08 19:45:42,0,6,0,0
59509,2025-06-08 19:55:42,0,7,1,284
58883,2025-06-08 19:58:06,0,7,1,568
61339,2025-06-08 20:04:18,0,10,0,0
94828,2025-06-08 20:04:47,0,9,1,479
49627,2025-06-08 20:06:58,0,4,0,0
48680,2025-06-08 20:17:59,1,7,1,249
6373,2025-06-08 20:20:07,1,7,1,575
46071,2025-06-08 20:26:21,1,5,0,0
65208,2025-06-08 20:33:31,0,5,1,365
14842,2025-06-08 20:34:20,1,6,0,0
37384,2025-06-08 20:38:49,0,4,1,305
95975,2025-06-08 20:38:55,1,2,1,449
54158,2025-06-08 20:41:38,0,2,0,0
4173,2025-06-08 20:47:48,0,8,1,371
2705,2025-06-08 20:55:39,1,9,0,0
22346,2025-06-08 21:06:47,0,2,1,711
65219,2025-06-08 21:08:19,1,5,0,0
87542,2025-06-08 21:15:03,0,2,0,0
7433,2025-06-08 21:25:31,1,7,0,0
37797,2025-06-08 21:29:39,0,7,0,0
15479,2025-06-08 21:33:42,0,3,0,0
4744,2025-06-08 22:04:29,0,6,0,0
41491,2025-06-08 22:05:50,1,9,0,0
34382,2025-06-08 22:10:03,0,7,0,0
52290,2025-06-08 22:27:32,0,5,0,0
80981,2025-06-08 22:33:35,1,8,0,0
87618,2025-06-08 22:46:05,0,9,1,293
43964,2025-06-08 22:57:54,1,6,1,331
36556,2025-06-08 23:02:01,1,3,0,0
1513,2025-06-08 23:05:25,1,5,0,0
8552,2025-06-08 23:08:40,0,8,0,0
96134,2025-06-08 23:12:42,1,10,1,383
31666,2025-06-08 23:18:17,1,10,0,0
13586,2025-06-08 23:20:54,0,5,0,0
3396,2025-06-08 23:25:38,0,9,0,0
16465,2025-06-08 23:32:11,1,4,0,0
14881,2025-06-08 23:32:41,0,5,0,0
71706,2025-06-08 23:34:04,1,5,0,0
95489,2025-06-08 23:35:37,0,4,0,0
94611,2025-06-08 23:36:10,0,5,0,0
24678,2025-06-08 23:37:24,0,8,0,0
67422,2025-06-08 23:38:49,0,6,0,0
76213,2025-06-08 23:38:53,0,6,0,0
29658,2025-06-08 23:39:19,0,7,1,400
14869,2025-06-08 23:39:37,0,3,0,0
1068,2025-06-08 23:41:47,0,4,0,0
14842,2025-06-08 23:43:00,1,9,0,0
52822,2025-06-08 23:47:43,1,11,0,0
2914,2025-06-08 23:51:22,0,7,0,0
1068,2025-06-08 23:54:49,0,9,1,518
81940,2025-06-08 23:58:23,1,6,0,0
3968,2025-06-08 23:59:38,0,9,1,513
57189,2025-06-09 00:11:07,0,12,1,311
84762,2025-06-09 00:14:11,1,5,0,0
65219,2025-06-09 01:01:53,1,7,1,526
46071,2025-06-09 01:02:55,0,1,1,411
68479,2025-06-09 01:03:33,1,11,0,0
1067,2025-06-09 01:12:31,1,7,0,0
92050,2025-06-09 01:12:35,0,8,0,0
14311,2025-06-09 01:35:36,1,3,1,501
53300,2025-06-09 01:59:26,0,5,1,421
90247,2025-06-09 02:06:21,0,7,1,341
69915,2025-06-09 02:16:42,1,8,0,0
93654,2025-06-09 02:26:28,0,6,1,671
29370,2025-06-09 02:37:08,1,2,0,0
19156,2025-06-09 02:39:50,0,10,0,0
54474,2025-06-09 02:57:05,0,2,0,0
88876,2025-06-09 03:01:23,0,11,1,401
50063,2025-06-09 03:26:44,0,2,0,0
90848,2025-06-09 03:35:45,1,7,1,411
85775,2025-06-09 03:41:20,0,3,1,226
83526,2025-06-09 03:53:51,0,9,0,0
74687,2025-06-09 04:00:18,0,8,0,0
18125,2025-06-09 04:05:28,0,16,0,0
68953,2025-06-09 04:49:03,1,6,0,0
26686,2025-06-09 04:51:29,0,4,0,0
37403,2025-06-09 05:03:25,0,7,1,459
19224,2025-06-09 05:16:06,0,3,0,0
70666,2025-06-09 05:22:55,1,4,1,397
38742,2025-06-09 05:28:46,0,7,0,0
31082,2025-06-09 05:34:22,0,6,0,0
41766,2025-06-09 05:38:06,1,4,0,0
85905,2025-06-09 05:43:52,0,5,0,0
455,2025-06-09 05:46:58,0,7,1,272
64217,2025-06-09 06:16:41,1,6,0,0
943,2025-06-09 06:30:51,0,1,1,446
1781,2025-06-09 06:41:14,1,7,0,0
86102,2025-06-09 06:52:19,0,3,0,0
78529,2025-06-09 06:52:28,1,8,0,0
96031,2025-06-09 06:57:34,0,1,0,0
55286,2025-06-09 07:05:33,1,5,0,0
76631,2025-06-09 07:09:01,0,7,0,0
26309,2025-06-09 07:12:41,1,5,0,0
64361,2025-06-09 07:14:57,0,11,0,0
81940,2025-06-09 07:29:16,0,4,0,0
16381,2025-06-09 07:31:14,1,8,0,0
28443,2025-06-09 07:51:24,0,4,0,0
61396,2025-06-09 07:54:26,0,4,0,0
19096,2025-06-09 07:57:03,1,5,0,0
36098,2025-06-09 08:04:55,0,5,1,576
96123,2025-06-09 08:10:02,0,4,0,0
28281,2025-06-09 08:12:02,0,5,1,281
38663,2025-06-09 08:13:59,1,1,0,0
69938,2025-06-09 08:30:44,1,2,0,0
76936,2025-06-09 08:41:15,0,7,0,0
12004,2025-06-09 08:43:45,0,13,1,352
42445,2025-06-09 08:48:18,0,4,0,0
80254,2025-06-09 08:50:01,1,4,1,854
24164,2025-06-09 08:52:18,1,7,0,0
96223,2025-06-09 08:57:52,0,9,0,0
5770,2025-06-09 08:58:28,0,8,0,0
5764,2025-06-09 09:03:43,0,2,0,0
85359,2025-06-09 09:08:32,0,6,1,352
89031,2025-06-09 09:13:13,0,2,0,0
74687,2025-06-09 09:13:44,0,6,1,389
45426,2025-06-09 09:13:46,0,2,1,427
38121,2025-06-09 09:19:17,0,7,0,0
69887,2025-06-09 09:19:45,1,1,0,0
23556,2025-06-09 09:20:27,1,10,0,0
11081,2025-06-09 09:24:42,0,3,1,408
79609,2025-06-09 09:35:29,0,2,1,413
28039,2025-06-09 09:40:22,1,5,0,0
64171,2025-06-09 09:49:52,0,7,0,0
30434,2025-06-09 10:02:37,0,6,0,0
1740,2025-06-09 10:04:43,1,4,0,0
83918,2025-06-09 10:05:47,0,8,0,0
55800,2025-06-09 10:05:52,0,3,0,0
11097,2025-06-09 10:06:33,0,10,1,723
52138,2025-06-09 10:08:38,0,11,0,0
99970,2025-06-09 10:12:56,0,6,0,0
37672,2025-06-09 10:21:32,1,9,0,0
19729,2025-06-09 10:25:46,0,8,1,475
83,2025-06-09 10:29:27,0,6,0,0
51769,2025-06-09 10:30:54,0,3,1,392
5546,2025-06-09 10:32:47,0,4,0,0
3062,2025-06-09 10:48:53,0,7,1,324
80029,2025-06-09 10:50:04,1,9,0,0
89935,2025-06-09 10:50:19,0,11,1,576
52407,2025-06-09 10:51:18,0,5,0,0
55702,2025-06-09 10:51:48,0,5,0,0
93640,2025-06-09 11:11:24,1,3,0,0
80118,2025-06-09 11:22:42,1,4,0,0
68222,2025-06-09 11:39:30,1,6,1,342
53527,2025-06-09 11:42:19,0,7,0,0
9477,2025-06-09 11:43:18,0,9,0,0
9787,2025-06-09 11:47:29,1,9,1,491
26755,2025-06-09 11:48:26,1,11,0,0
82958,2025-06-09 11:57:05,0,5,0,0
77173,2025-06-09 12:00:24,0,3,1,712
36252,2025-06-09 12:02:41,0,10,0,0
97509,2025-06-09 12:04:39,0,4,0,0
54883,2025-06-09 12:07:11,0,3,0,0
2708,2025-06-09 12:12:08,0,10,0,0
43710,2025-06-09 12:19:41,0,4,0,0
49362,2025-06-09 12:20:44,0,2,0,0
19157,2025-06-09 12:22:45,0,8,1,332
11260,2025-06-09 12:29:08,1,6,0,0
84003,2025-06-09 12:31:53,0,4,0,0
41120,2025-06-09 12:32:41,1,9,0,0
69887,2025-06-09 12:33:26,0,4,1,350
31813,2025-06-09 12:42:20,1,11,0,0
87184,2025-06-09 12:44:00,1,6,0,0
68479,2025-06-09 12:45:04,1,9,0,0
19224,2025-06-09 12:46:44,0,6,0,0
49593,2025-06-09 12:49:29,0,9,1,320
55286,2025-06-09 12:51:56,1,4,0,0
455,2025-06-09 13:01:15,0,6,0,0
80407,2025-06-09 13:08:36,1,7,1,414
53915,2025-06-09 13:12:31,0,3,1,502
2092,2025-06-09 13:15:52,1,9,1,247
68467,2025-06-09 13:34:19,0,8,1,550
77801,2025-06-09 13:34:35,1,7,1,264
557,2025-06-09 13:36:10,1,5,0,0
12004,2025-06-09 13:40:13,0,6,1,439
69987,2025-06-09 13:52:38,0,5,1,523
95975,2025-06-09 13:53:11,0,4,0,0
84308,2025-06-09 13:53:17,0,3,1,261
21714,2025-06-09 13:57:51,1,8,1,266
65463,2025-06-09 13:58:22,0,8,0,0
72411,2025-06-09 14:02:09,1,6,0,0
64358,2025-06-09 14:07:51,0,10,0,0
268,2025-06-09 14:08:10,1,11,0,0
62216,2025-06-09 14:10:39,0,8,1,364
48919,2025-06-09 14:13:10,0,9,0,0
85236,2025-06-09 14:13:42,0,7,0,0
9429,2025-06-09 14:14:27,1,10,0,0
23306,2025-06-09 14:28:11,1,6,1,249
11053,2025-06-09 14:28:16,0,6,0,0
34457,2025-06-09 14:44:26,0,6,0,0
93165,2025-06-09 14:58:21,1,9,1,394
93415,2025-06-09 14:59:13,0,8,0,0
5343,2025-06-09 14:59:45,0,7,0,0
46406,2025-06-09 15:00:57,0,9,0,0
91700,2025-06-09 15:12:38,0,6,1,707
1740,2025-06-09 15:14:21,0,9,0,0
77236,2025-06-09 15:16:53,0,6,0,0
73687,2025-06-09 15:25:45,1,5,0,0
56566,2025-06-09 15:25:54,0,1,0,0
40763,2025-06-09 15:39:05,1,8,0,0
22493,2025-06-09 15:43:11,0,4,1,356
27971,2025-06-09 15:45:06,1,6,0,0
80105,2025-06-09 15:48:59,0,7,0,0
8098,2025-06-09 15:52:24,0,4,0,0
9590,2025-06-09 15:53:15,0,3,0,0
26755,2025-06-09 15:54:35,0,5,0,0
9975,2025-06-09 16:02:42,0,2,0,0
9387,2025-06-09 16:09:22,0,5,1,315
91401,2025-06-09 16:18:30,0,7,0,0
1676,2025-06-09 16:19:14,0,3,1,535
81481,2025-06-09 16:25:01,1,7,1,248
28281,2025-06-09 16:31:03,0,4,1,448
54481,2025-06-09 16:31:25,1,7,1,300
93640,2025-06-09 16:44:57,1,9,0,0
67781,2025-06-09 16:45:45,1,6,0,0
82825,2025-06-09 16:46:50,0,7,0,0
85234,2025-06-09 16:53:13,0,8,0,0
76430,2025-06-09 16:54:42,0,7,1,450
85601,2025-06-09 17:03:01,1,7,0,0
96950,2025-06-09 17:05:21,0,1,1,376
45082,2025-06-09 17:11:12,1,6,0,0
52563,2025-06-09 17:11:54,0,5,0,0
35485,2025-06-09 17:21:23,0,7,0,0
61752,2025-06-09 17:27:45,1,6,0,0
38915,2025-06-09 17:28:56,0,9,0,0
12425,2025-06-09 17:37:09,0,5,0,0
68467,2025-06-09 17:40:05,0,8,0,0
59623,2025-06-09 17:40:25,0,7,1,476
39643,2025-06-09 17:46:39,1,5,0,0
21463,2025-06-09 17:50:41,0,4,0,0
73119,2025-06-09 17:57:40,0,10,1,393
11097,2025-06-09 17:58:13,0,3,1,681
5520,2025-06-09 18:16:23,0,6,1,511
33893,2025-06-09 18:17:08,1,3,0,0
11099,2025-06-09 18:25:46,0,1,0,0
70960,2025-06-09 18:26:55,0,4,0,0
87184,2025-06-09 18:36:55,0,8,0,0
80187,2025-06-09 18:37:32,1,3,0,0
87066,2025-06-09 18:39:37,0,1,0,0
30905,2025-06-09 18:48:59,1,10,0,0
40567,2025-06-09 18:50:52,0,6,0,0
83275,2025-06-09 19:02:54,0,2,0,0
19264,2025-06-09 19:06:18,0,13,1,655
47592,2025-06-09 19:07:39,0,4,0,0
52746,2025-06-09 19:07:48,0,7,0,0
31343,2025-06-09 19:25:14,1,7,0,0
41186,2025-06-09 19:32:39,0,9,0,0
84929,2025-06-09 19:36:21,0,3,0,0
92998,2025-06-09 19:37:27,0,7,0,0
48424,2025-06-09 19:38:26,0,2,1,406
98586,2025-06-09 19:45:36,0,5,1,376
42182,2025-06-09 19:53:59,1,3,1,273
43097,2025-06-09 19:59:23,0,4,0,0
6953,2025-06-09 20:18:27,0,3,0,0
94834,2025-06-09 20:21:27,0,6,0,0
38987,2025-06-09 20:31:10,0,5,0,0
68953,2025-06-09 20:53:10,0,5,0,0
85128,2025-06-09 20:56:44,0,5,1,450
18931,2025-06-09 21:24:55,0,5,0,0
29829,2025-06-09 21:41:11,0,8,1,414
11053,2025-06-09 21:41:41,1,9,1,229
61483,2025-06-09 21:45:57,1,9,0,0
93402,2025-06-09 21:48:56,1,7,0,0
20853,2025-06-09 21:50:23,0,7,0,0
6223,2025-06-09 22:02:23,1,6,0,0
26314,2025-06-09 22:09:11,0,2,0,0
69794,2025-06-09 22:35:35,0,8,0,0
45100,2025-06-09 22:36:58,1,12,1,373
6167,2025-06-09 22:37:35,0,3,0,0
55431,2025-06-09 22:38:41,1,9,0,0
93402,2025-06-09 22:40:42,1,9,1,404
27778,2025-06-09 22:50:49,0,5,0,0
99744,2025-06-09 22:50:49,1,6,0,0
19718,2025-06-09 22:54:53,0,6,0,0
26179,2025-06-09 22:59:15,0,7,1,371
12903,2025-06-09 23:06:14,0,7,0,0
5964,2025-06-09 23:14:16,0,3,0,0
67403,2025-06-09 23:16:25,1,4,0,0
5458,2025-06-09 23:24:05,0,4,0,0
59680,2025-06-09 23:27:23,0,9,0,0
87237,2025-06-09 23:40:38,0,4,1,490
5312,2025-06-09 23:47:24,0,6,1,358
18213,2025-06-09 23:47:48,0,7,0,0
95857,2025-06-09 23:48:00,0,10,0,0
93402,2025-06-09 23:48:08,1,5,0,0
46071,2025-06-09 23:51:46,1,3,0,0
94584,2025-06-09 23:59:19,0,5,0,0
4929,2025-06-10 00:30:43,1,2,0,0
95489,2025-06-10 00:52:24,0,6,0,0
41766,2025-06-10 00:55:48,0,6,1,591
22452,2025-06-10 01:09:11,0,1,0,0
52534,2025-06-10 01:32:32,0,6,0,0
56577,2025-06-10 01:36:00,0,6,1,458
48362,2025-06-10 01:42:57,0,10,1,455
93869,2025-06-10 01:53:22,0,4,1,404
91255,2025-06-10 01:54:25,0,5,0,0
14547,2025-06-10 02:10:22,1,6,1,352
25938,2025-06-10 02:11:46,0,2,0,0
54993,2025-06-10 03:03:02,0,7,0,0
19861,2025-06-10 03:11:02,1,9,0,0
61127,2025-06-10 03:12:18,0,6,1,392
16269,2025-06-10 03:13:19,0,4,0,0
79079,2025-06-10 03:16:19,0,3,0,0
10782,2025-06-10 03:20:00,0,8,0,0
63833,2025-06-10 03:21:10,0,2,0,0
53141,2025-06-10 03:37:11,1,7,1,661
85601,2025-06-10 03:47:55,1,10,0,0
44532,2025-06-10 03:48:26,0,7,0,0
34382,2025-06-10 03:52:30,0,3,1,601
4599,2025-06-10 03:55:12,1,5,1,435
52534,2025-06-10 04:00:04,1,2,0,0
17711,2025-06-10 04:17:39,0,6,1,445
38915,2025-06-10 04:49:02,0,6,1,388
64227,2025-06-10 04:55:58,1,7,1,325
65208,2025-06-10 04:57:32,0,5,0,0
31803,2025-06-10 05:15:35,1,3,0,0
6553,2025-06-10 05:21:24,0,1,0,0
48362,2025-06-10 05:23:26,0,4,0,0
49806,2025-06-10 05:28:10,0,2,0,0
86349,2025-06-10 05:33:40,1,8,1,300
28711,2025-06-10 05:51:32,0,7,0,0
19718,2025-06-10 05:52:12,0,6,0,0
39643,2025-06-10 06:28:24,0,6,0,0
41063,2025-06-10 06:33:15,0,3,0,0
41280,2025-06-10 07:05:53,1,10,0,0
41186,2025-06-10 07:07:29,0,8,0,0
60569,2025-06-10 08:00:41,0,6,1,387
47204,2025-06-10 08:00:45,1,7,0,0
10127,2025-06-10 08:02:28,0,5,0,0
40417,2025-06-10 08:05:10,0,7,0,0
41601,2025-06-10 08:06:22,0,3,0,0
75823,2025-06-10 08:06:56,0,5,1,378
71132,2025-06-10 08:15:41,0,10,0,0
70666,2025-06-10 08:25:16,0,6,1,354
75770,2025-06-10 08:27:56,0,8,0,0
83358,2025-06-10 08:30:45,1,8,0,0
56315,2025-06-10 08:30:52,0,4,0,0
66214,2025-06-10 08:33:55,1,3,1,390
65219,2025-06-10 08:33:57,1,7,0,0
24430,2025-06-10 08:38:00,0,8,0,0
92012,2025-06-10 08:40:43,0,1,0,0
41601,2025-06-10 08:45:11,0,6,1,476
80118,2025-06-10 09:05:54,0,8,0,0
68939,2025-06-10 09:06:17,0,6,1,413
70339,2025-06-10 09:08:57,0,5,0,0
51121,2025-06-10 09:14:43,0,10,0,0
41601,2025-06-10 09:20:15,0,3,1,386
95527,2025-06-10 09:20:23,0,4,1,304
17257,2025-06-10 09:34:20,0,8,0,0
87564,2025-06-10 09:36:46,0,10,0,0
29384,2025-06-10 09:42:41,0,11,1,548
5614,2025-06-10 09:47:32,0,4,0,0
31636,2025-06-10 09:52:01,0,7,1,473
89889,2025-06-10 09:55:11,0,5,1,546
1439,2025-06-10 10:00:38,1,4,0,0
60116,2025-06-10 10:03:40,1,6,1,396
89162,2025-06-10 10:11:12,0,7,0,0
2909,2025-06-10 10:22:01,1,3,0,0
65159,2025-06-10 10:23:04,0,3,1,405
79824,2025-06-10 10:34:55,0,7,0,0
16725,2025-06-10 10:36:08,0,7,1,412
85564,2025-06-10 10:37:00,0,8,0,0
26590,2025-06-10 10:37:58,0,8,1,346
33866,2025-06-10 10:40:30,0,9,1,346
91840,2025-06-10 10:48:49,1,8,0,0
6953,2025-06-10 10:49:56,0,2,1,787
84209,2025-06-10 10:50:56,1,9,0,0
28064,2025-06-10 10:55:28,0,4,1,345
85640,2025-06-10 11:09:55,1,9,0,0
2979,2025-06-10 11:17:18,0,9,1,410
99603,2025-06-10 11:17:53,0,2,1,301
9548,2025-06-10 11:27:51,0,4,1,368
42252,2025-06-10 11:34:12,1,6,0,0
97047,2025-06-10 11:39:15,0,8,0,0
45810,2025-06-10 11:49:23,0,6,0,0
86837,2025-06-10 12:03:38,1,8,1,492
31246,2025-06-10 12:10:17,1,6,0,0
5734,2025-06-10 12:12:40,0,2,1,317
81129,2025-06-10 12:15:29,0,9,1,164
14290,2025-06-10 12:17:12,0,5,0,0
13877,2025-06-10 12:19:02,0,7,0,0
81614,2025-06-10 12:23:51,0,6,0,0
79182,2025-06-10 12:30:05,0,1,0,0
54158,2025-06-10 12:33:34,0,11,1,684
91486,2025-06-10 12:33:57,0,4,1,201
93177,2025-06-10 12:41:34,0,5,0,0
92017,2025-06-10 12:50:27,0,3,0,0
61317,2025-06-10 12:53:17,1,6,1,320
58209,2025-06-10 12:57:32,1,6,0,0
60692,2025-06-10 12:57:52,0,4,0,0
34608,2025-06-10 13:01:44,0,11,0,0
268,2025-06-10 13:05:50,0,11,1,655
93154,2025-06-10 13:11:12,0,4,1,430
46406,2025-06-10 13:15:57,0,12,1,266
93165,2025-06-10 13:16:16,1,6,0,0
150,2025-06-10 13:19:03,0,5,0,0
91840,2025-06-10 13:24:28,1,5,0,0
54049,2025-06-10 13:29:22,0,9,1,570
48919,2025-06-10 13:33:48,1,3,0,0
72411,2025-06-10 13:39:27,1,4,0,0
43578,2025-06-10 13:39:50,0,3,1,326
76845,2025-06-10 13:40:12,1,6,0,0
96031,2025-06-10 13:40:31,1,10,0,0
84003,2025-06-10 13:44:22,0,7,1,505
43578,2025-06-10 13:54:40,0,6,1,321
10723,2025-06-10 13:55:35,0,8,0,0
92050,2025-06-10 13:59:42,1,5,0,0
65710,2025-06-10 14:07:52,0,4,0,0
39588,2025-06-10 14:09:01,0,7,0,0
96106,2025-06-10 14:14:27,0,3,0,0
95527,2025-06-10 14:16:51,0,4,1,237
45831,2025-06-10 14:26:45,1,3,0,0
50645,2025-06-10 14:41:06,0,4,0,0
34151,2025-06-10 14:51:55,1,6,1,362
73264,2025-06-10 14:54:33,0,4,0,0
89345,2025-06-10 15:02:49,1,8,1,372
96950,2025-06-10 15:07:27,0,7,0,0
7719,2025-06-10 15:08:56,0,13,0,0
33308,2025-06-10 15:15:59,0,6,1,370
74714,2025-06-10 15:18:50,0,9,0,0
12746,2025-06-10 15:25:40,0,3,0,0
84264,2025-06-10 15:28:54,0,9,0,0
70346,2025-06-10 15:30:35,0,6,0,0
74980,2025-06-10 15:34:47,0,2,1,366
61817,2025-06-10 15:47:45,0,5,1,346
19718,2025-06-10 15:48:02,1,1,0,0
61294,2025-06-10 15:57:37,1,8,0,0
36422,2025-06-10 16:04:27,1,5,1,590
4028,2025-06-10 16:07:30,1,8,0,0
62152,2025-06-10 16:08:29,0,6,0,0
45426,2025-06-10 16:20:53,0,5,1,620
48471,2025-06-10 16:23:30,1,3,1,707
35671,2025-06-10 16:23:55,0,5,0,0
67862,2025-06-10 16:29:36,0,10,0,0
93036,2025-06-10 16:48:12,0,5,0,0
68554,2025-06-10 16:48:20,0,9,1,918
80088,2025-06-10 16:48:56,1,7,0,0
80931,2025-06-10 16:59:09,0,2,0,0
14671,2025-06-10 16:59:14,1,5,0,0
49806,2025-06-10 17:03:41,0,6,1,259
87507,2025-06-10 17:05:01,0,2,1,315
36690,2025-06-10 17:08:10,0,5,0,0
35671,2025-06-10 17:09:28,1,3,1,526
98385,2025-06-10 17:11:40,0,5,0,0
82188,2025-06-10 17:14:14,1,9,0,0
9934,2025-06-10 17:19:33,0,7,0,0
89424,2025-06-10 17:29:32,0,4,1,337
85858,2025-06-10 17:33:55,1,5,0,0
55631,2025-06-10 17:38:15,1,4,0,0
64305,2025-06-10 17:38:24,0,5,0,0
19953,2025-06-10 17:38:32,1,9,0,0
36762,2025-06-10 17:45:12,0,8,0,0
68400,2025-06-10 17:58:49,0,8,1,625
74062,2025-06-10 18:05:47,1,6,0,0
49067,2025-06-10 18:07:10,0,6,1,371
1804,2025-06-10 18:20:19,0,5,0,0
4924,2025-06-10 18:21:54,0,4,0,0
28679,2025-06-10 18:26:37,0,4,0,0
4545,2025-06-10 18:26:59,0,4,1,283
78683,2025-06-10 18:29:37,0,9,0,0
42056,2025-06-10 18:30:00,1,6,0,0
47552,2025-06-10 18:42:19,0,6,1,482
87507,2025-06-10 18:43:14,0,12,0,0
8305,2025-06-10 18:48:27,0,3,0,0
20940,2025-06-10 18:56:24,0,4,0,0
93395,2025-06-10 18:58:00,0,8,0,0
99781,2025-06-10 19:02:38,1,4,0,0
7197,2025-06-10 19:04:13,0,9,0,0
63128,2025-06-10 19:08:38,0,7,0,0
26883,2025-06-10 19:13:42,0,5,0,0
52158,2025-06-10 19:28:26,0,5,1,632
90346,2025-06-10 19:31:00,0,6,0,0
10917,2025-06-10 19:35:50,1,4,1,275
82875,2025-06-10 19:40:10,0,7,0,0
32495,2025-06-10 19:50:20,0,4,0,0
26314,2025-06-10 19:55:35,1,11,0,0
90848,2025-06-10 20:01:54,0,10,0,0
13445,2025-06-10 20:11:57,0,5,0,0
85601,2025-06-10 20:18:42,1,7,1,680
85849,2025-06-10 20:21:49,1,8,0,0
59866,2025-06-10 20:27:08,0,5,1,721
47485,2025-06-10 20:38:47,0,5,0,0
64203,2025-06-10 20:39:17,1,4,0,0
14149,2025-06-10 20:43:38,0,6,0,0
39677,2025-06-10 20:44:04,0,4,0,0
49627,2025-06-10 20:45:12,0,7,0,0
69125,2025-06-10 20:47:20,0,8,1,339
39643,2025-06-10 20:50:44,1,11,1,279
96917,2025-06-10 20:55:26,0,8,0,0
82132,2025-06-10 20:55:59,0,6,0,0
95967,2025-06-10 20:56:27,0,4,0,0
11443,2025-06-10 21:09:48,0,5,1,262
30876,2025-06-10 21:13:41,1,4,0,0
47552,2025-06-10 21:15:25,0,8,1,499
48362,2025-06-10 21:19:45,1,2,0,0
16381,2025-06-10 21:27:22,0,8,0,0
59613,2025-06-10 21:29:56,1,7,0,0
81481,2025-06-10 21:33:16,1,6,1,314
38065,2025-06-10 21:36:30,0,11,1,231
85280,2025-06-10 21:51:33,1,3,0,0
29598,2025-06-10 21:55:28,1,4,0,0
29384,2025-06-10 22:00:40,1,2,0,0
97637,2025-06-10 22:04:29,0,2,0,0
31023,2025-06-10 22:06:57,0,5,0,0
82050,2025-06-10 22:14:49,1,4,1,510
99045,2025-06-10 22:15:43,0,4,1,531
27102,2025-06-10 22:29:36,0,7,1,438
20562,2025-06-10 22:31:01,0,10,1,580
19709,2025-06-10 22:31:32,0,4,0,0
21416,2025-06-10 22:49:20,0,4,1,279
16786,2025-06-10 22:51:36,1,5,0,0
16722,2025-06-10 22:54:35,1,3,0,0
66460,2025-06-10 22:57:47,0,7,0,0
11907,2025-06-10 23:06:04,0,2,0,0
34151,2025-06-10 23:08:28,0,7,0,0
79785,2025-06-10 23:17:20,0,8,1,301
81369,2025-06-10 23:24:41,0,4,1,566
21013,2025-06-10 23:25:46,0,8,0,0
47830,2025-06-10 23:29:45,0,8,0,0
30032,2025-06-10 23:34:13,1,7,1,409
10458,2025-06-10 23:40:23,1,5,0,0
18125,2025-06-10 23:45:52,1,7,1,363
80112,2025-06-10 23:59:01,0,8,0,0
55944,2025-06-11 00:03:12,0,2,0,0
54474,2025-06-11 00:11:24,0,6,1,373
8098,2025-06-11 00:33:19,0,7,0,0
39352,2025-06-11 00:39:56,0,6,0,0
39543,2025-06-11 00:53:15,1,2,1,315
67781,2025-06-11 00:56:08,1,4,0,0
77173,2025-06-11 00:58:07,1,3,0,0
90371,2025-06-11 01:04:50,1,6,0,0
56315,2025-06-11 02:12:17,0,6,0,0
4352,2025-06-11 02:15:17,0,13,0,0
92698,2025-06-11 02:16:47,0,6,0,0
41436,2025-06-11 02:25:25,0,7,1,379
47427,2025-06-11 02:35:04,0,9,0,0
75116,2025-06-11 03:07:37,0,7,1,367
26883,2025-06-11 03:38:23,1,11,0,0
20940,2025-06-11 03:43:39,1,5,1,315
68564,2025-06-11 04:04:44,0,3,1,619
58380,2025-06-11 04:21:42,0,4,0,0
23556,2025-06-11 04:29:42,0,2,1,511
67862,2025-06-11 04:39:52,0,4,0,0
69344,2025-06-11 04:44:10,0,4,1,424
75100,2025-06-11 04:46:43,0,7,0,0
86271,2025-06-11 05:05:03,0,6,1,286
69813,2025-06-11 05:10:49,0,6,1,393
49471,2025-06-11 05:13:50,0,3,1,428
41720,2025-06-11 05:20:02,1,8,1,317
23863,2025-06-11 05:30:03,1,5,1,531
71086,2025-06-11 05:32:43,1,4,1,389
45361,2025-06-11 05:39:33,0,7,1,288
22452,2025-06-11 05:55:33,0,6,0,0
14687,2025-06-11 06:11:28,0,2,1,553
41317,2025-06-11 06:12:59,0,12,1,713
58117,2025-06-11 06:14:51,0,5,0,0
97451,2025-06-11 06:22:26,1,6,0,0
85564,2025-06-11 06:35:08,1,10,1,289
17947,2025-06-11 06:41:04,1,5,0,0
57399,2025-06-11 07:29:43,0,5,1,275
89031,2025-06-11 07:40:11,0,6,1,283
50009,2025-06-11 07:52:36,0,2,0,0
95260,2025-06-11 07:52:56,0,2,0,0
68222,2025-06-11 07:53:49,1,6,0,0
6223,2025-06-11 08:05:12,0,4,0,0
5032,2025-06-11 08:14:00,0,2,0,0
94834,2025-06-11 08:14:57,0,3,1,300
12513,2025-06-11 08:17:14,0,7,0,0
68400,2025-06-11 08:21:29,0,8,0,0
97637,2025-06-11 08:22:42,1,6,1,407
2960,2025-06-11 08:24:52,1,3,1,367
32341,2025-06-11 08:25:56,0,8,0,0
69352,2025-06-11 08:27:00,0,5,1,336
93154,2025-06-11 08:29:04,0,8,0,0
55702,2025-06-11 08:35:01,0,3,0,0
23097,2025-06-11 08:43:13,0,6,0,0
38031,2025-06-11 08:55:03,1,9,0,0
11565,2025-06-11 08:57:25,0,11,0,0
82132,2025-06-11 08:58:12,1,8,0,0
49155,2025-06-11 08:58:13,1,8,1,300
51121,2025-06-11 09:05:24,1,8,1,458
35485,2025-06-11 09:11:41,0,5,0,0
68467,2025-06-11 09:28:16,0,7,1,510
89073,2025-06-11 09:29:25,0,8,0,0
10530,2025-06-11 09:46:24,0,6,1,609
53141,2025-06-11 09:47:45,0,10,0,0
13828,2025-06-11 09:54:55,0,6,1,296
33573,2025-06-11 09:56:56,1,5,0,0
87908,2025-06-11 09:57:01,1,6,1,792
96031,2025-06-11 09:59:29,1,1,0,0
13187,2025-06-11 10:01:50,0,8,0,0
9665,2025-06-11 10:06:16,0,2,0,0
96537,2025-06-11 10:09:08,1,5,0,0
86070,2025-06-11 10:14:37,0,8,0,0
84565,2025-06-11 10:18:49,1,5,0,0
84762,2025-06-11 10:20:29,0,2,0,0
82774,2025-06-11 10:22:47,0,5,1,392
64171,2025-06-11 10:30:44,1,8,0,0
53683,2025-06-11 10:32:41,1,2,0,0
95184,2025-06-11 10:34:38,0,9,0,0
35351,2025-06-11 10:36:49,0,2,0,0
26314,2025-06-11 10:52:07,1,6,0,0
97240,2025-06-11 10:52:30,0,9,1,450
1068,2025-06-11 10:55:45,1,5,0,0
97093,2025-06-11 11:00:20,1,6,0,0
82288,2025-06-11 11:04:51,1,0,0,0
3534,2025-06-11 11:04:57,0,4,0,0
85528,2025-06-11 11:13:41,1,9,1,603
30832,2025-06-11 11:19:48,0,6,0,0
12125,2025-06-11 11:22:41,0,7,1,619
95599,2025-06-11 11:22:49,0,7,0,0
90350,2025-06-11 11:26:44,0,9,0,0
506,2025-06-11 11:28:39,0,4,1,514
70245,2025-06-11 11:37:17,0,7,1,382
65126,2025-06-11 11:42:40,0,9,0,0
95184,2025-06-11 11:57:35,0,6,0,0
3654,2025-06-11 12:05:25,1,11,0,0
99455,2025-06-11 12:07:06,0,7,0,0
69125,2025-06-11 12:10:58,0,6,1,370
20481,2025-06-11 12:11:35,0,7,0,0
93579,2025-06-11 12:19:09,0,4,0,0
5986,2025-06-11 12:22:17,1,10,1,242
62216,2025-06-11 12:27:49,0,2,1,429
90371,2025-06-11 12:31:55,0,3,0,0
91260,2025-06-11 12:32:14,1,2,1,856
86428,2025-06-11 12:44:48,0,7,0,0
98669,2025-06-11 12:49:35,0,9,0,0
79850,2025-06-11 12:51:59,0,6,0,0
86102,2025-06-11 12:56:37,0,1,0,0
92017,2025-06-11 12:59:55,0,2,0,0
61363,2025-06-11 13:00:38,0,5,0,0
37403,2025-06-11 13:16:00,0,7,0,0
75380,2025-06-11 13:21:55,0,6,1,398
93395,2025-06-11 13:23:04,1,6,0,0
75020,2025-06-11 13:25:47,0,5,0,0
12746,2025-06-11 13:26:45,0,4,0,0
23863,2025-06-11 13:31:08,0,7,0,0
44081,2025-06-11 13:34:04,0,7,1,460
94942,2025-06-11 13:36:12,1,8,1,433
58007,2025-06-11 13:36:20,0,5,0,0
93395,2025-06-11 13:40:40,1,3,0,0
62755,2025-06-11 13:42:57,0,5,0,0
2705,2025-06-11 13:59:41,0,11,1,306
48424,2025-06-11 14:01:00,0,5,0,0
66855,2025-06-11 14:07:17,0,12,1,296
86837,2025-06-11 14:20:05,0,8,0,0
16269,2025-06-11 14:26:31,0,2,1,670
43964,2025-06-11 14:27:07,0,4,0,0
88938,2025-06-11 14:29:05,0,4,1,317
60148,2025-06-11 14:36:31,1,3,1,545
85764,2025-06-11 14:36:38,0,8,0,0
62152,2025-06-11 14:39:04,0,3,0,0
44310,2025-06-11 14:43:53,0,5,1,403
48509,2025-06-11 14:55:17,1,6,0,0
13877,2025-06-11 14:55:27,1,6,1,490
34006,2025-06-11 15:02:07,0,7,0,0
26883,2025-06-11 15:03:19,0,4,0,0
23806,2025-06-11 15:05:39,0,7,0,0
59680,2025-06-11 15:20:39,1,4,0,0
32701,2025-06-11 15:27:59,0,7,1,696
85364,2025-06-11 15:31:54,0,5,1,342
22157,2025-06-11 15:33:55,0,8,0,0
97637,2025-06-11 15:35:07,0,6,0,0
19096,2025-06-11 15:36:58,0,5,0,0
67862,2025-06-11 15:40:36,0,7,0,0
12425,2025-06-11 15:43:56,1,4,0,0
67403,2025-06-11 15:44:00,0,8,0,0
5986,2025-06-11 15:48:31,0,7,0,0
69794,2025-06-11 15:53:50,0,4,1,313
86147,2025-06-11 15:55:37,0,8,0,0
5835,2025-06-11 15:59:46,1,6,1,314
56397,2025-06-11 16:00:49,0,8,0,0
82055,2025-06-11 16:12:34,0,10,0,0
52290,2025-06-11 16:13:55,0,6,0,0
55800,2025-06-11 16:16:36,0,10,1,319
43418,2025-06-11 16:17:14,0,6,0,0
4565,2025-06-11 16:18:14,0,10,1,704
17956,2025-06-11 16:18:22,0,9,0,0
61363,2025-06-11 16:22:29,0,4,0,0
19096,2025-06-11 16:26:40,0,4,1,450
63680,2025-06-11 16:33:02,0,6,0,0
5740,2025-06-11 16:35:07,0,5,1,304
19157,2025-06-11 16:37:56,0,4,0,0
46883,2025-06-11 16:38:50,0,4,0,0
54158,2025-06-11 16:41:56,0,11,0,0
33308,2025-06-11 16:42:27,0,4,1,519
55219,2025-06-11 16:45:44,0,3,0,0
61817,2025-06-11 16:49:21,0,7,0,0
43335,2025-06-11 16:52:04,0,6,0,0
24851,2025-06-11 16:57:51,1,6,0,0
61358,2025-06-11 16:58:15,0,5,0,0
74136,2025-06-11 17:01:15,1,2,0,0
33415,2025-06-11 17:01:48,1,8,0,0
69615,2025-06-11 17:02:47,0,3,0,0
13646,2025-06-11 17:04:26,1,10,0,0
6274,2025-06-11 17:09:21,0,3,1,279
21113,2025-06-11 17:10:55,0,7,0,0
85226,2025-06-11 17:14:27,0,3,0,0
12354,2025-06-11 17:15:14,0,5,0,0
33893,2025-06-11 17:32:45,0,4,1,834
79609,2025-06-11 17:35:42,0,9,0,0
61358,2025-06-11 17:43:14,0,4,1,443
96030,2025-06-11 17:49:49,1,12,0,0
57495,2025-06-11 17:51:29,0,8,0,0
76213,2025-06-11 17:51:57,1,7,1,198
76282,2025-06-11 18:02:33,1,4,1,464
22821,2025-06-11 18:08:52,0,9,1,595
50063,2025-06-11 18:10:38,0,8,0,0
79322,2025-06-11 18:13:47,1,7,0,0
86428,2025-06-11 18:18:48,1,9,0,0
42624,2025-06-11 18:26:14,0,4,0,0
19718,2025-06-11 18:42:44,1,8,0,0
9290,2025-06-11 18:45:16,0,2,0,0
27479,2025-06-11 18:51:26,0,4,1,233
52088,2025-06-11 18:56:07,0,2,0,0
95489,2025-06-11 18:56:44,0,4,0,0
95927,2025-06-11 18:59:29,1,8,0,0
74687,2025-06-11 18:59:32,1,6,0,0
47552,2025-06-11 18:59:48,1,8,0,0
21072,2025-06-11 19:00:40,0,5,1,607
17231,2025-06-11 19:00:53,0,3,0,0
30876,2025-06-11 19:17:23,0,5,0,0
5343,2025-06-11 19:18:29,0,9,0,0
64305,2025-06-11 19:26:14,0,5,1,363
96949,2025-06-11 19:29:42,0,8,0,0
60174,2025-06-11 19:33:05,0,7,1,298
92130,2025-06-11 19:43:37,0,3,0,0
30876,2025-06-11 19:47:50,0,6,0,0
11331,2025-06-11 19:50:20,0,6,1,803
87564,2025-06-11 19:51:47,1,10,0,0
96921,2025-06-11 19:51:56,0,1,1,511
40403,2025-06-11 19:52:32,1,7,0,0
20853,2025-06-11 20:04:54,0,9,1,358
95638,2025-06-11 20:07:37,0,3,1,411
35165,2025-06-11 20:10:09,1,1,0,0
98840,2025-06-11 20:16:19,0,9,0,0
36522,2025-06-11 20:29:53,0,4,1,422
52814,2025-06-11 20:33:09,0,8,0,0
78795,2025-06-11 20:47:03,1,8,1,546
84372,2025-06-11 20:47:24,0,6,0,0
8894,2025-06-11 20:57:49,0,2,0,0
57333,2025-06-11 20:59:48,1,7,1,382
44143,2025-06-11 21:05:20,0,7,0,0
56278,2025-06-11 21:08:15,0,6,0,0
49973,2025-06-11 21:16:35,1,6,0,0
13537,2025-06-11 21:22:05,1,11,1,276
80926,2025-06-11 21:23:15,0,5,1,370
28083,2025-06-11 21:31:40,1,10,0,0
26623,2025-06-11 21:32:32,0,8,1,700
31759,2025-06-11 21:37:31,0,3,0,0
89889,2025-06-11 21:55:54,1,10,0,0
17594,2025-06-11 22:05:36,0,9,1,350
90247,2025-06-11 22:08:09,1,8,0,0
81083,2025-06-11 22:10:13,0,3,1,291
38641,2025-06-11 22:11:27,0,6,0,0
75885,2025-06-11 22:25:39,0,3,0,0
8624,2025-06-11 22:29:59,0,7,0,0
81083,2025-06-11 23:06:03,0,11,1,394
58883,2025-06-11 23:06:21,1,5,0,0
9851,2025-06-11 23:07:27,0,9,0,0
75770,2025-06-11 23:11:25,1,8,0,0
40240,2025-06-11 23:12:52,1,11,0,0
69911,2025-06-11 23:19:42,0,2,0,0
5643,2025-06-11 23:28:45,0,5,1,359
91840,2025-06-11 23:29:45,0,6,0,0
43097,2025-06-11 23:52:45,0,7,0,0
9056,2025-06-11 23:55:47,0,5,0,0
10270,2025-06-11 23:59:00,1,6,1,546
53729,2025-06-12 00:18:03,0,6,0,0
92050,2025-06-12 00:31:24,0,10,1,286
44143,2025-06-12 00:49:39,1,9,1,452
70780,2025-06-12 01:00:35,0,9,0,0
45417,2025-06-12 01:16:07,0,9,0,0
50151,2025-06-12 01:23:24,0,7,0,0
48515,2025-06-12 01:30:56,0,2,1,460
59954,2025-06-12 01:50:03,0,4,0,0
26590,2025-06-12 02:14:23,0,6,1,520
48424,2025-06-12 02:15:42,0,6,1,431
91486,2025-06-12 02:28:27,0,7,0,0
8514,2025-06-12 02:32:31,0,2,0,0
506,2025-06-12 02:33:15,0,6,0,0
90790,2025-06-12 03:16:19,0,6,0,0
15338,2025-06-12 03:26:46,0,5,0,0
86837,2025-06-12 03:27:39,1,4,0,0
19861,2025-06-12 03:56:37,1,10,1,591
44614,2025-06-12 04:07:11,1,4,0,0
45033,2025-06-12 04:11:12,0,6,0,0
63483,2025-06-12 04:31:32,0,4,0,0
16722,2025-06-12 04:39:31,0,5,0,0
84372,2025-06-12 04:43:24,0,8,1,268
52357,2025-06-12 04:47:30,1,5,0,0
40007,2025-06-12 04:54:38,0,9,0,0
9429,2025-06-12 05:11:37,1,5,1,389
31759,2025-06-12 05:19:58,0,4,1,571
55359,2025-06-12 05:41:45,0,13,0,0
60910,2025-06-12 06:05:37,0,9,0,0
48515,2025-06-12 06:15:54,0,7,0,0
59888,2025-06-12 06:33:52,1,7,0,0
78120,2025-06-12 06:41:57,0,6,1,287
13912,2025-06-12 06:42:48,1,3,1,454
28039,2025-06-12 06:45:29,0,2,0,0
31246,2025-06-12 07:02:19,0,3,1,400
28083,2025-06-12 07:08:12,0,5,1,762
17554,2025-06-12 07:13:30,0,4,0,0
13187,2025-06-12 07:21:05,0,4,1,635
8470,2025-06-12 07:34:55,1,4,0,0
17870,2025-06-12 07:45:31,1,7,0,0
42045,2025-06-12 08:05:35,1,11,0,0
71844,2025-06-12 08:15:58,0,6,0,0
99455,2025-06-12 08:18:09,0,5,1,470
38987,2025-06-12 08:34:33,1,9,1,538
91073,2025-06-12 08:37:13,0,5,0,0
53406,2025-06-12 08:38:49,1,6,1,543
66208,2025-06-12 08:39:37,1,4,1,345
54993,2025-06-12 08:41:20,0,3,1,380
26339,2025-06-12 08:49:54,0,4,0,0
7399,2025-06-12 08:53:00,1,4,1,346
11812,2025-06-12 08:58:06,0,3,0,0
35485,2025-06-12 08:58:39,1,7,0,0
44310,2025-06-12 09:10:15,0,6,0,0
46529,2025-06-12 09:11:41,0,3,1,472
50063,2025-06-12 09:17:19,0,7,0,0
99130,2025-06-12 09:24:21,1,5,1,287
38942,2025-06-12 09:25:13,0,6,1,457
60116,2025-06-12 09:29:17,0,5,0,0
7719,2025-06-12 09:32:12,1,3,0,0
37992,2025-06-12 09:38:48,0,2,0,0
28064,2025-06-12 09:43:01,0,5,0,0
14149,2025-06-12 09:47:40,0,10,1,513
31759,2025-06-12 09:48:21,0,8,0,0
38133,2025-06-12 09:48:26,0,7,0,0
83294,2025-06-12 09:59:01,0,3,1,223
55256,2025-06-12 10:00:05,0,6,1,430
81974,2025-06-12 10:01:40,0,5,1,426
52563,2025-06-12 10:07:13,0,6,0,0
70960,2025-06-12 10:16:30,0,7,1,227
71706,2025-06-12 10:21:55,0,4,0,0
81369,2025-06-12 10:22:52,1,4,0,0
16096,2025-06-12 10:25:55,1,5,0,0
61339,2025-06-12 10:27:52,0,11,0,0
80896,2025-06-12 10:34:18,0,8,0,0
65208,2025-06-12 10:34:48,0,4,0,0
41379,2025-06-12 10:35:04,0,3,0,0
81091,2025-06-12 10:35:47,0,3,0,0
19686,2025-06-12 10:41:39,0,5,1,517
94148,2025-06-12 10:41:54,0,5,0,0
55170,2025-06-12 10:42:59,0,4,0,0
55702,2025-06-12 10:44:39,1,8,0,0
89889,2025-06-12 10:47:16,0,7,1,409
89384,2025-06-12 10:59:48,1,8,0,0
84209,2025-06-12 11:05:24,1,6,0,0
36690,2025-06-12 11:08:05,0,9,0,0
7719,2025-06-12 11:08:16,0,3,0,0
86428,2025-06-12 11:09:09,1,5,0,0
5209,2025-06-12 11:18:18,0,9,0,0
52112,2025-06-12 11:23:04,0,6,0,0
4959,2025-06-12 11:23:11,0,3,1,439
99219,2025-06-12 11:31:21,0,6,1,358
17429,2025-06-12 11:33:43,0,6,0,0
21803,2025-06-12 11:35:29,0,5,0,0
30994,2025-06-12 11:37:18,1,3,1,447
455,2025-06-12 11:44:03,0,7,0,0
32666,2025-06-12 11:51:23,1,7,1,490
95964,2025-06-12 11:53:26,0,1,1,409
61727,2025-06-12 11:55:41,1,10,1,323
73264,2025-06-12 11:57:55,1,3,1,299
92462,2025-06-12 12:02:41,0,8,0,0
80065,2025-06-12 12:13:53,1,6,0,0
33608,2025-06-12 12:15:25,0,9,0,0
5343,2025-06-12 12:18:54,0,6,0,0
10166,2025-06-12 12:25:33,0,7,0,0
51706,2025-06-12 12:55:08,1,4,0,0
26492,2025-06-12 13:02:44,0,4,0,0
49806,2025-06-12 13:04:06,0,4,0,0
6553,2025-06-12 13:05:21,0,13,0,0
39461,2025-06-12 13:14:39,0,6,0,0
78228,2025-06-12 13:17:18,1,8,0,0
16164,2025-06-12 13:20:18,0,6,0,0
65868,2025-06-12 13:20:42,0,8,0,0
6223,2025-06-12 13:23:03,0,5,0,0
14320,2025-06-12 13:24:53,0,7,0,0
6553,2025-06-12 13:26:30,0,5,1,542
66214,2025-06-12 13:27:31,1,9,1,234
2979,2025-06-12 13:30:01,1,10,0,0
55652,2025-06-12 13:40:58,1,4,1,494
16960,2025-06-12 13:49:00,0,4,1,284
16655,2025-06-12 13:53:31,1,8,1,406
8310,2025-06-12 13:54:51,1,2,0,0
74714,2025-06-12 13:57:19,0,4,1,562
94148,2025-06-12 14:00:24,0,3,0,0
81083,2025-06-12 14:12:29,0,6,1,321
99130,2025-06-12 14:16:32,1,5,0,0
66234,2025-06-12 14:25:55,0,6,0,0
16096,2025-06-12 14:30:23,0,0,0,0
18317,2025-06-12 14:32:48,0,6,0,0
57333,2025-06-12 14:35:13,1,6,0,0
96031,2025-06-12 14:47:28,1,6,0,0
35165,2025-06-12 14:47:34,0,8,1,275
79785,2025-06-12 14:49:24,0,4,1,262
83294,2025-06-12 14:49:24,0,6,0,0
29746,2025-06-12 14:51:24,0,5,0,0
23306,2025-06-12 14:52:42,0,6,0,0
11726,2025-06-12 14:59:23,0,4,1,319
13445,2025-06-12 15:18:03,0,7,1,382
46758,2025-06-12 15:20:57,0,6,1,478
33342,2025-06-12 15:22:39,1,4,1,248
26590,2025-06-12 15:32:38,0,7,0,0
79079,2025-06-12 15:34:34,0,3,1,266
4019,2025-06-12 15:37:03,1,3,0,0
60184,2025-06-12 15:39:10,0,4,0,0
10723,2025-06-12 15:40:28,0,4,1,440
84098,2025-06-12 15:44:04,0,8,0,0
90848,2025-06-12 15:51:46,1,6,1,303
5312,2025-06-12 15:52:30,0,5,0,0
52112,2025-06-12 15:52:49,1,6,0,0
92130,2025-06-12 15:56:34,0,5,0,0
455,2025-06-12 15:56:51,1,8,0,0
44367,2025-06-12 15:59:27,1,5,1,444
48680,2025-06-12 15:59:50,0,6,0,0
2690,2025-06-12 16:03:57,1,11,0,0
90350,2025-06-12 16:03:58,1,7,0,0
11331,2025-06-12 16:04:33,1,6,0,0
42810,2025-06-12 16:05:36,0,6,0,0
81974,2025-06-12 16:10:48,1,4,1,314
11827,2025-06-12 16:19:49,0,9,0,0
99219,2025-06-12 16:22:49,0,5,0,0
18243,2025-06-12 16:34:26,0,4,1,355
10458,2025-06-12 16:34:50,0,6,0,0
31813,2025-06-12 16:41:16,1,5,0,0
94571,2025-06-12 16:43:51,1,7,1,421
5964,2025-06-12 16:44:28,1,7,0,0
81925,2025-06-12 16:51:23,1,9,0,0
92050,2025-06-12 16:53:53,0,11,0,0
94151,2025-06-12 16:55:05,0,8,1,284
96921,2025-06-12 17:01:45,1,4,0,0
73036,2025-06-12 17:01:53,0,6,0,0
79986,2025-06-12 17:02:56,1,7,0,0
26623,2025-06-12 17:04:19,1,3,1,248
7298,2025-06-12 17:04:35,0,7,1,256
88923,2025-06-12 17:05:37,0,11,0,0
64917,2025-06-12 17:20:11,0,7,0,0
12513,2025-06-12 17:29:26,0,10,1,549
29384,2025-06-12 17:30:37,0,6,1,412
99108,2025-06-12 17:33:26,0,9,0,0
89685,2025-06-12 17:44:22,0,7,0,0
71215,2025-06-12 17:44:27,0,9,0,0
52407,2025-06-12 17:55:20,0,9,0,0
18125,2025-06-12 17:56:22,0,5,0,0
96460,2025-06-12 17:57:20,0,4,0,0
95964,2025-06-12 17:57:34,1,1,1,576
84929,2025-06-12 17:58:46,0,8,0,0
69352,2025-06-12 17:59:48,0,4,0,0
18213,2025-06-12 18:05:33,0,4,0,0
47365,2025-06-12 18:10:29,0,4,1,219
10947,2025-06-12 18:11:11,0,5,0,0
89958,2025-06-12 18:11:15,1,7,0,0
4942,2025-06-12 18:17:58,0,7,1,396
33307,2025-06-12 18:21:25,0,7,0,0
96917,2025-06-12 18:44:09,0,9,0,0
87171,2025-06-12 18:49:02,0,4,0,0
41436,2025-06-12 19:07:07,1,11,1,738
83294,2025-06-12 19:15:05,0,8,0,0
76845,2025-06-12 19:18:20,0,7,0,0
13877,2025-06-12 19:22:25,1,5,1,327
12093,2025-06-12 19:27:00,0,6,0,0
11260,2025-06-12 19:40:26,0,8,0,0
94571,2025-06-12 19:47:37,0,3,0,0
34151,2025-06-12 19:47:52,1,7,0,0
10458,2025-06-12 20:06:49,1,12,0,0
27540,2025-06-12 20:13:42,0,6,1,265
73271,2025-06-12 20:13:52,0,7,0,0
18213,2025-06-12 20:22:50,0,7,1,341
84098,2025-06-12 20:26:04,1,5,0,0
95857,2025-06-12 20:28:17,1,6,0,0
98118,2025-06-12 20:40:12,0,3,1,417
28039,2025-06-12 20:46:45,0,6,0,0
8885,2025-06-12 20:47:47,1,4,0,0
2286,2025-06-12 20:50:11,0,7,0,0
44310,2025-06-12 20:54:09,1,5,0,0
31023,2025-06-12 20:55:17,1,4,1,456
89073,2025-06-12 20:59:32,1,7,1,462
44210,2025-06-12 21:03:24,0,5,0,0
84762,2025-06-12 21:09:40,0,7,0,0
14635,2025-06-12 21:10:46,1,2,0,0
27064,2025-06-12 21:12:19,1,4,0,0
29746,2025-06-12 21:18:27,1,2,1,314
58121,2025-06-12 21:21:36,0,7,0,0
9290,2025-06-12 21:27:00,0,8,0,0
22062,2025-06-12 21:33:18,0,8,0,0
67903,2025-06-12 21:34:15,1,4,1,479
66208,2025-06-12 21:34:49,0,7,1,526
78119,2025-06-12 21:41:21,1,4,0,0
68554,2025-06-12 21:42:36,0,2,0,0
44666,2025-06-12 21:55:22,0,7,0,0
53792,2025-06-12 21:58:32,0,6,0,0
11895,2025-06-12 22:03:51,0,6,0,0
77869,2025-06-12 22:05:36,1,8,0,0
16866,2025-06-12 22:05:48,0,6,0,0
97093,2025-06-12 22:14:04,1,12,1,410
27836,2025-06-12 22:15:16,1,9,0,0
83526,2025-06-12 22:17:49,0,2,0,0
39207,2025-06-12 22:18:54,0,4,0,0
99912,2025-06-12 22:19:58,0,10,0,0
83240,2025-06-12 22:31:05,0,4,0,0
31636,2025-06-12 22:32:17,1,6,1,503
64358,2025-06-12 22:36:40,1,6,0,0
61317,2025-06-12 22:37:20,0,2,0,0
68400,2025-06-12 22:47:13,0,13,1,945
44303,2025-06-12 22:53:01,0,6,0,0
10186,2025-06-12 23:00:01,1,9,0,0
92462,2025-06-12 23:06:37,0,5,1,310
59954,2025-06-12 23:06:56,0,4,1,376
96537,2025-06-12 23:12:21,0,9,1,621
90346,2025-06-12 23:19:01,0,10,0,0
95622,2025-06-12 23:21:10,0,8,0,0
96460,2025-06-12 23:23:21,0,7,0,0
84237,2025-06-12 23:26:47,1,4,0,0
66214,2025-06-12 23:26:58,0,12,0,0
27479,2025-06-12 23:32:27,0,6,1,289
99290,2025-06-12 23:41:12,0,3,0,0
31655,2025-06-12 23:43:44,0,6,0,0
92998,2025-06-12 23:52:39,0,10,0,0
39588,2025-06-12 23:55:10,0,3,0,0
82865,2025-06-12 23:58:48,0,6,0,0
52357,2025-06-12 23:59:45,0,5,1,710
8470,2025-06-13 00:00:03,0,4,1,301
11895,2025-06-13 00:04:36,0,7,0,0
74063,2025-06-13 00:06:06,0,7,1,351
34249,2025-06-13 00:06:25,0,5,0,0
41082,2025-06-13 00:10:53,1,6,0,0
44779,2025-06-13 00:22:42,0,8,0,0
96106,2025-06-13 00:23:13,1,5,0,0
53683,2025-06-13 00:27:48,1,6,0,0
55219,2025-06-13 00:31:46,0,7,0,0
5032,2025-06-13 00:40:16,0,0,1,551
18931,2025-06-13 00:42:14,1,7,0,0
91255,2025-06-13 00:58:32,0,10,1,523
80118,2025-06-13 00:58:48,0,9,0,0
79794,2025-06-13 01:00:49,1,5,1,312
93959,2025-06-13 01:09:50,1,3,0,0
85564,2025-06-13 01:11:18,0,7,1,347
506,2025-06-13 01:15:53,0,8,0,0
45064,2025-06-13 01:29:18,0,8,1,422
64217,2025-06-13 01:30:08,1,2,0,0
52138,2025-06-13 01:59:34,0,8,1,423
9387,2025-06-13 02:02:31,0,7,1,345
76962,2025-06-13 02:12:22,1,7,0,0
84308,2025-06-13 02:22:31,0,4,1,401
30876,2025-06-13 02:26:28,0,8,0,0
589,2025-06-13 02:30:35,0,5,0,0
26883,2025-06-13 02:37:39,0,7,1,406
10917,2025-06-13 02:46:53,0,9,0,0
96555,2025-06-13 02:55:16,0,5,0,0
58974,2025-06-13 02:56:26,0,6,1,419
87715,2025-06-13 02:57:00,0,11,1,776
65180,2025-06-13 03:03:09,1,5,0,0
26590,2025-06-13 03:05:25,0,6,0,0
13187,2025-06-13 03:09:17,0,7,0,0
6223,2025-06-13 03:10:23,0,3,1,625
2960,2025-06-13 03:29:35,0,7,0,0
50238,2025-06-13 03:32:21,1,6,0,0
17804,2025-06-13 03:46:29,0,0,0,0
32601,2025-06-13 03:56:58,0,5,1,475
54993,2025-06-13 04:09:15,0,5,0,0
51855,2025-06-13 04:16:57,1,10,0,0
39677,2025-06-13 04:38:47,0,3,0,0
53687,2025-06-13 04:53:17,1,7,0,0
87066,2025-06-13 05:08:07,0,5,0,0
36636,2025-06-13 05:17:56,0,5,0,0
66234,2025-06-13 05:20:30,0,5,0,0
21416,2025-06-13 05:24:05,0,5,0,0
34032,2025-06-13 05:33:21,0,3,0,0
24794,2025-06-13 05:50:55,0,6,1,203
91653,2025-06-13 05:54:53,0,4,0,0
11726,2025-06-13 05:57:46,0,10,0,0
99045,2025-06-13 06:33:04,0,5,0,0
87564,2025-06-13 06:43:27,0,5,1,328
82724,2025-06-13 06:47:43,0,6,1,415
90824,2025-06-13 06:48:18,0,7,0,0
91906,2025-06-13 06:56:44,0,5,0,0
81100,2025-06-13 07:08:20,0,4,0,0
32003,2025-06-13 07:09:04,0,7,0,0
26686,2025-06-13 07:20:35,0,5,0,0
59888,2025-06-13 07:37:01,0,0,1,441
57286,2025-06-13 07:44:29,1,9,1,370
70872,2025-06-13 07:53:30,0,6,0,0
52112,2025-06-13 08:02:15,0,6,1,448
29437,2025-06-13 08:02:45,0,13,0,0
68939,2025-06-13 08:20:10,0,5,1,341
55359,2025-06-13 08:29:18,0,4,1,348
33151,2025-06-13 08:33:50,0,10,0,0
13363,2025-06-13 08:40:59,0,5,1,508
45446,2025-06-13 08:48:25,0,6,1,377
11331,2025-06-13 09:00:59,0,5,0,0
53683,2025-06-13 09:04:01,0,5,1,436
85528,2025-06-13 09:15:10,0,3,0,0
28679,2025-06-13 09:17:58,1,7,1,221
64087,2025-06-13 09:23:53,1,7,0,0
5343,2025-06-13 09:28:48,1,2,0,0
16096,2025-06-13 09:34:02,1,12,0,0
64217,2025-06-13 09:39:40,1,7,0,0
45100,2025-06-13 09:41:19,0,7,0,0
21281,2025-06-13 09:49:33,0,10,1,386
45831,2025-06-13 09:54:16,0,5,0,0
65219,2025-06-13 10:12:45,0,3,0,0
1380,2025-06-13 10:14:32,0,6,1,534
36690,2025-06-13 10:26:13,0,8,0,0
82774,2025-06-13 10:31:57,0,12,0,0
73264,2025-06-13 10:36:34,0,3,0,0
16465,2025-06-13 10:37:03,0,8,1,626
9548,2025-06-13 10:39:16,0,12,0,0
55944,2025-06-13 10:40:11,0,4,1,531
9465,2025-06-13 10:58:37,0,4,0,0
967,2025-06-13 11:02:54,0,4,0,0
24951,2025-06-13 11:04:01,0,5,0,0
42045,2025-06-13 11:29:06,0,6,0,0
55702,2025-06-13 11:29:15,1,5,1,352
78676,2025-06-13 11:37:00,0,7,0,0
37845,2025-06-13 11:37:04,0,6,0,0
19260,2025-06-13 11:41:30,0,6,0,0
60910,2025-06-13 11:41:45,0,8,0,0
59000,2025-06-13 11:43:34,1,7,1,284
79824,2025-06-13 11:48:37,1,8,0,0
17594,2025-06-13 11:57:39,0,4,0,0
52746,2025-06-13 12:01:56,0,6,0,0
17860,2025-06-13 12:02:29,1,4,0,0
18302,2025-06-13 12:05:01,0,3,0,0
51855,2025-06-13 12:08:53,0,5,0,0
9590,2025-06-13 12:09:17,0,6,0,0
97509,2025-06-13 12:10:44,0,4,1,462
60975,2025-06-13 12:11:00,1,8,0,0
57286,2025-06-13 12:13:39,0,5,1,476
53915,2025-06-13 12:20:54,1,4,0,0
32137,2025-06-13 12:24:46,0,6,1,448
16164,2025-06-13 12:26:48,0,6,1,351
65499,2025-06-13 12:39:09,0,6,0,0
98840,2025-06-13 12:48:37,0,2,0,0
96578,2025-06-13 12:49:02,1,11,0,0
56647,2025-06-13 12:52:45,0,6,1,503
74940,2025-06-13 12:58:09,1,4,1,432
64171,2025-06-13 13:01:08,0,8,0,0
17261,2025-06-13 13:04:49,0,5,1,432
97769,2025-06-13 13:07:15,1,6,1,271
17,2025-06-13 13:07:18,0,8,0,0
88923,2025-06-13 13:19:03,1,5,0,0
8583,2025-06-13 13:22:30,1,4,0,0
28083,2025-06-13 13:22:44,0,4,0,0
23995,2025-06-13 13:22:51,0,6,1,448
81369,2025-06-13 13:23:05,0,8,0,0
64203,2025-06-13 13:28:39,1,5,0,0
34382,2025-06-13 13:29:54,0,7,1,537
9143,2025-06-13 13:31:11,0,11,0,0
53683,2025-06-13 13:36:29,1,4,0,0
44167,2025-06-13 13:41:14,0,9,0,0
20841,2025-06-13 13:46:09,1,6,0,0
77173,2025-06-13 13:47:22,0,5,0,0
14671,2025-06-13 14:00:38,0,4,0,0
95184,2025-06-13 14:03:47,1,6,0,0
9665,2025-06-13 14:08:46,0,5,1,345
24164,2025-06-13 14:11:21,1,5,0,0
29815,2025-06-13 14:14:02,0,6,0,0
32341,2025-06-13 14:29:40,1,5,0,0
47598,2025-06-13 14:36:54,1,5,0,0
17355,2025-06-13 14:43:15,0,4,0,0
14345,2025-06-13 14:49:53,0,8,0,0
26883,2025-06-13 14:50:50,0,6,0,0
68200,2025-06-13 14:52:03,1,8,0,0
33984,2025-06-13 14:54:15,1,0,0,0
45172,2025-06-13 14:55:09,0,10,1,268
98053,2025-06-13 14:56:25,0,6,1,566
60910,2025-06-13 15:00:02,0,8,0,0
91906,2025-06-13 15:05:41,0,4,0,0
38928,2025-06-13 15:08:04,0,7,0,0
8305,2025-06-13 15:27:11,0,5,1,365
29863,2025-06-13 15:29:14,0,8,1,349
38987,2025-06-13 15:42:22,0,7,1,297
13187,2025-06-13 15:54:40,0,4,0,0
71706,2025-06-13 15:56:58,0,4,0,0
26179,2025-06-13 16:01:36,1,2,0,0
71215,2025-06-13 16:03:00,0,6,0,0
29437,2025-06-13 16:08:52,0,10,0,0
31246,2025-06-13 16:22:40,1,7,0,0
75442,2025-06-13 16:23:36,0,5,0,0
38701,2025-06-13 16:24:49,1,4,1,403
47538,2025-06-13 16:27:54,0,8,0,0
28031,2025-06-13 16:28:26,0,5,0,0
23311,2025-06-13 16:29:54,0,5,0,0
95805,2025-06-13 16:40:34,0,5,1,481
94584,2025-06-13 16:47:10,0,5,1,442
26179,2025-06-13 16:47:58,0,5,1,356
31813,2025-06-13 16:48:45,1,6,1,622
81497,2025-06-13 17:03:44,0,4,0,0
69183,2025-06-13 17:04:44,0,4,1,524
10270,2025-06-13 17:05:44,0,3,0,0
1552,2025-06-13 17:05:53,1,4,0,0
52225,2025-06-13 17:07:21,1,8,0,0
1068,2025-06-13 17:07:41,0,6,0,0
10917,2025-06-13 17:11:04,1,11,0,0
39672,2025-06-13 17:11:44,1,9,0,0
1676,2025-06-13 17:22:46,1,2,1,449
5740,2025-06-13 17:23:04,0,4,0,0
23657,2025-06-13 17:23:50,0,2,1,540
30932,2025-06-13 17:27:56,0,4,1,483
9590,2025-06-13 17:32:39,0,4,0,0
81940,2025-06-13 17:38:13,0,7,0,0
15985,2025-06-13 17:42:46,0,8,0,0
78120,2025-06-13 17:42:57,0,9,0,0
39461,2025-06-13 17:58:44,0,3,1,460
6373,2025-06-13 17:59:10,1,9,0,0
12538,2025-06-13 18:00:07,1,6,0,0
53814,2025-06-13 18:02:53,0,2,1,469
28711,2025-06-13 18:06:40,1,6,1,251
1757,2025-06-13 18:13:38,0,2,0,0
28679,2025-06-13 18:22:38,0,9,1,407
86271,2025-06-13 18:49:26,0,6,0,0
82347,2025-06-13 18:52:21,1,4,0,0
8624,2025-06-13 18:56:39,0,2,0,0
38184,2025-06-13 18:57:21,0,4,0,0
29460,2025-06-13 18:59:38,1,5,0,0
94611,2025-06-13 19:17:19,0,8,0,0
33385,2025-06-13 19:44:26,0,7,1,329
943,2025-06-13 19:45:45,0,6,0,0
72360,2025-06-13 19:49:05,0,7,1,347
28064,2025-06-13 19:53:31,0,8,1,353
78175,2025-06-13 19:57:09,0,5,0,0
51934,2025-06-13 20:05:43,0,5,0,0
18015,2025-06-13 20:09:57,0,3,0,0
97509,2025-06-13 20:10:55,1,3,0,0
61394,2025-06-13 20:15:57,0,8,0,0
96555,2025-06-13 20:19:15,1,5,0,0
52158,2025-06-13 20:21:29,0,4,1,483
42045,2025-06-13 20:29:03,0,7,0,0
5778,2025-06-13 20:32:18,0,5,0,0
2092,2025-06-13 20:40:28,0,12,1,321
96203,2025-06-13 20:43:01,0,6,0,0
22452,2025-06-13 20:46:41,0,4,0,0
95844,2025-06-13 20:48:35,0,12,1,348
268,2025-06-13 20:52:48,0,8,1,279
55800,2025-06-13 20:55:29,0,4,0,0
54993,2025-06-13 21:04:28,0,3,0,0
19260,2025-06-13 21:29:11,1,9,0,0
34608,2025-06-13 21:29:18,1,4,1,342
29314,2025-06-13 21:33:17,0,5,1,390
28039,2025-06-13 21:37:13,0,7,1,604
19157,2025-06-13 21:38:14,1,3,1,358
12496,2025-06-13 21:42:47,0,11,0,0
57189,2025-06-13 21:43:14,1,7,0,0
54481,2025-06-13 21:48:28,0,4,1,487
4366,2025-06-13 21:51:51,0,7,0,0
84619,2025-06-13 21:53:59,1,8,0,0
46025,2025-06-13 21:56:20,1,5,0,0
66262,2025-06-13 22:00:05,1,6,0,0
5209,2025-06-13 22:02:50,0,4,0,0
82288,2025-06-13 22:03:26,0,3,0,0
44676,2025-06-13 22:07:32,0,6,1,310
57158,2025-06-13 22:11:33,0,4,0,0
78676,2025-06-13 22:23:05,0,9,1,477
59866,2025-06-13 22:25:11,1,5,0,0
17,2025-06-13 22:27:47,1,5,0,0
61625,2025-06-13 22:27:51,0,3,0,0
30384,2025-06-13 22:28:38,1,4,0,0
26314,2025-06-13 22:29:21,0,6,0,0
19709,2025-06-13 22:30:08,1,6,0,0
75677,2025-06-13 22:47:59,0,8,1,313
9548,2025-06-13 22:48:37,0,6,0,0
95638,2025-06-13 22:49:45,0,4,0,0
21551,2025-06-13 22:51:28,1,3,0,0
5338,2025-06-13 22:51:45,1,9,1,515
9590,2025-06-13 22:58:55,1,5,0,0
90824,2025-06-13 23:00:09,0,6,0,0
97451,2025-06-13 23:00:40,0,6,0,0
36187,2025-06-13 23:01:23,0,1,0,0
68404,2025-06-13 23:02:14,0,9,0,0
92998,2025-06-13 23:05:01,0,5,0,0
59934,2025-06-13 23:06:33,0,8,0,0
34032,2025-06-13 23:07:41,0,5,1,391
1837,2025-06-13 23:08:16,0,8,1,382
89889,2025-06-13 23:08:58,1,5,0,0
86102,2025-06-13 23:21:44,0,9,1,536
24851,2025-06-13 23:47:42,0,6,0,0
38184,2025-06-13 23:55:05,0,3,1,303
70219,2025-06-14 00:03:17,1,8,0,0
47485,2025-06-14 00:08:51,0,3,0,0
11443,2025-06-14 00:14:43,0,4,0,0
15478,2025-06-14 00:29:52,1,6,1,467
61363,2025-06-14 00:34:52,0,6,1,332
7952,2025-06-14 00:39:01,0,7,0,0
49806,2025-06-14 00:42:03,0,1,1,397
70219,2025-06-14 00:46:22,0,10,1,583
47598,2025-06-14 00:49:21,0,4,0,0
86428,2025-06-14 00:55:07,0,1,1,411
35671,2025-06-14 01:00:04,0,11,0,0
17197,2025-06-14 01:01:38,0,3,0,0
28711,2025-06-14 01:13:22,0,7,0,0
22812,2025-06-14 01:14:50,1,5,0,0
69183,2025-06-14 01:27:43,0,8,0,0
17594,2025-06-14 01:38:37,1,6,0,0
589,2025-06-14 01:46:00,0,9,0,0
45417,2025-06-14 01:53:29,1,8,0,0
26315,2025-06-14 01:59:57,0,10,0,0
7799,2025-06-14 02:35:39,1,3,0,0
95927,2025-06-14 02:37:51,0,5,0,0
64855,2025-06-14 02:59:41,0,9,1,330
3396,2025-06-14 03:02:37,1,6,0,0
1713,2025-06-14 03:09:00,1,3,0,0
50238,2025-06-14 03:26:24,0,5,0,0
14436,2025-06-14 03:40:39,0,4,1,688
17869,2025-06-14 03:44:40,1,7,1,337
89031,2025-06-14 03:53:58,0,4,1,283
4521,2025-06-14 03:58:21,1,3,0,0
87184,2025-06-14 04:22:06,0,8,0,0
81083,2025-06-14 04:24:19,0,4,1,305
90321,2025-06-14 04:27:14,1,4,0,0
436,2025-06-14 04:27:34,0,5,1,247
93395,2025-06-14 04:40:52,0,7,0,0
65126,2025-06-14 04:42:44,1,6,0,0
58331,2025-06-14 05:02:39,0,6,1,463
55701,2025-06-14 05:02:49,0,8,1,554
73642,2025-06-14 05:15:18,1,6,0,0
96106,2025-06-14 05:15:30,0,7,0,0
78175,2025-06-14 05:41:47,0,4,0,0
22691,2025-06-14 05:41:58,1,6,1,275
978,2025-06-14 05:46:44,1,8,0,0
53839,2025-06-14 05:54:59,0,6,0,0
93402,2025-06-14 06:02:18,0,4,1,211
51121,2025-06-14 06:11:22,1,6,1,421
61545,2025-06-14 06:20:32,1,7,1,349
89560,2025-06-14 06:26:18,1,4,1,415
16391,2025-06-14 06:28:47,0,5,1,688
86102,2025-06-14 06:30:08,0,8,1,619
62982,2025-06-14 06:40:08,1,7,1,414
71962,2025-06-14 06:45:14,0,1,0,0
89249,2025-06-14 06:50:52,0,6,0,0
51565,2025-06-14 06:51:16,0,5,0,0
18243,2025-06-14 06:57:45,1,8,0,0
77532,2025-06-14 07:01:59,0,4,0,0
14345,2025-06-14 07:02:16,1,4,0,0
57286,2025-06-14 07:24:27,0,9,0,0
13187,2025-06-14 08:13:40,1,9,1,480
11097,2025-06-14 08:18:18,0,2,0,0
86132,2025-06-14 08:20:04,0,5,0,0
52563,2025-06-14 08:20:30,0,5,1,383
36402,2025-06-14 08:23:26,0,6,1,591
15479,2025-06-14 08:28:08,1,7,0,0
86645,2025-06-14 08:29:13,0,5,0,0
44779,2025-06-14 08:36:16,1,6,0,0
72940,2025-06-14 08:38:24,1,3,0,0
1056,2025-06-14 08:42:55,1,8,1,269
79986,2025-06-14 08:45:53,0,7,1,206
38928,2025-06-14 08:47:14,0,6,0,0
16567,2025-06-14 08:50:41,1,7,1,457
9387,2025-06-14 08:51:33,0,5,0,0
80060,2025-06-14 08:58:45,0,5,0,0
93165,2025-06-14 09:01:31,0,1,1,234
45074,2025-06-14 09:03:51,0,8,1,400
18559,2025-06-14 09:11:33,0,5,1,324
27064,2025-06-14 09:12:02,0,3,0,0
99108,2025-06-14 09:14:18,0,6,1,258
18308,2025-06-14 09:16:38,1,8,1,640
40638,2025-06-14 09:16:47,0,3,0,0
78228,2025-06-14 09:20:38,1,6,0,0
86271,2025-06-14 09:27:48,0,7,0,0
89958,2025-06-14 09:27:57,0,6,0,0
70666,2025-06-14 09:30:08,1,3,1,286
69395,2025-06-14 09:31:38,0,4,1,359
78110,2025-06-14 09:37:52,0,5,1,482
60975,2025-06-14 09:43:40,1,9,0,0
76282,2025-06-14 09:54:54,0,11,0,0
78457,2025-06-14 10:02:18,0,7,0,0
66111,2025-06-14 10:05:34,0,5,0,0
73642,2025-06-14 10:06:11,0,10,0,0
87715,2025-06-14 10:13:03,0,6,0,0
61127,2025-06-14 10:35:36,0,5,0,0
10127,2025-06-14 10:39:09,0,6,0,0
69915,2025-06-14 10:43:38,1,8,0,0
31346,2025-06-14 10:43:54,1,6,0,0
81481,2025-06-14 10:44:34,1,6,0,0
99401,2025-06-14 10:45:06,0,5,0,0
46754,2025-06-14 10:56:32,1,9,1,283
44666,2025-06-14 10:57:43,1,9,0,0
10723,2025-06-14 11:01:17,0,6,0,0
48680,2025-06-14 11:02:32,1,4,1,307
978,2025-06-14 11:02:58,1,9,0,0
10917,2025-06-14 11:16:16,0,8,1,576
22346,2025-06-14 11:24:33,0,5,1,356
39672,2025-06-14 11:25:37,0,5,0,0
13187,2025-06-14 11:26:34,0,5,0,0
93154,2025-06-14 11:41:39,0,6,0,0
1757,2025-06-14 11:42:19,1,3,0,0
78795,2025-06-14 11:46:30,0,6,0,0
54481,2025-06-14 11:47:03,1,7,0,0
47980,2025-06-14 11:47:07,1,3,0,0
56896,2025-06-14 11:53:52,0,7,0,0
69156,2025-06-14 12:04:44,0,4,0,0
61394,2025-06-14 12:05:46,0,8,0,0
8885,2025-06-14 12:07:59,1,4,1,531
53729,2025-06-14 12:14:14,0,9,0,0
95599,2025-06-14 12:15:21,0,5,0,0
22636,2025-06-14 12:24:28,0,8,1,495
93959,2025-06-14 12:24:53,1,5,1,356
67903,2025-06-14 12:26:29,0,12,1,467
2330,2025-06-14 12:32:01,0,7,0,0
2286,2025-06-14 12:32:24,0,4,1,389
10458,2025-06-14 12:32:32,0,2,0,0
2270,2025-06-14 12:34:38,1,4,0,0
19264,2025-06-14 12:47:03,1,5,0,0
56626,2025-06-14 12:47:26,0,9,0,0
47598,2025-06-14 12:49:09,0,7,1,411
99130,2025-06-14 12:57:07,1,7,0,0
17321,2025-06-14 13:00:11,0,5,0,0
40935,2025-06-14 13:01:40,1,10,1,378
13402,2025-06-14 13:17:41,0,7,0,0
40138,2025-06-14 13:17:41,1,7,0,0
23097,2025-06-14 13:20:00,1,7,0,0
74940,2025-06-14 13:30:26,0,3,1,410
90247,2025-06-14 13:34:24,0,8,0,0
46628,2025-06-14 13:35:45,1,3,0,0
84308,2025-06-14 13:39:03,1,10,0,0
28674,2025-06-14 13:39:28,0,7,1,310
58641,2025-06-14 13:44:16,0,4,0,0
6439,2025-06-14 13:45:25,0,4,0,0
35485,2025-06-14 13:46:19,0,6,0,0
94500,2025-06-14 13:49:20,0,4,1,495
42321,2025-06-14 13:49:37,1,4,0,0
95184,2025-06-14 13:51:31,0,3,0,0
66208,2025-06-14 13:52:26,0,5,1,409
69156,2025-06-14 13:53:54,1,4,1,502
84500,2025-06-14 13:56:43,0,5,0,0
26258,2025-06-14 13:58:24,1,8,0,0
92012,2025-06-14 14:08:13,1,9,0,0
506,2025-06-14 14:13:17,0,5,0,0
74980,2025-06-14 14:14:00,1,5,0,0
29709,2025-06-14 14:16:34,0,5,0,0
17956,2025-06-14 14:22:35,0,5,1,511
29384,2025-06-14 14:25:16,0,6,0,0
69352,2025-06-14 14:25:48,0,2,0,0
34440,2025-06-14 14:28:24,0,6,0,0
42445,2025-06-14 14:31:17,0,10,0,0
81083,2025-06-14 14:31:44,0,4,1,276
75020,2025-06-14 14:39:00,0,2,0,0
94151,2025-06-14 14:41:30,0,7,0,0
5032,2025-06-14 14:44:41,1,6,0,0
98073,2025-06-14 14:45:27,0,0,1,375
71120,2025-06-14 14:49:49,0,7,1,484
68903,2025-06-14 14:49:54,0,10,0,0
25205,2025-06-14 14:59:01,1,3,0,0
81153,2025-06-14 15:02:17,0,10,0,0
57333,2025-06-14 15:08:04,1,7,0,0
39672,2025-06-14 15:09:07,0,5,1,443
13187,2025-06-14 15:15:18,0,7,0,0
76936,2025-06-14 15:24:10,0,10,0,0
22346,2025-06-14 15:28:01,0,9,0,0
60975,2025-06-14 15:36:06,0,5,0,0
66957,2025-06-14 15:36:24,1,5,0,0
28031,2025-06-14 15:38:15,1,8,1,380
11529,2025-06-14 15:42:06,0,3,0,0
16096,2025-06-14 15:42:36,1,9,1,832
15985,2025-06-14 15:42:45,0,2,0,0
92012,2025-06-14 15:42:53,1,6,0,0
13646,2025-06-14 15:48:31,1,13,0,0
49381,2025-06-14 15:49:31,1,5,0,0
33415,2025-06-14 15:54:43,1,8,0,0
18015,2025-06-14 15:56:13,0,8,1,608
64253,2025-06-14 15:57:31,0,8,0,0
77101,2025-06-14 16:05:12,0,2,0,0
97675,2025-06-14 16:06:38,0,1,1,361
10723,2025-06-14 16:11:53,1,4,0,0
90790,2025-06-14 16:14:21,1,5,1,230
73119,2025-06-14 16:18:33,0,5,1,571
31346,2025-06-14 16:23:07,0,5,0,0
42624,2025-06-14 16:24:19,0,6,0,0
12496,2025-06-14 16:40:30,0,5,0,0
82724,2025-06-14 16:40:57,1,2,0,0
91096,2025-06-14 16:48:06,0,8,1,217
71962,2025-06-14 16:51:30,0,2,0,0
36519,2025-06-14 16:56:05,0,1,0,0
33984,2025-06-14 17:00:54,1,6,0,0
19709,2025-06-14 17:01:25,0,11,0,0
51321,2025-06-14 17:04:39,1,6,1,777
61317,2025-06-14 17:07:58,0,6,0,0
19815,2025-06-14 17:13:54,0,8,0,0
33608,2025-06-14 17:14:23,1,6,0,0
74980,2025-06-14 17:15:23,0,9,0,0
36690,2025-06-14 17:16:44,1,5,0,0
90790,2025-06-14 17:21:57,0,10,1,349
28083,2025-06-14 17:25:27,0,9,1,730
8583,2025-06-14 17:26:27,0,8,0,0
40638,2025-06-14 17:30:43,1,5,1,569
98331,2025-06-14 17:31:14,0,8,1,498
83074,2025-06-14 17:32:14,0,7,1,226
32026,2025-06-14 17:34:39,1,2,1,386
9136,2025-06-14 17:38:49,1,6,0,0
152,2025-06-14 18:01:45,0,3,1,445
78642,2025-06-14 18:06:15,0,9,0,0
46529,2025-06-14 18:16:20,0,4,0,0
76631,2025-06-14 18:17:52,0,1,1,563
57333,2025-06-14 18:19:40,1,4,0,0
87066,2025-06-14 18:24:23,1,3,0,0
81925,2025-06-14 18:25:53,0,8,0,0
96921,2025-06-14 18:26:00,1,11,0,0
93654,2025-06-14 18:34:04,0,7,0,0
67765,2025-06-14 18:38:16,0,5,0,0
12971,2025-06-14 18:41:54,0,6,0,0
79794,2025-06-14 18:46:08,0,4,1,533
93177,2025-06-14 18:48:04,1,7,1,332
67539,2025-06-14 19:00:33,0,7,0,0
27890,2025-06-14 19:06:31,1,7,0,0
28674,2025-06-14 19:11:02,1,6,1,276
81083,2025-06-14 19:15:56,0,5,1,401
93415,2025-06-14 19:17:57,1,2,1,506
28711,2025-06-14 19:23:57,1,6,0,0
93131,2025-06-14 19:36:39,1,3,0,0
36187,2025-06-14 19:50:39,0,9,1,423
16782,2025-06-14 19:56:23,0,4,0,0
61358,2025-06-14 19:59:36,0,5,0,0
33984,2025-06-14 20:05:29,1,7,0,0
34740,2025-06-14 20:13:08,1,12,0,0
63680,2025-06-14 20:15:39,1,6,0,0
99987,2025-06-14 20:30:07,0,7,1,419
37992,2025-06-14 20:34:49,0,3,0,0
76430,2025-06-14 20:35:51,1,4,0,0
38928,2025-06-14 20:36:28,0,6,1,518
81100,2025-06-14 20:37:35,0,7,0,0
62216,2025-06-14 20:43:01,0,8,0,0
96460,2025-06-14 20:43:31,0,5,0,0
52563,2025-06-14 20:49:41,1,8,0,0
92130,2025-06-14 20:56:01,0,5,0,0
5643,2025-06-14 20:57:31,0,1,1,363
52488,2025-06-14 21:10:28,0,5,0,0
95599,2025-06-14 21:43:42,0,7,0,0
89249,2025-06-14 21:46:07,0,7,0,0
66957,2025-06-14 21:54:21,0,3,1,291
78321,2025-06-14 21:56:48,0,6,0,0
64959,2025-06-14 22:04:19,0,7,0,0
64325,2025-06-14 22:14:16,0,6,0,0
84211,2025-06-14 22:20:49,0,10,0,0
72716,2025-06-14 22:22:03,0,8,0,0
78683,2025-06-14 22:27:08,0,6,0,0
38663,2025-06-14 22:30:05,1,3,0,0
67130,2025-06-14 22:39:42,0,5,0,0
65126,2025-06-14 22:45:48,0,6,1,370
89704,2025-06-14 22:47:38,0,5,0,0
32474,2025-06-14 22:49:32,0,7,1,400
19718,2025-06-14 23:01:21,1,9,0,0
30384,2025-06-14 23:05:36,0,6,1,295
71086,2025-06-14 23:08:20,0,1,0,0
75020,2025-06-14 23:10:11,1,7,0,0
31186,2025-06-14 23:12:37,1,6,0,0
82303,2025-06-14 23:15:53,0,5,0,0
84762,2025-06-14 23:24:07,1,4,0,0
72716,2025-06-14 23:27:58,0,7,0,0
38742,2025-06-14 23:28:18,1,5,1,453
1380,2025-06-14 23:31:20,1,12,0,0
78670,2025-06-14 23:35:53,1,7,0,0
1439,2025-06-14 23:36:37,0,8,1,355
64253,2025-06-14 23:36:56,0,5,0,0
35989,2025-06-14 23:37:36,0,6,0,0
91097,2025-06-14 23:38:08,0,6,0,0
73119,2025-06-14 23:41:56,0,7,0,0
36279,2025-06-14 23:50:35,1,3,0,0
81366,2025-06-15 00:04:22,0,5,0,0
4618,2025-06-15 00:08:42,0,6,1,355
74136,2025-06-15 00:15:49,1,6,1,273
6757,2025-06-15 00:24:12,1,6,0,0
5032,2025-06-15 00:33:11,0,8,0,0
89424,2025-06-15 00:34:49,0,2,0,0
83918,2025-06-15 00:39:30,0,5,0,0
96735,2025-06-15 00:43:33,0,7,1,513
40638,2025-06-15 01:09:57,0,7,0,0
43418,2025-06-15 01:19:01,0,9,0,0
86428,2025-06-15 01:20:20,0,4,0,0
7317,2025-06-15 01:27:31,0,8,0,0
60148,2025-06-15 01:52:30,0,5,1,318
6439,2025-06-15 01:56:14,0,3,0,0
24164,2025-06-15 01:56:47,0,10,0,0
77173,2025-06-15 02:13:36,1,6,1,581
89685,2025-06-15 02:17:22,1,4,0,0
81369,2025-06-15 02:24:18,0,7,1,505
55647,2025-06-15 02:51:42,1,7,0,0
35424,2025-06-15 02:56:59,1,7,0,0
12433,2025-06-15 03:06:36,0,5,0,0
69915,2025-06-15 03:14:14,0,4,0,0
79850,2025-06-15 03:18:54,0,8,0,0
60160,2025-06-15 03:54:56,1,9,0,0
69987,2025-06-15 04:03:44,0,8,0,0
82303,2025-06-15 04:05:01,0,8,1,419
78676,2025-06-15 04:18:19,0,5,0,0
91486,2025-06-15 04:21:41,0,6,0,0
67539,2025-06-15 04:31:12,0,3,0,0
72945,2025-06-15 05:04:03,0,8,1,270
82958,2025-06-15 05:06:02,0,6,0,0
27971,2025-06-15 05:13:01,0,7,1,476
96893,2025-06-15 05:25:50,0,10,1,760
33519,2025-06-15 05:32:32,0,5,1,244
92698,2025-06-15 05:36:11,1,5,1,560
84851,2025-06-15 05:38:33,0,5,0,0
38586,2025-06-15 05:59:22,0,3,0,0
96949,2025-06-15 06:22:12,1,7,1,380
32671,2025-06-15 06:26:09,0,7,0,0
45361,2025-06-15 06:32:10,1,9,0,0
55701,2025-06-15 06:52:28,0,6,1,292
41151,2025-06-15 07:07:21,0,3,0,0
50018,2025-06-15 07:09:18,0,7,0,0
7399,2025-06-15 07:23:23,0,10,1,274
80482,2025-06-15 07:25:50,0,9,0,0
49155,2025-06-15 07:34:43,1,7,0,0
30994,2025-06-15 07:43:50,1,6,0,0
87171,2025-06-15 07:44:38,1,10,1,487
6863,2025-06-15 07:46:22,0,7,0,0
75257,2025-06-15 07:49:28,1,4,1,484
45426,2025-06-15 08:00:48,0,6,0,0
36762,2025-06-15 08:01:23,1,3,0,0
62982,2025-06-15 08:06:02,0,5,1,451
38915,2025-06-15 08:10:39,0,8,0,0
52488,2025-06-15 08:15:13,0,2,0,0
24277,2025-06-15 08:17:20,0,5,0,0
72940,2025-06-15 08:25:13,1,9,0,0
11099,2025-06-15 08:26:26,0,3,1,494
93640,2025-06-15 08:26:56,1,7,0,0
63410,2025-06-15 08:29:00,1,6,0,0
67422,2025-06-15 08:39:56,0,8,0,0
97451,2025-06-15 08:40:42,1,5,1,448
93165,2025-06-15 08:53:48,0,11,0,0
55702,2025-06-15 09:14:42,0,6,0,0
69813,2025-06-15 09:20:06,0,5,0,0
2960,2025-06-15 09:25:01,0,4,1,479
61294,2025-06-15 09:28:40,1,6,1,659
40403,2025-06-15 09:43:28,1,3,1,529
75304,2025-06-15 09:51:46,0,6,0,0
8885,2025-06-15 09:52:40,0,6,1,518
28031,2025-06-15 10:04:00,0,3,1,255
42182,2025-06-15 10:07:55,0,5,0,0
77941,2025-06-15 10:10:50,1,9,1,380
90708,2025-06-15 10:11:13,0,7,0,0
5338,2025-06-15 10:13:04,0,7,0,0
6553,2025-06-15 10:16:36,0,8,0,0
96073,2025-06-15 10:17:14,0,12,0,0
89384,2025-06-15 10:20:07,1,8,0,0
3782,2025-06-15 10:28:11,0,5,0,0
41063,2025-06-15 10:29:47,0,6,0,0
62755,2025-06-15 10:31:56,0,6,0,0
67130,2025-06-15 10:33:37,1,8,1,218
54642,2025-06-15 10:38:02,0,4,1,372
18125,2025-06-15 10:38:38,0,4,1,377
97769,2025-06-15 10:44:51,0,7,0,0
79079,2025-06-15 10:48:43,1,10,0,0
40450,2025-06-15 10:50:04,1,7,0,0
83562,2025-06-15 10:50:46,0,5,1,369
98399,2025-06-15 10:51:14,0,6,0,0
81497,2025-06-15 10:57:17,1,5,1,407
18317,2025-06-15 10:59:40,0,3,0,0
34608,2025-06-15 11:03:11,0,5,1,536
16096,2025-06-15 11:03:32,1,7,0,0
93131,2025-06-15 11:04:26,0,3,0,0
82188,2025-06-15 11:07:14,1,6,0,0
82055,2025-06-15 11:12:02,0,8,0,0
97769,2025-06-15 11:14:05,0,3,0,0
1804,2025-06-15 11:15:18,0,5,0,0
98840,2025-06-15 11:21:52,0,5,0,0
4959,2025-06-15 11:25:55,0,7,0,0
96030,2025-06-15 11:35:36,1,7,0,0
42588,2025-06-15 11:41:20,1,11,0,0
14671,2025-06-15 11:50:15,0,8,0,0
32671,2025-06-15 12:02:34,0,3,1,389
67765,2025-06-15 12:09:59,0,6,0,0
77790,2025-06-15 12:18:02,0,11,1,419
42182,2025-06-15 12:26:16,0,4,1,491
1757,2025-06-15 12:34:58,0,9,0,0
6439,2025-06-15 12:35:23,0,4,1,327
18302,2025-06-15 12:36:19,1,3,0,0
59934,2025-06-15 12:36:54,1,6,1,289
54642,2025-06-15 12:41:30,0,8,0,0
62494,2025-06-15 12:47:20,0,6,0,0
58331,2025-06-15 12:50:57,0,8,0,0
59224,2025-06-15 12:52:11,0,5,0,0
4618,2025-06-15 12:54:11,0,9,0,0
32474,2025-06-15 13:01:44,0,6,1,366
90708,2025-06-15 13:02:35,0,7,0,0
48471,2025-06-15 13:09:27,0,3,1,345
76845,2025-06-15 13:14:01,0,11,1,440
96134,2025-06-15 13:15:02,0,12,0,0
66957,2025-06-15 13:26:07,0,5,1,279
71962,2025-06-15 13:26:24,0,8,0,0
19073,2025-06-15 13:28:29,0,4,0,0
80112,2025-06-15 13:34:37,1,4,0,0
61396,2025-06-15 13:38:26,1,3,0,0
35105,2025-06-15 13:38:45,0,6,1,318
38321,2025-06-15 13:40:36,1,7,0,0
83562,2025-06-15 13:43:44,0,3,0,0
4959,2025-06-15 13:48:10,0,4,1,436
2806,2025-06-15 13:48:32,0,3,0,0
78119,2025-06-15 13:54:13,0,5,0,0
68903,2025-06-15 13:55:30,1,15,1,532
59586,2025-06-15 13:57:59,1,7,0,0
50009,2025-06-15 14:00:23,0,3,0,0
5338,2025-06-15 14:02:19,1,5,0,0
62982,2025-06-15 14:03:34,0,6,0,0
13912,2025-06-15 14:15:09,0,5,0,0
85967,2025-06-15 14:26:32,0,9,0,0
54049,2025-06-15 14:42:30,0,5,1,437
4366,2025-06-15 14:43:03,0,9,0,0
6167,2025-06-15 14:46:19,1,10,0,0
99455,2025-06-15 14:46:33,0,7,0,0
54122,2025-06-15 14:52:45,1,12,0,0
99987,2025-06-15 14:54:53,0,5,1,616
78197,2025-06-15 15:02:23,0,8,0,0
27064,2025-06-15 15:04:28,0,6,0,0
40300,2025-06-15 15:07:53,0,2,0,0
46754,2025-06-15 15:11:22,1,6,1,225
43562,2025-06-15 15:13:51,0,3,0,0
59000,2025-06-15 15:18:39,1,8,0,0
11539,2025-06-15 15:19:54,0,4,0,0
96223,2025-06-15 15:33:42,0,5,0,0
78683,2025-06-15 15:38:22,0,3,0,0
95599,2025-06-15 15:49:11,0,3,0,0
29746,2025-06-15 15:50:11,0,4,1,397
70795,2025-06-15 15:50:22,0,5,0,0
85236,2025-06-15 15:53:04,1,6,1,461
127,2025-06-15 15:55:20,0,4,0,0
1067,2025-06-15 16:02:56,0,4,1,566
17956,2025-06-15 16:10:22,0,3,0,0
55812,2025-06-15 16:20:58,1,7,0,0
72890,2025-06-15 16:26:14,0,7,1,363
26755,2025-06-15 16:51:22,0,7,1,464
91700,2025-06-15 16:54:04,1,5,1,258
41379,2025-06-15 16:56:10,1,10,0,0
86070,2025-06-15 16:58:35,0,4,1,516
89162,2025-06-15 16:59:32,0,3,0,0
32137,2025-06-15 17:01:06,1,5,0,0
31803,2025-06-15 17:04:42,1,5,0,0
87530,2025-06-15 17:08:03,1,9,0,0
31343,2025-06-15 17:09:47,0,4,0,0
89249,2025-06-15 17:11:18,0,7,0,0
66460,2025-06-15 17:19:07,0,6,0,0
96321,2025-06-15 17:24:34,0,9,1,365
11539,2025-06-15 17:25:07,0,4,0,0
83,2025-06-15 17:30:56,0,6,0,0
14345,2025-06-15 17:41:58,0,6,0,0
78321,2025-06-15 17:49:41,0,7,0,0
76282,2025-06-15 17:54:00,0,5,1,443
80681,2025-06-15 18:07:34,1,10,1,399
95527,2025-06-15 18:10:49,0,8,0,0
36187,2025-06-15 18:19:07,1,6,0,0
38987,2025-06-15 18:24:39,0,1,0,0
8098,2025-06-15 18:29:39,0,4,0,0
99987,2025-06-15 18:40:26,0,5,0,0
82347,2025-06-15 18:43:36,1,2,0,0
74136,2025-06-15 18:46:02,0,4,0,0
93165,2025-06-15 18:51:30,0,5,1,476
58209,2025-06-15 18:57:49,0,4,0,0
98331,2025-06-15 18:59:27,0,5,0,0
13709,2025-06-15 19:03:33,1,9,0,0
21919,2025-06-15 19:05:19,0,6,1,394
65463,2025-06-15 19:05:59,0,5,0,0
10917,2025-06-15 19:15:51,1,4,0,0
78676,2025-06-15 19:16:10,0,7,1,447
36093,2025-06-15 19:17:20,0,5,0,0
84565,2025-06-15 19:19:21,0,3,1,365
70219,2025-06-15 19:21:36,1,6,0,0
12433,2025-06-15 19:24:20,0,17,1,319
34457,2025-06-15 19:28:54,0,12,0,0
26953,2025-06-15 19:37:31,0,2,1,415
32601,2025-06-15 19:42:03,1,9,0,0
71576,2025-06-15 19:43:25,0,5,1,376
45172,2025-06-15 19:44:33,0,4,0,0
48604,2025-06-15 19:47:32,0,11,0,0
21231,2025-06-15 19:50:01,1,13,1,280
60167,2025-06-15 19:52:01,1,3,0,0
81779,2025-06-15 19:53:22,0,4,0,0
75620,2025-06-15 19:56:07,0,7,1,366
80482,2025-06-15 19:58:19,0,4,0,0
92130,2025-06-15 20:00:35,1,7,0,0
11140,2025-06-15 20:12:45,0,6,1,332
70754,2025-06-15 20:15:59,0,5,0,0
16960,2025-06-15 20:20:55,0,6,0,0
78670,2025-06-15 20:21:37,0,4,1,359
41151,2025-06-15 20:21:40,1,6,0,0
56265,2025-06-15 20:22:27,0,9,1,347
54481,2025-06-15 20:22:36,1,3,0,0
84851,2025-06-15 20:24:07,0,6,1,424
50238,2025-06-15 20:24:55,1,9,0,0
42779,2025-06-15 20:29:24,0,4,1,289
94500,2025-06-15 20:38:07,0,6,0,0
88876,2025-06-15 20:38:17,0,6,0,0
22691,2025-06-15 20:39:06,0,5,1,516
4618,2025-06-15 20:39:07,0,6,0,0
47980,2025-06-15 20:43:42,1,4,0,0
90824,2025-06-15 20:48:14,0,7,0,0
35165,2025-06-15 20:53:43,0,2,0,0
23797,2025-06-15 20:58:06,1,2,1,266
70346,2025-06-15 21:07:45,0,9,0,0
67792,2025-06-15 21:08:42,0,10,0,0
14881,2025-06-15 21:15:05,1,5,0,0
97047,2025-06-15 21:19:27,1,6,0,0
10917,2025-06-15 21:21:39,0,5,0,0
90790,2025-06-15 21:29:19,0,8,0,0
39352,2025-06-15 21:38:29,1,7,0,0
97608,2025-06-15 21:41:50,0,4,0,0
15757,2025-06-15 21:42:42,1,4,0,0
64361,2025-06-15 21:45:56,0,5,1,297
4618,2025-06-15 21:51:15,1,11,1,272
85280,2025-06-15 21:51:44,1,5,0,0
501,2025-06-15 22:02:20,0,10,0,0
51547,2025-06-15 22:03:42,0,7,1,295
89864,2025-06-15 22:04:30,1,9,0,0
64450,2025-06-15 22:07:40,0,6,0,0
24951,2025-06-15 22:13:04,1,6,0,0
81100,2025-06-15 22:18:02,0,6,0,0
24844,2025-06-15 22:19:52,1,4,0,0
70754,2025-06-15 22:19:55,0,3,0,0
88923,2025-06-15 22:21:40,1,11,0,0
35671,2025-06-15 22:35:15,1,9,1,289
93654,2025-06-15 22:45:32,1,10,1,282
81366,2025-06-15 22:46:45,0,7,0,0
67862,2025-06-15 22:47:12,1,4,0,0
52225,2025-06-15 22:48:27,0,12,1,320
69866,2025-06-15 22:53:33,0,5,0,0
92017,2025-06-15 22:57:59,1,6,1,914
76114,2025-06-15 23:03:21,0,9,1,436
1804,2025-06-15 23:07:44,1,7,0,0
54096,2025-06-15 23:36:36,0,5,1,279
94151,2025-06-15 23:39:03,1,11,0,0
43964,2025-06-15 23:40:34,0,4,0,0
94834,2025-06-15 23:41:08,0,4,0,0
65907,2025-06-15 23:42:15,1,6,0,0
51121,2025-06-15 23:44:11,1,6,0,0
21113,2025-06-15 23:54:01,0,12,0,0
12496,2025-06-15 23:59:55,1,12,0,0
78683,2025-06-16 00:03:54,1,6,0,0
54831,2025-06-16 00:06:47,0,7,1,417
22452,2025-06-16 00:34:12,1,12,0,0
86147,2025-06-16 00:34:45,1,8,0,0
47335,2025-06-16 00:36:46,0,8,0,0
93032,2025-06-16 00:56:02,0,9,0,0
56265,2025-06-16 00:57:20,0,5,0,0
41063,2025-06-16 00:57:58,0,9,0,0
67862,2025-06-16 01:07:23,1,6,0,0
41544,2025-06-16 01:37:26,0,4,0,0
26623,2025-06-16 01:38:07,1,11,1,514
209,2025-06-16 01:50:43,0,7,0,0
38121,2025-06-16 02:09:31,0,7,0,0
77019,2025-06-16 02:12:52,0,7,0,0
28064,2025-06-16 02:20:35,0,5,1,325
79471,2025-06-16 02:25:26,0,9,0,0
39261,2025-06-16 02:25:47,0,8,1,307
72716,2025-06-16 03:18:35,0,7,0,0
78676,2025-06-16 03:35:49,1,13,1,515
56896,2025-06-16 03:43:42,1,5,0,0
83918,2025-06-16 03:46:39,1,5,0,0
27540,2025-06-16 03:59:37,0,6,1,257
70666,2025-06-16 04:00:42,0,3,0,0
6863,2025-06-16 04:17:33,0,3,0,0
9548,2025-06-16 04:20:52,1,9,0,0
54831,2025-06-16 04:21:49,0,8,0,0
73633,2025-06-16 04:22:09,0,5,0,0
58117,2025-06-16 04:22:34,1,8,1,448
501,2025-06-16 04:30:46,0,3,0,0
93154,2025-06-16 04:38:46,0,5,1,340
25533,2025-06-16 04:42:02,1,6,1,284
30905,2025-06-16 04:43:15,1,9,0,0
82347,2025-06-16 04:43:44,0,6,1,315
89736,2025-06-16 04:51:38,1,3,0,0
24264,2025-06-16 05:11:33,0,6,0,0
29213,2025-06-16 05:13:53,1,8,1,660
73036,2025-06-16 05:14:44,0,5,0,0
83406,2025-06-16 05:32:32,1,7,0,0
60160,2025-06-16 05:38:18,1,6,0,0
38478,2025-06-16 05:58:29,1,6,0,0
24239,2025-06-16 06:02:26,1,7,0,0
29940,2025-06-16 06:09:44,0,10,0,0
53141,2025-06-16 06:11:43,0,1,1,450
99603,2025-06-16 06:14:00,0,5,1,625
6299,2025-06-16 06:21:45,1,8,1,531
98840,2025-06-16 06:43:16,1,9,0,0
15478,2025-06-16 06:49:29,0,6,0,0
99130,2025-06-16 06:57:25,0,8,1,394
26953,2025-06-16 07:04:41,0,6,1,361
13877,2025-06-16 07:35:15,0,7,0,0
14380,2025-06-16 07:46:32,0,7,1,355
39655,2025-06-16 07:55:13,1,2,1,218
84619,2025-06-16 07:58:49,0,3,0,0
28679,2025-06-16 08:08:56,1,3,0,0
83375,2025-06-16 08:09:49,0,6,0,0
59000,2025-06-16 08:18:28,0,4,1,270
36187,2025-06-16 08:21:59,0,12,0,0
11826,2025-06-16 08:28:12,0,9,0,0
18308,2025-06-16 08:28:42,1,6,1,434
82132,2025-06-16 08:30:47,1,6,1,306
84237,2025-06-16 08:33:27,0,4,0,0
416,2025-06-16 08:35:34,1,2,0,0
32671,2025-06-16 08:37:22,0,8,0,0
5770,2025-06-16 08:42:09,0,6,1,235
15804,2025-06-16 08:42:52,0,7,0,0
44310,2025-06-16 09:05:18,0,8,0,0
20841,2025-06-16 09:05:48,0,7,0,0
98586,2025-06-16 09:11:24,0,6,0,0
84565,2025-06-16 09:13:43,1,3,0,0
46300,2025-06-16 09:17:17,0,10,0,0
29746,2025-06-16 09:20:55,0,3,0,0
14380,2025-06-16 09:22:40,0,4,1,420
99455,2025-06-16 09:29:12,0,5,1,339
36884,2025-06-16 09:29:48,1,7,0,0
78683,2025-06-16 09:31:59,0,7,0,0
81366,2025-06-16 09:34:11,1,7,0,0
78676,2025-06-16 09:36:39,0,6,1,587
33151,2025-06-16 09:41:59,0,10,0,0
14436,2025-06-16 09:42:32,1,3,0,0
1439,2025-06-16 09:51:38,0,5,1,268
99258,2025-06-16 09:51:52,0,6,0,0
85427,2025-06-16 09:58:46,0,3,0,0
36858,2025-06-16 10:12:14,0,4,0,0
6662,2025-06-16 10:19:00,1,3,0,0
74980,2025-06-16 10:27:40,1,4,0,0
83074,2025-06-16 10:34:17,1,4,1,455
61294,2025-06-16 10:37:37,1,5,1,470
55359,2025-06-16 10:44:21,0,5,0,0
49715,2025-06-16 10:50:59,0,4,0,0
8310,2025-06-16 10:53:06,0,13,0,0
47980,2025-06-16 11:00:50,1,6,0,0
95599,2025-06-16 11:05:49,0,5,0,0
5764,2025-06-16 11:08:00,0,4,0,0
49806,2025-06-16 11:08:41,0,3,0,0
27400,2025-06-16 11:09:33,1,3,0,0
75899,2025-06-16 11:13:52,0,1,0,0
63128,2025-06-16 11:16:26,1,5,0,0
69515,2025-06-16 11:16:32,0,3,1,286
34382,2025-06-16 11:16:33,0,5,0,0
68903,2025-06-16 11:17:16,1,9,0,0
67669,2025-06-16 11:18:46,1,2,0,0
85427,2025-06-16 11:23:21,1,6,1,343
18302,2025-06-16 11:23:45,0,0,0,0
27540,2025-06-16 11:42:44,0,2,0,0
67781,2025-06-16 11:42:55,0,2,0,0
5643,2025-06-16 11:47:00,0,5,0,0
96893,2025-06-16 11:49:53,1,5,0,0
17860,2025-06-16 11:58:11,0,5,1,455
2690,2025-06-16 12:11:19,0,5,0,0
40403,2025-06-16 12:14:24,0,7,0,0
88459,2025-06-16 12:18:58,0,9,0,0
14881,2025-06-16 12:41:32,1,4,0,0
79794,2025-06-16 12:48:50,0,4,0,0
65862,2025-06-16 12:51:13,1,4,1,504
93415,2025-06-16 12:59:16,0,5,1,685
66111,2025-06-16 13:11:53,0,1,0,0
47616,2025-06-16 13:13:52,1,9,0,0
16782,2025-06-16 13:28:35,0,8,1,400
36858,2025-06-16 13:36:47,1,4,0,0
64087,2025-06-16 13:40:59,1,10,0,0
16722,2025-06-16 13:41:05,0,7,0,0
32137,2025-06-16 13:41:44,0,6,0,0
20060,2025-06-16 13:44:32,0,6,0,0
2129,2025-06-16 13:46:33,0,5,1,370
53141,2025-06-16 13:56:43,0,5,0,0
13828,2025-06-16 13:57:56,0,7,1,444
55912,2025-06-16 13:59:38,0,5,1,405
90983,2025-06-16 14:00:23,0,8,1,837
95927,2025-06-16 14:01:41,0,4,0,0
47427,2025-06-16 14:21:29,0,12,1,391
44143,2025-06-16 14:27:41,0,5,1,489
12971,2025-06-16 14:38:40,1,8,0,0
1837,2025-06-16 14:39:59,0,5,1,697
61575,2025-06-16 14:42:23,1,12,0,0
11726,2025-06-16 14:55:08,0,6,1,395
42887,2025-06-16 15:03:02,0,3,1,285
23797,2025-06-16 15:19:54,0,7,0,0
52407,2025-06-16 15:21:32,0,5,1,318
65131,2025-06-16 15:25:41,0,9,1,522
94421,2025-06-16 15:28:06,0,2,1,237
97240,2025-06-16 15:29:53,0,6,0,0
46300,2025-06-16 15:31:09,0,10,0,0
31749,2025-06-16 15:31:28,1,6,1,495
2979,2025-06-16 15:32:40,0,9,0,0
32319,2025-06-16 15:34:43,0,5,0,0
27836,2025-06-16 15:39:22,0,6,0,0
81779,2025-06-16 15:45:48,0,5,1,361
34457,2025-06-16 15:46:56,0,7,1,438
64217,2025-06-16 16:01:23,0,8,0,0
22452,2025-06-16 16:13:56,0,5,1,674
23319,2025-06-16 16:18:01,0,6,0,0
90346,2025-06-16 16:26:51,1,4,1,480
17321,2025-06-16 16:27:30,0,7,1,412
96893,2025-06-16 16:31:29,0,9,1,369
69694,2025-06-16 16:40:15,1,5,1,346
61396,2025-06-16 16:44:58,0,6,1,624
87066,2025-06-16 16:49:12,0,5,1,447
99744,2025-06-16 16:51:55,1,7,0,0
78795,2025-06-16 16:58:25,1,7,1,477
43418,2025-06-16 17:05:11,0,7,1,438
85640,2025-06-16 17:05:19,1,3,0,0
36903,2025-06-16 17:09:22,1,6,0,0
150,2025-06-16 17:12:38,1,7,0,0
13445,2025-06-16 17:14:08,0,2,0,0
6167,2025-06-16 17:25:04,0,6,1,369
36402,2025-06-16 17:26:00,0,9,0,0
69183,2025-06-16 17:35:40,0,11,1,224
27168,2025-06-16 17:44:55,1,10,0,0
10601,2025-06-16 17:50:51,1,0,0,0
34151,2025-06-16 17:53:50,1,0,1,401
88943,2025-06-16 17:55:44,0,5,1,393
29829,2025-06-16 18:04:05,0,2,1,319
85128,2025-06-16 18:26:58,1,6,0,0
27097,2025-06-16 18:29:06,0,6,0,0
6167,2025-06-16 18:33:41,0,3,0,0
8336,2025-06-16 18:41:02,0,10,0,0
54698,2025-06-16 18:50:42,1,9,1,365
99744,2025-06-16 18:50:57,0,5,0,0
69709,2025-06-16 19:00:37,0,4,1,575
32495,2025-06-16 19:02:09,0,8,0,0
20284,2025-06-16 19:05:03,0,5,0,0
38586,2025-06-16 19:08:16,0,6,0,0
967,2025-06-16 19:14:38,0,3,0,0
58596,2025-06-16 19:14:39,0,14,0,0
81083,2025-06-16 19:21:35,0,8,1,427
25951,2025-06-16 19:21:48,0,9,0,0
87985,2025-06-16 19:25:06,1,10,0,0
68479,2025-06-16 19:28:37,0,4,0,0
57495,2025-06-16 19:33:03,0,8,0,0
68467,2025-06-16 19:50:52,0,3,1,539
69987,2025-06-16 19:52:55,0,8,1,347
6299,2025-06-16 19:57:48,1,7,0,0
84604,2025-06-16 20:10:38,0,5,0,0
24430,2025-06-16 20:18:53,1,7,1,594
88923,2025-06-16 20:19:11,0,7,1,247
87066,2025-06-16 20:19:59,1,3,1,397
51855,2025-06-16 20:20:09,0,7,0,0
52290,2025-06-16 20:28:12,0,5,0,0
81481,2025-06-16 20:47:19,0,6,1,503
29213,2025-06-16 20:51:55,0,4,0,0
60910,2025-06-16 20:55:44,0,10,0,0
83375,2025-06-16 20:56:02,0,7,1,282
89864,2025-06-16 21:00:42,1,6,0,0
52122,2025-06-16 21:06:27,1,7,0,0
150,2025-06-16 21:06:34,0,8,0,0
35351,2025-06-16 21:27:30,0,1,0,0
42321,2025-06-16 21:30:04,1,4,1,398
36422,2025-06-16 21:31:49,0,9,0,0
70851,2025-06-16 21:38:15,0,6,1,650
36903,2025-06-16 21:38:22,0,7,0,0
1513,2025-06-16 21:40:18,0,6,1,245
82825,2025-06-16 21:41:46,1,5,0,0
33519,2025-06-16 21:43:27,0,5,1,248
64917,2025-06-16 21:47:09,0,6,1,375
57286,2025-06-16 21:55:01,1,5,0,0
42182,2025-06-16 21:55:49,0,6,0,0
92017,2025-06-16 22:05:32,1,4,0,0
74038,2025-06-16 22:05:39,0,8,0,0
33308,2025-06-16 22:06:06,1,6,0,0
43578,2025-06-16 22:10:55,0,11,0,0
14671,2025-06-16 22:20:06,0,6,0,0
41379,2025-06-16 22:30:20,0,10,0,0
99108,2025-06-16 22:37:15,1,8,0,0
84237,2025-06-16 22:48:00,1,3,0,0
59714,2025-06-16 22:57:14,1,7,1,342
91068,2025-06-16 23:00:19,0,9,0,0
2894,2025-06-16 23:07:06,0,14,0,0
87237,2025-06-16 23:08:21,1,2,0,0
44676,2025-06-16 23:16:35,0,10,0,0
93154,2025-06-16 23:20:50,0,3,1,354
61862,2025-06-16 23:49:23,0,5,1,403
7799,2025-06-16 23:53:41,0,11,0,0
85564,2025-06-16 23:57:10,0,3,0,0
29213,2025-06-16 23:59:01,0,0,0,0
19128,2025-06-17 00:04:44,0,9,1,611
86271,2025-06-17 00:12:26,1,7,1,383
46754,2025-06-17 00:15:51,1,5,1,373
8514,2025-06-17 00:24:06,0,2,1,361
3396,2025-06-17 00:40:34,0,6,0,0
31749,2025-06-17 00:42:44,0,5,1,366
11895,2025-06-17 00:45:06,0,10,1,466
32575,2025-06-17 00:52:49,0,4,0,0
29709,2025-06-17 00:53:39,1,6,1,485
77801,2025-06-17 01:00:00,0,6,1,409
9477,2025-06-17 01:06:18,0,11,1,420
55944,2025-06-17 01:21:31,0,8,1,365
76826,2025-06-17 01:21:58,0,6,0,0
11081,2025-06-17 01:53:35,1,9,1,691
76845,2025-06-17 02:11:50,0,6,0,0
38641,2025-06-17 02:17:06,0,8,0,0
96735,2025-06-17 02:26:21,0,9,0,0
75823,2025-06-17 02:32:05,1,4,0,0
69709,2025-06-17 03:00:14,1,5,0,0
68479,2025-06-17 03:05:26,1,3,0,0
55812,2025-06-17 03:22:05,0,7,0,0
81672,2025-06-17 03:23:54,0,6,0,0
21714,2025-06-17 03:26:11,1,7,0,0
76631,2025-06-17 03:33:52,1,2,0,0
96066,2025-06-17 04:08:28,1,3,1,670
85967,2025-06-17 04:19:02,0,7,0,0
83562,2025-06-17 04:23:35,1,2,1,427
10790,2025-06-17 04:42:48,0,4,0,0
17594,2025-06-17 04:48:11,1,6,1,441
14842,2025-06-17 04:49:56,1,5,1,580
70222,2025-06-17 04:59:41,0,4,1,319
5458,2025-06-17 05:13:42,0,6,0,0
11886,2025-06-17 05:27:02,0,7,0,0
59934,2025-06-17 05:42:52,0,3,0,0
91660,2025-06-17 05:45:15,1,4,0,0
23239,2025-06-17 05:45:28,0,8,0,0
84929,2025-06-17 06:08:22,0,8,1,206
63128,2025-06-17 06:11:05,1,7,1,303
11097,2025-06-17 06:12:39,0,10,0,0
46025,2025-06-17 06:14:19,0,8,0,0
9642,2025-06-17 07:03:38,0,8,1,434
90247,2025-06-17 07:06:24,0,8,0,0
98669,2025-06-17 07:12:32,0,5,0,0
93036,2025-06-17 07:17:59,0,9,1,516
82055,2025-06-17 07:26:00,0,8,0,0
32341,2025-06-17 07:36:07,0,5,0,0
86645,2025-06-17 08:02:41,0,8,0,0
12513,2025-06-17 08:05:19,0,9,0,0
64075,2025-06-17 08:07:57,0,2,0,0
89864,2025-06-17 08:08:08,1,10,0,0
65907,2025-06-17 08:09:29,0,9,0,0
27503,2025-06-17 08:25:28,1,7,1,443
23097,2025-06-17 08:27:29,0,9,0,0
53005,2025-06-17 08:38:30,0,5,1,449
46307,2025-06-17 08:41:22,1,3,0,0
12971,2025-06-17 08:51:44,1,10,0,0
67590,2025-06-17 08:52:46,1,3,0,0
92012,2025-06-17 09:03:15,0,6,1,312
20060,2025-06-17 09:07:07,0,1,0,0
58380,2025-06-17 09:10:13,0,8,0,0
70129,2025-06-17 09:10:31,0,4,0,0
85280,2025-06-17 09:12:21,0,6,0,0
1932,2025-06-17 09:23:27,1,5,0,0
63128,2025-06-17 09:27:09,0,2,1,387
82875,2025-06-17 09:27:57,0,10,0,0
2690,2025-06-17 09:33:29,0,9,0,0
90708,2025-06-17 09:39:22,0,6,1,388
53792,2025-06-17 09:42:05,0,4,0,0
65362,2025-06-17 09:51:54,1,8,0,0
65463,2025-06-17 09:55:21,0,4,0,0
12571,2025-06-17 09:59:24,0,3,0,0
16588,2025-06-17 10:00:14,0,2,0,0
49806,2025-06-17 10:01:54,1,3,0,0
90321,2025-06-17 10:04:48,0,3,1,360
5643,2025-06-17 10:11:42,0,5,0,0
64361,2025-06-17 10:19:03,0,4,0,0
22346,2025-06-17 10:31:36,0,3,1,495
54642,2025-06-17 10:32:34,1,4,1,453
93036,2025-06-17 10:32:41,0,5,1,615
90346,2025-06-17 10:40:45,0,5,0,0
70129,2025-06-17 10:51:13,1,6,1,308
51957,2025-06-17 10:55:24,0,4,0,0
5835,2025-06-17 10:58:54,0,8,0,0
14842,2025-06-17 11:00:52,1,7,0,0
11886,2025-06-17 11:07:13,1,6,1,354
2914,2025-06-17 11:09:37,0,10,0,0
43901,2025-06-17 11:10:16,0,3,0,0
61817,2025-06-17 11:11:46,0,4,0,0
90371,2025-06-17 11:13:48,1,8,0,0
38065,2025-06-17 11:17:42,0,5,1,400
2894,2025-06-17 11:18:16,1,6,1,873
70872,2025-06-17 11:32:35,1,2,0,0
53087,2025-06-17 11:34:13,0,4,1,378
39207,2025-06-17 11:36:46,1,5,0,0
7624,2025-06-17 11:38:58,0,5,0,0
76469,2025-06-17 11:39:04,1,5,0,0
19224,2025-06-17 11:45:37,0,3,0,0
98679,2025-06-17 11:54:14,0,3,0,0
6023,2025-06-17 12:06:54,1,9,0,0
69156,2025-06-17 12:18:54,0,3,0,0
63183,2025-06-17 12:26:02,0,9,0,0
81779,2025-06-17 12:28:45,0,3,0,0
30032,2025-06-17 12:30:48,0,12,1,348
86132,2025-06-17 12:39:10,0,8,0,0
16960,2025-06-17 12:42:26,0,5,0,0
416,2025-06-17 13:01:09,0,2,0,0
95260,2025-06-17 13:02:54,0,6,0,0
37710,2025-06-17 13:04:47,0,8,1,402
99290,2025-06-17 13:12:02,0,5,0,0
56626,2025-06-17 13:22:23,0,10,0,0
7818,2025-06-17 13:30:45,1,6,0,0
68564,2025-06-17 13:36:04,0,4,0,0
16754,2025-06-17 13:38:48,0,7,0,0
13709,2025-06-17 13:42:27,0,3,1,608
19224,2025-06-17 13:42:40,0,6,1,428
59452,2025-06-17 13:53:33,0,7,0,0
54698,2025-06-17 13:59:48,0,6,0,0
96555,2025-06-17 14:01:36,1,6,1,529
87392,2025-06-17 14:02:56,1,7,0,0
22452,2025-06-17 14:03:30,1,7,0,0
95638,2025-06-17 14:13:35,1,3,1,581
44081,2025-06-17 14:13:44,0,6,1,304
89736,2025-06-17 14:13:56,0,8,1,386
12004,2025-06-17 14:22:25,0,7,1,290
94584,2025-06-17 14:32:46,0,7,1,550
34457,2025-06-17 14:49:33,0,5,1,563
32366,2025-06-17 14:51:10,0,7,0,0
44614,2025-06-17 14:54:31,0,6,0,0
84209,2025-06-17 14:55:27,1,6,1,408
36519,2025-06-17 14:58:32,0,4,0,0
12373,2025-06-17 14:59:46,0,4,0,0
16722,2025-06-17 15:02:15,0,3,1,358
7624,2025-06-17 15:06:13,1,9,1,538
89256,2025-06-17 15:11:32,1,12,1,411
71215,2025-06-17 15:11:33,1,6,1,410
17947,2025-06-17 15:12:09,1,6,1,534
6373,2025-06-17 15:15:27,1,5,0,0
42810,2025-06-17 15:22:45,0,1,1,515
96335,2025-06-17 15:37:00,1,5,0,0
47830,2025-06-17 15:44:31,1,7,0,0
76469,2025-06-17 15:50:00,1,5,1,291
86680,2025-06-17 15:50:46,0,5,0,0
65862,2025-06-17 15:59:00,1,3,1,276
78321,2025-06-17 16:01:10,1,7,0,0
38065,2025-06-17 16:03:46,0,9,1,560
62494,2025-06-17 16:04:52,0,6,0,0
41186,2025-06-17 16:08:46,1,7,0,0
87236,2025-06-17 16:11:38,0,6,0,0
67422,2025-06-17 16:15:19,0,2,0,0
17257,2025-06-17 16:15:58,0,6,1,402
50863,2025-06-17 16:28:12,1,5,1,384
2784,2025-06-17 16:35:53,0,6,0,0
5986,2025-06-17 16:45:08,1,7,1,451
5764,2025-06-17 16:49:05,1,7,0,0
64203,2025-06-17 16:50:50,0,1,1,332
5338,2025-06-17 16:51:37,0,5,0,0
7537,2025-06-17 16:56:35,1,9,0,0
19260,2025-06-17 16:58:50,0,12,0,0
41491,2025-06-17 17:06:03,0,5,1,380
55431,2025-06-17 17:07:29,0,13,0,0
74940,2025-06-17 17:16:29,1,7,1,376
95805,2025-06-17 17:16:49,0,4,0,0
27400,2025-06-17 17:19:26,0,7,1,227
55652,2025-06-17 17:22:00,0,11,0,0
85528,2025-06-17 17:23:20,0,4,0,0
67603,2025-06-17 17:23:52,0,5,0,0
41544,2025-06-17 17:26:57,0,4,0,0
65591,2025-06-17 17:39:01,1,2,0,0
79609,2025-06-17 17:41:10,0,8,1,298
63128,2025-06-17 17:41:30,1,3,0,0
56661,2025-06-17 17:42:34,1,6,1,428
58360,2025-06-17 17:43:18,0,9,1,327
81672,2025-06-17 17:47:03,0,9,0,0
42252,2025-06-17 17:55:44,0,5,1,454
8885,2025-06-17 17:59:57,1,9,0,0
20940,2025-06-17 18:02:45,0,8,0,0
79471,2025-06-17 18:05:29,0,9,0,0
95805,2025-06-17 18:06:36,0,1,1,365
98073,2025-06-17 18:07:35,1,5,0,0
22737,2025-06-17 18:14:27,0,4,0,0
40417,2025-06-17 18:17:26,1,5,0,0
53616,2025-06-17 18:31:19,0,11,1,327
96221,2025-06-17 18:34:32,0,5,0,0
24037,2025-06-17 18:36:01,1,7,0,0
41720,2025-06-17 18:43:17,1,5,0,0
90790,2025-06-17 18:49:09,0,6,0,0
36098,2025-06-17 18:51:22,0,1,1,611
20481,2025-06-17 18:53:42,0,7,0,0
84619,2025-06-17 18:58:56,0,5,1,293
96031,2025-06-17 19:07:06,1,7,0,0
65219,2025-06-17 19:10:30,0,8,1,360
79986,2025-06-17 19:35:37,0,7,1,305
43562,2025-06-17 19:37:20,0,5,1,346
20853,2025-06-17 19:47:04,1,1,1,365
40828,2025-06-17 20:08:47,0,10,1,585
63833,2025-06-17 20:37:17,0,5,1,426
79986,2025-06-17 20:44:27,0,4,0,0
4521,2025-06-17 20:46:02,0,10,1,374
56405,2025-06-17 20:50:42,0,7,0,0
62755,2025-06-17 20:51:08,1,5,0,0
14881,2025-06-17 21:04:16,0,11,0,0
32026,2025-06-17 21:08:45,1,4,0,0
20562,2025-06-17 21:09:06,0,7,1,351
15338,2025-06-17 21:11:09,1,4,0,0
34633,2025-06-17 21:17:58,0,4,0,0
53271,2025-06-17 21:18:51,0,15,0,0
79986,2025-06-17 21:24:30,0,3,0,0
16866,2025-06-17 21:34:16,0,6,0,0
64054,2025-06-17 21:40:30,0,7,0,0
28064,2025-06-17 21:40:55,1,7,1,505
78110,2025-06-17 21:45:58,0,5,0,0
10355,2025-06-17 21:52:47,1,5,0,0
44210,2025-06-17 22:00:38,1,3,1,515
29314,2025-06-17 22:10:14,0,4,0,0
32003,2025-06-17 22:10:54,1,9,0,0
33984,2025-06-17 22:12:51,0,7,0,0
80249,2025-06-17 22:16:08,0,10,0,0
72890,2025-06-17 22:17:33,0,5,1,313
96066,2025-06-17 22:21:35,0,8,0,0
13556,2025-06-17 22:25:33,0,7,0,0
55219,2025-06-17 22:29:12,0,9,0,0
25489,2025-06-17 22:31:50,0,4,0,0
65208,2025-06-17 22:38:27,1,7,0,0
85364,2025-06-17 22:43:13,0,6,0,0
6936,2025-06-17 23:03:08,0,5,1,557
36022,2025-06-17 23:04:02,0,6,1,486
83074,2025-06-17 23:06:48,1,6,0,0
50675,2025-06-17 23:10:28,0,5,0,0
68400,2025-06-17 23:13:24,0,4,0,0
16722,2025-06-17 23:14:26,0,5,0,0
77173,2025-06-17 23:15:54,0,12,1,501
61394,2025-06-17 23:18:36,0,2,1,602
86147,2025-06-17 23:44:15,0,6,0,0
21416,2025-06-17 23:45:11,0,10,0,0
69987,2025-06-17 23:51:34,1,3,1,363
17321,2025-06-18 00:16:00,0,4,0,0
86802,2025-06-18 00:16:00,0,4,0,0
44987,2025-06-18 00:17:59,0,9,0,0
74136,2025-06-18 00:22:05,0,7,1,256
42810,2025-06-18 00:27:50,1,5,0,0
24851,2025-06-18 00:34:25,0,6,0,0
66460,2025-06-18 00:40:14,0,10,0,0
53300,2025-06-18 00:46:13,0,2,1,377
19364,2025-06-18 00:54:22,0,6,0,0
60148,2025-06-18 00:56:19,0,5,1,393
45417,2025-06-18 00:56:58,1,3,0,0
14436,2025-06-18 01:00:16,1,3,1,470
19815,2025-06-18 01:26:46,0,8,0,0
19364,2025-06-18 01:26:50,0,8,1,409
47616,2025-06-18 01:37:09,0,5,0,0
4179,2025-06-18 01:48:20,0,6,1,397
88876,2025-06-18 02:08:40,0,7,0,0
86113,2025-06-18 02:14:35,0,7,1,594
88876,2025-06-18 02:16:00,0,3,1,355
38213,2025-06-18 02:38:44,1,9,1,222
85601,2025-06-18 02:50:43,0,9,0,0
94421,2025-06-18 02:53:29,1,3,0,0
95145,2025-06-18 02:58:42,0,8,1,449
73026,2025-06-18 03:15:10,0,6,0,0
45446,2025-06-18 03:22:22,0,4,0,0
49362,2025-06-18 03:40:37,1,9,0,0
5949,2025-06-18 03:49:13,0,7,1,335
94834,2025-06-18 03:49:29,1,5,0,0
19264,2025-06-18 03:59:05,0,11,0,0
18519,2025-06-18 04:01:23,0,5,1,328
46197,2025-06-18 04:05:30,0,8,0,0
57495,2025-06-18 04:26:36,0,4,1,324
97328,2025-06-18 04:57:55,0,3,0,0
65591,2025-06-18 05:02:48,1,8,0,0
87237,2025-06-18 05:24:45,1,9,0,0
81497,2025-06-18 05:29:13,0,6,0,0
78670,2025-06-18 05:37:54,1,3,0,0
52407,2025-06-18 05:49:34,0,6,0,0
58283,2025-06-18 05:58:05,0,4,0,0
65868,2025-06-18 05:59:51,1,3,1,770
52357,2025-06-18 06:00:22,0,4,0,0
23604,2025-06-18 06:08:25,0,6,1,507
55812,2025-06-18 06:09:25,1,9,0,0
25533,2025-06-18 06:12:00,0,4,0,0
61575,2025-06-18 06:13:07,1,8,0,0
45426,2025-06-18 06:27:39,1,3,1,605
11081,2025-06-18 06:27:42,0,5,0,0
84003,2025-06-18 06:31:53,0,6,1,378
7834,2025-06-18 06:33:22,0,4,0,0
90734,2025-06-18 06:33:54,0,3,0,0
36187,2025-06-18 06:35:44,0,8,1,478
18317,2025-06-18 07:29:36,0,7,1,471
15757,2025-06-18 07:42:02,1,4,0,0
5949,2025-06-18 08:02:25,0,4,0,0
54642,2025-06-18 08:04:43,0,4,0,0
60465,2025-06-18 08:08:27,0,6,0,0
48680,2025-06-18 08:09:09,0,2,1,433
26755,2025-06-18 08:13:56,1,15,1,428
45100,2025-06-18 08:14:39,0,5,0,0
58209,2025-06-18 08:17:00,0,7,0,0
21919,2025-06-18 08:22:34,0,4,0,0
69352,2025-06-18 08:23:26,0,7,0,0
71942,2025-06-18 08:30:15,0,8,0,0
68467,2025-06-18 08:30:17,0,4,0,0
18205,2025-06-18 08:33:37,0,8,1,547
50037,2025-06-18 08:40:45,1,4,0,0
73633,2025-06-18 08:43:27,1,5,0,0
13828,2025-06-18 08:55:34,0,1,1,260
76460,2025-06-18 08:55:43,1,4,0,0
79471,2025-06-18 08:55:59,0,8,0,0
9465,2025-06-18 09:00:24,1,10,0,0
85364,2025-06-18 09:08:49,0,4,0,0
50645,2025-06-18 09:10:06,1,6,0,0
17321,2025-06-18 09:11:36,0,8,1,622
7399,2025-06-18 09:17:08,0,6,1,374
9548,2025-06-18 09:24:03,0,4,0,0
40451,2025-06-18 09:33:38,0,5,0,0
50037,2025-06-18 09:43:05,0,8,0,0
36402,2025-06-18 09:43:30,0,5,0,0
94151,2025-06-18 09:49:39,1,9,1,430
70245,2025-06-18 09:50:43,0,3,0,0
61139,2025-06-18 09:50:53,0,9,0,0
7399,2025-06-18 09:51:59,0,11,0,0
65868,2025-06-18 09:58:53,1,3,0,0
84101,2025-06-18 10:01:47,0,10,1,400
11097,2025-06-18 10:03:13,0,2,1,374
80482,2025-06-18 10:09:21,0,2,0,0
53792,2025-06-18 10:10:08,0,1,0,0
11443,2025-06-18 10:11:08,1,6,1,359
83918,2025-06-18 10:13:59,1,9,1,393
19128,2025-06-18 10:20:47,1,4,0,0
23604,2025-06-18 10:22:33,1,8,0,0
85640,2025-06-18 10:35:40,0,4,0,0
87925,2025-06-18 10:35:44,0,3,0,0
9429,2025-06-18 10:40:46,0,8,0,0
63680,2025-06-18 10:48:07,0,4,0,0
37995,2025-06-18 10:50:11,1,8,0,0
18213,2025-06-18 10:51:35,0,3,0,0
62216,2025-06-18 10:51:48,0,7,0,0
4959,2025-06-18 11:12:49,1,9,0,0
65180,2025-06-18 11:23:33,0,5,0,0
87236,2025-06-18 11:30:44,0,1,1,370
99987,2025-06-18 11:33:55,0,7,0,0
16802,2025-06-18 11:36:45,1,4,0,0
75020,2025-06-18 11:36:49,1,4,1,388
32026,2025-06-18 11:56:32,1,2,0,0
90708,2025-06-18 12:19:37,0,4,0,0
41151,2025-06-18 12:29:56,0,3,0,0
79794,2025-06-18 12:30:54,1,10,1,527
54698,2025-06-18 12:32:40,0,8,1,379
57066,2025-06-18 12:34:41,0,12,0,0
51565,2025-06-18 12:34:45,1,8,1,350
36719,2025-06-18 12:36:45,1,5,0,0
44676,2025-06-18 13:09:38,1,6,0,0
91700,2025-06-18 13:14:25,1,4,0,0
60174,2025-06-18 13:14:37,1,5,1,303
5227,2025-06-18 13:19:00,0,8,0,0
62542,2025-06-18 13:20:14,0,9,0,0
53616,2025-06-18 13:22:23,0,4,1,488
45074,2025-06-18 13:23:51,0,6,1,220
70339,2025-06-18 13:24:34,0,6,1,832
61861,2025-06-18 13:24:41,0,6,0,0
53638,2025-06-18 13:26:35,1,5,0,0
32884,2025-06-18 13:28:40,1,2,1,613
22317,2025-06-18 13:33:32,0,8,1,285
3782,2025-06-18 13:37:19,0,10,0,0
93154,2025-06-18 13:40:13,0,8,0,0
82132,2025-06-18 13:40:29,0,8,1,420
3782,2025-06-18 13:41:19,0,3,1,308
11081,2025-06-18 13:41:29,0,4,0,0
36093,2025-06-18 13:52:04,0,9,1,413
29437,2025-06-18 14:03:56,0,5,0,0
1056,2025-06-18 14:04:58,0,6,0,0
83298,2025-06-18 14:08:03,0,6,1,326
84101,2025-06-18 14:08:11,0,3,1,504
26179,2025-06-18 14:14:39,0,7,0,0
8514,2025-06-18 14:17:45,0,7,0,0
78795,2025-06-18 14:19:57,0,9,0,0
54032,2025-06-18 14:20:53,0,8,0,0
49155,2025-06-18 14:21:37,0,4,1,431
63483,2025-06-18 14:31:09,0,5,0,0
268,2025-06-18 14:36:17,0,5,1,428
17804,2025-06-18 14:42:02,0,4,0,0
42252,2025-06-18 14:55:21,0,6,0,0
60148,2025-06-18 15:06:37,0,7,0,0
49627,2025-06-18 15:08:15,1,3,1,478
45064,2025-06-18 15:15:42,0,6,0,0
31343,2025-06-18 15:16:10,1,7,0,0
72565,2025-06-18 15:19:19,0,3,0,0
29384,2025-06-18 15:20:50,1,7,0,0
65202,2025-06-18 15:30:51,0,4,0,0
75257,2025-06-18 15:36:55,0,6,1,316
12354,2025-06-18 15:39:51,1,6,0,0
9465,2025-06-18 15:40:31,0,5,0,0
70490,2025-06-18 15:48:24,1,4,0,0
26309,2025-06-18 15:48:29,0,4,0,0
85236,2025-06-18 15:54:24,1,11,0,0
27168,2025-06-18 15:55:10,0,9,0,0
5734,2025-06-18 16:16:56,1,8,0,0
70780,2025-06-18 16:20:03,1,5,0,0
93654,2025-06-18 16:22:23,1,7,1,438
75116,2025-06-18 16:24:50,0,12,0,0
82188,2025-06-18 16:38:14,0,6,1,556
75116,2025-06-18 16:46:55,0,8,0,0
32575,2025-06-18 16:47:15,1,4,0,0
13402,2025-06-18 16:47:22,0,4,1,542
29863,2025-06-18 16:57:32,1,7,1,153
16782,2025-06-18 17:01:59,0,3,0,0
77184,2025-06-18 17:03:37,0,2,0,0
29315,2025-06-18 17:06:30,0,2,1,710
61394,2025-06-18 17:08:16,0,8,1,387
5338,2025-06-18 17:28:38,1,4,1,365
73642,2025-06-18 17:36:53,1,6,0,0
8624,2025-06-18 17:38:37,1,5,0,0
88943,2025-06-18 17:40:43,0,8,0,0
61139,2025-06-18 17:45:06,1,3,0,0
84500,2025-06-18 17:48:58,1,8,0,0
48680,2025-06-18 17:54:13,0,2,0,0
6936,2025-06-18 17:55:47,0,6,1,373
71706,2025-06-18 17:58:18,0,6,1,356
6757,2025-06-18 17:59:19,1,6,0,0
93165,2025-06-18 18:00:00,0,2,0,0
67403,2025-06-18 18:02:07,0,8,1,374
45417,2025-06-18 18:06:07,1,6,0,0
45417,2025-06-18 18:16:41,0,5,1,311
36500,2025-06-18 18:20:31,1,12,0,0
4352,2025-06-18 18:26:53,1,6,0,0
34603,2025-06-18 18:29:41,1,9,0,0
80754,2025-06-18 18:32:36,1,3,1,411
72565,2025-06-18 18:51:09,1,5,0,0
80981,2025-06-18 18:53:51,0,6,0,0
74687,2025-06-18 19:01:02,1,5,0,0
53761,2025-06-18 19:02:05,1,10,0,0
87908,2025-06-18 19:18:12,0,3,0,0
93154,2025-06-18 19:24:12,0,11,0,0
26179,2025-06-18 19:28:29,0,8,0,0
79079,2025-06-18 19:29:57,1,6,1,330
82188,2025-06-18 19:30:07,0,4,0,0
2130,2025-06-18 19:31:22,0,7,1,372
44303,2025-06-18 19:34:03,0,5,0,0
5764,2025-06-18 19:34:48,0,8,0,0
87283,2025-06-18 19:38:44,0,9,0,0
74356,2025-06-18 19:44:02,1,3,1,429
41186,2025-06-18 19:51:06,1,13,0,0
52488,2025-06-18 20:02:21,0,8,1,504
6584,2025-06-18 20:12:49,0,8,0,0
96134,2025-06-18 20:33:03,1,7,0,0
71132,2025-06-18 20:39:36,1,9,0,0
37165,2025-06-18 20:46:36,0,7,1,280
36556,2025-06-18 20:47:44,0,7,0,0
51072,2025-06-18 20:50:53,0,5,0,0
53271,2025-06-18 21:04:45,0,8,0,0
27400,2025-06-18 21:04:52,0,7,0,0
38807,2025-06-18 21:05:33,0,5,1,461
17231,2025-06-18 21:12:23,1,9,0,0
82804,2025-06-18 21:14:29,1,9,0,0
66208,2025-06-18 21:18:25,0,4,1,605
22231,2025-06-18 21:30:39,0,3,0,0
16096,2025-06-18 21:31:04,1,7,0,0
82055,2025-06-18 21:38:24,1,4,0,0
8552,2025-06-18 21:40:45,0,7,1,493
24164,2025-06-18 21:42:21,1,5,0,0
60148,2025-06-18 21:45:12,0,6,1,531
60174,2025-06-18 21:48:19,1,10,0,0
2994,2025-06-18 22:00:23,0,8,1,434
42779,2025-06-18 22:04:38,0,7,1,502
74377,2025-06-18 22:05:38,0,6,0,0
72504,2025-06-18 22:09:25,0,2,0,0
89935,2025-06-18 22:09:29,0,4,1,273
24460,2025-06-18 22:19:19,0,3,0,0
39655,2025-06-18 22:20:30,0,4,1,409
70339,2025-06-18 22:24:47,0,3,0,0
12433,2025-06-18 22:47:43,1,7,0,0
60174,2025-06-18 22:49:36,0,5,0,0
99258,2025-06-18 22:49:41,1,6,0,0
89572,2025-06-18 22:52:05,0,4,1,424
61727,2025-06-18 23:07:15,0,5,0,0
83375,2025-06-18 23:09:04,0,6,0,0
55359,2025-06-18 23:10:56,0,9,1,484
76631,2025-06-18 23:13:52,0,7,1,1036
64325,2025-06-18 23:30:46,1,9,0,0
42624,2025-06-18 23:32:54,1,4,1,400
50771,2025-06-18 23:35:10,0,9,0,0
42779,2025-06-18 23:36:49,1,3,0,0
71086,2025-06-18 23:43:28,1,3,0,0
99108,2025-06-18 23:49:31,0,3,0,0
36522,2025-06-18 23:51:22,1,6,0,0
8257,2025-06-18 23:56:58,0,6,1,455
23239,2025-06-18 23:57:02,1,4,1,517
16096,2025-06-19 00:03:22,1,3,0,0
89572,2025-06-19 00:26:49,1,7,1,328
84308,2025-06-19 00:31:27,1,6,0,0
22317,2025-06-19 00:34:22,1,7,1,414
3421,2025-06-19 00:40:31,1,5,1,277
19686,2025-06-19 00:41:24,0,13,1,437
60174,2025-06-19 00:46:45,0,4,0,0
94500,2025-06-19 00:59:21,0,8,0,0
96949,2025-06-19 01:14:04,0,0,0,0
80065,2025-06-19 01:23:20,0,4,0,0
52534,2025-06-19 01:36:57,0,5,0,0
59888,2025-06-19 02:13:30,0,4,0,0
24080,2025-06-19 02:30:04,0,5,1,520
15382,2025-06-19 02:48:16,0,5,0,0
96950,2025-06-19 02:49:05,0,5,0,0
87985,2025-06-19 03:09:55,1,4,1,651
92017,2025-06-19 03:15:08,1,6,1,359
97451,2025-06-19 03:20:35,0,8,0,0
44676,2025-06-19 03:43:17,0,9,0,0
94584,2025-06-19 04:09:15,1,8,0,0
38942,2025-06-19 04:12:34,0,5,1,444
39588,2025-06-19 04:27:36,1,8,0,0
32890,2025-06-19 04:29:27,0,8,0,0
58331,2025-06-19 04:31:22,1,5,1,544
58380,2025-06-19 04:32:04,0,7,0,0
8257,2025-06-19 04:36:02,1,9,1,464
1288,2025-06-19 04:43:36,0,9,0,0
39207,2025-06-19 04:51:08,0,5,1,472
47427,2025-06-19 05:10:05,0,4,0,0
59714,2025-06-19 05:17:21,1,3,0,0
56278,2025-06-19 05:24:41,0,4,0,0
24460,2025-06-19 05:36:17,0,7,1,306
97608,2025-06-19 05:39:43,1,5,0,0
79986,2025-06-19 05:48:49,1,7,0,0
85528,2025-06-19 05:59:59,0,6,0,0
35485,2025-06-19 06:06:36,0,9,1,601
37165,2025-06-19 06:06:50,1,6,0,0
53792,2025-06-19 06:10:32,1,3,0,0
44779,2025-06-19 06:15:52,0,6,1,366
19100,2025-06-19 06:15:57,1,3,0,0
32003,2025-06-19 06:16:12,0,7,0,0
14436,2025-06-19 06:24:11,1,6,1,407
53814,2025-06-19 06:26:14,0,8,0,0
53687,2025-06-19 06:35:52,1,5,0,0
65362,2025-06-19 06:42:24,0,5,0,0
2145,2025-06-19 06:58:39,0,6,0,0
455,2025-06-19 07:04:16,0,4,1,330
23311,2025-06-19 07:08:23,1,5,1,434
81129,2025-06-19 07:19:43,0,4,0,0
81369,2025-06-19 07:29:05,1,8,0,0
33170,2025-06-19 07:33:59,1,6,1,553
9477,2025-06-19 07:45:42,0,4,0,0
59452,2025-06-19 07:58:33,1,4,0,0
77581,2025-06-19 07:58:39,0,13,0,0
65463,2025-06-19 08:06:03,0,2,0,0
33210,2025-06-19 08:13:20,0,8,0,0
69915,2025-06-19 08:19:51,1,10,1,416
84473,2025-06-19 08:20:28,0,6,1,355
21570,2025-06-19 08:21:07,0,4,1,356
24264,2025-06-19 08:24:27,0,4,1,344
52031,2025-06-19 08:24:29,0,7,0,0
88459,2025-06-19 08:25:11,0,3,0,0
80029,2025-06-19 08:27:55,0,7,0,0
22317,2025-06-19 08:44:58,1,11,0,0
1439,2025-06-19 08:45:23,0,4,0,0
46307,2025-06-19 08:48:09,0,8,0,0
33333,2025-06-19 08:58:04,0,7,0,0
10492,2025-06-19 09:06:40,0,5,0,0
74714,2025-06-19 09:08:09,0,6,0,0
66208,2025-06-19 09:08:26,0,7,0,0
98840,2025-06-19 09:09:14,1,9,0,0
38213,2025-06-19 09:11:10,0,3,0,0
69125,2025-06-19 09:20:13,0,4,0,0
17956,2025-06-19 09:20:16,0,7,0,0
19264,2025-06-19 09:35:16,0,3,0,0
38663,2025-06-19 09:36:15,0,2,0,0
7834,2025-06-19 09:38:41,0,5,0,0
19953,2025-06-19 09:39:07,0,11,0,0
96335,2025-06-19 09:39:37,0,6,0,0
99874,2025-06-19 09:47:54,0,4,0,0
36093,2025-06-19 09:52:29,0,8,0,0
30434,2025-06-19 09:58:33,0,7,0,0
55652,2025-06-19 10:00:31,0,7,1,744
36541,2025-06-19 10:06:54,0,5,0,0
29437,2025-06-19 10:13:08,0,15,0,0
9143,2025-06-19 10:13:13,1,2,0,0
79182,2025-06-19 10:24:00,0,5,0,0
36903,2025-06-19 10:28:10,0,3,0,0
61664,2025-06-19 10:29:42,0,5,1,308
65907,2025-06-19 10:35:56,0,6,1,378
17956,2025-06-19 10:41:50,0,6,0,0
75899,2025-06-19 10:47:43,1,5,1,519
67852,2025-06-19 11:11:25,0,5,0,0
2806,2025-06-19 11:15:58,1,4,1,470
38915,2025-06-19 11:18:04,1,5,0,0
84209,2025-06-19 11:28:59,0,4,0,0
44303,2025-06-19 11:35:26,0,9,1,575
98586,2025-06-19 11:41:08,0,5,0,0
84397,2025-06-19 11:46:38,0,7,0,0
3246,2025-06-19 11:46:40,0,3,0,0
22231,2025-06-19 11:47:50,1,6,0,0
81153,2025-06-19 11:51:03,1,7,0,0
32601,2025-06-19 11:52:08,0,6,0,0
26623,2025-06-19 11:53:37,0,7,0,0
25324,2025-06-19 12:03:49,1,7,0,0
81779,2025-06-19 12:10:08,0,8,0,0
7936,2025-06-19 12:12:20,0,4,1,308
82865,2025-06-19 12:13:25,0,5,0,0
84372,2025-06-19 12:27:17,0,6,0,0
1781,2025-06-19 12:33:23,0,6,0,0
22812,2025-06-19 12:37:32,0,8,0,0
23657,2025-06-19 12:49:11,0,4,0,0
7952,2025-06-19 12:51:00,0,2,0,0
22636,2025-06-19 12:55:51,0,2,0,0
86645,2025-06-19 12:59:24,1,9,1,296
74447,2025-06-19 12:59:46,1,10,0,0
7952,2025-06-19 13:03:37,0,5,0,0
93850,2025-06-19 13:10:05,1,5,0,0
48509,2025-06-19 13:13:07,1,7,0,0
19389,2025-06-19 13:19:32,1,1,0,0
61127,2025-06-19 13:20:00,1,8,0,0
3057,2025-06-19 13:22:41,0,5,0,0
75677,2025-06-19 13:34:54,0,4,1,476
17231,2025-06-19 13:58:43,1,8,0,0
21714,2025-06-19 14:12:48,1,8,0,0
21919,2025-06-19 14:32:15,1,10,1,232
83194,2025-06-19 14:40:27,0,4,0,0
83,2025-06-19 14:46:42,0,4,1,230
96921,2025-06-19 14:50:38,1,3,1,336
14311,2025-06-19 14:50:57,0,4,0,0
13402,2025-06-19 14:51:00,1,7,1,568
2145,2025-06-19 14:52:00,0,13,0,0
88553,2025-06-19 14:52:06,0,7,0,0
8751,2025-06-19 14:53:16,0,7,0,0
11529,2025-06-19 14:55:28,0,3,0,0
96537,2025-06-19 14:56:24,1,8,1,371
32890,2025-06-19 14:57:12,1,5,0,0
19224,2025-06-19 14:58:12,1,7,0,0
35671,2025-06-19 15:02:57,0,7,0,0
82288,2025-06-19 15:07:50,0,1,0,0
77101,2025-06-19 15:14:11,1,7,1,299
80956,2025-06-19 15:28:30,0,9,0,0
35165,2025-06-19 15:32:22,0,3,0,0
98118,2025-06-19 15:34:04,0,3,0,0
66855,2025-06-19 15:34:47,0,7,0,0
73026,2025-06-19 15:43:31,0,5,0,0
6223,2025-06-19 15:44:43,1,4,0,0
49570,2025-06-19 15:55:03,0,8,0,0
84237,2025-06-19 16:00:04,1,6,1,378
63079,2025-06-19 16:00:06,0,3,0,0
67669,2025-06-19 16:06:09,0,8,0,0
8703,2025-06-19 16:10:02,0,12,0,0
65710,2025-06-19 16:24:08,1,2,0,0
26026,2025-06-19 16:27:59,0,9,0,0
67901,2025-06-19 16:31:37,1,3,1,580
22157,2025-06-19 16:39:21,0,4,1,297
85236,2025-06-19 16:50:33,0,7,0,0
96321,2025-06-19 16:57:04,0,3,1,348
10947,2025-06-19 16:58:58,0,3,0,0
56397,2025-06-19 17:00:53,0,6,1,842
3968,2025-06-19 17:01:48,0,6,0,0
70795,2025-06-19 17:02:17,0,5,0,0
73633,2025-06-19 17:02:23,0,4,0,0
64171,2025-06-19 17:08:58,0,5,0,0
74447,2025-06-19 17:11:14,0,4,1,278
61727,2025-06-19 17:12:19,1,9,0,0
43097,2025-06-19 17:18:09,1,6,1,540
98586,2025-06-19 17:27:55,0,8,0,0
77941,2025-06-19 17:30:48,1,6,0,0
17015,2025-06-19 17:31:07,0,8,0,0
24264,2025-06-19 17:31:21,0,4,1,430
15804,2025-06-19 17:38:57,0,7,0,0
29940,2025-06-19 17:42:20,1,9,0,0
31666,2025-06-19 17:57:04,0,7,0,0
20940,2025-06-19 17:58:01,1,7,1,296
13556,2025-06-19 17:58:12,0,5,0,0
78381,2025-06-19 17:58:26,0,4,0,0
22056,2025-06-19 17:59:39,0,8,0,0
89031,2025-06-19 18:01:16,1,7,0,0
42445,2025-06-19 18:06:43,1,4,0,0
209,2025-06-19 18:07:36,0,8,0,0
24037,2025-06-19 18:09:51,0,3,1,302
5038,2025-06-19 18:17:29,0,7,0,0
53271,2025-06-19 18:22:52,0,6,1,922
33170,2025-06-19 18:27:34,1,3,1,528
39888,2025-06-19 18:41:35,0,8,0,0
17164,2025-06-19 18:43:26,0,8,0,0
14802,2025-06-19 18:48:08,0,10,1,411
41317,2025-06-19 18:53:14,1,5,1,795
16655,2025-06-19 18:58:28,1,7,0,0
86070,2025-06-19 18:59:56,0,5,0,0
77101,2025-06-19 19:03:40,0,10,0,0
46855,2025-06-19 19:05:13,1,4,0,0
48742,2025-06-19 19:10:42,1,3,0,0
65037,2025-06-19 19:10:50,0,4,1,336
89073,2025-06-19 19:11:16,0,2,0,0
65998,2025-06-19 19:12:16,0,3,0,0
63833,2025-06-19 19:17:26,0,8,1,400
86902,2025-06-19 19:26:58,1,5,0,0
2979,2025-06-19 19:40:14,0,3,0,0
84750,2025-06-19 19:46:43,0,8,0,0
41766,2025-06-19 19:51:05,0,4,0,0
24037,2025-06-19 19:56:28,0,3,0,0
69694,2025-06-19 20:00:22,0,6,0,0
14149,2025-06-19 20:09:05,0,4,0,0
82188,2025-06-19 20:10:13,0,7,0,0
53065,2025-06-19 20:10:51,0,3,1,693
589,2025-06-19 20:16:53,1,8,0,0
85101,2025-06-19 20:17:15,1,6,0,0
69521,2025-06-19 20:19:08,1,11,1,260
8083,2025-06-19 20:20:34,1,5,1,457
38942,2025-06-19 20:23:07,1,3,1,369
77801,2025-06-19 20:27:57,1,8,0,0
42423,2025-06-19 20:30:38,0,4,0,0
16655,2025-06-19 20:37:33,0,7,0,0
1781,2025-06-19 20:49:44,0,9,0,0
15382,2025-06-19 20:56:08,1,10,1,531
127,2025-06-19 20:57:00,0,4,0,0
24258,2025-06-19 21:03:55,0,6,0,0
58331,2025-06-19 21:11:08,0,3,0,0
23354,2025-06-19 21:11:39,0,6,1,367
70666,2025-06-19 21:15:56,1,3,0,0
40828,2025-06-19 21:24:00,0,1,0,0
50018,2025-06-19 21:24:17,0,11,0,0
65499,2025-06-19 21:27:41,0,6,0,0
38184,2025-06-19 21:28:07,0,1,0,0
31759,2025-06-19 21:34:37,0,5,0,0
77790,2025-06-19 21:35:29,0,4,0,0
73264,2025-06-19 21:35:47,0,5,0,0
19389,2025-06-19 21:45:06,0,7,0,0
4040,2025-06-19 21:45:35,0,8,1,289
38890,2025-06-19 21:48:02,1,8,0,0
50863,2025-06-19 21:49:37,0,7,0,0
7952,2025-06-19 21:54:52,0,6,0,0
52488,2025-06-19 22:12:12,1,14,0,0
53271,2025-06-19 22:13:55,0,6,1,320
84209,2025-06-19 22:22:49,0,7,0,0
63410,2025-06-19 22:23:15,0,10,0,0
24258,2025-06-19 22:30:33,0,6,1,377
87236,2025-06-19 22:38:02,1,8,0,0
35424,2025-06-19 22:38:04,0,8,0,0
152,2025-06-19 22:40:09,0,5,1,497
5734,2025-06-19 22:40:51,1,7,0,0
7197,2025-06-19 22:43:21,0,6,0,0
8336,2025-06-19 22:44:09,0,12,0,0
19364,2025-06-19 22:51:01,1,7,1,373
42252,2025-06-19 22:51:29,0,5,0,0
12538,2025-06-19 22:52:01,0,5,0,0
5949,2025-06-19 22:57:04,0,6,0,0
55812,2025-06-19 22:58:10,0,5,0,0
65591,2025-06-19 23:00:09,0,3,0,0
2909,2025-06-19 23:04:39,0,8,0,0
95145,2025-06-19 23:10:06,0,3,0,0
69183,2025-06-19 23:12:06,0,4,1,419
61727,2025-06-19 23:14:53,1,11,0,0
21416,2025-06-19 23:18:12,1,6,0,0
59934,2025-06-19 23:21:00,0,3,1,461
40763,2025-06-19 23:25:08,0,2,0,0
15382,2025-06-19 23:29:37,0,5,1,542
8136,2025-06-19 23:40:09,0,10,0,0
82958,2025-06-19 23:43:11,0,13,0,0
11539,2025-06-19 23:45:32,0,4,0,0
47538,2025-06-19 23:52:37,0,5,1,331
24844,2025-06-19 23:58:40,0,3,0,0
80616,2025-06-19 23:58:43,0,5,0,0
5032,2025-06-20 00:25:24,0,2,0,0
88994,2025-06-20 00:26:11,0,4,0,0
77790,2025-06-20 00:27:13,0,10,0,0
19709,2025-06-20 00:59:36,0,10,0,0
69156,2025-06-20 01:06:52,1,12,1,545
74940,2025-06-20 01:07:44,0,3,1,687
90754,2025-06-20 01:20:58,0,4,1,611
26038,2025-06-20 01:21:33,1,7,0,0
64600,2025-06-20 01:27:11,0,8,1,396
11097,2025-06-20 01:36:49,1,7,0,0
87618,2025-06-20 02:13:28,0,1,1,385
55359,2025-06-20 02:14:22,1,9,0,0
38213,2025-06-20 02:16:40,1,8,0,0
10186,2025-06-20 02:21:38,0,6,0,0
64253,2025-06-20 02:52:23,0,6,1,462
84104,2025-06-20 02:52:26,0,5,1,538
53792,2025-06-20 03:20:47,0,8,0,0
62475,2025-06-20 03:33:12,1,3,0,0
57495,2025-06-20 03:48:22,1,4,0,0
64203,2025-06-20 03:58:51,0,3,0,0
55667,2025-06-20 03:59:11,0,3,0,0
87564,2025-06-20 04:00:27,1,9,0,0
13336,2025-06-20 04:09:37,0,1,0,0
84104,2025-06-20 04:42:41,0,5,0,0
28064,2025-06-20 04:46:30,0,6,0,0
72940,2025-06-20 05:03:38,0,4,1,276
69678,2025-06-20 05:32:40,0,6,0,0
66460,2025-06-20 05:42:44,0,5,1,288
87236,2025-06-20 05:43:06,1,4,0,0
29460,2025-06-20 05:46:41,0,8,0,0
42445,2025-06-20 05:50:52,1,7,0,0
37797,2025-06-20 06:16:54,1,5,0,0
30994,2025-06-20 06:23:20,1,3,0,0
15479,2025-06-20 06:23:46,0,6,0,0
52488,2025-06-20 06:42:37,0,6,1,395
36541,2025-06-20 06:50:50,0,4,0,0
48919,2025-06-20 06:51:20,0,5,0,0
63483,2025-06-20 06:51:35,0,6,1,430
83,2025-06-20 07:05:32,1,6,0,0
34633,2025-06-20 07:06:19,0,7,0,0
39672,2025-06-20 07:10:22,1,3,0,0
29658,2025-06-20 07:18:27,0,5,0,0
91068,2025-06-20 07:42:27,0,5,1,481
10947,2025-06-20 07:44:28,0,2,0,0
39928,2025-06-20 07:47:41,0,3,1,426
21072,2025-06-20 07:59:56,0,9,1,517
45831,2025-06-20 08:00:30,0,5,0,0
93177,2025-06-20 08:02:31,0,6,0,0
28031,2025-06-20 08:10:55,0,4,0,0
3532,2025-06-20 08:11:52,0,7,0,0
12004,2025-06-20 08:17:44,0,6,0,0
86271,2025-06-20 08:33:16,1,7,1,275
71086,2025-06-20 08:39:24,0,4,0,0
97047,2025-06-20 08:48:29,0,3,0,0
52893,2025-06-20 09:04:30,1,3,0,0
70129,2025-06-20 09:17:38,0,5,1,380
91700,2025-06-20 09:29:15,1,3,0,0
43562,2025-06-20 09:29:23,1,4,0,0
11053,2025-06-20 09:37:13,0,7,0,0
65362,2025-06-20 09:45:59,1,5,1,323
56626,2025-06-20 09:47:00,0,5,0,0
14290,2025-06-20 09:49:17,1,6,1,320
24887,2025-06-20 09:49:28,1,4,1,491
78642,2025-06-20 09:58:18,0,10,0,0
45284,2025-06-20 10:00:05,0,7,0,0
84440,2025-06-20 10:04:46,0,5,0,0
43901,2025-06-20 10:06:41,1,6,1,300
18015,2025-06-20 10:07:54,0,4,1,231
39677,2025-06-20 10:14:53,0,1,1,367
1480,2025-06-20 10:17:24,0,6,0,0
38907,2025-06-20 10:20:35,0,5,0,0
78280,2025-06-20 10:23:59,0,11,1,492
86132,2025-06-20 10:28:13,0,5,0,0
48742,2025-06-20 10:28:17,1,8,0,0
67852,2025-06-20 10:35:30,0,8,1,258
29315,2025-06-20 10:37:58,0,2,1,297
18243,2025-06-20 10:38:32,0,3,1,430
46758,2025-06-20 10:39:58,0,3,1,472
46307,2025-06-20 10:40:16,0,5,0,0
49381,2025-06-20 10:42:43,0,7,1,304
56315,2025-06-20 10:47:00,0,6,0,0
22812,2025-06-20 10:52:07,0,6,1,337
81129,2025-06-20 10:53:35,1,6,0,0
4942,2025-06-20 10:55:05,1,8,1,535
84003,2025-06-20 10:55:31,0,2,0,0
48471,2025-06-20 10:56:27,0,6,0,0
7951,2025-06-20 10:57:42,0,6,1,360
89437,2025-06-20 11:01:12,1,11,0,0
1257,2025-06-20 11:02:33,1,3,0,0
8703,2025-06-20 11:02:38,0,7,0,0
49381,2025-06-20 11:04:10,1,2,1,325
1056,2025-06-20 11:05:30,0,7,1,384
9851,2025-06-20 11:09:30,0,7,1,284
78676,2025-06-20 11:23:12,0,5,0,0
96595,2025-06-20 11:23:38,1,8,1,578
76936,2025-06-20 11:25:45,1,8,0,0
85849,2025-06-20 11:26:05,0,7,1,370
36858,2025-06-20 11:33:08,0,8,1,455
64305,2025-06-20 11:34:28,0,6,0,0
62494,2025-06-20 11:50:46,0,10,0,0
61861,2025-06-20 11:59:43,0,3,0,0
35640,2025-06-20 12:01:23,0,7,0,0
18317,2025-06-20 12:02:13,0,4,0,0
14345,2025-06-20 12:08:02,0,2,0,0
96950,2025-06-20 12:12:11,0,3,0,0
92330,2025-06-20 12:18:36,0,6,0,0
65880,2025-06-20 12:22:54,1,9,1,314
43097,2025-06-20 12:29:53,0,9,0,0
31246,2025-06-20 12:41:14,1,5,1,267
15906,2025-06-20 12:56:06,1,5,0,0
6223,2025-06-20 12:58:03,0,3,1,396
79609,2025-06-20 13:03:18,1,11,0,0
36586,2025-06-20 13:20:25,0,5,0,0
55626,2025-06-20 13:23:19,0,8,0,0
94828,2025-06-20 13:24:31,0,2,0,0
34151,2025-06-20 13:46:46,0,8,1,378
26198,2025-06-20 13:57:33,0,8,1,166
69813,2025-06-20 13:58:25,1,5,0,0
29863,2025-06-20 13:59:05,0,9,1,451
22056,2025-06-20 14:02:55,0,4,0,0
95145,2025-06-20 14:09:59,1,4,0,0
22231,2025-06-20 14:13:27,1,4,1,485
59224,2025-06-20 14:15:44,0,4,1,490
93850,2025-06-20 14:16:36,0,6,0,0
46855,2025-06-20 14:34:01,1,5,0,0
84264,2025-06-20 14:34:45,1,9,0,0
65037,2025-06-20 14:38:08,0,6,0,0
97856,2025-06-20 14:39:17,0,7,0,0
32601,2025-06-20 14:42:37,0,3,0,0
557,2025-06-20 14:48:07,0,4,1,340
5227,2025-06-20 14:48:21,0,9,0,0
68825,2025-06-20 14:51:20,0,9,1,330
35485,2025-06-20 14:58:46,0,8,0,0
7952,2025-06-20 15:02:23,0,7,0,0
26026,2025-06-20 15:02:24,1,6,1,426
50151,2025-06-20 15:02:55,0,3,1,343
67669,2025-06-20 15:11:01,1,6,1,248
48680,2025-06-20 15:17:59,1,10,0,0
97637,2025-06-20 15:25:55,0,3,0,0
33984,2025-06-20 15:29:37,0,8,0,0
87184,2025-06-20 15:31:59,0,9,0,0
74447,2025-06-20 15:32:01,0,8,0,0
37797,2025-06-20 15:35:51,0,10,0,0
96031,2025-06-20 15:36:32,0,6,1,298
60465,2025-06-20 15:36:36,0,6,1,286
19096,2025-06-20 15:48:07,0,6,0,0
7492,2025-06-20 15:55:46,1,5,0,0
16303,2025-06-20 15:59:45,1,3,0,0
28679,2025-06-20 16:10:51,0,12,0,0
87542,2025-06-20 16:14:18,1,5,1,546
19156,2025-06-20 16:20:30,0,7,1,420
47335,2025-06-20 16:27:54,0,9,1,377
12496,2025-06-20 16:41:04,0,3,1,292
88943,2025-06-20 16:50:40,0,6,0,0
57972,2025-06-20 16:51:00,0,7,0,0
60174,2025-06-20 16:51:34,1,6,0,0
53271,2025-06-20 16:52:30,0,5,0,0
20841,2025-06-20 17:07:02,0,3,1,329
84567,2025-06-20 17:11:48,0,5,0,0
61358,2025-06-20 17:12:29,0,1,0,0
78120,2025-06-20 17:13:08,0,3,0,0
77941,2025-06-20 17:16:51,0,5,0,0
50863,2025-06-20 17:18:53,1,7,0,0
82055,2025-06-20 17:20:29,0,8,0,0
76282,2025-06-20 17:26:03,1,7,1,463
82825,2025-06-20 17:29:26,0,7,0,0
75841,2025-06-20 17:37:06,1,4,1,377
38121,2025-06-20 17:44:51,1,7,0,0
23184,2025-06-20 17:47:43,0,7,0,0
69156,2025-06-20 17:53:23,0,9,1,827
25489,2025-06-20 17:55:11,0,3,0,0
24678,2025-06-20 17:57:02,0,5,1,552
94626,2025-06-20 17:59:54,1,7,1,376
967,2025-06-20 18:01:38,0,5,0,0
73026,2025-06-20 18:03:52,0,6,1,261
1056,2025-06-20 18:04:13,0,4,1,693
32947,2025-06-20 18:13:23,1,6,0,0
38942,2025-06-20 18:14:34,0,3,1,449
11140,2025-06-20 18:16:45,0,10,0,0
47564,2025-06-20 18:29:00,0,5,1,535
49806,2025-06-20 18:43:01,1,3,0,0
96950,2025-06-20 18:44:06,1,3,0,0
38815,2025-06-20 18:56:09,0,13,1,403
93541,2025-06-20 19:00:07,1,5,1,338
65862,2025-06-20 19:01:10,0,8,0,0
92012,2025-06-20 19:05:29,0,6,1,516
96134,2025-06-20 19:09:46,1,5,1,351
10465,2025-06-20 19:18:11,0,4,0,0
26026,2025-06-20 19:19:22,0,7,0,0
8336,2025-06-20 19:20:04,0,6,1,266
4618,2025-06-20 19:22:47,1,9,0,0
41183,2025-06-20 19:26:58,0,7,1,263
89244,2025-06-20 19:28:37,1,7,0,0
22056,2025-06-20 19:29:40,1,8,0,0
27890,2025-06-20 19:38:51,0,6,0,0
38065,2025-06-20 19:41:34,0,4,1,318
43277,2025-06-20 19:43:27,0,5,0,0
79194,2025-06-20 19:44:53,1,7,0,0
79079,2025-06-20 19:51:20,1,7,1,280
45361,2025-06-20 19:52:16,0,6,0,0
307,2025-06-20 20:16:23,1,6,1,402
45089,2025-06-20 20:29:41,0,3,0,0
59509,2025-06-20 20:36:40,0,7,0,0
26953,2025-06-20 20:45:47,0,6,0,0
78306,2025-06-20 20:47:23,1,4,1,695
94584,2025-06-20 20:49:16,0,9,1,731
92266,2025-06-20 20:53:02,0,5,0,0
93395,2025-06-20 20:54:19,0,6,0,0
93640,2025-06-20 20:55:27,0,9,0,0
70219,2025-06-20 20:56:09,0,4,0,0
80956,2025-06-20 20:59:16,1,6,1,479
80616,2025-06-20 21:04:50,1,9,1,428
26492,2025-06-20 21:08:07,1,5,0,0
52290,2025-06-20 21:12:44,0,3,0,0
18243,2025-06-20 21:19:36,0,3,0,0
37384,2025-06-20 21:25:56,0,8,0,0
86113,2025-06-20 21:27:26,0,10,0,0
9143,2025-06-20 21:27:39,0,3,1,308
78795,2025-06-20 21:30:06,0,6,0,0
16866,2025-06-20 21:31:02,1,4,1,506
83275,2025-06-20 21:34:20,1,5,0,0
28679,2025-06-20 21:35:17,0,4,1,358
75823,2025-06-20 21:39:37,0,10,0,0
89249,2025-06-20 21:48:37,1,5,0,0
24239,2025-06-20 21:48:54,0,8,0,0
61294,2025-06-20 21:57:11,0,9,1,284
19100,2025-06-20 21:57:48,0,2,1,756
95622,2025-06-20 21:58:59,0,10,0,0
36402,2025-06-20 22:00:24,0,4,0,0
93180,2025-06-20 22:01:12,0,6,0,0
17,2025-06-20 22:04:51,0,4,0,0
22691,2025-06-20 22:10:38,0,1,1,415
96073,2025-06-20 22:10:40,1,7,1,402
82347,2025-06-20 22:12:45,0,6,0,0
27097,2025-06-20 22:18:01,1,5,0,0
87734,2025-06-20 22:31:32,0,10,0,0
83312,2025-06-20 22:31:41,0,2,0,0
28039,2025-06-20 22:39:24,0,4,1,458
89244,2025-06-20 22:41:22,0,3,0,0
13445,2025-06-20 22:42:46,0,5,0,0
6373,2025-06-20 22:43:32,0,11,1,412
96867,2025-06-20 22:43:54,1,3,0,0
85735,2025-06-20 22:48:00,0,7,0,0
67781,2025-06-20 22:51:12,0,8,1,417
98399,2025-06-20 22:52:41,0,7,1,454
14635,2025-06-20 22:57:14,1,4,1,464
18302,2025-06-20 22:57:16,1,7,0,0
86198,2025-06-20 23:06:15,1,8,0,0
80065,2025-06-20 23:10:18,0,9,0,0
59005,2025-06-20 23:11:43,0,3,0,0
25944,2025-06-20 23:18:58,0,6,0,0
6936,2025-06-20 23:22:28,0,4,0,0
95805,2025-06-20 23:27:54,0,6,0,0
49715,2025-06-20 23:34:51,1,6,0,0
22157,2025-06-20 23:40:56,0,6,0,0
76845,2025-06-20 23:45:07,0,3,0,0
3421,2025-06-20 23:46:43,0,4,0,0
34633,2025-06-20 23:46:56,0,7,0,0
24080,2025-06-20 23:47:33,0,11,1,444
60327,2025-06-20 23:47:40,1,4,0,0
91097,2025-06-21 00:04:21,1,4,1,321
93177,2025-06-21 00:24:22,0,13,0,0
21584,2025-06-21 00:30:07,1,5,0,0
14410,2025-06-21 00:39:26,0,10,0,0
54685,2025-06-21 00:40:43,1,5,0,0
17839,2025-06-21 00:47:39,0,4,1,413
46758,2025-06-21 01:10:51,0,2,0,0
7799,2025-06-21 01:16:54,0,6,0,0
40450,2025-06-21 01:39:59,0,2,1,487
94421,2025-06-21 01:43:06,1,3,0,0
10658,2025-06-21 01:57:31,0,8,0,0
63183,2025-06-21 02:02:15,1,8,0,0
69515,2025-06-21 02:11:16,1,5,0,0
19128,2025-06-21 02:22:58,0,10,0,0
24258,2025-06-21 02:27:05,0,7,0,0
6439,2025-06-21 02:37:00,0,4,1,312
30825,2025-06-21 02:40:24,0,8,0,0
41037,2025-06-21 02:48:58,0,6,0,0
83275,2025-06-21 02:54:35,0,7,1,973
60852,2025-06-21 02:57:03,1,7,0,0
86070,2025-06-21 03:05:05,0,5,0,0
17231,2025-06-21 03:23:28,0,5,1,259
96875,2025-06-21 03:32:10,0,4,1,502
61861,2025-06-21 03:33:02,0,7,1,327
87530,2025-06-21 03:42:38,0,4,0,0
19100,2025-06-21 03:47:32,1,5,0,0
9151,2025-06-21 04:09:43,0,4,0,0
29472,2025-06-21 04:20:43,0,6,0,0
20875,2025-06-21 04:24:43,0,8,1,1133
61817,2025-06-21 04:24:58,0,10,1,381
55701,2025-06-21 04:28:54,1,7,1,249
44310,2025-06-21 04:35:11,0,4,0,0
11907,2025-06-21 04:41:48,0,5,0,0
83194,2025-06-21 04:53:48,1,6,0,0
47427,2025-06-21 05:04:33,0,6,0,0
7197,2025-06-21 05:12:24,0,7,0,0
36093,2025-06-21 05:19:33,0,8,0,0
20843,2025-06-21 05:23:49,0,6,1,268
53761,2025-06-21 05:32:22,0,5,0,0
8624,2025-06-21 05:45:18,0,9,0,0
61358,2025-06-21 05:48:52,0,5,0,0
14290,2025-06-21 06:48:09,1,6,0,0
36924,2025-06-21 06:54:31,0,9,0,0
47335,2025-06-21 06:57:45,1,4,0,0
35671,2025-06-21 07:16:58,1,6,0,0
44081,2025-06-21 08:02:08,0,2,0,0
36541,2025-06-21 08:17:25,0,4,0,0
78175,2025-06-21 08:20:11,0,7,0,0
72583,2025-06-21 08:28:56,0,8,1,414
18243,2025-06-21 08:30:56,0,9,0,0
91068,2025-06-21 08:32:55,0,6,1,333
77801,2025-06-21 08:33:17,0,5,0,0
95805,2025-06-21 08:53:39,0,6,1,316
4959,2025-06-21 08:54:37,0,4,1,289
29746,2025-06-21 08:55:25,0,6,1,370
66234,2025-06-21 08:57:09,1,7,0,0
72583,2025-06-21 09:07:50,1,7,1,905
43939,2025-06-21 09:23:02,1,7,0,0
48966,2025-06-21 09:27:26,0,4,0,0
79874,2025-06-21 09:30:08,0,6,0,0
46290,2025-06-21 09:32:07,0,3,0,0
85849,2025-06-21 09:41:54,0,5,0,0
45165,2025-06-21 09:43:52,1,6,1,238
11726,2025-06-21 09:46:17,0,6,0,0
7317,2025-06-21 09:53:01,0,4,1,463
95184,2025-06-21 09:53:19,0,3,0,0
14436,2025-06-21 09:59:39,0,3,0,0
93541,2025-06-21 10:00:48,0,7,1,291
64831,2025-06-21 10:02:48,1,4,1,647
22812,2025-06-21 10:03:38,1,6,0,0
3993,2025-06-21 10:04:58,0,4,0,0
66691,2025-06-21 10:07:11,1,7,0,0
17839,2025-06-21 10:17:58,0,5,0,0
10947,2025-06-21 10:21:58,0,9,1,334
37475,2025-06-21 10:22:27,0,6,0,0
9934,2025-06-21 10:30:34,0,5,1,396
52088,2025-06-21 10:33:26,0,7,0,0
91068,2025-06-21 10:37:38,0,11,0,0
11053,2025-06-21 10:43:21,0,4,0,0
61358,2025-06-21 10:49:25,1,6,1,689
38815,2025-06-21 10:56:25,1,8,0,0
40196,2025-06-21 11:01:31,0,10,0,0
2806,2025-06-21 11:05:08,0,2,0,0
53683,2025-06-21 11:07:35,0,7,0,0
33832,2025-06-21 11:10:27,1,4,0,0
2330,2025-06-21 11:14:41,0,11,1,507
7951,2025-06-21 11:15:56,1,9,1,515
47335,2025-06-21 11:33:49,0,7,1,260
80931,2025-06-21 11:43:09,1,2,1,394
11835,2025-06-21 11:44:24,1,11,1,414
60800,2025-06-21 11:49:12,0,12,0,0
69794,2025-06-21 11:50:32,0,4,0,0
36884,2025-06-21 11:52:01,1,3,0,0
85101,2025-06-21 11:53:40,0,5,0,0
61862,2025-06-21 12:07:16,1,7,1,342
81497,2025-06-21 12:27:14,0,8,0,0
13912,2025-06-21 12:27:50,0,11,1,572
12914,2025-06-21 12:27:57,1,4,0,0
70666,2025-06-21 12:29:58,1,5,0,0
93869,2025-06-21 12:36:45,1,5,0,0
21941,2025-06-21 12:40:23,0,5,0,0
85640,2025-06-21 12:50:39,0,8,1,351
2286,2025-06-21 12:59:07,0,5,0,0
57384,2025-06-21 13:00:28,0,4,0,0
28008,2025-06-21 13:01:53,0,7,0,0
38928,2025-06-21 13:03:58,1,3,0,0
20843,2025-06-21 13:18:20,0,6,0,0
88459,2025-06-21 13:26:57,0,8,0,0
29863,2025-06-21 13:32:25,0,5,1,382
70666,2025-06-21 13:51:54,0,4,0,0
18616,2025-06-21 13:54:40,1,5,0,0
84101,2025-06-21 14:06:53,0,8,0,0
48471,2025-06-21 14:13:36,0,5,1,434
18317,2025-06-21 14:18:17,0,7,0,0
83275,2025-06-21 14:19:39,0,5,0,0
26755,2025-06-21 14:26:18,0,7,1,503
64198,2025-06-21 14:27:24,0,7,1,335
9151,2025-06-21 14:30:26,1,5,0,0
20742,2025-06-21 14:48:11,0,4,0,0
96134,2025-06-21 14:48:25,0,7,0,0
33308,2025-06-21 15:01:32,0,3,0,0
20868,2025-06-21 15:05:01,0,5,0,0
95638,2025-06-21 15:17:25,0,5,0,0
81672,2025-06-21 15:21:53,0,9,0,0
2145,2025-06-21 15:31:37,0,5,0,0
72890,2025-06-21 15:41:13,0,3,0,0
12433,2025-06-21 15:48:22,0,7,0,0
49437,2025-06-21 15:48:29,0,6,0,0
26038,2025-06-21 15:48:42,0,4,0,0
97255,2025-06-21 15:49:34,1,5,1,292
32495,2025-06-21 15:56:00,0,5,0,0
32366,2025-06-21 15:58:09,0,6,1,344
67669,2025-06-21 16:00:24,1,7,1,280
95927,2025-06-21 16:04:00,0,6,0,0
48919,2025-06-21 16:04:23,0,5,0,0
87730,2025-06-21 16:06:46,0,4,0,0
96949,2025-06-21 16:08:09,0,6,1,343
64098,2025-06-21 16:08:34,0,5,1,384
4959,2025-06-21 16:29:54,1,11,1,545
51454,2025-06-21 16:32:55,0,4,0,0
11907,2025-06-21 16:38:46,0,6,0,0
87564,2025-06-21 16:49:04,1,3,1,296
61187,2025-06-21 16:49:33,1,9,1,355
25852,2025-06-21 16:58:53,0,5,1,482
18317,2025-06-21 17:02:57,0,1,1,608
10601,2025-06-21 17:08:32,1,4,0,0
77236,2025-06-21 17:09:39,0,6,1,488
41379,2025-06-21 17:12:02,0,11,0,0
89424,2025-06-21 17:28:26,0,8,0,0
18866,2025-06-21 17:55:44,0,10,0,0
64217,2025-06-21 18:02:21,0,8,0,0
88459,2025-06-21 18:09:52,0,7,1,341
54993,2025-06-21 18:09:54,0,9,0,0
75077,2025-06-21 18:16:05,0,11,0,0
7492,2025-06-21 18:17:45,0,3,0,0
95927,2025-06-21 18:18:14,0,7,0,0
66111,2025-06-21 18:20:58,0,4,0,0
73119,2025-06-21 18:22:41,0,6,0,0
19364,2025-06-21 18:25:37,0,5,0,0
5734,2025-06-21 18:49:34,1,6,0,0
60910,2025-06-21 18:51:25,0,6,1,422
84397,2025-06-21 18:57:59,0,4,0,0
47204,2025-06-21 19:15:56,0,10,0,0
83,2025-06-21 19:18:49,0,3,0,0
25669,2025-06-21 19:20:11,1,7,1,232
75899,2025-06-21 19:20:24,0,5,0,0
36762,2025-06-21 19:25:56,1,8,0,0
19100,2025-06-21 19:27:36,1,4,0,0
27317,2025-06-21 19:28:09,0,9,0,0
28722,2025-06-21 19:36:25,0,11,0,0
13537,2025-06-21 19:42:18,0,5,0,0
44210,2025-06-21 19:45:40,0,5,1,548
8257,2025-06-21 19:48:02,0,11,1,524
36094,2025-06-21 19:52:39,0,5,0,0
46300,2025-06-21 20:14:35,0,1,0,0
73642,2025-06-21 20:24:20,1,4,0,0
18015,2025-06-21 20:32:16,0,6,1,527
15757,2025-06-21 20:33:15,0,8,0,0
84003,2025-06-21 20:42:34,1,6,1,293
51547,2025-06-21 20:42:51,0,6,1,553
52949,2025-06-21 20:47:18,0,9,1,323
62063,2025-06-21 20:50:14,0,6,1,505
96335,2025-06-21 20:59:38,0,3,1,356
5643,2025-06-21 21:02:37,0,7,0,0
54476,2025-06-21 21:05:19,0,5,0,0
3396,2025-06-21 21:05:34,0,9,1,499
9465,2025-06-21 21:05:48,0,7,0,0
44310,2025-06-21 21:09:34,0,4,0,0
38121,2025-06-21 21:11:25,1,3,1,540
36858,2025-06-21 21:15:24,1,3,1,339
11886,2025-06-21 21:20:03,0,4,1,436
34457,2025-06-21 21:20:42,0,3,0,0
82288,2025-06-21 21:26:03,0,6,1,414
80754,2025-06-21 21:27:39,0,5,1,315
79986,2025-06-21 21:30:49,1,8,0,0
94500,2025-06-21 21:37:12,1,2,0,0
78175,2025-06-21 21:38:19,0,7,1,284
64959,2025-06-21 21:41:00,1,4,0,0
57127,2025-06-21 21:54:15,1,6,0,0
56626,2025-06-21 21:55:02,0,13,1,516
20853,2025-06-21 22:04:55,0,1,0,0
78175,2025-06-21 22:08:24,0,2,0,0
6274,2025-06-21 22:14:26,0,3,0,0
19815,2025-06-21 22:16:06,0,3,0,0
97856,2025-06-21 22:22:31,0,4,0,0
58331,2025-06-21 22:23:44,1,4,0,0
24277,2025-06-21 22:25:38,0,3,1,283
25586,2025-06-21 22:28:01,0,6,1,446
89532,2025-06-21 22:38:26,0,6,1,325
15338,2025-06-21 22:43:08,1,5,0,0
82303,2025-06-21 22:44:34,0,6,0,0
98669,2025-06-21 22:51:00,1,7,0,0
19990,2025-06-21 22:52:15,0,3,1,405
74377,2025-06-21 22:52:41,1,7,0,0
65907,2025-06-21 23:04:15,0,10,0,0
36884,2025-06-21 23:06:03,0,4,0,0
50863,2025-06-21 23:09:00,1,8,1,372
9151,2025-06-21 23:28:15,0,5,1,330
38478,2025-06-21 23:28:37,1,11,0,0
43939,2025-06-21 23:30:29,0,7,0,0
99141,2025-06-21 23:41:05,0,8,0,0
28685,2025-06-21 23:47:32,1,6,0,0
31346,2025-06-21 23:47:44,1,6,0,0
29940,2025-06-21 23:58:34,0,12,0,0
55359,2025-06-22 00:02:39,0,4,0,0
37455,2025-06-22 00:10:26,0,8,0,0
68467,2025-06-22 00:20:11,1,5,0,0
78670,2025-06-22 00:22:38,0,6,0,0
4942,2025-06-22 00:29:09,0,9,0,0
71962,2025-06-22 00:41:35,1,6,0,0
80187,2025-06-22 00:55:37,1,1,0,0
36519,2025-06-22 01:08:29,0,8,1,478
60184,2025-06-22 01:09:07,1,1,0,0
16588,2025-06-22 01:24:05,0,4,0,0
36093,2025-06-22 01:47:43,0,4,1,548
34382,2025-06-22 01:50:14,0,6,0,0
36187,2025-06-22 02:03:39,1,6,0,0
87530,2025-06-22 02:07:28,1,4,0,0
1513,2025-06-22 02:13:17,1,4,1,311
56939,2025-06-22 02:20:28,0,4,0,0
67590,2025-06-22 02:36:14,0,6,0,0
79609,2025-06-22 02:40:53,0,5,0,0
39643,2025-06-22 02:52:20,0,6,1,374
30994,2025-06-22 03:01:20,1,2,1,377
27540,2025-06-22 03:18:27,0,7,0,0
18931,2025-06-22 03:38:33,0,5,1,331
93036,2025-06-22 03:39:24,1,3,0,0
21919,2025-06-22 03:53:00,0,6,0,0
20940,2025-06-22 04:02:05,0,8,1,510
29084,2025-06-22 04:14:03,0,7,0,0
55631,2025-06-22 04:19:31,0,7,1,309
74714,2025-06-22 04:26:25,1,7,0,0
97328,2025-06-22 04:32:38,1,2,0,0
39655,2025-06-22 04:46:38,1,5,0,0
57505,2025-06-22 04:51:48,0,8,1,634
5227,2025-06-22 05:01:58,0,7,0,0
32601,2025-06-22 05:24:35,0,7,0,0
45064,2025-06-22 05:39:09,1,12,0,0
42624,2025-06-22 06:14:43,1,9,0,0
84565,2025-06-22 06:31:46,1,4,0,0
80998,2025-06-22 06:38:31,0,9,0,0
24789,2025-06-22 06:47:19,0,15,0,0
19412,2025-06-22 07:02:56,0,7,0,0
66855,2025-06-22 07:12:07,1,6,1,489
44666,2025-06-22 07:16:58,0,15,0,0
2994,2025-06-22 07:17:32,0,6,0,0
64403,2025-06-22 07:30:38,1,5,0,0
25533,2025-06-22 07:32:29,0,5,0,0
96106,2025-06-22 08:01:55,0,6,0,0
11097,2025-06-22 08:04:07,1,5,0,0
26198,2025-06-22 08:08:02,0,4,1,472
47592,2025-06-22 08:09:30,1,7,0,0
36884,2025-06-22 08:11:17,1,7,1,859
93036,2025-06-22 08:18:38,0,6,0,0
95145,2025-06-22 08:26:29,0,10,0,0
86198,2025-06-22 08:26:33,0,4,0,0
61575,2025-06-22 08:27:33,0,7,0,0
35065,2025-06-22 08:30:26,1,5,0,0
76469,2025-06-22 08:47:14,0,7,0,0
60910,2025-06-22 08:49:21,0,3,0,0
40417,2025-06-22 09:05:15,0,6,0,0
5770,2025-06-22 09:06:05,0,3,0,0
36402,2025-06-22 09:08:32,1,7,0,0
13537,2025-06-22 09:20:10,0,4,0,0
84264,2025-06-22 09:30:01,0,11,0,0
34272,2025-06-22 09:31:44,0,15,0,0
3396,2025-06-22 09:32:35,0,8,1,448
84473,2025-06-22 09:36:42,0,2,1,346
93415,2025-06-22 09:39:30,0,4,0,0
51412,2025-06-22 09:39:51,1,7,1,369
58470,2025-06-22 09:41:33,1,6,0,0
73036,2025-06-22 09:43:36,1,6,1,375
53141,2025-06-22 09:53:54,1,6,1,560
54032,2025-06-22 10:07:45,0,9,0,0
50209,2025-06-22 10:10:02,1,4,0,0
52122,2025-06-22 10:10:18,0,6,1,333
1257,2025-06-22 10:12:53,1,5,1,462
38815,2025-06-22 10:14:34,1,7,1,546
89560,2025-06-22 10:20:21,1,10,0,0
24844,2025-06-22 10:21:07,0,4,0,0
60160,2025-06-22 10:21:15,0,6,0,0
58339,2025-06-22 10:23:47,0,11,0,0
52407,2025-06-22 10:31:54,0,9,0,0
25205,2025-06-22 10:36:02,0,6,0,0
51321,2025-06-22 10:39:18,0,7,0,0
9590,2025-06-22 10:41:49,0,10,1,281
65469,2025-06-22 10:57:52,1,4,0,0
81129,2025-06-22 11:02:13,0,5,1,288
50863,2025-06-22 11:09:17,0,7,0,0
9429,2025-06-22 11:09:24,1,9,0,0
67130,2025-06-22 11:12:54,0,10,0,0
96537,2025-06-22 11:15:09,0,4,0,0
91660,2025-06-22 11:19:38,1,4,0,0
20562,2025-06-22 11:31:24,0,4,0,0
89345,2025-06-22 11:33:42,0,8,1,378
44532,2025-06-22 11:36:25,0,10,0,0
31666,2025-06-22 11:36:39,0,7,0,0
59691,2025-06-22 11:36:56,0,12,1,409
62982,2025-06-22 11:40:20,0,6,0,0
68404,2025-06-22 11:46:50,0,5,1,470
57505,2025-06-22 11:47:10,1,9,0,0
44081,2025-06-22 11:52:02,0,7,0,0
36924,2025-06-22 11:53:21,0,3,0,0
84123,2025-06-22 11:55:43,0,8,1,333
9548,2025-06-22 11:56:18,1,4,0,0
8885,2025-06-22 11:57:06,0,5,0,0
24609,2025-06-22 12:00:04,0,8,0,0
21941,2025-06-22 12:17:55,0,5,1,323
4942,2025-06-22 12:18:25,1,3,0,0
61862,2025-06-22 12:31:24,0,9,0,0
81579,2025-06-22 12:36:13,1,6,0,0
82674,2025-06-22 12:42:03,0,7,1,523
25533,2025-06-22 12:43:46,1,7,0,0
33170,2025-06-22 12:44:20,0,6,1,307
62719,2025-06-22 12:46:05,0,8,0,0
36022,2025-06-22 12:46:53,0,4,0,0
44875,2025-06-22 12:50:36,1,3,1,332
10686,2025-06-22 12:57:22,1,5,0,0
77581,2025-06-22 12:58:31,0,6,1,242
34457,2025-06-22 13:02:40,0,11,1,486
78381,2025-06-22 13:06:19,1,10,0,0
89249,2025-06-22 13:08:15,0,9,1,547
12433,2025-06-22 13:26:53,0,5,0,0
64361,2025-06-22 13:34:28,1,3,0,0
86802,2025-06-22 13:35:20,0,9,0,0
54685,2025-06-22 13:39:36,1,7,0,0
69515,2025-06-22 13:41:58,0,11,0,0
20843,2025-06-22 13:57:41,0,7,1,384
51412,2025-06-22 13:59:37,0,11,0,0
25533,2025-06-22 14:00:50,0,4,0,0
61545,2025-06-22 14:03:37,0,6,1,529
18519,2025-06-22 14:05:55,1,7,1,364
83074,2025-06-22 14:10:41,1,5,0,0
52488,2025-06-22 14:12:28,0,5,1,229
67521,2025-06-22 14:13:00,0,6,0,0
85631,2025-06-22 14:22:04,1,6,0,0
80065,2025-06-22 14:25:06,0,8,0,0
52127,2025-06-22 14:30:24,1,8,1,409
16503,2025-06-22 14:35:39,0,8,1,274
6584,2025-06-22 14:35:54,0,7,1,331
98679,2025-06-22 14:47:01,0,9,0,0
42063,2025-06-22 14:50:45,0,3,0,0
24609,2025-06-22 14:51:32,0,3,0,0
63833,2025-06-22 14:53:05,0,9,0,0
26951,2025-06-22 15:04:17,0,13,0,0
99258,2025-06-22 15:10:40,0,7,1,409
61664,2025-06-22 15:11:13,0,4,1,262
21584,2025-06-22 15:17:59,0,10,0,0
64917,2025-06-22 15:25:48,1,9,1,524
71962,2025-06-22 15:25:54,1,2,0,0
85101,2025-06-22 15:30:48,0,11,0,0
1837,2025-06-22 15:31:29,0,6,1,301
16381,2025-06-22 15:34:21,0,8,1,426
89864,2025-06-22 15:42:14,1,7,0,0
41379,2025-06-22 15:43:19,0,2,0,0
35671,2025-06-22 15:45:28,1,7,0,0
11907,2025-06-22 15:46:08,0,7,0,0
96595,2025-06-22 15:54:53,0,5,1,363
86645,2025-06-22 15:56:31,1,3,0,0
43562,2025-06-22 16:11:33,0,5,0,0
12538,2025-06-22 16:13:40,1,5,0,0
29184,2025-06-22 16:13:44,0,4,0,0
48881,2025-06-22 16:13:50,1,5,0,0
63833,2025-06-22 16:18:17,1,10,0,0
99258,2025-06-22 16:19:29,0,7,0,0
21551,2025-06-22 16:23:35,0,9,0,0
38409,2025-06-22 16:24:20,0,4,0,0
39352,2025-06-22 16:28:51,0,7,1,283
72989,2025-06-22 16:29:44,1,6,1,390
17429,2025-06-22 16:43:00,1,8,1,254
16164,2025-06-22 16:48:56,1,6,1,524
24789,2025-06-22 16:49:08,0,4,0,0
5835,2025-06-22 16:50:56,1,7,0,0
37516,2025-06-22 16:59:34,0,6,1,312
30568,2025-06-22 17:03:49,0,2,0,0
89889,2025-06-22 17:07:39,0,5,0,0
11895,2025-06-22 17:09:00,1,5,1,365
41280,2025-06-22 17:20:59,0,9,0,0
43127,2025-06-22 17:38:05,0,6,0,0
11907,2025-06-22 17:42:06,0,6,0,0
55647,2025-06-22 17:51:28,0,3,0,0
21803,2025-06-22 17:57:43,1,4,1,262
78642,2025-06-22 17:58:13,0,7,0,0
55431,2025-06-22 17:59:07,0,7,0,0
7492,2025-06-22 18:04:57,0,4,0,0
23556,2025-06-22 18:05:59,0,8,0,0
19389,2025-06-22 18:07:27,1,9,1,349
1513,2025-06-22 18:10:16,0,2,0,0
99987,2025-06-22 18:14:53,0,5,1,697
58197,2025-06-22 18:21:37,0,7,1,576
39588,2025-06-22 18:25:20,1,5,0,0
72989,2025-06-22 18:29:32,0,3,1,421
43032,2025-06-22 18:34:43,0,7,1,806
978,2025-06-22 18:39:19,0,1,0,0
83905,2025-06-22 18:42:34,0,10,0,0
10723,2025-06-22 18:43:00,0,4,0,0
45165,2025-06-22 18:43:37,0,3,0,0
17164,2025-06-22 18:48:35,0,5,0,0
33866,2025-06-22 18:51:42,0,8,0,0
16866,2025-06-22 18:55:52,0,9,1,851
40007,2025-06-22 18:58:41,0,0,0,0
65862,2025-06-22 19:02:23,1,5,0,0
57127,2025-06-22 19:03:17,1,9,0,0
9934,2025-06-22 19:03:32,0,8,1,337
33210,2025-06-22 19:09:58,1,7,0,0
6600,2025-06-22 19:15:06,1,5,1,765
42588,2025-06-22 19:23:56,0,5,1,313
27102,2025-06-22 19:24:56,0,4,1,384
12513,2025-06-22 19:29:24,0,4,1,440
59220,2025-06-22 19:37:05,0,7,0,0
14635,2025-06-22 19:40:48,0,6,0,0
11726,2025-06-22 19:46:56,1,7,0,0
16655,2025-06-22 19:47:02,0,4,1,346
53638,2025-06-22 19:48:24,0,6,0,0
50151,2025-06-22 19:49:12,0,7,0,0
23319,2025-06-22 20:01:37,0,5,1,382
77101,2025-06-22 20:05:24,1,3,1,294
25658,2025-06-22 20:10:16,0,4,0,0
72583,2025-06-22 20:17:03,0,5,1,483
93131,2025-06-22 20:17:45,1,4,0,0
23604,2025-06-22 20:26:44,0,2,1,236
38586,2025-06-22 20:29:19,0,10,0,0
50440,2025-06-22 20:30:58,0,9,0,0
55647,2025-06-22 20:43:58,0,2,1,282
72504,2025-06-22 20:46:28,0,6,1,294
78228,2025-06-22 20:59:46,0,6,0,0
77869,2025-06-22 21:00:27,1,8,0,0
33832,2025-06-22 21:10:43,1,5,0,0
27503,2025-06-22 21:11:28,1,5,0,0
30032,2025-06-22 21:12:55,0,4,0,0
42523,2025-06-22 21:15:06,0,11,0,0
96867,2025-06-22 21:18:25,0,3,1,835
31855,2025-06-22 21:26:07,0,2,0,0
17554,2025-06-22 21:31:50,0,10,1,315
55286,2025-06-22 21:41:09,0,11,1,1001
64227,2025-06-22 21:42:07,1,6,1,386
56111,2025-06-22 21:46:12,0,8,0,0
97176,2025-06-22 22:02:22,0,7,1,488
43964,2025-06-22 22:04:08,0,9,1,330
16588,2025-06-22 22:07:21,0,4,0,0
9816,2025-06-22 22:12:48,0,8,1,525
65219,2025-06-22 22:12:51,1,8,0,0
1480,2025-06-22 22:15:53,0,3,1,599
7298,2025-06-22 22:15:59,1,8,0,0
98298,2025-06-22 22:17:31,1,8,0,0
77869,2025-06-22 22:30:36,0,7,0,0
44875,2025-06-22 22:39:39,0,7,1,584
79986,2025-06-22 22:40:20,1,5,0,0
16738,2025-06-22 22:52:31,1,6,1,254
76631,2025-06-22 22:53:20,0,2,0,0
30434,2025-06-22 23:00:58,0,7,0,0
17594,2025-06-22 23:06:17,1,2,0,0
18040,2025-06-22 23:07:00,1,7,0,0
78306,2025-06-22 23:11:31,1,7,0,0
73439,2025-06-22 23:17:33,1,10,0,0
45089,2025-06-22 23:18:23,0,2,0,0
27479,2025-06-22 23:19:24,0,5,0,0
79079,2025-06-22 23:24:44,0,7,0,0
81974,2025-06-22 23:25:10,0,3,0,0
76430,2025-06-22 23:32:25,0,2,1,352
50151,2025-06-22 23:32:54,0,3,0,0
22493,2025-06-22 23:33:39,0,7,0,0
13336,2025-06-22 23:33:58,0,9,1,814
90824,2025-06-22 23:41:42,0,6,0,0
81925,2025-06-22 23:43:06,0,4,0,0
92266,2025-06-22 23:45:26,0,9,1,440
41151,2025-06-22 23:47:51,0,6,0,0
52088,2025-06-22 23:48:42,0,7,1,263
2129,2025-06-22 23:58:16,0,7,1,279
37384,2025-06-23 00:14:12,0,5,1,371
45426,2025-06-23 00:22:25,0,7,0,0
25324,2025-06-23 00:37:17,0,8,0,0
18040,2025-06-23 00:46:05,0,7,1,471
32531,2025-06-23 00:51:29,0,5,0,0
21727,2025-06-23 01:14:37,1,3,0,0
64203,2025-06-23 01:19:35,1,3,0,0
2092,2025-06-23 01:28:23,1,7,1,279
37995,2025-06-23 01:43:38,0,4,0,0
65985,2025-06-23 01:48:56,0,4,0,0
2914,2025-06-23 02:10:01,0,7,0,0
65710,2025-06-23 02:27:40,0,5,0,0
77581,2025-06-23 02:29:53,0,8,1,232
9290,2025-06-23 02:38:22,0,7,0,0
14380,2025-06-23 02:51:59,0,5,0,0
69156,2025-06-23 03:13:12,0,7,0,0
4352,2025-06-23 03:23:31,0,5,0,0
6373,2025-06-23 03:27:49,0,4,1,552
12089,2025-06-23 03:41:43,0,5,0,0
31666,2025-06-23 03:58:32,0,5,0,0
71632,2025-06-23 04:10:38,0,7,1,496
53683,2025-06-23 04:25:23,0,10,0,0
55348,2025-06-23 04:37:12,0,5,0,0
127,2025-06-23 04:55:37,0,3,0,0
22493,2025-06-23 04:59:34,0,2,1,367
1513,2025-06-23 05:09:16,1,1,1,285
67852,2025-06-23 05:18:37,0,10,0,0
60852,2025-06-23 05:39:42,1,7,0,0
64361,2025-06-23 05:46:04,0,9,0,0
34272,2025-06-23 06:04:35,1,4,1,471
42810,2025-06-23 06:09:42,0,3,0,0
50675,2025-06-23 06:14:34,0,10,1,462
73119,2025-06-23 06:25:04,0,15,1,506
27503,2025-06-23 06:39:41,1,4,1,489
25944,2025-06-23 06:46:10,0,5,1,576
37690,2025-06-23 06:47:44,0,8,1,348
90346,2025-06-23 06:48:53,0,7,0,0
31186,2025-06-23 06:59:47,0,7,1,403
43562,2025-06-23 07:14:25,1,9,0,0
1513,2025-06-23 07:15:15,0,6,0,0
40591,2025-06-23 07:33:09,0,5,0,0
68479,2025-06-23 07:34:16,0,8,0,0
28685,2025-06-23 07:41:36,0,9,0,0
7952,2025-06-23 07:41:59,0,0,0,0
49627,2025-06-23 07:59:48,1,10,0,0
91096,2025-06-23 08:08:14,1,10,0,0
70219,2025-06-23 08:12:59,0,6,1,477
65469,2025-06-23 08:24:06,1,3,0,0
10790,2025-06-23 08:33:06,0,8,0,0
68200,2025-06-23 08:34:46,1,4,1,419
55912,2025-06-23 08:46:41,1,6,0,0
45573,2025-06-23 08:48:33,0,5,1,750
54122,2025-06-23 08:52:26,0,1,0,0
78110,2025-06-23 08:55:31,0,9,0,0
5949,2025-06-23 08:56:21,0,3,1,501
81974,2025-06-23 09:13:12,0,6,0,0
81366,2025-06-23 09:13:50,0,7,0,0
81672,2025-06-23 09:32:15,0,10,0,0
79079,2025-06-23 09:32:38,1,9,0,0
51565,2025-06-23 09:33:40,0,7,0,0
63079,2025-06-23 09:34:46,1,1,0,0
68825,2025-06-23 09:42:14,0,6,0,0
39255,2025-06-23 09:44:46,1,3,0,0
35165,2025-06-23 09:45:57,0,9,0,0
38807,2025-06-23 09:52:44,0,6,1,408
84851,2025-06-23 09:54:12,0,9,1,474
81366,2025-06-23 09:59:41,0,4,1,427
61317,2025-06-23 10:00:15,0,9,0,0
52127,2025-06-23 10:01:37,1,6,0,0
55944,2025-06-23 10:03:43,0,6,1,220
86428,2025-06-23 10:13:27,1,11,0,0
58197,2025-06-23 10:21:01,0,4,1,259
99962,2025-06-23 10:23:20,0,9,0,0
79148,2025-06-23 10:24:52,0,3,0,0
78280,2025-06-23 10:29:08,1,7,1,454
83562,2025-06-23 10:31:29,0,10,1,324
44614,2025-06-23 10:44:25,1,5,0,0
10458,2025-06-23 10:48:24,1,10,0,0
59005,2025-06-23 10:49:51,0,5,0,0
42252,2025-06-23 11:02:15,0,6,1,428
85280,2025-06-23 11:07:00,0,14,0,0
23806,2025-06-23 11:20:20,1,4,1,575
94584,2025-06-23 11:21:05,0,6,0,0
13660,2025-06-23 11:24:23,1,10,1,493
79874,2025-06-23 11:24:35,1,6,1,532
52407,2025-06-23 11:27:10,0,4,0,0
4366,2025-06-23 11:30:01,0,6,0,0
47204,2025-06-23 11:32:59,0,4,0,0
64358,2025-06-23 11:33:34,0,5,0,0
40450,2025-06-23 11:33:43,1,6,0,0
52746,2025-06-23 11:34:07,0,7,0,0
1056,2025-06-23 11:46:51,0,4,0,0
19260,2025-06-23 11:48:51,0,6,0,0
5209,2025-06-23 11:54:24,0,7,0,0
16164,2025-06-23 12:03:22,0,5,1,487
96273,2025-06-23 12:09:18,1,4,0,0
60910,2025-06-23 12:17:16,0,7,0,0
70120,2025-06-23 12:23:56,0,8,1,554
53814,2025-06-23 12:25:15,1,5,0,0
66957,2025-06-23 12:25:38,1,3,1,294
7624,2025-06-23 12:34:28,1,5,0,0
72945,2025-06-23 12:35:31,0,6,1,446
82288,2025-06-23 12:37:50,0,3,0,0
61817,2025-06-23 12:38:40,1,6,1,232
43192,2025-06-23 12:42:25,1,6,1,367
68400,2025-06-23 12:46:38,0,3,1,373
80006,2025-06-23 12:50:27,0,11,0,0
46172,2025-06-23 12:56:15,0,8,0,0
74940,2025-06-23 13:04:29,1,7,0,0
8624,2025-06-23 13:05:50,0,6,1,680
32495,2025-06-23 13:23:48,0,12,1,482
55912,2025-06-23 13:26:05,0,3,1,582
55041,2025-06-23 13:26:32,0,6,1,525
86645,2025-06-23 13:31:10,0,4,0,0
88459,2025-06-23 13:48:36,0,2,1,468
26177,2025-06-23 13:52:21,0,8,0,0
23097,2025-06-23 13:52:50,1,12,0,0
97121,2025-06-23 13:53:45,0,7,1,369
10658,2025-06-23 13:59:02,0,7,0,0
95260,2025-06-23 14:01:05,0,10,1,485
65208,2025-06-23 14:05:51,0,9,1,315
61817,2025-06-23 14:10:03,0,6,1,377
81468,2025-06-23 14:16:40,1,8,0,0
29746,2025-06-23 14:20:45,0,7,1,281
94626,2025-06-23 14:24:41,0,8,0,0
91660,2025-06-23 14:26:43,0,8,1,462
35424,2025-06-23 14:31:22,1,4,0,0
7492,2025-06-23 14:39:53,0,4,0,0
92790,2025-06-23 14:57:47,1,3,1,321
69813,2025-06-23 15:00:32,0,6,1,338
39461,2025-06-23 15:04:13,0,3,0,0
40943,2025-06-23 15:08:37,1,7,1,505
44143,2025-06-23 15:24:14,0,7,0,0
73439,2025-06-23 15:31:24,0,5,0,0
95622,2025-06-23 15:31:25,0,6,0,0
79874,2025-06-23 15:32:22,0,9,0,0
62719,2025-06-23 15:35:17,1,3,0,0
88994,2025-06-23 15:37:38,0,4,0,0
32890,2025-06-23 15:38:02,1,7,0,0
16269,2025-06-23 15:40:03,0,5,0,0
86802,2025-06-23 15:46:08,0,10,0,0
61664,2025-06-23 15:48:35,1,3,1,267
19815,2025-06-23 15:52:24,1,7,1,272
20875,2025-06-23 15:53:04,1,6,1,538
39677,2025-06-23 15:57:30,1,0,0,0
83240,2025-06-23 16:05:49,0,5,1,426
10601,2025-06-23 16:06:48,0,12,0,0
53616,2025-06-23 16:07:27,0,7,0,0
37797,2025-06-23 16:09:47,1,6,0,0
82303,2025-06-23 16:19:42,0,11,0,0
90734,2025-06-23 16:32:02,1,7,1,678
96335,2025-06-23 16:40:06,0,7,0,0
84237,2025-06-23 16:45:14,0,10,1,283
44277,2025-06-23 16:47:16,0,7,0,0
84929,2025-06-23 16:49:56,0,6,1,412
2894,2025-06-23 16:53:44,1,4,0,0
84397,2025-06-23 17:08:16,0,4,0,0
31749,2025-06-23 17:08:43,0,4,1,404
89685,2025-06-23 17:09:19,0,6,1,552
87730,2025-06-23 17:10:03,0,9,1,611
69676,2025-06-23 17:13:33,1,7,1,596
11097,2025-06-23 17:13:52,0,5,1,515
557,2025-06-23 17:15:09,1,6,0,0
6600,2025-06-23 17:16:46,0,1,1,541
85280,2025-06-23 17:16:52,0,9,0,0
59888,2025-06-23 17:20:50,0,8,1,571
74714,2025-06-23 17:21:50,0,6,0,0
1708,2025-06-23 17:29:09,0,6,0,0
43964,2025-06-23 17:32:46,0,8,1,356
40007,2025-06-23 17:40:17,1,8,1,306
6600,2025-06-23 17:44:28,0,2,1,697
5032,2025-06-23 17:50:44,0,4,0,0
15906,2025-06-23 17:59:14,0,5,0,0
96106,2025-06-23 18:06:54,0,7,0,0
23797,2025-06-23 18:19:23,1,3,0,0
30825,2025-06-23 18:21:12,1,5,0,0
78717,2025-06-23 18:22:39,0,3,1,520
46127,2025-06-23 18:28:27,0,6,0,0
6023,2025-06-23 18:28:31,1,5,0,0
32474,2025-06-23 18:29:38,0,9,1,614
7317,2025-06-23 18:33:41,1,3,1,411
32003,2025-06-23 18:34:42,0,2,0,0
13912,2025-06-23 18:34:49,0,3,0,0
84929,2025-06-23 18:41:38,1,6,1,364
14320,2025-06-23 18:53:27,0,8,0,0
50675,2025-06-23 18:57:21,0,5,0,0
50863,2025-06-23 19:03:04,0,4,1,540
19260,2025-06-23 19:16:00,0,6,0,0
44987,2025-06-23 19:18:12,1,4,0,0
47204,2025-06-23 19:21:14,0,3,0,0
69676,2025-06-23 19:28:50,0,5,0,0
16381,2025-06-23 19:30:41,0,11,0,0
91653,2025-06-23 19:35:12,1,6,1,449
82165,2025-06-23 19:38:56,1,4,1,249
32890,2025-06-23 19:42:07,0,4,0,0
48604,2025-06-23 19:44:42,1,3,1,498
81925,2025-06-23 20:12:47,0,5,0,0
16725,2025-06-23 20:15:42,0,4,0,0
17870,2025-06-23 20:21:25,0,4,0,0
24789,2025-06-23 20:21:44,0,3,0,0
13757,2025-06-23 20:30:56,1,5,0,0
97451,2025-06-23 20:33:30,1,2,0,0
86680,2025-06-23 20:34:45,0,5,1,500
90824,2025-06-23 20:35:28,0,11,0,0
57384,2025-06-23 20:35:36,1,4,0,0
45426,2025-06-23 20:37:15,0,7,0,0
30568,2025-06-23 20:40:04,1,7,0,0
99962,2025-06-23 20:42:50,0,2,0,0
61861,2025-06-23 20:48:53,0,6,1,394
56315,2025-06-23 20:54:16,1,7,0,0
80956,2025-06-23 20:55:56,0,7,0,0
64054,2025-06-23 21:05:00,0,1,0,0
86428,2025-06-23 21:05:58,0,9,0,0
67765,2025-06-23 21:07:51,0,2,0,0
37516,2025-06-23 21:09:15,1,5,0,0
11826,2025-06-23 21:18:25,1,13,1,336
89321,2025-06-23 21:22:59,0,5,0,0
25852,2025-06-23 21:27:05,0,10,0,0
34603,2025-06-23 21:34:27,1,2,0,0
12493,2025-06-23 21:38:33,0,6,0,0
54685,2025-06-23 21:52:59,0,11,1,590
96223,2025-06-23 21:58:16,0,4,0,0
95406,2025-06-23 21:59:25,1,5,1,507
25658,2025-06-23 22:13:18,0,8,0,0
47204,2025-06-23 22:15:14,0,2,0,0
46071,2025-06-23 22:31:38,0,3,0,0
29460,2025-06-23 22:33:32,1,5,0,0
33984,2025-06-23 22:34:54,0,3,0,0
18519,2025-06-23 22:35:01,0,7,0,0
61160,2025-06-23 22:40:25,0,10,0,0
14436,2025-06-23 22:41:22,1,4,1,312
48509,2025-06-23 22:41:40,0,2,1,344
83905,2025-06-23 22:48:21,0,7,1,385
28212,2025-06-23 22:49:23,0,5,1,405
26309,2025-06-23 22:49:55,0,7,1,448
66262,2025-06-23 22:53:06,1,7,0,0
56939,2025-06-23 23:00:05,0,3,0,0
5227,2025-06-23 23:02:12,1,2,0,0
36884,2025-06-23 23:05:24,0,3,0,0
50204,2025-06-23 23:14:37,0,8,0,0
38742,2025-06-23 23:14:55,0,4,1,312
70245,2025-06-23 23:27:07,0,2,0,0
4440,2025-06-23 23:27:24,0,11,0,0
83,2025-06-23 23:29:13,1,6,0,0
93131,2025-06-23 23:33:54,0,7,0,0
87283,2025-06-23 23:36:45,0,8,0,0
26038,2025-06-23 23:41:33,1,8,0,0
17870,2025-06-23 23:44:51,1,7,0,0
73633,2025-06-23 23:46:35,0,8,0,0
80112,2025-06-23 23:48:02,1,9,0,0
9151,2025-06-23 23:55:48,0,6,1,337
19096,2025-06-23 23:56:58,1,3,0,0
69794,2025-06-23 23:59:56,0,10,0,0
59220,2025-06-24 00:01:22,0,6,0,0
69678,2025-06-24 00:04:04,0,5,0,0
13738,2025-06-24 00:06:28,1,5,0,0
82132,2025-06-24 00:17:28,1,3,0,0
9975,2025-06-24 00:18:15,1,5,0,0
84211,2025-06-24 00:22:11,0,8,0,0
19953,2025-06-24 00:33:40,0,6,0,0
60160,2025-06-24 00:34:12,0,6,0,0
33866,2025-06-24 00:36:39,0,4,0,0
61160,2025-06-24 00:39:19,1,4,0,0
65710,2025-06-24 00:40:51,0,11,0,0
24678,2025-06-24 00:50:10,0,4,0,0
98679,2025-06-24 00:50:44,1,3,1,338
58043,2025-06-24 01:09:19,0,5,0,0
1837,2025-06-24 01:11:24,0,5,0,0
22493,2025-06-24 01:18:06,1,6,0,0
91906,2025-06-24 01:36:56,0,6,0,0
80006,2025-06-24 01:41:30,1,7,0,0
94611,2025-06-24 01:51:41,0,3,1,368
56896,2025-06-24 02:01:27,0,7,0,0
40138,2025-06-24 02:04:13,0,7,0,0
11539,2025-06-24 02:07:13,0,8,0,0
55256,2025-06-24 02:10:58,1,6,0,0
18302,2025-06-24 02:14:10,1,4,0,0
9975,2025-06-24 02:17:52,0,8,1,466
26883,2025-06-24 02:36:56,0,5,1,255
7197,2025-06-24 02:38:30,0,8,1,579
56896,2025-06-24 02:55:25,1,5,1,420
89256,2025-06-24 03:09:24,0,7,0,0
55575,2025-06-24 03:20:31,0,16,0,0
70666,2025-06-24 03:45:13,0,4,0,0
42588,2025-06-24 04:09:45,0,8,1,671
71019,2025-06-24 04:22:02,0,5,0,0
72504,2025-06-24 04:48:51,1,6,0,0
69125,2025-06-24 04:53:34,1,6,1,631
84209,2025-06-24 04:55:07,1,6,0,0
84762,2025-06-24 04:55:32,1,5,0,0
31186,2025-06-24 05:13:34,0,8,0,0
93402,2025-06-24 05:18:40,0,6,0,0
72945,2025-06-24 05:43:29,0,7,0,0
4565,2025-06-24 05:47:54,0,8,0,0
70473,2025-06-24 05:49:38,1,8,0,0
29608,2025-06-24 05:54:58,0,5,0,0
55256,2025-06-24 06:08:19,0,8,0,0
44277,2025-06-24 06:13:10,0,10,1,305
87171,2025-06-24 06:21:41,0,13,0,0
63680,2025-06-24 06:39:01,0,4,1,322
80616,2025-06-24 06:46:12,0,7,0,0
19264,2025-06-24 07:08:25,0,6,0,0
8136,2025-06-24 07:18:58,0,9,0,0
25658,2025-06-24 07:30:21,0,4,0,0
25232,2025-06-24 07:32:34,0,6,0,0
42810,2025-06-24 07:54:46,1,5,0,0
55170,2025-06-24 08:03:21,0,5,1,419
18519,2025-06-24 08:06:43,0,5,0,0
82303,2025-06-24 08:13:23,0,7,1,715
19128,2025-06-24 08:18:21,0,4,0,0
40403,2025-06-24 08:19:17,0,12,1,598
9665,2025-06-24 08:23:54,0,3,0,0
65985,2025-06-24 08:33:18,0,5,0,0
34032,2025-06-24 08:41:42,1,8,0,0
28039,2025-06-24 08:46:44,0,7,0,0
64450,2025-06-24 08:48:37,1,5,1,316
12004,2025-06-24 09:04:22,0,9,0,0
55626,2025-06-24 09:08:16,0,4,1,178
36311,2025-06-24 09:08:22,1,4,1,477
93395,2025-06-24 09:08:41,0,2,0,0
94834,2025-06-24 09:12:39,1,6,0,0
52127,2025-06-24 09:18:50,0,1,0,0
37690,2025-06-24 09:21:28,1,9,0,0
92266,2025-06-24 09:25:16,0,5,0,0
46758,2025-06-24 09:25:24,1,7,0,0
99874,2025-06-24 09:28:50,0,4,0,0
22812,2025-06-24 09:29:22,1,7,1,415
47427,2025-06-24 09:31:48,0,5,0,0
80249,2025-06-24 09:32:06,0,10,0,0
7298,2025-06-24 09:40:58,0,5,0,0
93402,2025-06-24 09:44:15,1,3,1,460
8514,2025-06-24 09:54:51,0,5,0,0
35424,2025-06-24 09:54:53,0,10,0,0
90983,2025-06-24 09:57:16,0,3,0,0
82347,2025-06-24 10:02:50,0,6,0,0
82478,2025-06-24 10:06:13,1,5,1,283
16381,2025-06-24 10:08:07,0,6,0,0
57399,2025-06-24 10:17:57,0,10,0,0
38815,2025-06-24 10:21:52,0,5,0,0
84565,2025-06-24 10:33:27,0,7,1,318
52088,2025-06-24 10:35:18,0,4,1,164
65880,2025-06-24 10:43:06,0,10,1,629
10465,2025-06-24 10:46:05,0,5,1,240
16725,2025-06-24 10:46:20,1,5,0,0
18317,2025-06-24 10:47:23,0,5,0,0
55912,2025-06-24 10:48:17,0,4,0,0
29608,2025-06-24 10:48:50,0,5,0,0
65536,2025-06-24 10:55:30,0,3,0,0
99455,2025-06-24 11:04:51,0,8,0,0
29746,2025-06-24 11:06:00,0,5,1,411
2909,2025-06-24 11:09:19,0,6,0,0
16050,2025-06-24 11:09:33,0,7,1,475
35351,2025-06-24 11:10:49,0,7,0,0
94834,2025-06-24 11:13:01,1,9,1,375
17860,2025-06-24 11:14:09,1,6,1,479
24678,2025-06-24 11:19:13,0,7,0,0
25324,2025-06-24 11:19:42,0,9,0,0
69737,2025-06-24 11:21:41,0,3,0,0
87283,2025-06-24 11:24:23,0,1,0,0
40591,2025-06-24 11:26:26,0,10,0,0
13757,2025-06-24 11:35:05,0,6,0,0
29608,2025-06-24 11:48:32,1,10,1,313
33519,2025-06-24 11:52:36,0,6,0,0
8083,2025-06-24 11:53:46,0,6,0,0
3782,2025-06-24 12:05:56,1,7,0,0
20060,2025-06-24 12:11:31,1,5,0,0
14410,2025-06-24 12:13:55,1,5,0,0
54096,2025-06-24 12:14:02,1,7,1,321
61187,2025-06-24 12:16:12,0,5,0,0
83240,2025-06-24 12:16:35,0,4,0,0
66957,2025-06-24 12:17:34,0,9,0,0
17860,2025-06-24 12:19:09,0,5,0,0
43743,2025-06-24 12:19:26,0,3,1,442
42810,2025-06-24 12:30:16,0,7,0,0
26038,2025-06-24 12:39:48,1,7,0,0
32666,2025-06-24 12:39:54,0,8,0,0
73642,2025-06-24 12:54:34,0,3,0,0
9290,2025-06-24 13:08:38,0,0,1,551
30932,2025-06-24 13:18:53,0,5,0,0
89031,2025-06-24 13:19:28,0,10,1,372
63833,2025-06-24 13:23:18,0,5,0,0
73439,2025-06-24 13:24:37,0,6,0,0
46855,2025-06-24 13:24:43,0,7,1,303
42779,2025-06-24 13:26:29,0,3,0,0
89249,2025-06-24 13:44:07,0,5,0,0
81012,2025-06-24 13:44:34,0,9,0,0
86198,2025-06-24 13:47:57,1,7,0,0
2129,2025-06-24 13:51:36,1,7,0,0
93036,2025-06-24 13:54:24,1,6,0,0
64831,2025-06-24 14:00:29,0,6,1,413
5665,2025-06-24 14:01:52,0,3,1,797
89864,2025-06-24 14:05:58,0,5,0,0
91497,2025-06-24 14:07:37,0,14,1,566
60078,2025-06-24 14:08:49,0,6,1,582
61483,2025-06-24 14:11:48,0,5,1,422
60174,2025-06-24 14:13:13,0,10,0,0
65362,2025-06-24 14:15:21,0,3,1,401
56405,2025-06-24 14:15:46,0,6,0,0
33955,2025-06-24 14:20:25,0,9,0,0
11597,2025-06-24 14:23:06,1,6,0,0
8624,2025-06-24 14:27:50,0,1,0,0
78795,2025-06-24 14:28:22,0,6,0,0
70851,2025-06-24 14:29:14,0,7,0,0
87734,2025-06-24 14:34:58,0,8,0,0
40828,2025-06-24 14:39:11,0,4,0,0
79986,2025-06-24 14:39:41,0,5,1,367
67521,2025-06-24 14:40:42,1,5,0,0
16960,2025-06-24 14:53:31,0,11,1,354
93654,2025-06-24 14:54:52,0,4,0,0
3317,2025-06-24 14:55:27,0,3,0,0
35424,2025-06-24 15:00:42,0,10,1,308
56265,2025-06-24 15:05:22,0,6,0,0
18213,2025-06-24 15:05:53,0,3,1,411
44532,2025-06-24 15:08:43,1,3,1,513
56397,2025-06-24 15:10:39,1,5,0,0
70352,2025-06-24 15:12:05,0,7,0,0
33866,2025-06-24 15:16:37,0,5,1,356
59866,2025-06-24 15:21:15,0,6,1,352
62719,2025-06-24 15:24:28,0,3,0,0
53005,2025-06-24 15:37:03,0,4,1,559
32131,2025-06-24 15:38:32,0,4,0,0
77101,2025-06-24 16:00:11,1,8,0,0
45089,2025-06-24 16:01:12,0,5,0,0
75257,2025-06-24 16:10:25,0,8,0,0
94151,2025-06-24 16:15:16,0,8,0,0
74980,2025-06-24 16:26:04,1,12,0,0
85119,2025-06-24 16:26:19,0,4,0,0
58331,2025-06-24 16:27:22,0,5,0,0
74980,2025-06-24 16:33:16,0,7,1,390
40943,2025-06-24 16:39:30,0,4,0,0
82055,2025-06-24 16:45:12,0,6,0,0
59866,2025-06-24 16:50:53,1,7,0,0
93869,2025-06-24 16:56:39,0,7,0,0
14311,2025-06-24 16:58:26,1,5,0,0
45361,2025-06-24 17:01:04,0,4,0,0
87715,2025-06-24 17:07:05,0,7,1,547
20216,2025-06-24 17:07:27,1,8,0,0
74714,2025-06-24 17:16:43,1,6,0,0
17711,2025-06-24 17:17:23,0,5,1,352
66691,2025-06-24 17:20:13,1,4,1,335
54685,2025-06-24 17:22:52,0,7,1,693
34382,2025-06-24 17:25:25,0,1,1,314
23797,2025-06-24 17:40:33,1,11,0,0
6553,2025-06-24 17:42:03,1,8,1,328
62374,2025-06-24 17:45:03,1,7,1,358
5949,2025-06-24 17:50:05,0,5,0,0
51547,2025-06-24 17:50:12,0,5,1,292
64203,2025-06-24 17:50:41,1,5,0,0
98374,2025-06-24 17:51:47,0,8,1,265
76430,2025-06-24 17:52:18,1,9,1,339
15757,2025-06-24 17:55:13,1,8,0,0
40403,2025-06-24 17:55:19,0,2,0,0
62374,2025-06-24 18:02:08,0,5,0,0
6223,2025-06-24 18:11:14,0,4,1,321
78683,2025-06-24 18:18:21,1,3,0,0
49436,2025-06-24 18:18:51,1,5,1,806
66855,2025-06-24 18:19:21,1,7,0,0
22242,2025-06-24 18:23:11,1,8,1,373
74347,2025-06-24 18:23:29,1,5,1,493
4618,2025-06-24 18:33:51,0,4,0,0
61131,2025-06-24 18:36:30,0,6,0,0
63453,2025-06-24 18:37:38,0,7,1,270
25533,2025-06-24 18:44:11,0,5,0,0
96223,2025-06-24 18:45:35,1,2,1,500
10790,2025-06-24 18:46:13,0,5,0,0
32510,2025-06-24 18:47:30,0,5,1,323
93850,2025-06-24 18:47:32,1,9,0,0
53915,2025-06-24 18:56:35,0,6,0,0
14635,2025-06-24 18:58:48,1,6,0,0
78381,2025-06-24 19:03:57,0,4,0,0
964,2025-06-24 19:06:55,0,3,0,0
8552,2025-06-24 19:14:21,1,10,1,384
17261,2025-06-24 19:14:22,0,5,1,353
2914,2025-06-24 19:15:23,0,3,0,0
12538,2025-06-24 19:20:26,0,6,0,0
88938,2025-06-24 19:23:03,1,4,1,482
78228,2025-06-24 19:25:18,0,5,0,0
29608,2025-06-24 19:25:50,0,9,1,261
37834,2025-06-24 19:34:52,0,3,1,264
53527,2025-06-24 19:39:13,0,6,0,0
38742,2025-06-24 19:52:27,0,11,0,0
22157,2025-06-24 20:07:10,0,5,0,0
67862,2025-06-24 20:11:25,0,6,0,0
4144,2025-06-24 20:13:28,0,11,0,0
50151,2025-06-24 20:17:13,0,4,0,0
36866,2025-06-24 20:18:54,0,8,0,0
86902,2025-06-24 20:22:29,1,9,0,0
22242,2025-06-24 20:23:41,0,10,0,0
13363,2025-06-24 20:28:17,0,5,0,0
82958,2025-06-24 20:28:41,1,2,0,0
62719,2025-06-24 20:33:10,0,7,0,0
14290,2025-06-24 20:37:36,1,5,0,0
22812,2025-06-24 20:40:01,0,7,0,0
14290,2025-06-24 20:43:25,1,4,0,0
59452,2025-06-24 20:47:54,1,4,0,0
27400,2025-06-24 20:56:41,1,5,1,372
21113,2025-06-24 20:56:53,1,6,0,0
5643,2025-06-24 21:00:21,1,6,1,315
85564,2025-06-24 21:03:50,1,5,1,402
95805,2025-06-24 21:12:21,0,5,0,0
65463,2025-06-24 21:17:03,1,8,1,348
60852,2025-06-24 21:22:59,0,9,0,0
66504,2025-06-24 21:27:45,0,10,0,0
75034,2025-06-24 21:33:14,0,7,1,279
78670,2025-06-24 21:36:31,0,14,0,0
4732,2025-06-24 21:59:38,0,2,0,0
46754,2025-06-24 22:00:05,0,9,1,793
501,2025-06-24 22:00:06,0,4,1,330
69794,2025-06-24 22:01:23,1,5,0,0
95260,2025-06-24 22:04:18,0,8,0,0
9477,2025-06-24 22:07:17,0,9,0,0
54481,2025-06-24 22:11:30,0,7,0,0
6439,2025-06-24 22:13:41,0,6,1,438
63079,2025-06-24 22:15:00,1,6,0,0
46127,2025-06-24 22:16:35,0,3,1,555
45361,2025-06-24 22:27:50,0,3,0,0
23797,2025-06-24 22:37:23,0,7,0,0
28685,2025-06-24 22:38:34,0,5,0,0
65313,2025-06-24 22:42:34,0,4,0,0
55041,2025-06-24 22:55:55,0,4,0,0
66691,2025-06-24 22:56:21,0,3,0,0
53687,2025-06-24 23:02:27,0,9,1,387
74156,2025-06-24 23:04:00,0,7,0,0
44210,2025-06-24 23:14:13,0,7,0,0
8703,2025-06-24 23:16:40,0,12,1,525
73036,2025-06-24 23:20:20,0,7,0,0
2092,2025-06-24 23:22:02,1,12,0,0
19412,2025-06-24 23:22:29,0,8,0,0
22056,2025-06-24 23:23:53,0,8,1,250
5032,2025-06-24 23:26:32,1,4,0,0
87918,2025-06-24 23:34:44,0,6,0,0
23354,2025-06-24 23:34:56,1,6,0,0
32884,2025-06-24 23:40:08,0,10,1,311
69515,2025-06-24 23:40:28,0,7,0,0
83799,2025-06-24 23:46:18,0,9,1,418
48509,2025-06-24 23:49:15,0,11,0,0
17261,2025-06-24 23:53:11,1,2,0,0
38928,2025-06-25 00:02:00,1,8,1,382
79850,2025-06-25 00:13:30,1,2,0,0
32495,2025-06-25 00:19:09,0,6,1,597
20940,2025-06-25 00:22:07,0,6,1,460
83275,2025-06-25 00:34:41,0,4,0,0
943,2025-06-25 00:44:26,0,6,0,0
77581,2025-06-25 01:06:35,0,6,1,345
44779,2025-06-25 01:24:34,1,7,1,274
81579,2025-06-25 01:48:04,0,3,0,0
81672,2025-06-25 01:56:55,0,6,0,0
86113,2025-06-25 01:57:26,0,4,0,0
16960,2025-06-25 01:59:41,0,6,1,241
64600,2025-06-25 02:03:27,0,7,1,261
87023,2025-06-25 02:15:42,0,7,0,0
52555,2025-06-25 02:17:12,0,9,0,0
81925,2025-06-25 02:18:22,0,5,1,521
58372,2025-06-25 02:23:56,0,6,0,0
27767,2025-06-25 02:55:05,0,4,1,511
73439,2025-06-25 02:58:16,1,4,0,0
11844,2025-06-25 03:27:26,0,5,1,424
26026,2025-06-25 03:47:59,0,8,0,0
33189,2025-06-25 03:55:52,1,4,0,0
73036,2025-06-25 03:58:08,0,3,0,0
58331,2025-06-25 03:58:14,0,3,0,0
38987,2025-06-25 03:58:23,0,7,1,592
26951,2025-06-25 04:06:44,0,9,0,0
39352,2025-06-25 04:35:41,0,6,1,419
69344,2025-06-25 04:46:57,0,6,1,367
10601,2025-06-25 04:50:26,0,9,1,331
20853,2025-06-25 05:12:19,0,4,0,0
15382,2025-06-25 05:18:44,0,7,0,0
59866,2025-06-25 05:54:22,1,6,0,0
10492,2025-06-25 05:58:34,0,3,0,0
37165,2025-06-25 06:07:44,1,4,0,0
89560,2025-06-25 06:12:08,0,7,1,639
86132,2025-06-25 06:23:13,0,5,0,0
58331,2025-06-25 06:30:33,0,7,0,0
67521,2025-06-25 06:32:32,1,11,0,0
3968,2025-06-25 06:48:51,0,4,1,494
26038,2025-06-25 06:53:02,0,5,0,0
73439,2025-06-25 07:01:24,0,4,0,0
44210,2025-06-25 07:10:51,1,8,1,498
68953,2025-06-25 07:15:12,1,3,0,0
89162,2025-06-25 07:27:50,0,9,0,0
64325,2025-06-25 07:38:17,0,7,0,0
85128,2025-06-25 07:52:45,0,5,0,0
4440,2025-06-25 07:53:55,0,10,0,0
506,2025-06-25 07:57:28,0,8,0,0
99258,2025-06-25 08:25:16,1,6,0,0
75700,2025-06-25 08:27:19,0,7,0,0
49437,2025-06-25 08:49:01,0,10,0,0
5964,2025-06-25 08:52:24,0,7,0,0
47552,2025-06-25 08:53:01,1,9,0,0
51072,2025-06-25 08:53:57,1,5,0,0
60975,2025-06-25 08:55:58,0,7,0,0
98840,2025-06-25 09:09:30,0,6,0,0
80981,2025-06-25 09:13:54,0,5,0,0
58380,2025-06-25 09:16:16,1,5,0,0
85427,2025-06-25 09:19:39,0,5,1,360
75899,2025-06-25 09:20:40,0,7,0,0
84567,2025-06-25 09:26:21,0,6,0,0
49627,2025-06-25 09:29:02,0,12,0,0
16802,2025-06-25 09:31:38,0,12,0,0
85119,2025-06-25 09:31:48,0,9,0,0
89073,2025-06-25 09:38:18,1,4,0,0
59934,2025-06-25 09:41:08,0,5,1,500
32003,2025-06-25 09:42:39,1,3,1,452
32671,2025-06-25 09:51:45,1,7,0,0
17355,2025-06-25 09:52:02,0,9,1,371
89031,2025-06-25 09:54:24,0,10,0,0
1513,2025-06-25 10:00:45,0,4,0,0
17711,2025-06-25 10:07:14,1,3,0,0
27479,2025-06-25 10:18:03,1,6,1,265
15650,2025-06-25 10:23:47,1,12,0,0
91700,2025-06-25 10:26:25,0,4,0,0
18616,2025-06-25 10:40:49,0,8,1,369
77532,2025-06-25 10:44:58,1,7,0,0
17261,2025-06-25 10:46:28,0,2,0,0
41151,2025-06-25 10:54:28,1,8,0,0
80112,2025-06-25 10:57:16,0,8,0,0
45284,2025-06-25 10:59:11,1,6,0,0
70337,2025-06-25 11:03:35,0,8,0,0
41436,2025-06-25 11:07:53,0,8,1,707
64217,2025-06-25 11:09:58,0,8,1,437
6558,2025-06-25 11:17:42,0,4,0,0
7317,2025-06-25 11:24:51,0,4,1,418
38641,2025-06-25 11:33:57,1,6,1,440
87530,2025-06-25 11:42:40,1,7,1,400
52127,2025-06-25 11:47:21,0,6,0,0
81925,2025-06-25 11:53:00,0,7,0,0
40007,2025-06-25 12:01:45,0,7,0,0
46855,2025-06-25 12:18:14,0,3,0,0
15650,2025-06-25 12:21:01,0,10,1,390
63068,2025-06-25 12:27:53,0,8,0,0
86113,2025-06-25 12:30:05,0,3,0,0
24460,2025-06-25 12:32:40,0,3,0,0
62063,2025-06-25 12:35:32,1,11,0,0
4124,2025-06-25 12:35:42,0,5,1,536
10686,2025-06-25 12:45:42,0,4,0,0
85119,2025-06-25 12:46:51,1,6,0,0
66504,2025-06-25 12:48:23,1,7,0,0
26623,2025-06-25 12:49:12,0,4,0,0
69678,2025-06-25 12:49:20,0,8,1,641
15918,2025-06-25 12:49:35,0,7,0,0
66957,2025-06-25 12:50:55,0,8,1,704
13709,2025-06-25 12:53:03,1,4,0,0
28039,2025-06-25 12:56:20,0,5,1,315
93422,2025-06-25 12:57:31,0,3,0,0
87918,2025-06-25 12:58:41,1,7,0,0
85858,2025-06-25 13:00:59,1,6,0,0
43192,2025-06-25 13:18:55,0,5,1,308
96950,2025-06-25 13:20:04,0,6,1,401
2914,2025-06-25 13:20:56,0,7,0,0
91097,2025-06-25 13:20:57,1,2,1,645
93180,2025-06-25 13:21:56,0,8,1,339
22056,2025-06-25 13:44:45,1,2,0,0
46628,2025-06-25 13:45:26,0,5,0,0
64208,2025-06-25 13:50:23,1,8,1,745
23311,2025-06-25 14:01:46,1,6,0,0
41720,2025-06-25 14:03:41,0,6,0,0
97121,2025-06-25 14:05:12,0,4,0,0
43192,2025-06-25 14:23:35,0,8,1,837
90371,2025-06-25 14:25:09,0,6,1,557
97769,2025-06-25 14:31:08,0,7,0,0
36858,2025-06-25 14:31:26,0,6,0,0
89685,2025-06-25 14:35:58,1,8,1,397
8514,2025-06-25 14:39:56,1,4,0,0
978,2025-06-25 14:51:15,0,2,0,0
53687,2025-06-25 15:00:56,0,10,1,496
88876,2025-06-25 15:06:15,0,12,1,471
92017,2025-06-25 15:12:15,1,2,0,0
18205,2025-06-25 15:14:45,0,3,1,571
26960,2025-06-25 15:17:33,1,5,1,321
61861,2025-06-25 15:19:52,1,7,1,528
59866,2025-06-25 15:26:45,1,3,0,0
63079,2025-06-25 15:28:14,0,4,0,0
75841,2025-06-25 15:37:28,1,1,0,0
48742,2025-06-25 15:39:58,0,7,1,321
96335,2025-06-25 15:41:29,1,5,0,0
55241,2025-06-25 15:42:47,0,8,0,0
59005,2025-06-25 15:43:05,1,3,0,0
53005,2025-06-25 15:44:42,0,10,0,0
1288,2025-06-25 15:59:29,1,5,1,486
81925,2025-06-25 16:06:25,0,4,1,324
46172,2025-06-25 16:09:58,0,8,0,0
20875,2025-06-25 16:14:58,0,4,1,789
19224,2025-06-25 16:18:45,1,9,0,0
3782,2025-06-25 16:25:44,0,7,0,0
19100,2025-06-25 16:29:23,1,4,0,0
11726,2025-06-25 16:30:35,0,6,0,0
20481,2025-06-25 16:32:54,1,4,0,0
38478,2025-06-25 16:34:20,0,7,0,0
9429,2025-06-25 16:35:55,1,8,0,0
35351,2025-06-25 16:48:56,0,5,1,515
26686,2025-06-25 16:49:09,0,3,0,0
90790,2025-06-25 16:56:17,0,1,0,0
49769,2025-06-25 16:56:32,0,4,0,0
89256,2025-06-25 17:01:51,0,6,0,0
53814,2025-06-25 17:03:30,0,2,1,496
17497,2025-06-25 17:12:40,0,5,1,705
48680,2025-06-25 17:12:50,1,7,1,720
84762,2025-06-25 17:24:00,0,5,1,247
127,2025-06-25 17:27:33,0,7,0,0
4124,2025-06-25 17:28:06,0,4,1,342
42045,2025-06-25 17:33:23,0,4,0,0
19389,2025-06-25 17:42:34,0,4,1,331
56405,2025-06-25 17:43:00,0,5,0,0
2914,2025-06-25 17:44:30,1,8,1,286
58283,2025-06-25 17:54:46,0,6,0,0
20481,2025-06-25 17:57:39,0,6,1,283
46172,2025-06-25 17:59:05,0,5,1,431
87023,2025-06-25 18:04:44,0,19,1,394
57399,2025-06-25 18:05:05,0,12,0,0
29184,2025-06-25 18:07:11,0,8,0,0
8469,2025-06-25 18:13:14,0,2,1,442
10166,2025-06-25 18:43:30,0,3,1,270
90983,2025-06-25 18:44:23,0,7,0,0
53527,2025-06-25 18:53:24,0,6,1,558
84929,2025-06-25 18:58:07,0,2,0,0
98600,2025-06-25 18:59:27,0,7,0,0
53814,2025-06-25 19:01:11,0,5,0,0
12513,2025-06-25 19:01:18,0,2,1,763
94605,2025-06-25 19:03:54,0,2,0,0
83074,2025-06-25 19:06:09,0,7,0,0
9975,2025-06-25 19:28:12,0,5,0,0
82337,2025-06-25 19:29:15,0,4,0,0
82337,2025-06-25 19:40:01,0,7,0,0
80981,2025-06-25 19:41:40,0,5,0,0
93165,2025-06-25 19:51:47,0,4,0,0
44875,2025-06-25 19:55:52,0,5,1,515
55944,2025-06-25 20:06:07,0,9,0,0
4347,2025-06-25 20:07:31,0,5,1,341
23311,2025-06-25 20:15:50,0,8,0,0
98118,2025-06-25 20:16:31,0,4,0,0
5706,2025-06-25 20:18:59,0,7,0,0
69694,2025-06-25 20:24:34,0,7,0,0
11726,2025-06-25 20:27:38,0,5,0,0
89610,2025-06-25 20:40:36,0,4,1,243
36519,2025-06-25 20:50:08,0,7,0,0
59586,2025-06-25 20:50:37,1,5,0,0
33783,2025-06-25 20:55:56,0,6,1,377
84440,2025-06-25 20:57:11,0,2,0,0
15757,2025-06-25 21:01:49,0,6,0,0
32495,2025-06-25 21:04:12,0,6,0,0
19128,2025-06-25 21:07:31,0,10,1,412
85427,2025-06-25 21:08:13,0,4,0,0
96134,2025-06-25 21:24:14,0,5,0,0
23604,2025-06-25 21:27:38,1,4,0,0
85128,2025-06-25 21:37:34,0,3,1,262
5458,2025-06-25 21:40:24,1,3,1,520
45573,2025-06-25 21:42:34,1,4,0,0
47204,2025-06-25 21:57:22,0,10,1,400
38987,2025-06-25 21:59:29,0,8,1,432
33308,2025-06-25 22:01:25,0,6,0,0
23184,2025-06-25 22:01:47,1,7,1,479
80998,2025-06-25 22:07:16,0,7,0,0
89437,2025-06-25 22:07:28,0,8,1,357
5643,2025-06-25 22:18:44,0,6,0,0
32474,2025-06-25 22:26:19,1,6,0,0
20853,2025-06-25 22:26:40,0,3,0,0
89345,2025-06-25 22:36:09,0,5,0,0
17164,2025-06-25 22:42:00,0,6,1,335
55631,2025-06-25 22:43:40,0,4,0,0
23797,2025-06-25 23:02:02,0,6,1,530
65518,2025-06-25 23:02:10,0,8,0,0
89864,2025-06-25 23:02:33,0,4,0,0
64917,2025-06-25 23:10:35,1,7,1,544
72029,2025-06-25 23:11:16,0,5,0,0
9851,2025-06-25 23:15:23,0,8,1,348
59866,2025-06-25 23:15:48,0,8,0,0
45506,2025-06-25 23:31:29,0,5,1,352
58974,2025-06-25 23:50:54,0,5,1,275
52088,2025-06-25 23:51:09,0,6,0,0
45506,2025-06-25 23:55:44,0,6,1,223
54197,2025-06-25 23:56:30,0,6,0,0
36279,2025-06-26 00:14:38,0,4,0,0
3532,2025-06-26 00:17:02,0,7,1,342
73119,2025-06-26 00:19:37,0,5,0,0
93036,2025-06-26 00:31:52,1,6,0,0
557,2025-06-26 00:41:17,1,6,1,460
83240,2025-06-26 00:45:53,0,9,0,0
66262,2025-06-26 01:03:32,1,10,1,425
83124,2025-06-26 01:27:36,0,3,1,553
36560,2025-06-26 02:00:32,0,6,1,365
83298,2025-06-26 02:05:48,0,2,0,0
34457,2025-06-26 02:08:06,0,11,1,844
50209,2025-06-26 02:11:25,0,6,1,336
69694,2025-06-26 02:14:57,1,8,0,0
50863,2025-06-26 02:44:51,0,7,0,0
63453,2025-06-26 02:49:19,0,8,0,0
85339,2025-06-26 02:49:30,0,6,1,376
25533,2025-06-26 02:53:21,0,6,1,278
65159,2025-06-26 02:58:53,0,8,0,0
82774,2025-06-26 03:14:16,0,3,1,369
29608,2025-06-26 03:23:51,0,8,0,0
4394,2025-06-26 03:25:56,0,12,1,278
30642,2025-06-26 03:28:20,0,9,0,0
88938,2025-06-26 03:35:29,1,4,0,0
21281,2025-06-26 03:36:42,0,3,1,358
22309,2025-06-26 03:39:44,0,9,1,592
37165,2025-06-26 03:43:06,0,10,0,0
52088,2025-06-26 03:44:02,0,8,0,0
12033,2025-06-26 03:52:50,0,5,1,391
71321,2025-06-26 03:56:17,0,5,0,0
97176,2025-06-26 04:00:06,0,5,1,362
31759,2025-06-26 04:25:58,0,7,0,0
95805,2025-06-26 04:28:32,0,8,1,464
55667,2025-06-26 04:28:50,0,3,0,0
84211,2025-06-26 04:42:43,1,4,0,0
11907,2025-06-26 04:46:01,1,8,1,321
52357,2025-06-26 04:51:19,0,9,0,0
78677,2025-06-26 05:07:26,0,3,0,0
70346,2025-06-26 05:09:02,0,5,1,713
38121,2025-06-26 05:19:52,0,7,1,485
53683,2025-06-26 05:22:55,1,7,0,0
96537,2025-06-26 05:38:39,0,5,0,0
7528,2025-06-26 05:41:59,0,7,0,0
34382,2025-06-26 05:44:00,0,5,0,0
6936,2025-06-26 05:56:13,0,8,0,0
50645,2025-06-26 06:07:21,0,0,1,390
10723,2025-06-26 06:10:44,0,8,1,401
16269,2025-06-26 06:14:26,0,2,0,0
32510,2025-06-26 06:21:01,0,5,1,419
63833,2025-06-26 06:38:49,0,5,0,0
79467,2025-06-26 06:42:39,0,10,1,373
49381,2025-06-26 06:50:57,0,7,0,0
2705,2025-06-26 06:55:24,1,3,0,0
54032,2025-06-26 06:56:39,0,11,1,334
56577,2025-06-26 07:06:41,1,6,1,311
3421,2025-06-26 07:09:45,0,8,0,0
59934,2025-06-26 07:39:01,1,9,1,672
94605,2025-06-26 08:00:22,0,8,0,0
21803,2025-06-26 08:11:25,0,8,1,246
82824,2025-06-26 08:14:01,0,5,0,0
27503,2025-06-26 08:17:37,0,6,0,0
59005,2025-06-26 08:19:36,0,7,0,0
19100,2025-06-26 08:21:07,0,3,1,356
91097,2025-06-26 08:21:27,0,8,1,385
99141,2025-06-26 08:27:40,0,2,1,308
9377,2025-06-26 08:29:24,1,4,0,0
67130,2025-06-26 08:31:50,0,7,1,297
40591,2025-06-26 08:36:04,0,4,0,0
14436,2025-06-26 08:47:15,0,2,1,441
82958,2025-06-26 08:48:30,0,8,0,0
17594,2025-06-26 08:49:27,0,4,0,0
5949,2025-06-26 08:52:57,1,6,1,814
80029,2025-06-26 08:55:43,0,4,0,0
79609,2025-06-26 09:00:56,1,6,0,0
19128,2025-06-26 09:02:34,0,3,0,0
18519,2025-06-26 09:03:41,1,8,0,0
28778,2025-06-26 09:09:59,0,7,0,0
67862,2025-06-26 09:13:13,1,5,0,0
12038,2025-06-26 09:26:46,0,5,0,0
24851,2025-06-26 09:27:50,0,5,0,0
9934,2025-06-26 09:29:22,1,12,0,0
29863,2025-06-26 09:36:29,1,8,0,0
29213,2025-06-26 09:38:27,1,8,1,342
99141,2025-06-26 09:48:47,0,9,1,353
307,2025-06-26 09:49:09,0,7,0,0
51583,2025-06-26 09:50:43,0,9,1,365
44310,2025-06-26 09:56:33,0,7,0,0
95857,2025-06-26 09:59:53,1,4,0,0
97121,2025-06-26 10:00:35,0,8,1,522
61867,2025-06-26 10:02:20,0,5,0,0
3482,2025-06-26 10:11:31,0,8,0,0
98331,2025-06-26 10:12:02,1,6,0,0
29315,2025-06-26 10:17:40,1,4,0,0
8885,2025-06-26 10:20:41,0,6,0,0
9290,2025-06-26 10:23:34,0,6,0,0
17956,2025-06-26 10:24:07,0,6,1,637
76114,2025-06-26 10:33:10,0,8,0,0
65469,2025-06-26 10:33:26,0,5,0,0
21113,2025-06-26 10:36:25,0,5,0,0
78670,2025-06-26 10:37:13,0,4,1,291
44143,2025-06-26 10:47:22,0,12,1,405
52357,2025-06-26 10:57:32,0,7,1,394
1668,2025-06-26 11:02:42,0,9,1,491
33151,2025-06-26 11:06:36,0,5,0,0
27971,2025-06-26 11:10:54,0,5,0,0
37919,2025-06-26 11:11:01,1,5,1,596
77801,2025-06-26 11:15:19,0,7,0,0
81012,2025-06-26 11:16:12,0,4,0,0
30932,2025-06-26 11:25:24,0,9,0,0
13709,2025-06-26 11:26:55,0,6,0,0
88459,2025-06-26 11:31:02,0,4,0,0
80482,2025-06-26 11:31:39,0,2,0,0
13445,2025-06-26 11:32:49,0,11,0,0
51855,2025-06-26 11:45:56,1,4,0,0
66354,2025-06-26 11:47:58,0,6,1,647
12538,2025-06-26 11:50:17,0,8,0,0
33551,2025-06-26 11:54:33,0,6,0,0
19096,2025-06-26 11:57:11,1,8,0,0
28039,2025-06-26 12:04:58,0,7,0,0
18302,2025-06-26 12:05:12,0,6,1,354
18302,2025-06-26 12:07:54,0,5,0,0
13877,2025-06-26 12:12:56,0,4,1,402
89256,2025-06-26 12:17:41,0,2,1,442
33466,2025-06-26 12:22:11,0,3,1,660
65202,2025-06-26 12:22:38,0,7,1,371
12433,2025-06-26 12:26:17,0,8,0,0
84851,2025-06-26 12:27:01,0,5,0,0
95857,2025-06-26 12:27:38,0,3,1,469
78801,2025-06-26 13:09:42,0,8,1,335
501,2025-06-26 13:16:00,1,4,0,0
65536,2025-06-26 13:25:55,0,5,1,487
32947,2025-06-26 13:27:53,1,7,0,0
54496,2025-06-26 13:35:42,0,6,1,353
31346,2025-06-26 13:35:44,0,6,1,398
14504,2025-06-26 13:45:07,1,10,1,467
6274,2025-06-26 13:46:41,0,3,0,0
27971,2025-06-26 13:47:55,1,5,0,0
2909,2025-06-26 13:54:59,0,4,0,0
47552,2025-06-26 14:05:33,0,8,1,539
30032,2025-06-26 14:06:50,1,7,1,671
2894,2025-06-26 14:08:25,1,7,0,0
37690,2025-06-26 14:10:40,1,2,1,557
15338,2025-06-26 14:11:48,0,13,0,0
7624,2025-06-26 14:29:57,0,9,1,597
64305,2025-06-26 14:33:24,0,6,0,0
86029,2025-06-26 14:33:55,0,5,1,518
15906,2025-06-26 14:35:42,0,12,0,0
44987,2025-06-26 14:49:51,1,3,0,0
45284,2025-06-26 14:49:59,1,5,0,0
71632,2025-06-26 14:55:52,0,4,0,0
17711,2025-06-26 15:00:31,0,4,0,0
19260,2025-06-26 15:01:48,1,9,0,0
97047,2025-06-26 15:05:22,1,12,1,345
72565,2025-06-26 15:06:41,1,8,1,436
964,2025-06-26 15:11:36,0,9,1,641
7951,2025-06-26 15:11:53,0,9,0,0
66957,2025-06-26 15:25:23,0,4,0,0
79467,2025-06-26 15:33:58,0,7,0,0
17870,2025-06-26 15:34:50,0,8,0,0
62475,2025-06-26 15:36:46,0,10,1,484
76936,2025-06-26 15:49:17,0,7,0,0
4440,2025-06-26 15:52:43,0,5,1,553
41037,2025-06-26 16:01:04,1,3,0,0
94500,2025-06-26 16:05:32,1,3,0,0
11895,2025-06-26 16:06:03,0,6,0,0
39888,2025-06-26 16:06:53,1,8,0,0
36094,2025-06-26 16:09:30,1,10,0,0
8880,2025-06-26 16:10:39,0,7,1,384
32890,2025-06-26 16:11:08,0,3,0,0
22493,2025-06-26 16:13:28,0,7,0,0
96031,2025-06-26 16:19:22,0,5,1,287
86902,2025-06-26 16:23:21,0,6,0,0
36311,2025-06-26 16:24:52,0,3,0,0
16588,2025-06-26 16:28:01,0,9,0,0
67901,2025-06-26 16:30:51,0,7,0,0
36541,2025-06-26 16:33:59,0,2,0,0
38792,2025-06-26 16:47:18,0,6,0,0
90983,2025-06-26 16:51:24,1,3,0,0
74156,2025-06-26 16:56:27,0,4,0,0
91096,2025-06-26 16:56:40,0,4,1,407
8624,2025-06-26 16:56:45,0,2,1,388
83799,2025-06-26 16:58:35,0,6,0,0
20868,2025-06-26 17:06:09,1,4,1,325
61544,2025-06-26 17:11:08,0,9,0,0
54966,2025-06-26 17:14:56,1,6,1,432
10790,2025-06-26 17:15:08,0,5,0,0
75116,2025-06-26 17:16:19,0,4,0,0
65219,2025-06-26 17:22:13,0,7,1,480
50903,2025-06-26 17:38:59,0,6,0,0
2784,2025-06-26 17:42:57,0,4,0,0
35424,2025-06-26 17:42:57,0,3,0,0
95622,2025-06-26 17:51:03,0,2,1,782
51412,2025-06-26 17:59:26,0,6,1,281
50238,2025-06-26 18:04:24,0,6,0,0
20875,2025-06-26 18:07:23,0,4,0,0
54966,2025-06-26 18:13:43,0,2,0,0
84264,2025-06-26 18:15:34,1,2,0,0
82865,2025-06-26 18:18:27,1,4,1,726
17164,2025-06-26 18:20:20,1,3,1,455
49715,2025-06-26 18:26:14,0,5,1,297
45198,2025-06-26 18:46:09,1,6,0,0
36157,2025-06-26 18:51:01,1,8,0,0
13828,2025-06-26 18:51:57,0,5,0,0
32131,2025-06-26 18:56:51,0,7,1,402
9851,2025-06-26 18:59:30,0,7,0,0
78197,2025-06-26 19:04:42,0,8,0,0
67903,2025-06-26 19:05:34,1,7,1,368
42624,2025-06-26 19:12:17,0,1,1,266
99603,2025-06-26 19:15:13,0,2,1,308
64054,2025-06-26 19:15:27,1,3,0,0
91260,2025-06-26 19:18:04,0,5,0,0
41183,2025-06-26 19:20:38,0,9,0,0
30932,2025-06-26 19:23:11,1,9,0,0
90539,2025-06-26 19:23:13,1,8,0,0
65862,2025-06-26 19:24:51,1,7,0,0
49588,2025-06-26 19:29:06,1,5,1,373
95927,2025-06-26 19:31:38,0,5,0,0
84101,2025-06-26 19:34:56,0,6,1,557
17257,2025-06-26 19:37:48,1,5,0,0
67792,2025-06-26 19:42:52,0,6,0,0
93850,2025-06-26 19:46:47,0,7,0,0
95326,2025-06-26 19:53:02,0,7,1,376
53683,2025-06-26 19:54:05,0,6,1,424
66504,2025-06-26 20:05:51,0,6,1,406
36762,2025-06-26 20:57:04,0,5,0,0
96595,2025-06-26 21:02:23,0,7,0,0
50145,2025-06-26 21:06:43,1,6,0,0
82461,2025-06-26 21:08:42,1,4,0,0
49715,2025-06-26 21:14:17,0,5,1,301
88459,2025-06-26 21:14:26,0,6,0,0
14635,2025-06-26 21:28:27,1,7,1,469
99781,2025-06-26 21:41:47,1,6,1,533
93177,2025-06-26 21:42:26,0,6,0,0
16595,2025-06-26 21:44:07,0,2,0,0
78717,2025-06-26 21:46:35,0,4,1,396
61187,2025-06-26 21:47:17,0,8,1,459
79194,2025-06-26 21:50:09,1,1,0,0
3512,2025-06-26 21:54:13,0,3,0,0
7537,2025-06-26 21:54:35,0,8,0,0
16595,2025-06-26 22:23:05,1,10,0,0
36093,2025-06-26 22:25:44,0,7,0,0
18317,2025-06-26 22:27:25,1,8,0,0
80249,2025-06-26 22:32:50,0,7,0,0
66262,2025-06-26 22:38:34,0,7,0,0
57972,2025-06-26 22:42:04,0,4,0,0
66460,2025-06-26 22:48:01,0,6,0,0
23950,2025-06-26 22:50:58,0,7,1,222
80006,2025-06-26 22:53:54,0,3,0,0
78343,2025-06-26 23:03:20,0,9,0,0
94626,2025-06-26 23:12:49,0,5,0,0
96875,2025-06-26 23:17:09,0,10,1,319
61664,2025-06-26 23:22:28,0,7,0,0
64855,2025-06-26 23:25:23,0,8,0,0
18040,2025-06-26 23:34:26,0,3,0,0
31186,2025-06-26 23:36:39,0,5,0,0
7818,2025-06-26 23:42:08,1,11,0,0
3421,2025-06-26 23:44:15,0,8,0,0
64217,2025-06-26 23:45:25,0,7,0,0
66855,2025-06-26 23:47:34,0,4,0,0
11597,2025-06-26 23:55:01,0,7,1,191
400,2025-06-26 23:55:38,0,4,0,0
76936,2025-06-27 00:07:46,1,5,0,0
33714,2025-06-27 00:19:23,0,5,0,0
94151,2025-06-27 00:23:49,0,0,0,0
82132,2025-06-27 01:02:50,0,5,0,0
46855,2025-06-27 01:04:01,0,2,0,0
59509,2025-06-27 01:04:49,0,1,1,303
20203,2025-06-27 01:14:56,0,6,0,0
65907,2025-06-27 01:16:48,0,3,0,0
18616,2025-06-27 01:17:08,0,5,1,392
53271,2025-06-27 01:19:31,0,6,0,0
14734,2025-06-27 01:25:23,0,9,1,344
74682,2025-06-27 01:34:03,0,4,0,0
21785,2025-06-27 02:02:08,0,4,0,0
13363,2025-06-27 02:08:44,1,4,0,0
93654,2025-06-27 02:31:31,1,3,1,646
81390,2025-06-27 02:51:57,0,5,1,251
58372,2025-06-27 02:56:16,1,6,1,457
70851,2025-06-27 03:01:44,0,4,0,0
37384,2025-06-27 03:31:11,0,9,1,329
18308,2025-06-27 03:54:00,0,9,1,451
18616,2025-06-27 04:04:26,0,5,0,0
77428,2025-06-27 04:11:08,0,8,0,0
20216,2025-06-27 04:14:29,0,7,1,451
29093,2025-06-27 04:16:15,1,4,0,0
19990,2025-06-27 04:17:00,0,1,0,0
28679,2025-06-27 04:22:05,0,8,0,0
81390,2025-06-27 04:22:53,1,6,0,0
44880,2025-06-27 04:42:38,0,6,1,529
71019,2025-06-27 04:47:55,0,3,1,563
33308,2025-06-27 04:53:07,0,6,0,0
32510,2025-06-27 05:07:19,0,6,0,0
20284,2025-06-27 05:27:57,1,8,1,664
62475,2025-06-27 05:40:07,1,4,1,210
26179,2025-06-27 06:07:12,1,3,1,393
79824,2025-06-27 06:09:22,1,3,1,317
64076,2025-06-27 06:20:04,0,12,1,293
73749,2025-06-27 06:38:22,0,8,1,372
14687,2025-06-27 06:43:36,0,4,0,0
97769,2025-06-27 06:57:20,0,8,0,0
70795,2025-06-27 06:59:39,0,7,1,316
32366,2025-06-27 07:00:54,0,7,1,281
90371,2025-06-27 07:01:27,0,6,0,0
95765,2025-06-27 07:14:56,1,5,1,432
62938,2025-06-27 07:16:57,0,6,0,0
72583,2025-06-27 07:27:56,1,5,1,577
1552,2025-06-27 07:40:12,0,9,0,0
32666,2025-06-27 07:42:10,1,5,1,347
67590,2025-06-27 07:46:56,0,6,0,0
52769,2025-06-27 08:00:07,0,8,1,316
7624,2025-06-27 08:00:15,0,5,0,0
89704,2025-06-27 08:00:20,0,3,1,308
84211,2025-06-27 08:01:46,0,9,0,0
18040,2025-06-27 08:05:38,1,8,1,465
3849,2025-06-27 08:10:21,0,8,0,0
77722,2025-06-27 08:15:54,1,9,0,0
5227,2025-06-27 08:19:00,1,1,0,0
64076,2025-06-27 08:20:47,0,4,1,457
17594,2025-06-27 08:25:26,0,12,0,0
55626,2025-06-27 08:26:00,0,8,0,0
78321,2025-06-27 08:26:02,0,9,1,327
34658,2025-06-27 08:28:54,0,7,0,0
94571,2025-06-27 08:36:41,1,3,0,0
99576,2025-06-27 08:43:44,1,4,0,0
99487,2025-06-27 08:45:34,0,4,0,0
66504,2025-06-27 08:48:33,0,5,0,0
59406,2025-06-27 08:53:51,1,3,1,402
74687,2025-06-27 08:54:09,0,4,1,282
33308,2025-06-27 08:58:31,0,8,1,362
30384,2025-06-27 09:04:23,0,8,0,0
20843,2025-06-27 09:05:21,0,4,0,0
18308,2025-06-27 09:06:47,0,9,1,441
24258,2025-06-27 09:09:26,0,7,0,0
69521,2025-06-27 09:10:15,0,2,0,0
73642,2025-06-27 09:13:18,0,7,0,0
21969,2025-06-27 09:18:53,0,2,1,377
64403,2025-06-27 09:22:35,0,3,1,530
80407,2025-06-27 09:35:30,0,8,0,0
27168,2025-06-27 09:44:04,0,4,1,475
69694,2025-06-27 09:46:15,0,7,1,327
99874,2025-06-27 09:49:29,0,10,1,319
69676,2025-06-27 09:52:56,1,2,0,0
40007,2025-06-27 09:59:52,0,4,0,0
94828,2025-06-27 10:05:19,1,5,0,0
85601,2025-06-27 10:09:02,0,10,0,0
40450,2025-06-27 10:12:58,0,6,0,0
9851,2025-06-27 10:20:45,1,7,0,0
53915,2025-06-27 10:21:00,1,5,0,0
82958,2025-06-27 10:41:11,1,10,0,0
92717,2025-06-27 10:45:54,0,5,0,0
38663,2025-06-27 10:45:56,0,6,1,541
72135,2025-06-27 10:46:59,0,1,0,0
14410,2025-06-27 10:51:11,0,9,1,306
78306,2025-06-27 11:03:55,0,9,1,434
67590,2025-06-27 11:08:17,1,9,1,385
61358,2025-06-27 11:12:42,0,5,1,329
39012,2025-06-27 11:14:45,0,8,1,448
55667,2025-06-27 11:14:47,0,4,0,0
10790,2025-06-27 11:20:28,0,4,0,0
75077,2025-06-27 11:23:09,1,3,0,0
80607,2025-06-27 11:23:59,1,7,1,563
85907,2025-06-27 11:32:06,0,10,0,0
32474,2025-06-27 11:39:37,0,4,1,382
10119,2025-06-27 11:42:42,1,8,1,332
81925,2025-06-27 11:49:14,1,4,0,0
9851,2025-06-27 11:55:22,1,6,0,0
83,2025-06-27 11:58:21,0,3,0,0
47335,2025-06-27 12:00:16,0,5,1,327
55631,2025-06-27 12:01:31,0,9,0,0
32601,2025-06-27 12:07:06,0,12,0,0
34455,2025-06-27 12:07:08,0,7,1,451
67975,2025-06-27 12:09:39,1,4,0,0
29746,2025-06-27 12:19:50,1,4,0,0
79194,2025-06-27 12:34:30,0,5,0,0
6328,2025-06-27 12:37:05,0,4,0,0
16096,2025-06-27 12:37:18,0,3,0,0
16802,2025-06-27 12:46:34,0,5,1,353
12325,2025-06-27 12:57:47,0,6,1,280
61817,2025-06-27 13:05:59,1,6,1,193
94378,2025-06-27 13:08:05,0,7,1,458
55359,2025-06-27 13:12:47,1,7,1,644
60160,2025-06-27 13:13:38,1,7,1,332
82724,2025-06-27 13:16:35,0,10,0,0
72029,2025-06-27 13:17:44,1,6,1,491
7981,2025-06-27 13:21:36,1,7,0,0
38586,2025-06-27 13:25:44,0,11,0,0
4352,2025-06-27 13:31:46,0,11,0,0
22157,2025-06-27 13:35:37,0,5,1,350
85858,2025-06-27 13:40:05,1,3,0,0
81672,2025-06-27 13:40:21,1,3,1,495
77236,2025-06-27 13:50:10,0,6,0,0
80065,2025-06-27 14:08:14,0,7,0,0
5458,2025-06-27 14:09:15,0,8,0,0
60431,2025-06-27 14:14:24,0,9,0,0
95145,2025-06-27 14:14:47,0,6,1,536
1480,2025-06-27 14:22:39,0,6,0,0
2092,2025-06-27 14:23:58,1,3,0,0
84123,2025-06-27 14:24:41,1,7,0,0
84473,2025-06-27 14:29:48,1,6,0,0
80616,2025-06-27 14:30:58,1,2,0,0
53005,2025-06-27 14:33:15,1,6,0,0
52980,2025-06-27 14:41:57,0,5,1,321
32531,2025-06-27 14:48:25,1,6,1,363
91068,2025-06-27 14:52:18,1,4,1,409
26177,2025-06-27 15:21:14,0,6,1,285
21941,2025-06-27 15:29:08,0,2,0,0
79877,2025-06-27 15:35:16,0,3,0,0
70666,2025-06-27 15:37:47,0,6,0,0
1871,2025-06-27 15:39:21,0,4,0,0
4144,2025-06-27 15:39:29,1,10,0,0
81563,2025-06-27 15:45:03,1,5,1,440
61394,2025-06-27 15:46:38,0,6,0,0
3968,2025-06-27 15:47:23,0,3,0,0
96134,2025-06-27 15:47:28,1,12,0,0
2029,2025-06-27 15:49:36,0,8,0,0
2755,2025-06-27 15:58:28,1,7,0,0
22169,2025-06-27 16:20:26,1,10,0,0
94157,2025-06-27 16:22:30,1,8,1,902
1668,2025-06-27 16:24:34,0,7,0,0
50209,2025-06-27 16:26:35,1,9,0,0
50675,2025-06-27 16:36:41,0,7,0,0
78280,2025-06-27 16:38:36,0,6,0,0
85907,2025-06-27 16:40:28,0,11,0,0
52112,2025-06-27 16:40:34,0,8,1,413
6584,2025-06-27 16:50:12,0,3,1,382
13363,2025-06-27 16:51:08,0,5,1,247
81579,2025-06-27 16:58:13,0,5,1,479
60174,2025-06-27 17:00:57,0,8,0,0
31749,2025-06-27 17:01:51,1,5,0,0
86788,2025-06-27 17:02:34,0,6,0,0
35065,2025-06-27 17:05:27,0,4,0,0
92075,2025-06-27 17:05:48,1,8,0,0
93720,2025-06-27 17:06:04,0,7,0,0
16209,2025-06-27 17:25:30,0,10,1,332
59037,2025-06-27 17:32:49,1,11,0,0
80607,2025-06-27 17:33:02,0,5,1,293
93202,2025-06-27 17:45:41,1,5,0,0
33866,2025-06-27 17:50:24,0,11,0,0
86680,2025-06-27 17:55:44,0,11,0,0
2129,2025-06-27 17:56:46,0,3,0,0
74520,2025-06-27 18:05:47,1,5,0,0
47204,2025-06-27 18:18:24,0,4,0,0
84929,2025-06-27 18:20:56,0,8,1,345
89133,2025-06-27 18:22:18,1,4,0,0
33333,2025-06-27 18:23:11,0,2,0,0
69915,2025-06-27 18:28:05,1,8,0,0
94151,2025-06-27 18:33:07,0,5,0,0
78677,2025-06-27 18:46:36,0,8,0,0
75899,2025-06-27 18:50:16,0,3,0,0
22691,2025-06-27 18:59:33,0,6,1,472
95260,2025-06-27 19:00:03,1,10,0,0
8552,2025-06-27 19:01:36,0,11,1,292
82337,2025-06-27 19:05:28,0,6,0,0
59452,2025-06-27 19:05:34,0,3,0,0
31612,2025-06-27 19:07:13,0,4,0,0
436,2025-06-27 19:08:31,0,6,1,501
53616,2025-06-27 19:12:18,0,7,0,0
64811,2025-06-27 19:13:46,0,4,0,0
56315,2025-06-27 19:40:41,0,5,0,0
66691,2025-06-27 19:47:00,0,6,1,461
9548,2025-06-27 20:03:17,1,4,0,0
67792,2025-06-27 20:13:49,1,5,1,379
83358,2025-06-27 20:16:45,1,7,1,276
80981,2025-06-27 20:19:03,0,4,1,380
97240,2025-06-27 20:20:39,1,4,0,0
9548,2025-06-27 20:43:28,0,4,0,0
86198,2025-06-27 20:46:12,1,8,0,0
1708,2025-06-27 20:48:11,0,10,0,0
98849,2025-06-27 20:50:23,1,4,0,0
74372,2025-06-27 20:53:19,1,3,1,275
96950,2025-06-27 20:59:08,1,3,0,0
33783,2025-06-27 21:02:30,1,7,1,299
23556,2025-06-27 21:03:41,1,6,0,0
99455,2025-06-27 21:03:47,1,6,0,0
91970,2025-06-27 21:10:51,1,7,0,0
56204,2025-06-27 21:14:12,0,7,1,399
84565,2025-06-27 21:23:47,1,10,0,0
11907,2025-06-27 21:29:03,0,5,0,0
94157,2025-06-27 21:29:43,0,9,0,0
97769,2025-06-27 21:48:41,0,1,0,0
64203,2025-06-27 21:52:50,0,4,0,0
83905,2025-06-27 21:54:19,0,7,0,0
55812,2025-06-27 21:56:59,0,10,0,0
44210,2025-06-27 21:57:09,0,8,0,0
20562,2025-06-27 21:57:20,1,6,0,0
89031,2025-06-27 21:59:47,1,8,1,301
56977,2025-06-27 22:01:41,0,7,0,0
1837,2025-06-27 22:06:41,0,2,0,0
4144,2025-06-27 22:09:16,0,8,0,0
56577,2025-06-27 22:16:33,0,7,0,0
52746,2025-06-27 22:30:38,1,3,0,0
47552,2025-06-27 22:49:32,0,5,0,0
78785,2025-06-27 22:50:16,0,13,0,0
35424,2025-06-27 22:52:19,0,6,0,0
38815,2025-06-27 22:54:13,1,4,1,613
38742,2025-06-27 23:02:33,0,6,0,0
24460,2025-06-27 23:06:24,1,5,0,0
61160,2025-06-27 23:08:20,0,10,0,0
58197,2025-06-27 23:08:26,1,5,0,0
66855,2025-06-27 23:27:33,1,8,0,0
68400,2025-06-27 23:29:49,1,4,1,745
38792,2025-06-27 23:31:32,0,5,0,0
69640,2025-06-27 23:32:17,0,5,0,0
57066,2025-06-27 23:42:31,0,9,0,0
39672,2025-06-27 23:44:40,0,4,0,0
37995,2025-06-27 23:48:06,0,4,0,0
42182,2025-06-27 23:51:29,1,3,0,0
50238,2025-06-27 23:53:49,1,6,0,0
32319,2025-06-27 23:58:38,0,6,0,0
74980,2025-06-28 00:10:21,1,7,0,0
89256,2025-06-28 00:13:14,1,6,1,402
97509,2025-06-28 00:17:54,0,8,1,269
84397,2025-06-28 00:57:05,0,3,0,0
28822,2025-06-28 01:07:27,1,8,1,377
22169,2025-06-28 01:10:42,0,5,0,0
16725,2025-06-28 01:18:27,0,3,0,0
79986,2025-06-28 01:18:30,0,5,0,0
47831,2025-06-28 01:18:58,0,8,0,0
52984,2025-06-28 01:20:09,0,7,0,0
84762,2025-06-28 01:22:31,0,3,1,228
196,2025-06-28 02:03:17,1,3,0,0
21072,2025-06-28 02:07:33,0,5,1,362
72029,2025-06-28 02:08:31,0,7,0,0
19107,2025-06-28 02:09:00,0,6,1,322
96066,2025-06-28 02:31:21,1,9,1,655
83240,2025-06-28 02:54:13,0,2,1,672
34249,2025-06-28 03:00:07,0,6,1,486
18243,2025-06-28 03:19:19,1,2,0,0
79467,2025-06-28 03:34:43,1,3,0,0
93640,2025-06-28 03:36:07,0,8,1,342
37516,2025-06-28 03:43:03,0,2,0,0
90983,2025-06-28 03:54:11,0,10,0,0
96950,2025-06-28 03:58:54,0,4,0,0
20284,2025-06-28 04:20:38,0,5,1,389
13556,2025-06-28 04:22:57,0,3,0,0
14601,2025-06-28 04:32:15,1,6,0,0
42252,2025-06-28 04:38:12,0,4,1,361
19815,2025-06-28 04:40:44,1,6,0,0
45525,2025-06-28 04:58:45,0,9,0,0
85640,2025-06-28 05:18:50,0,6,0,0
64076,2025-06-28 05:20:31,0,6,0,0
43964,2025-06-28 05:41:09,0,8,0,0
90381,2025-06-28 05:42:16,1,5,0,0
15918,2025-06-28 06:08:42,0,5,0,0
14635,2025-06-28 06:13:18,1,10,0,0
26755,2025-06-28 06:14:18,1,7,1,654
83074,2025-06-28 06:15:32,0,5,0,0
69694,2025-06-28 06:17:52,0,5,0,0
89321,2025-06-28 06:21:15,0,6,0,0
48966,2025-06-28 06:30:22,1,4,0,0
40450,2025-06-28 06:30:54,0,10,0,0
36279,2025-06-28 06:41:48,0,5,0,0
8582,2025-06-28 06:55:59,0,5,1,496
68350,2025-06-28 07:05:15,0,3,0,0
14410,2025-06-28 07:08:41,0,9,0,0
22493,2025-06-28 07:25:09,0,6,0,0
37119,2025-06-28 07:28:01,0,3,0,0
51412,2025-06-28 07:30:10,0,7,0,0
13537,2025-06-28 07:54:56,0,6,1,450
127,2025-06-28 08:00:36,0,5,0,0
54481,2025-06-28 08:03:33,1,7,0,0
14734,2025-06-28 08:07:35,0,2,0,0
25669,2025-06-28 08:07:48,0,9,0,0
49588,2025-06-28 08:09:55,0,7,1,373
70219,2025-06-28 08:13:22,1,8,1,633
58694,2025-06-28 08:14:27,0,4,0,0
43964,2025-06-28 08:16:35,0,8,0,0
82865,2025-06-28 08:27:08,0,4,1,378
69521,2025-06-28 08:34:18,0,8,0,0
72345,2025-06-28 08:36:09,1,14,0,0
44143,2025-06-28 08:42:14,0,7,0,0
86361,2025-06-28 08:51:15,0,5,0,0
29608,2025-06-28 08:53:10,0,7,0,0
64959,2025-06-28 08:56:46,0,2,1,323
65985,2025-06-28 08:56:59,1,5,1,360
18055,2025-06-28 08:58:09,1,4,0,0
37475,2025-06-28 08:58:32,1,3,0,0
69344,2025-06-28 09:11:39,0,3,0,0
29784,2025-06-28 09:29:18,0,11,0,0
78306,2025-06-28 09:33:09,0,4,0,0
42779,2025-06-28 09:33:12,0,7,0,0
72504,2025-06-28 09:40:47,0,4,1,332
27317,2025-06-28 09:44:27,0,6,0,0
72411,2025-06-28 09:47:27,1,5,0,0
7537,2025-06-28 09:47:50,1,8,0,0
94571,2025-06-28 09:50:54,0,6,1,457
86029,2025-06-28 09:54:34,0,6,0,0
29989,2025-06-28 09:57:40,0,6,0,0
99219,2025-06-28 10:11:34,1,6,0,0
85427,2025-06-28 10:33:43,0,7,0,0
34457,2025-06-28 10:35:36,0,6,1,698
70352,2025-06-28 10:43:17,0,9,1,387
11539,2025-06-28 10:44:27,1,9,0,0
55538,2025-06-28 10:46:44,0,4,0,0
79850,2025-06-28 10:49:40,1,9,0,0
79467,2025-06-28 10:50:46,1,2,0,0
98073,2025-06-28 10:53:13,0,12,1,352
61339,2025-06-28 11:00:09,1,4,0,0
35543,2025-06-28 11:04:14,0,7,0,0
13660,2025-06-28 11:10:59,1,6,0,0
16381,2025-06-28 11:16:11,0,4,1,498
24460,2025-06-28 11:16:26,0,5,0,0
26995,2025-06-28 11:25:52,0,9,0,0
4545,2025-06-28 11:32:47,0,7,0,0
56265,2025-06-28 11:40:27,1,6,1,513
54197,2025-06-28 11:42:19,1,6,0,0
31881,2025-06-28 11:46:55,0,3,0,0
34603,2025-06-28 11:51:54,0,8,1,346
71107,2025-06-28 11:56:16,1,8,0,0
1142,2025-06-28 11:57:06,1,7,0,0
1757,2025-06-28 12:00:36,0,7,1,709
57505,2025-06-28 12:04:53,1,5,0,0
56432,2025-06-28 12:05:17,0,4,0,0
2667,2025-06-28 12:06:08,0,3,1,323
74347,2025-06-28 12:23:41,0,6,0,0
59224,2025-06-28 12:23:42,0,7,0,0
17711,2025-06-28 12:25:03,0,5,1,487
36884,2025-06-28 12:26:38,0,7,0,0
44614,2025-06-28 12:28:34,1,4,1,365
2514,2025-06-28 12:29:40,0,10,0,0
80029,2025-06-28 12:30:36,0,7,1,348
30642,2025-06-28 12:31:27,0,4,0,0
75770,2025-06-28 12:34:14,0,2,0,0
35165,2025-06-28 12:35:45,1,5,0,0
45506,2025-06-28 12:44:09,1,9,0,0
95145,2025-06-28 12:44:37,1,2,0,0
72989,2025-06-28 12:46:50,0,6,1,909
75257,2025-06-28 12:54:16,1,4,1,330
72029,2025-06-28 12:56:38,0,6,0,0
94151,2025-06-28 12:57:03,0,7,0,0
26309,2025-06-28 13:06:19,1,4,0,0
5208,2025-06-28 13:08:17,0,7,0,0
98669,2025-06-28 13:13:36,0,6,0,0
65208,2025-06-28 13:16:59,0,8,1,583
74520,2025-06-28 13:18:22,0,7,0,0
84473,2025-06-28 13:20:03,0,6,0,0
15382,2025-06-28 13:21:46,1,9,0,0
51957,2025-06-28 13:25:37,0,2,0,0
36884,2025-06-28 13:32:19,0,6,1,600
36924,2025-06-28 13:37:09,1,2,0,0
90706,2025-06-28 13:38:53,0,5,0,0
4732,2025-06-28 13:45:58,1,6,0,0
2357,2025-06-28 13:53:04,0,7,0,0
93202,2025-06-28 13:59:17,0,12,1,636
28039,2025-06-28 14:07:19,0,4,1,388
81091,2025-06-28 14:12:59,1,3,0,0
63356,2025-06-28 14:29:12,1,5,1,426
83240,2025-06-28 14:33:24,1,5,0,0
2909,2025-06-28 14:33:51,0,4,0,0
36187,2025-06-28 14:36:37,0,9,1,427
55170,2025-06-28 14:39:04,0,10,0,0
80065,2025-06-28 14:42:02,1,6,0,0
20060,2025-06-28 14:44:31,1,10,1,316
13445,2025-06-28 14:45:01,1,8,0,0
2330,2025-06-28 14:53:37,0,6,1,531
99219,2025-06-28 14:56:36,0,6,0,0
36157,2025-06-28 15:08:30,0,4,0,0
3993,2025-06-28 15:22:18,1,1,1,455
97121,2025-06-28 15:38:48,0,8,1,289
32890,2025-06-28 15:40:13,0,4,0,0
75899,2025-06-28 15:43:54,1,11,1,349
59005,2025-06-28 15:54:01,0,3,0,0
23806,2025-06-28 15:55:09,0,8,0,0
90790,2025-06-28 15:58:46,1,4,1,287
98849,2025-06-28 16:09:41,0,5,0,0
33308,2025-06-28 16:14:41,0,8,0,0
5706,2025-06-28 16:14:42,0,5,0,0
72029,2025-06-28 16:18:24,1,6,0,0
67852,2025-06-28 16:22:29,1,9,0,0
52949,2025-06-28 16:23:28,0,3,1,506
78670,2025-06-28 16:23:34,0,6,0,0
55667,2025-06-28 16:25:26,1,4,0,0
33832,2025-06-28 16:33:56,0,4,0,0
56432,2025-06-28 16:38:03,0,11,1,488
94155,2025-06-28 16:41:08,0,4,1,605
59866,2025-06-28 16:52:31,0,8,1,439
59382,2025-06-28 16:59:36,0,4,0,0
57384,2025-06-28 17:09:04,1,8,0,0
56939,2025-06-28 17:09:49,0,3,0,0
8890,2025-06-28 17:22:10,0,4,0,0
71107,2025-06-28 17:22:32,1,8,0,0
68200,2025-06-28 17:27:02,1,10,1,572
56432,2025-06-28 17:36:25,1,4,0,0
54496,2025-06-28 17:37:25,0,5,0,0
60852,2025-06-28 17:52:58,1,8,0,0
82825,2025-06-28 17:56:45,0,11,0,0
4440,2025-06-28 17:57:23,0,6,1,605
34457,2025-06-28 17:59:57,1,10,1,415
77790,2025-06-28 18:04:07,0,8,0,0
37710,2025-06-28 18:14:54,0,8,1,497
53616,2025-06-28 18:16:30,0,8,0,0
59934,2025-06-28 18:20:55,1,4,0,0
1142,2025-06-28 18:23:36,0,7,0,0
94378,2025-06-28 18:23:36,0,8,0,0
85564,2025-06-28 18:25:42,0,4,1,500
19953,2025-06-28 18:29:03,0,8,1,286
92075,2025-06-28 18:29:09,0,7,0,0
87184,2025-06-28 18:29:56,0,6,0,0
22812,2025-06-28 18:35:15,0,7,0,0
68200,2025-06-28 18:35:26,0,7,0,0
23332,2025-06-28 18:46:04,1,7,0,0
28039,2025-06-28 18:56:00,1,7,0,0
78683,2025-06-28 18:57:23,0,8,0,0
61127,2025-06-28 19:05:43,1,5,0,0
69532,2025-06-28 19:19:43,0,3,0,0
80981,2025-06-28 19:24:23,0,7,0,0
11597,2025-06-28 19:31:25,1,5,0,0
74063,2025-06-28 19:33:56,1,9,0,0
64198,2025-06-28 19:37:07,1,11,1,431
85128,2025-06-28 19:37:07,0,4,0,0
52984,2025-06-28 19:41:04,0,8,1,318
25533,2025-06-28 19:51:22,0,7,0,0
23375,2025-06-28 19:51:56,0,10,1,342
23950,2025-06-28 19:52:21,0,5,1,474
45417,2025-06-28 19:52:54,0,7,0,0
37403,2025-06-28 19:59:30,0,3,0,0
35671,2025-06-28 20:03:48,0,5,0,0
83562,2025-06-28 20:07:19,1,10,0,0
98849,2025-06-28 20:09:30,1,4,0,0
8552,2025-06-28 20:11:30,1,8,0,0
69778,2025-06-28 20:29:38,1,1,0,0
87908,2025-06-28 20:40:13,0,6,0,0
16722,2025-06-28 20:41:14,0,9,0,0
16994,2025-06-28 20:44:58,0,3,1,502
28685,2025-06-28 20:55:18,0,8,0,0
70851,2025-06-28 21:01:49,0,2,0,0
61317,2025-06-28 21:06:21,1,2,0,0
70256,2025-06-28 21:10:35,1,5,0,0
83074,2025-06-28 21:11:23,0,8,1,376
47831,2025-06-28 21:12:55,1,9,0,0
32131,2025-06-28 21:17:56,1,11,1,677
96875,2025-06-28 21:18:10,0,4,1,405
43127,2025-06-28 21:19:37,0,6,0,0
7528,2025-06-28 21:21:11,0,6,1,461
15263,2025-06-28 21:24:03,0,5,0,0
36157,2025-06-28 21:31:36,1,6,0,0
95489,2025-06-28 21:36:18,0,9,0,0
90983,2025-06-28 21:42:03,0,5,0,0
82825,2025-06-28 21:46:06,0,5,0,0
71107,2025-06-28 21:52:26,0,8,1,385
32366,2025-06-28 22:08:00,0,3,0,0
89162,2025-06-28 22:10:52,1,11,1,584
36522,2025-06-28 22:13:03,1,7,1,673
74940,2025-06-28 22:25:58,0,4,0,0
32601,2025-06-28 22:26:16,1,7,1,297
37403,2025-06-28 22:26:32,1,4,0,0
21969,2025-06-28 22:37:29,1,5,0,0
84473,2025-06-28 22:39:16,0,4,0,0
19389,2025-06-28 22:41:11,0,6,1,459
67901,2025-06-28 22:55:22,0,8,1,421
53792,2025-06-28 23:00:35,1,8,0,0
63068,2025-06-28 23:06:06,0,2,0,0
46127,2025-06-28 23:07:25,1,10,0,0
8624,2025-06-28 23:08:46,0,13,1,343
8136,2025-06-28 23:18:53,0,3,1,408
33551,2025-06-28 23:27:25,0,10,0,0
25777,2025-06-28 23:33:56,0,11,0,0
52290,2025-06-28 23:34:11,0,5,0,0
2979,2025-06-28 23:38:31,0,8,1,542
75116,2025-06-28 23:45:45,1,7,0,0
63410,2025-06-28 23:46:38,1,9,0,0
91255,2025-06-28 23:46:57,1,5,1,547
8310,2025-06-28 23:50:51,0,4,1,348
30905,2025-06-28 23:51:00,0,7,0,0
22157,2025-06-29 00:04:58,0,4,0,0
1056,2025-06-29 00:11:18,1,8,0,0
18302,2025-06-29 00:14:39,1,8,0,0
39207,2025-06-29 00:34:31,0,7,0,0
85523,2025-06-29 01:01:00,1,7,0,0
62938,2025-06-29 01:02:40,0,5,0,0
99970,2025-06-29 01:13:59,0,6,1,879
43184,2025-06-29 01:16:33,0,5,0,0
11140,2025-06-29 01:19:15,1,13,0,0
83726,2025-06-29 01:27:32,0,7,0,0
94605,2025-06-29 01:32:36,0,9,1,690
69521,2025-06-29 01:45:06,0,5,1,390
45284,2025-06-29 01:49:43,1,7,0,0
33519,2025-06-29 01:52:39,0,2,0,0
23911,2025-06-29 01:54:15,0,10,0,0
91522,2025-06-29 01:59:35,1,3,0,0
67792,2025-06-29 02:00:17,1,6,0,0
28039,2025-06-29 02:03:03,0,10,0,0
38742,2025-06-29 02:21:14,0,4,1,570
66262,2025-06-29 02:29:45,1,9,0,0
55348,2025-06-29 02:41:07,0,4,0,0
82865,2025-06-29 02:57:49,0,6,0,0
22737,2025-06-29 03:05:54,1,4,0,0
25669,2025-06-29 03:17:58,0,12,0,0
8880,2025-06-29 03:28:08,0,5,1,412
77428,2025-06-29 04:02:20,0,9,0,0
66208,2025-06-29 04:06:39,1,7,0,0
35065,2025-06-29 04:06:44,0,10,0,0
14410,2025-06-29 04:06:45,0,6,0,0
69676,2025-06-29 04:09:41,0,6,1,882
37834,2025-06-29 04:36:12,1,4,0,0
55912,2025-06-29 04:42:03,0,1,0,0
33060,2025-06-29 04:44:54,0,5,0,0
89244,2025-06-29 04:45:50,0,5,0,0
88061,2025-06-29 04:46:53,1,8,0,0
47594,2025-06-29 04:47:06,0,7,1,524
23375,2025-06-29 04:51:37,1,7,0,0
60116,2025-06-29 04:54:17,0,6,0,0
59224,2025-06-29 05:13:02,0,1,0,0
21803,2025-06-29 05:14:26,0,5,1,251
82959,2025-06-29 05:15:59,1,4,0,0
9146,2025-06-29 05:18:57,0,6,0,0
83918,2025-06-29 05:26:28,1,7,1,402
19686,2025-06-29 05:38:52,0,3,0,0
50675,2025-06-29 05:56:24,0,8,0,0
5778,2025-06-29 05:57:49,1,7,0,0
5643,2025-06-29 06:36:47,0,7,0,0
25697,2025-06-29 06:58:02,0,6,0,0
94157,2025-06-29 07:01:46,1,4,1,342
15918,2025-06-29 07:02:58,0,5,0,0
23916,2025-06-29 07:04:27,1,4,1,341
1056,2025-06-29 07:10:46,0,4,1,669
64098,2025-06-29 07:11:27,0,6,0,0
16381,2025-06-29 07:49:18,1,8,0,0
37710,2025-06-29 08:02:27,0,6,0,0
7679,2025-06-29 08:28:38,0,8,1,392
87336,2025-06-29 08:33:36,0,4,0,0
91944,2025-06-29 08:54:57,0,4,0,0
18317,2025-06-29 08:59:58,0,4,1,280
30825,2025-06-29 09:18:19,0,4,0,0
53687,2025-06-29 09:20:21,0,8,1,279
78095,2025-06-29 09:22:35,0,4,1,371
44614,2025-06-29 09:27:34,1,9,0,0
74682,2025-06-29 09:34:08,0,3,0,0
48144,2025-06-29 09:37:02,1,4,1,477
53687,2025-06-29 09:38:30,0,3,0,0
152,2025-06-29 09:39:35,0,5,0,0
35172,2025-06-29 09:44:26,0,11,0,0
99141,2025-06-29 09:47:19,0,2,0,0
87918,2025-06-29 09:48:08,0,6,0,0
81012,2025-06-29 09:49:00,0,4,1,284
19128,2025-06-29 09:52:03,0,5,0,0
65862,2025-06-29 09:55:26,0,3,1,500
16395,2025-06-29 10:07:09,1,1,1,423
64917,2025-06-29 10:20:54,0,10,0,0
9816,2025-06-29 10:25:11,0,8,1,571
10790,2025-06-29 10:25:41,0,12,0,0
3968,2025-06-29 10:30:53,0,7,0,0
9146,2025-06-29 10:34:05,0,7,1,389
29184,2025-06-29 10:37:02,0,4,1,276
49004,2025-06-29 10:39:14,1,9,1,567
70754,2025-06-29 10:42:32,0,4,1,218
8751,2025-06-29 10:47:30,1,5,0,0
36762,2025-06-29 10:49:04,0,10,0,0
65536,2025-06-29 10:49:30,0,6,1,285
16718,2025-06-29 10:50:41,0,5,0,0
97475,2025-06-29 10:57:23,1,1,0,0
98600,2025-06-29 10:58:37,0,6,0,0
65998,2025-06-29 11:04:54,0,12,0,0
44666,2025-06-29 11:05:42,0,3,0,0
11844,2025-06-29 11:09:22,0,8,0,0
40211,2025-06-29 11:11:25,0,6,0,0
99810,2025-06-29 11:14:56,1,5,0,0
10530,2025-06-29 11:21:32,0,10,0,0
44143,2025-06-29 11:22:43,0,6,0,0
21941,2025-06-29 11:25:15,0,6,0,0
14842,2025-06-29 11:26:54,1,8,0,0
28679,2025-06-29 11:31:15,0,7,1,572
31213,2025-06-29 11:34:58,0,7,0,0
23239,2025-06-29 11:36:51,0,11,0,0
55572,2025-06-29 11:46:23,0,5,1,475
2994,2025-06-29 11:58:29,0,10,1,317
1056,2025-06-29 11:59:10,1,8,1,455
70120,2025-06-29 12:02:39,0,5,0,0
53271,2025-06-29 12:05:56,0,5,0,0
43184,2025-06-29 12:09:15,0,9,0,0
70222,2025-06-29 12:18:58,0,0,1,347
70754,2025-06-29 12:18:59,0,4,0,0
47616,2025-06-29 12:19:50,1,6,0,0
10139,2025-06-29 12:34:23,1,5,0,0
20284,2025-06-29 12:35:53,0,8,1,399
79850,2025-06-29 12:35:57,0,8,0,0
6439,2025-06-29 12:36:18,1,11,0,0
19718,2025-06-29 12:44:17,0,6,1,479
23239,2025-06-29 12:51:09,0,7,0,0
28031,2025-06-29 12:51:58,0,12,0,0
82461,2025-06-29 12:59:41,0,10,0,0
37455,2025-06-29 13:09:08,0,4,0,0
51412,2025-06-29 13:13:03,0,4,1,282
51957,2025-06-29 13:18:26,0,5,0,0
17554,2025-06-29 13:27:38,0,7,1,384
75257,2025-06-29 13:44:55,1,5,1,255
55572,2025-06-29 13:51:57,0,6,1,655
32890,2025-06-29 13:58:55,0,5,0,0
37797,2025-06-29 14:07:47,0,4,1,437
65037,2025-06-29 14:15:43,1,5,0,0
70851,2025-06-29 14:22:37,1,10,0,0
98849,2025-06-29 14:27:59,1,5,1,587
73987,2025-06-29 14:30:43,0,4,0,0
84789,2025-06-29 14:35:16,0,8,0,0
61575,2025-06-29 14:37:13,0,3,0,0
66504,2025-06-29 14:42:07,1,5,1,400
34272,2025-06-29 14:47:33,0,5,0,0
3993,2025-06-29 14:49:56,0,3,0,0
92330,2025-06-29 14:55:06,0,9,1,306
48680,2025-06-29 14:59:55,1,8,0,0
16786,2025-06-29 15:02:25,0,6,0,0
64403,2025-06-29 15:03:16,1,7,0,0
97916,2025-06-29 15:04:56,0,4,0,0
15263,2025-06-29 15:07:39,1,5,1,331
49769,2025-06-29 15:11:55,0,0,0,0
38792,2025-06-29 15:15:10,0,7,1,319
61396,2025-06-29 15:16:27,0,6,0,0
23319,2025-06-29 15:16:52,0,10,1,193
9146,2025-06-29 15:17:26,1,7,1,352
66855,2025-06-29 15:27:16,1,7,0,0
23319,2025-06-29 15:33:24,0,5,1,481
28039,2025-06-29 15:39:49,0,4,0,0
26960,2025-06-29 15:52:59,0,4,0,0
3512,2025-06-29 15:59:50,0,6,0,0
85236,2025-06-29 16:00:50,0,6,0,0
96950,2025-06-29 16:04:05,0,5,0,0
75770,2025-06-29 16:04:32,0,6,0,0
67403,2025-06-29 16:05:49,0,7,0,0
65536,2025-06-29 16:12:09,1,7,0,0
35427,2025-06-29 16:13:51,1,10,0,0
47616,2025-06-29 16:16:05,0,6,1,409
60502,2025-06-29 16:22:25,1,5,0,0
2784,2025-06-29 16:23:30,0,5,0,0
40828,2025-06-29 16:26:58,1,4,1,731
99130,2025-06-29 16:27:20,0,7,0,0
15382,2025-06-29 16:33:08,0,2,0,0
53814,2025-06-29 16:34:59,0,9,0,0
7492,2025-06-29 16:41:16,0,4,0,0
67950,2025-06-29 16:42:39,0,10,0,0
79194,2025-06-29 16:45:44,0,7,1,255
9287,2025-06-29 16:46:10,0,7,0,0
3849,2025-06-29 16:53:29,0,5,0,0
88943,2025-06-29 17:01:33,0,8,1,373
58007,2025-06-29 17:02:43,0,6,0,0
87734,2025-06-29 17:04:21,0,7,0,0
87283,2025-06-29 17:06:00,0,9,0,0
77549,2025-06-29 17:07:04,0,7,0,0
95857,2025-06-29 17:10:03,0,11,0,0
14635,2025-06-29 17:10:13,1,6,1,476
47427,2025-06-29 17:15:18,1,6,0,0
85907,2025-06-29 17:16:02,0,8,0,0
86902,2025-06-29 17:20:54,0,7,0,0
77549,2025-06-29 17:21:25,0,8,0,0
93654,2025-06-29 17:21:26,0,6,0,0
65518,2025-06-29 17:26:58,0,1,1,417
10686,2025-06-29 17:28:26,0,8,1,673
83406,2025-06-29 17:29:29,0,5,0,0
59406,2025-06-29 17:37:52,1,5,1,415
39672,2025-06-29 17:38:43,0,7,0,0
38807,2025-06-29 17:40:17,0,10,1,517
37455,2025-06-29 17:44:26,1,7,1,280
12038,2025-06-29 17:49:19,0,9,0,0
62938,2025-06-29 17:55:26,0,2,0,0
85280,2025-06-29 17:56:15,0,10,0,0
34382,2025-06-29 17:56:47,0,9,1,487
81366,2025-06-29 17:58:51,0,6,0,0
58596,2025-06-29 18:12:03,1,7,0,0
85967,2025-06-29 18:23:31,0,6,0,0
39588,2025-06-29 18:26:30,1,8,0,0
36892,2025-06-29 18:27:33,0,5,1,407
94151,2025-06-29 18:27:37,0,5,0,0
21281,2025-06-29 18:37:12,0,5,1,320
18243,2025-06-29 18:44:45,0,5,0,0
83298,2025-06-29 18:52:39,0,3,0,0
42182,2025-06-29 19:07:38,0,4,0,0
70256,2025-06-29 19:26:02,1,4,1,438
48919,2025-06-29 19:30:37,0,7,0,0
47980,2025-06-29 19:30:39,0,7,0,0
60167,2025-06-29 19:43:03,0,6,0,0
17860,2025-06-29 19:50:28,1,8,0,0
28822,2025-06-29 19:54:02,1,4,0,0
72411,2025-06-29 19:54:10,0,8,0,0
12914,2025-06-29 19:59:45,1,6,1,312
66798,2025-06-29 20:02:56,0,3,0,0
78110,2025-06-29 20:04:33,0,5,1,755
95326,2025-06-29 20:06:44,0,5,1,612
84473,2025-06-29 20:11:47,0,6,1,730
8083,2025-06-29 20:14:48,0,5,0,0
70120,2025-06-29 20:17:45,0,5,0,0
13556,2025-06-29 20:22:10,0,6,0,0
78381,2025-06-29 20:29:36,0,6,0,0
307,2025-06-29 20:32:01,0,3,0,0
12971,2025-06-29 20:37:27,0,3,0,0
67792,2025-06-29 20:41:46,0,5,0,0
14504,2025-06-29 20:45:30,0,5,0,0
19096,2025-06-29 20:49:27,1,4,0,0
17691,2025-06-29 20:54:27,1,3,0,0
63952,2025-06-29 20:56:17,1,8,0,0
79609,2025-06-29 20:57:47,0,4,0,0
57495,2025-06-29 20:58:45,1,3,1,248
59888,2025-06-29 21:02:52,0,5,1,289
31346,2025-06-29 21:04:53,0,6,1,389
55241,2025-06-29 21:09:13,1,5,0,0
22691,2025-06-29 21:11:31,1,4,1,485
74347,2025-06-29 21:14:19,0,4,0,0
5015,2025-06-29 21:21:05,0,7,1,596
1257,2025-06-29 21:30:55,1,7,0,0
86428,2025-06-29 21:35:35,1,3,0,0
93640,2025-06-29 21:57:13,0,4,0,0
43184,2025-06-29 21:57:43,1,9,1,423
71340,2025-06-29 22:03:58,0,6,1,391
3898,2025-06-29 22:04:14,1,7,0,0
18462,2025-06-29 22:11:38,0,3,0,0
87925,2025-06-29 22:12:04,1,6,0,0
39928,2025-06-29 22:13:32,1,8,1,501
94605,2025-06-29 22:15:06,0,9,1,724
87734,2025-06-29 22:18:25,0,8,1,342
47427,2025-06-29 22:27:34,0,4,0,0
84372,2025-06-29 22:29:58,1,7,0,0
63453,2025-06-29 22:30:32,0,5,1,575
64076,2025-06-29 22:38:19,0,7,1,404
7624,2025-06-29 22:52:15,1,8,1,473
69915,2025-06-29 22:52:30,1,5,0,0
49381,2025-06-29 23:06:08,1,4,1,497
41436,2025-06-29 23:07:13,0,8,1,361
13181,2025-06-29 23:07:20,0,11,0,0
13877,2025-06-29 23:26:09,0,5,1,259
42045,2025-06-29 23:31:36,0,6,0,0
25658,2025-06-29 23:32:25,0,8,0,0
9146,2025-06-29 23:33:54,1,4,1,338
32495,2025-06-29 23:34:54,0,6,1,584
55538,2025-06-29 23:35:16,0,3,0,0
32131,2025-06-29 23:43:40,1,3,0,0
19107,2025-06-29 23:44:13,1,4,0,0
86428,2025-06-29 23:52:43,0,4,0,0
70960,2025-06-29 23:56:23,1,3,0,0
44666,2025-06-30 00:16:55,1,4,0,0
48424,2025-06-30 00:52:04,0,5,0,0
30032,2025-06-30 00:53:54,0,4,1,445
52893,2025-06-30 01:00:49,0,4,1,553
68648,2025-06-30 01:02:59,0,6,0,0
11895,2025-06-30 01:13:45,1,4,0,0
88075,2025-06-30 01:20:48,0,5,0,0
33466,2025-06-30 01:24:03,0,1,0,0
45506,2025-06-30 01:33:19,0,4,0,0
40763,2025-06-30 01:35:49,1,5,0,0
19260,2025-06-30 01:39:53,0,2,0,0
22691,2025-06-30 02:35:44,0,4,1,310
21785,2025-06-30 03:02:49,0,7,0,0
501,2025-06-30 03:08:01,1,6,1,526
25697,2025-06-30 03:09:55,1,3,1,296
79873,2025-06-30 03:11:31,0,2,0,0
3968,2025-06-30 03:12:20,0,4,1,287
15382,2025-06-30 03:17:49,0,7,0,0
98331,2025-06-30 03:27:50,0,8,1,324
34440,2025-06-30 03:28:19,1,8,0,0
58694,2025-06-30 04:01:10,0,4,1,485
99576,2025-06-30 04:38:01,0,10,0,0
77434,2025-06-30 04:54:27,0,3,0,0
36022,2025-06-30 05:06:50,1,3,0,0
95527,2025-06-30 05:13:26,1,8,0,0
16994,2025-06-30 05:21:31,0,9,0,0
55626,2025-06-30 06:02:36,0,10,0,0
4352,2025-06-30 06:03:07,0,7,0,0
29315,2025-06-30 06:03:26,1,2,0,0
55663,2025-06-30 06:11:41,0,5,1,533
33060,2025-06-30 06:12:32,1,5,1,777
23604,2025-06-30 06:39:07,1,3,0,0
33333,2025-06-30 06:46:59,1,6,1,173
8415,2025-06-30 07:04:42,0,4,1,358
92717,2025-06-30 07:09:24,0,7,1,244
33835,2025-06-30 07:13:54,0,5,1,704
55572,2025-06-30 07:24:42,0,4,0,0
85339,2025-06-30 07:57:09,0,5,0,0
11907,2025-06-30 08:05:26,1,3,1,439
87530,2025-06-30 08:08:03,0,8,0,0
9136,2025-06-30 08:09:39,1,3,0,0
55667,2025-06-30 08:15:06,0,11,0,0
36884,2025-06-30 08:21:45,0,2,0,0
88075,2025-06-30 08:23:38,1,5,1,422
90790,2025-06-30 08:28:26,0,8,1,264
64855,2025-06-30 08:36:18,1,11,0,0
56754,2025-06-30 08:36:19,0,7,0,0
77428,2025-06-30 08:38:14,0,2,0,0
2357,2025-06-30 08:44:51,1,6,1,571
19364,2025-06-30 08:45:29,0,8,0,0
1222,2025-06-30 08:48:30,0,7,1,363
64403,2025-06-30 08:50:05,1,7,0,0
31749,2025-06-30 08:50:47,0,7,0,0
8514,2025-06-30 09:03:48,1,8,1,513
5908,2025-06-30 09:05:03,1,3,0,0
67245,2025-06-30 09:07:38,1,4,1,809
97240,2025-06-30 09:14:30,1,11,0,0
49806,2025-06-30 09:15:31,0,10,0,0
3968,2025-06-30 09:17:33,1,7,1,622
76936,2025-06-30 09:18:54,0,9,0,0
38213,2025-06-30 09:19:06,0,7,0,0
9146,2025-06-30 09:20:28,0,6,1,343
83562,2025-06-30 09:22:20,0,8,1,329
14668,2025-06-30 09:25:47,0,8,0,0
64227,2025-06-30 09:27:26,0,6,0,0
96134,2025-06-30 09:27:28,0,0,0,0
89704,2025-06-30 09:29:03,1,10,1,287
5038,2025-06-30 09:38:38,1,9,1,585
64208,2025-06-30 09:39:31,0,2,0,0
85601,2025-06-30 09:40:54,1,5,0,0
78457,2025-06-30 09:49:56,0,5,1,521
78676,2025-06-30 09:51:06,0,6,0,0
62216,2025-06-30 09:54:45,0,4,0,0
75332,2025-06-30 10:07:52,1,6,0,0
93541,2025-06-30 10:08:08,0,2,0,0
705,2025-06-30 10:09:46,0,0,0,0
48680,2025-06-30 10:14:31,0,12,0,0
57495,2025-06-30 10:23:37,1,4,0,0
2330,2025-06-30 10:25:16,0,10,0,0
54685,2025-06-30 10:25:45,0,4,0,0
41379,2025-06-30 10:26:45,1,2,0,0
61131,2025-06-30 10:28:01,1,6,0,0
50238,2025-06-30 10:31:49,0,8,0,0
55572,2025-06-30 10:38:17,0,4,1,428
91097,2025-06-30 10:49:18,0,8,0,0
68953,2025-06-30 10:59:18,0,10,0,0
32890,2025-06-30 11:00:20,0,5,1,333
47767,2025-06-30 11:03:16,0,16,0,0
37797,2025-06-30 11:03:27,0,6,0,0
21113,2025-06-30 11:10:55,1,5,0,0
86147,2025-06-30 11:16:40,1,0,0,0
31855,2025-06-30 11:16:59,1,5,1,452
70666,2025-06-30 11:26:23,0,4,0,0
85907,2025-06-30 11:30:39,0,9,0,0
99603,2025-06-30 12:02:48,0,2,0,0
46071,2025-06-30 12:03:34,1,5,1,387
48672,2025-06-30 12:10:38,1,6,0,0
77434,2025-06-30 12:12:53,0,12,1,548
2092,2025-06-30 12:20:14,0,2,0,0
62026,2025-06-30 12:21:24,0,5,0,0
47980,2025-06-30 12:26:57,1,5,0,0
44277,2025-06-30 12:34:30,0,3,1,434
75672,2025-06-30 12:36:30,0,7,0,0
95184,2025-06-30 12:39:41,0,3,1,359
22812,2025-06-30 12:45:28,0,4,1,354
65159,2025-06-30 12:52:29,1,8,0,0
44614,2025-06-30 12:54:37,1,5,0,0
20284,2025-06-30 12:58:14,0,3,0,0
99725,2025-06-30 13:14:45,1,6,0,0
54481,2025-06-30 13:20:50,0,4,0,0
82347,2025-06-30 13:24:20,0,9,1,516
50771,2025-06-30 13:24:36,0,7,1,391
65862,2025-06-30 13:35:33,0,5,0,0
2092,2025-06-30 13:40:35,0,5,0,0
74063,2025-06-30 13:42:32,0,8,1,352
72565,2025-06-30 13:43:11,0,7,1,255
2705,2025-06-30 13:45:38,1,6,0,0
76114,2025-06-30 13:46:05,1,5,0,0
61544,2025-06-30 13:47:23,1,4,0,0
19096,2025-06-30 13:47:55,0,5,1,431
47767,2025-06-30 13:49:08,0,9,0,0
37797,2025-06-30 13:57:35,0,5,0,0
42416,2025-06-30 14:03:30,0,6,0,0
13738,2025-06-30 14:06:53,0,7,0,0
48144,2025-06-30 14:11:25,0,6,1,534
57761,2025-06-30 14:12:02,1,8,1,296
95406,2025-06-30 14:24:14,1,4,1,584
38184,2025-06-30 14:28:20,0,5,0,0
93180,2025-06-30 14:32:06,1,8,0,0
37919,2025-06-30 14:32:45,0,5,1,884
83726,2025-06-30 14:49:00,0,5,0,0
6757,2025-06-30 14:57:36,1,7,0,0
2690,2025-06-30 15:06:11,0,4,1,589
41317,2025-06-30 15:12:11,0,5,1,245
22432,2025-06-30 15:17:33,0,8,0,0
6600,2025-06-30 15:24:22,0,7,1,301
82959,2025-06-30 15:31:08,0,7,0,0
66504,2025-06-30 15:32:46,1,4,1,253
21803,2025-06-30 15:46:58,1,15,0,0
82959,2025-06-30 15:55:54,1,4,0,0
15650,2025-06-30 15:57:35,0,8,0,0
80482,2025-06-30 15:58:00,0,5,0,0
81974,2025-06-30 15:58:51,1,5,1,374
32366,2025-06-30 16:00:40,0,6,0,0
85554,2025-06-30 16:02:00,1,6,0,0
67130,2025-06-30 16:06:09,1,1,0,0
52088,2025-06-30 16:13:37,0,4,0,0
14320,2025-06-30 16:22:16,1,7,1,402
81563,2025-06-30 16:22:25,0,0,0,0
17977,2025-06-30 16:27:02,1,8,0,0
2914,2025-06-30 16:28:15,0,9,1,197
17711,2025-06-30 16:30:09,0,5,0,0
14687,2025-06-30 16:33:47,1,8,0,0
85236,2025-06-30 16:37:20,1,7,0,0
27767,2025-06-30 16:39:39,0,9,0,0
20190,2025-06-30 16:41:03,0,4,1,220
1222,2025-06-30 16:51:31,1,5,0,0
18302,2025-06-30 17:08:53,0,12,0,0
69344,2025-06-30 17:12:30,0,8,0,0
46758,2025-06-30 17:14:51,0,5,0,0
66460,2025-06-30 17:15:14,1,4,0,0
51706,2025-06-30 17:18:27,0,8,0,0
12176,2025-06-30 17:22:46,0,8,0,0
98669,2025-06-30 17:23:51,0,8,0,0
97675,2025-06-30 17:34:19,0,3,1,470
38586,2025-06-30 17:35:58,0,7,0,0
80981,2025-06-30 17:45:00,1,5,0,0
52746,2025-06-30 17:47:01,0,8,1,265
59224,2025-06-30 17:52:55,0,4,0,0
88854,2025-06-30 18:05:06,0,6,0,0
96134,2025-06-30 18:10:06,0,3,1,244
93131,2025-06-30 18:17:16,1,5,1,354
52555,2025-06-30 18:18:58,1,7,1,524
94957,2025-06-30 18:20:51,0,3,1,345
32890,2025-06-30 18:25:42,0,4,0,0
33882,2025-06-30 18:29:12,0,3,1,455
32341,2025-06-30 18:33:23,0,6,0,0
64098,2025-06-30 18:35:19,0,7,1,425
22737,2025-06-30 18:35:43,0,5,1,590
27767,2025-06-30 18:36:28,1,6,0,0
65208,2025-06-30 18:36:59,1,12,0,0
68825,2025-06-30 18:39:19,0,8,0,0
9851,2025-06-30 18:40:56,1,7,1,314
76986,2025-06-30 18:43:05,1,8,1,394
64855,2025-06-30 18:54:21,1,4,0,0
86788,2025-06-30 18:58:38,0,5,0,0
14380,2025-06-30 18:58:52,0,6,1,489
69707,2025-06-30 19:02:29,0,6,1,386
5915,2025-06-30 19:07:18,1,8,1,367
29940,2025-06-30 19:11:44,0,1,0,0
59586,2025-06-30 19:18:54,1,4,0,0
84123,2025-06-30 19:23:29,0,6,0,0
29437,2025-06-30 19:30:26,0,7,0,0
10917,2025-06-30 19:39:38,1,4,1,694
55348,2025-06-30 19:44:08,0,7,0,0
31612,2025-06-30 19:44:26,0,4,0,0
37403,2025-06-30 19:54:57,0,6,0,0
77722,2025-06-30 20:08:32,0,5,0,0
20843,2025-06-30 20:13:38,1,6,0,0
80587,2025-06-30 20:19:04,1,3,0,0
65862,2025-06-30 20:24:35,0,4,1,554
36187,2025-06-30 20:28:10,1,2,0,0
21714,2025-06-30 20:28:26,1,6,1,520
7528,2025-06-30 20:31:48,1,5,0,0
1871,2025-06-30 20:40:52,0,9,0,0
48736,2025-06-30 20:40:57,1,9,0,0
99781,2025-06-30 20:42:41,0,3,1,592
47616,2025-06-30 20:42:43,1,4,0,0
65463,2025-06-30 20:42:43,0,7,1,469
15757,2025-06-30 20:44:15,0,4,0,0
71321,2025-06-30 20:44:52,0,7,0,0
81272,2025-06-30 20:45:59,1,7,1,407
97475,2025-06-30 20:55:50,0,8,0,0
10790,2025-06-30 21:04:11,0,7,0,0
38605,2025-06-30 21:07:21,0,4,1,457
4366,2025-06-30 21:12:39,1,6,0,0
99487,2025-06-30 21:25:55,1,7,0,0
19686,2025-06-30 21:30:49,0,12,0,0
53005,2025-06-30 21:32:21,0,3,1,404
26755,2025-06-30 21:42:35,0,6,0,0
62167,2025-06-30 21:47:39,0,6,0,0
20298,2025-06-30 21:49:07,0,5,0,0
9816,2025-06-30 22:01:05,0,6,0,0
64600,2025-06-30 22:11:23,0,5,0,0
32676,2025-06-30 22:13:58,0,7,0,0
65993,2025-06-30 22:25:12,0,7,0,0
14290,2025-06-30 22:31:58,0,3,1,299
60316,2025-06-30 22:34:07,0,4,1,562
18125,2025-06-30 22:38:44,0,2,0,0
33333,2025-06-30 22:50:46,0,3,1,362
85236,2025-06-30 22:50:52,0,4,0,0
42063,2025-06-30 22:54:12,0,7,0,0
25777,2025-06-30 22:57:45,0,2,0,0
14842,2025-06-30 22:58:57,0,7,0,0
83406,2025-06-30 23:02:22,0,4,0,0
12038,2025-06-30 23:05:54,0,5,0,0
98600,2025-06-30 23:11:25,0,7,0,0
24037,2025-06-30 23:17:23,0,7,0,0
50863,2025-06-30 23:23:18,0,3,0,0
52980,2025-06-30 23:23:20,0,4,0,0
62167,2025-06-30 23:24:03,0,7,1,447
40138,2025-06-30 23:27:53,0,3,1,625
45089,2025-06-30 23:30:42,1,10,0,0
53687,2025-06-30 23:44:29,1,11,0,0
