user_id,session_start_dttm,desktop_flag,session_duration_min,purchase_flag,purchase_amount_rub
808,2024-06-01 00:15:37,0,7,0,0
57128,2024-06-01 00:33:30,0,8,0,0
1963,2024-06-01 00:53:54,1,4,0,0
23024,2024-06-01 00:58:32,0,10,0,0
98256,2024-06-01 01:27:13,1,7,0,0
42810,2024-06-01 01:28:32,0,8,0,0
36250,2024-06-01 01:45:45,0,5,1,360
32531,2024-06-01 01:54:21,0,8,0,0
9143,2024-06-01 01:59:24,0,5,1,464
8044,2024-06-01 02:01:33,0,7,1,376
12914,2024-06-01 02:02:37,0,5,1,330
18637,2024-06-01 02:14:53,1,3,1,355
52639,2024-06-01 02:28:59,1,5,0,0
12291,2024-06-01 02:34:15,0,6,0,0
33154,2024-06-01 02:41:11,0,8,1,558
89286,2024-06-01 02:54:31,1,7,1,456
94427,2024-06-01 03:02:53,0,6,0,0
55670,2024-06-01 03:11:07,0,8,0,0
7496,2024-06-01 03:24:44,0,6,0,0
84211,2024-06-01 03:34:14,0,5,0,0
53683,2024-06-01 03:40:34,0,6,0,0
27259,2024-06-01 03:42:03,1,5,0,0
36191,2024-06-01 03:54:37,1,8,0,0
28974,2024-06-01 04:29:13,1,8,1,300
52763,2024-06-01 04:44:00,0,5,1,295
51855,2024-06-01 04:50:12,0,8,0,0
68299,2024-06-01 04:52:31,0,4,0,0
21941,2024-06-01 04:53:46,0,6,0,0
947,2024-06-01 05:02:02,0,6,0,0
59005,2024-06-01 05:10:31,1,8,0,0
17803,2024-06-01 05:11:01,0,1,1,537
9968,2024-06-01 05:23:05,1,8,0,0
96343,2024-06-01 05:23:27,0,5,1,620
69687,2024-06-01 05:32:10,1,5,1,597
69687,2024-06-01 05:40:32,0,6,1,386
98073,2024-06-01 05:48:47,0,5,0,0
79159,2024-06-01 05:53:35,0,4,0,0
40676,2024-06-01 05:56:11,0,2,1,238
63980,2024-06-01 06:07:09,0,11,0,0
3346,2024-06-01 06:09:17,1,4,1,559
76004,2024-06-01 06:31:21,1,8,0,0
25203,2024-06-01 07:12:36,0,6,0,0
87485,2024-06-01 07:22:59,0,6,0,0
947,2024-06-01 07:23:21,0,5,0,0
63198,2024-06-01 07:24:10,1,3,0,0
55605,2024-06-01 07:37:53,0,3,0,0
36252,2024-06-01 08:02:13,0,5,0,0
63198,2024-06-01 08:04:42,0,15,0,0
57397,2024-06-01 08:08:29,0,5,0,0
64796,2024-06-01 08:09:13,1,6,0,0
68209,2024-06-01 08:09:58,0,10,0,0
1963,2024-06-01 08:10:55,0,6,0,0
40240,2024-06-01 08:38:16,0,9,0,0
49643,2024-06-01 08:38:45,0,6,0,0
69936,2024-06-01 08:48:43,0,6,0,0
47375,2024-06-01 08:58:38,0,5,0,0
34457,2024-06-01 09:02:52,0,5,1,552
30239,2024-06-01 09:08:55,0,4,0,0
13954,2024-06-01 09:20:11,0,4,0,0
30425,2024-06-01 09:23:36,0,6,0,0
8367,2024-06-01 09:27:36,0,8,0,0
59863,2024-06-01 09:29:34,0,7,0,0
36133,2024-06-01 09:41:17,1,9,1,461
16235,2024-06-01 09:41:27,1,8,0,0
92284,2024-06-01 09:53:52,0,3,1,211
71149,2024-06-01 10:00:58,0,4,1,409
22522,2024-06-01 10:27:10,0,3,1,555
44094,2024-06-01 10:28:18,0,3,0,0
84003,2024-06-01 10:43:20,0,6,1,339
40240,2024-06-01 10:44:14,0,10,0,0
92491,2024-06-01 10:46:11,0,6,0,0
13245,2024-06-01 11:00:04,1,5,0,0
8743,2024-06-01 11:01:59,1,5,0,0
94994,2024-06-01 11:02:59,0,11,0,0
19452,2024-06-01 11:29:51,0,5,1,883
18952,2024-06-01 11:33:29,1,5,0,0
61346,2024-06-01 11:43:11,0,8,1,400
66354,2024-06-01 11:55:47,0,5,1,459
21072,2024-06-01 12:08:08,0,8,1,394
85573,2024-06-01 12:11:32,0,4,0,0
92724,2024-06-01 12:21:56,0,6,1,326
70923,2024-06-01 12:23:31,0,5,0,0
72842,2024-06-01 12:26:11,0,4,1,244
98996,2024-06-01 12:26:51,0,3,0,0
13954,2024-06-01 12:27:37,1,2,0,0
13325,2024-06-01 12:32:31,1,7,1,601
21072,2024-06-01 12:47:43,0,5,0,0
17072,2024-06-01 13:03:03,1,8,1,440
9557,2024-06-01 13:07:19,1,4,0,0
77954,2024-06-01 13:19:05,0,4,0,0
75061,2024-06-01 13:26:26,1,4,1,491
32968,2024-06-01 13:32:19,1,4,1,512
33244,2024-06-01 13:38:48,0,11,0,0
1440,2024-06-01 13:43:14,1,4,1,271
81288,2024-06-01 13:51:25,1,8,0,0
37612,2024-06-01 13:53:12,1,8,0,0
81179,2024-06-01 13:56:29,1,7,0,0
66265,2024-06-01 14:06:12,0,9,1,446
33154,2024-06-01 14:07:44,0,4,0,0
79725,2024-06-01 14:08:54,0,3,0,0
78173,2024-06-01 14:20:46,1,5,1,282
22442,2024-06-01 14:42:33,0,5,0,0
63008,2024-06-01 14:58:47,1,6,0,0
38963,2024-06-01 15:04:07,1,7,0,0
97106,2024-06-01 15:04:39,1,6,0,0
23515,2024-06-01 15:09:48,0,8,0,0
48604,2024-06-01 15:11:19,0,9,0,0
13229,2024-06-01 15:21:39,1,6,0,0
5991,2024-06-01 15:24:48,1,4,0,0
24096,2024-06-01 15:26:13,0,5,0,0
11517,2024-06-01 15:34:27,0,8,0,0
6757,2024-06-01 15:42:21,1,10,0,0
29094,2024-06-01 15:42:52,0,2,0,0
80182,2024-06-01 16:16:30,0,13,1,318
29363,2024-06-01 16:21:23,1,6,0,0
27168,2024-06-01 16:40:24,1,7,1,589
42810,2024-06-01 17:07:35,0,9,1,190
70415,2024-06-01 17:11:20,1,3,0,0
58690,2024-06-01 17:13:13,1,5,1,377
39795,2024-06-01 17:35:58,1,4,0,0
98996,2024-06-01 17:37:53,0,3,1,398
76274,2024-06-01 17:38:38,0,5,1,432
6149,2024-06-01 17:46:51,1,4,0,0
1440,2024-06-01 17:48:36,0,13,1,538
71149,2024-06-01 17:49:28,0,3,0,0
65868,2024-06-01 18:24:07,0,7,0,0
19020,2024-06-01 18:26:10,0,2,0,0
70824,2024-06-01 18:30:02,0,8,0,0
52031,2024-06-01 18:39:18,0,4,0,0
85364,2024-06-01 18:41:31,0,6,1,245
16855,2024-06-01 18:43:18,0,5,0,0
11853,2024-06-01 18:43:34,1,10,0,0
62770,2024-06-01 18:45:05,0,5,0,0
66236,2024-06-01 19:02:50,0,6,0,0
25568,2024-06-01 19:05:20,0,8,0,0
8648,2024-06-01 19:12:42,0,11,0,0
78632,2024-06-01 19:12:43,1,5,0,0
19861,2024-06-01 19:14:00,1,4,0,0
78289,2024-06-01 19:15:42,0,8,0,0
62893,2024-06-01 19:19:24,0,5,1,498
38744,2024-06-01 19:22:47,0,6,1,331
49362,2024-06-01 19:32:34,0,8,1,363
38173,2024-06-01 19:42:08,0,4,1,497
58185,2024-06-01 19:45:49,0,5,0,0
8378,2024-06-01 19:48:27,0,6,0,0
74070,2024-06-01 19:52:04,1,5,1,427
13849,2024-06-01 19:52:18,0,6,0,0
1472,2024-06-01 20:08:00,1,2,0,0
41922,2024-06-01 20:08:23,0,5,1,434
57824,2024-06-01 20:08:50,0,6,1,623
62770,2024-06-01 20:08:52,0,5,1,274
15139,2024-06-01 20:11:40,0,6,0,0
82674,2024-06-01 20:15:06,0,8,1,596
92724,2024-06-01 20:23:32,0,7,0,0
50753,2024-06-01 20:25:20,1,9,0,0
63658,2024-06-01 20:35:45,1,3,1,415
36022,2024-06-01 20:45:28,0,6,1,389
9821,2024-06-01 20:47:53,0,7,1,391
21698,2024-06-01 20:49:54,1,12,1,303
41882,2024-06-01 20:50:15,0,8,0,0
32290,2024-06-01 20:56:03,0,8,1,291
11031,2024-06-01 21:02:16,1,6,0,0
5407,2024-06-01 21:04:45,0,4,0,0
20562,2024-06-01 21:05:47,0,7,0,0
57786,2024-06-01 21:13:38,0,9,1,398
85573,2024-06-01 21:19:42,1,9,0,0
2092,2024-06-01 21:24:58,0,10,0,0
13858,2024-06-01 21:25:43,1,9,0,0
53616,2024-06-01 21:31:35,0,3,0,0
63079,2024-06-01 21:34:25,1,7,1,376
62938,2024-06-01 21:40:08,1,7,0,0
88727,2024-06-01 22:09:59,0,8,0,0
82205,2024-06-01 22:10:41,0,5,0,0
96693,2024-06-01 22:19:05,1,3,0,0
55198,2024-06-01 22:22:53,1,5,0,0
40713,2024-06-01 22:23:02,0,4,1,716
28681,2024-06-01 22:28:14,0,8,0,0
37924,2024-06-01 22:29:22,0,5,0,0
21941,2024-06-01 22:45:02,1,7,0,0
10995,2024-06-01 22:46:35,0,9,0,0
48493,2024-06-01 22:50:53,0,7,1,324
34249,2024-06-01 22:50:57,1,10,0,0
87048,2024-06-01 22:54:01,0,6,0,0
94157,2024-06-01 22:56:03,1,8,0,0
62706,2024-06-01 22:57:28,0,6,0,0
73789,2024-06-01 23:01:29,0,8,0,0
20248,2024-06-01 23:05:22,0,5,1,976
6659,2024-06-01 23:09:23,0,3,1,354
964,2024-06-01 23:19:07,1,4,0,0
8083,2024-06-01 23:20:35,1,6,1,371
40240,2024-06-01 23:27:59,1,2,0,0
6757,2024-06-01 23:32:51,0,7,0,0
56004,2024-06-01 23:35:32,1,6,0,0
40211,2024-06-01 23:36:13,1,5,1,731
77029,2024-06-01 23:43:34,0,2,1,439
91327,2024-06-01 23:44:17,0,7,0,0
38277,2024-06-02 00:27:50,0,6,0,0
7233,2024-06-02 00:37:13,0,3,1,305
94427,2024-06-02 00:44:41,1,2,0,0
17072,2024-06-02 01:02:46,0,5,1,590
38241,2024-06-02 01:09:58,0,7,0,0
99346,2024-06-02 01:35:17,0,5,1,336
13503,2024-06-02 01:54:23,0,3,0,0
87557,2024-06-02 02:05:17,1,2,0,0
20853,2024-06-02 03:43:17,1,8,1,392
61861,2024-06-02 03:45:09,1,7,0,0
39107,2024-06-02 04:06:42,1,4,1,275
48241,2024-06-02 04:13:21,0,2,0,0
12525,2024-06-02 04:14:00,0,9,1,394
82674,2024-06-02 04:22:04,1,3,0,0
20374,2024-06-02 04:48:55,1,6,0,0
72522,2024-06-02 05:10:42,0,7,1,421
57128,2024-06-02 05:11:15,0,3,1,410
92038,2024-06-02 05:13:54,1,7,0,0
88854,2024-06-02 05:16:31,0,8,0,0
29589,2024-06-02 05:28:35,0,5,0,0
62941,2024-06-02 05:43:17,0,7,0,0
59460,2024-06-02 06:26:49,0,4,0,0
6432,2024-06-02 06:29:56,1,8,1,310
61545,2024-06-02 06:39:26,1,9,0,0
42017,2024-06-02 06:58:38,0,6,0,0
29831,2024-06-02 07:00:31,0,12,0,0
84211,2024-06-02 07:28:44,0,8,0,0
32913,2024-06-02 07:38:00,0,4,1,335
43097,2024-06-02 07:45:37,0,7,0,0
54104,2024-06-02 07:47:10,0,5,1,264
9387,2024-06-02 07:48:49,0,4,1,430
44592,2024-06-02 07:52:06,0,5,1,498
4545,2024-06-02 07:56:23,0,9,1,343
3664,2024-06-02 08:01:55,0,5,0,0
2373,2024-06-02 08:04:33,1,3,0,0
77029,2024-06-02 08:17:07,1,5,1,303
11629,2024-06-02 08:17:26,0,5,0,0
37973,2024-06-02 08:19:23,0,7,1,673
56004,2024-06-02 08:23:21,0,8,0,0
57824,2024-06-02 08:48:22,0,4,0,0
2954,2024-06-02 08:50:41,0,5,0,0
4933,2024-06-02 08:57:41,1,8,0,0
59152,2024-06-02 09:11:17,0,6,0,0
21933,2024-06-02 09:25:41,1,6,0,0
16727,2024-06-02 09:27:07,0,2,1,329
86147,2024-06-02 09:28:12,0,5,1,352
63003,2024-06-02 09:43:09,0,5,0,0
43010,2024-06-02 09:44:08,0,7,0,0
38133,2024-06-02 09:47:45,0,8,0,0
39441,2024-06-02 09:59:25,0,5,0,0
11260,2024-06-02 10:05:10,0,10,1,326
30905,2024-06-02 10:06:18,0,11,0,0
3375,2024-06-02 10:10:33,0,8,0,0
40240,2024-06-02 10:26:24,0,7,1,668
6389,2024-06-02 10:34:29,0,13,1,880
67448,2024-06-02 10:35:29,1,3,0,0
10905,2024-06-02 10:35:32,1,4,0,0
63852,2024-06-02 10:39:46,1,7,1,349
31426,2024-06-02 10:41:35,0,7,0,0
46967,2024-06-02 10:45:03,0,5,0,0
85905,2024-06-02 10:46:20,0,7,1,557
12187,2024-06-02 10:52:15,1,9,1,563
87403,2024-06-02 11:18:31,0,4,1,396
40289,2024-06-02 11:35:23,1,5,0,0
96298,2024-06-02 11:37:33,0,5,0,0
51507,2024-06-02 11:39:32,0,3,1,259
18290,2024-06-02 11:45:55,0,7,1,466
61752,2024-06-02 12:05:33,1,9,0,0
2818,2024-06-02 12:09:16,1,6,0,0
79943,2024-06-02 12:10:29,0,4,0,0
57128,2024-06-02 12:11:11,0,5,1,450
44367,2024-06-02 12:15:11,0,3,0,0
68415,2024-06-02 12:17:41,0,5,0,0
14777,2024-06-02 12:21:13,0,6,0,0
88610,2024-06-02 12:37:54,1,6,0,0
22592,2024-06-02 12:38:24,1,6,0,0
96221,2024-06-02 12:42:10,1,4,0,0
69883,2024-06-02 12:54:58,0,5,0,0
91948,2024-06-02 13:01:48,1,6,1,311
40072,2024-06-02 13:06:47,1,10,0,0
48399,2024-06-02 13:07:46,0,7,0,0
78442,2024-06-02 13:08:41,0,10,0,0
68415,2024-06-02 13:16:59,0,9,0,0
12454,2024-06-02 13:26:19,0,2,0,0
48241,2024-06-02 13:29:27,0,7,0,0
43995,2024-06-02 13:38:47,0,8,0,0
66051,2024-06-02 13:44:00,0,5,0,0
77689,2024-06-02 13:55:03,0,6,0,0
35872,2024-06-02 14:02:26,1,2,1,460
66455,2024-06-02 14:30:39,0,4,1,747
93203,2024-06-02 14:34:34,0,6,0,0
17869,2024-06-02 14:41:47,1,5,0,0
25788,2024-06-02 14:45:40,0,5,0,0
42402,2024-06-02 14:48:37,0,10,0,0
43133,2024-06-02 15:06:57,0,5,1,569
18952,2024-06-02 15:18:49,0,5,0,0
12359,2024-06-02 15:28:41,0,5,0,0
68499,2024-06-02 15:28:50,0,5,0,0
60316,2024-06-02 15:30:57,0,7,0,0
4545,2024-06-02 15:46:13,1,9,0,0
8135,2024-06-02 16:00:02,0,1,0,0
36022,2024-06-02 16:02:13,0,6,1,316
28447,2024-06-02 16:02:36,1,9,0,0
59037,2024-06-02 16:11:25,1,8,0,0
69642,2024-06-02 16:12:08,1,5,0,0
10856,2024-06-02 16:17:02,0,9,1,483
13849,2024-06-02 16:18:04,0,6,0,0
45831,2024-06-02 16:20:59,1,6,0,0
79159,2024-06-02 16:29:35,1,6,1,386
57128,2024-06-02 16:33:18,0,5,1,231
4019,2024-06-02 16:39:10,0,6,0,0
60167,2024-06-02 16:40:54,0,3,1,290
801,2024-06-02 17:12:47,0,6,0,0
42028,2024-06-02 17:19:14,0,5,0,0
61325,2024-06-02 17:25:25,0,9,0,0
3341,2024-06-02 17:44:38,1,2,1,363
88061,2024-06-02 17:45:23,1,8,0,0
44815,2024-06-02 17:54:54,0,11,0,0
30905,2024-06-02 17:56:32,1,6,0,0
51855,2024-06-02 17:58:58,1,2,0,0
92284,2024-06-02 18:03:15,0,7,0,0
25931,2024-06-02 18:05:07,0,4,1,266
46574,2024-06-02 18:08:35,0,12,0,0
45089,2024-06-02 18:11:34,0,7,1,533
4136,2024-06-02 18:14:54,0,6,1,296
7756,2024-06-02 18:22:49,0,4,0,0
37051,2024-06-02 18:38:17,1,4,0,0
93791,2024-06-02 18:44:52,1,6,0,0
34006,2024-06-02 18:47:20,0,2,0,0
56647,2024-06-02 18:54:31,0,5,0,0
2954,2024-06-02 18:59:02,0,4,0,0
54347,2024-06-02 19:00:51,0,6,0,0
33272,2024-06-02 19:06:29,0,5,0,0
46967,2024-06-02 19:10:21,0,3,0,0
48026,2024-06-02 19:16:58,0,6,0,0
61325,2024-06-02 19:23:55,0,7,1,621
63446,2024-06-02 19:23:58,0,3,0,0
94155,2024-06-02 19:40:11,0,2,0,0
97946,2024-06-02 19:55:53,1,6,0,0
88574,2024-06-02 19:59:39,0,8,0,0
11805,2024-06-02 20:14:52,0,6,1,347
80249,2024-06-02 20:17:44,1,5,0,0
22149,2024-06-02 20:23:29,0,3,0,0
20395,2024-06-02 20:40:02,0,5,0,0
90381,2024-06-02 20:52:37,1,5,1,761
69934,2024-06-02 21:04:28,0,5,0,0
65205,2024-06-02 21:07:42,0,4,1,637
57397,2024-06-02 21:23:45,0,6,0,0
7085,2024-06-02 21:27:30,1,2,0,0
17953,2024-06-02 22:08:29,0,7,0,0
90194,2024-06-02 22:09:54,0,8,0,0
94427,2024-06-02 22:10:32,0,8,1,334
5343,2024-06-02 22:35:31,0,5,1,590
34750,2024-06-02 22:45:14,0,5,0,0
61355,2024-06-02 22:49:17,0,6,0,0
65306,2024-06-02 23:00:02,0,13,0,0
85234,2024-06-02 23:29:07,0,3,0,0
99937,2024-06-02 23:30:31,0,6,1,490
92284,2024-06-02 23:41:12,0,2,1,451
75672,2024-06-03 00:14:21,0,5,0,0
34740,2024-06-03 00:32:13,1,6,0,0
33060,2024-06-03 00:50:15,1,4,1,397
13811,2024-06-03 00:57:51,0,7,0,0
40516,2024-06-03 00:59:20,1,5,0,0
39634,2024-06-03 01:20:41,1,8,0,0
38002,2024-06-03 01:45:29,1,11,1,303
40644,2024-06-03 02:36:38,0,6,0,0
29094,2024-06-03 02:37:40,0,8,0,0
84611,2024-06-03 02:42:03,0,5,0,0
9838,2024-06-03 02:46:42,0,6,0,0
41287,2024-06-03 02:48:52,1,10,0,0
93652,2024-06-03 03:34:09,1,7,0,0
10166,2024-06-03 03:34:55,0,5,0,0
65694,2024-06-03 03:43:13,1,6,0,0
52613,2024-06-03 03:45:43,0,6,0,0
38942,2024-06-03 04:08:00,0,5,1,575
59670,2024-06-03 04:16:02,0,4,0,0
86618,2024-06-03 04:24:08,0,5,0,0
85144,2024-06-03 04:32:56,1,5,0,0
87557,2024-06-03 04:43:39,0,10,0,0
63302,2024-06-03 05:07:59,0,6,0,0
23370,2024-06-03 05:09:05,0,8,0,0
23024,2024-06-03 05:12:14,1,5,0,0
87745,2024-06-03 05:25:49,0,7,0,0
93180,2024-06-03 05:35:24,1,9,0,0
25788,2024-06-03 05:38:22,0,5,1,267
20911,2024-06-03 05:41:31,0,5,0,0
39107,2024-06-03 05:47:47,0,7,0,0
81487,2024-06-03 06:14:43,1,4,0,0
9387,2024-06-03 06:20:10,1,4,0,0
6528,2024-06-03 06:40:54,0,9,0,0
93180,2024-06-03 06:50:30,1,7,0,0
18121,2024-06-03 06:52:47,0,4,1,419
78231,2024-06-03 06:56:26,0,5,0,0
53616,2024-06-03 07:12:32,0,8,0,0
91017,2024-06-03 07:17:30,0,6,0,0
21852,2024-06-03 07:33:55,0,4,0,0
32913,2024-06-03 07:59:49,1,7,0,0
20374,2024-06-03 08:00:32,1,8,0,0
84567,2024-06-03 08:02:10,0,5,0,0
67542,2024-06-03 08:07:12,0,4,0,0
85420,2024-06-03 08:08:15,1,2,0,0
96623,2024-06-03 08:11:34,0,5,0,0
19452,2024-06-03 08:22:01,1,6,0,0
53255,2024-06-03 08:28:32,0,6,0,0
84524,2024-06-03 08:32:09,0,5,1,340
67655,2024-06-03 08:49:18,0,6,0,0
94926,2024-06-03 08:49:35,0,8,0,0
64122,2024-06-03 08:52:36,0,6,0,0
27982,2024-06-03 09:03:00,0,4,1,440
27966,2024-06-03 09:08:04,0,3,1,373
37869,2024-06-03 09:10:26,0,6,1,399
32701,2024-06-03 09:16:25,0,7,1,446
82135,2024-06-03 09:23:22,1,6,0,0
55952,2024-06-03 09:44:58,1,5,1,1147
36072,2024-06-03 09:45:30,1,7,0,0
4343,2024-06-03 09:46:22,1,8,0,0
89864,2024-06-03 09:49:55,0,3,0,0
10166,2024-06-03 10:03:25,0,4,0,0
55952,2024-06-03 10:10:53,0,10,0,0
70115,2024-06-03 10:16:12,1,7,0,0
39634,2024-06-03 10:20:36,0,9,1,569
65306,2024-06-03 10:20:58,0,5,1,415
42724,2024-06-03 10:22:53,0,3,1,664
9968,2024-06-03 10:26:14,0,9,0,0
39581,2024-06-03 10:31:30,1,5,1,394
88273,2024-06-03 10:34:56,0,2,0,0
88574,2024-06-03 10:38:46,1,10,0,0
92586,2024-06-03 10:39:59,0,6,0,0
68804,2024-06-03 10:42:43,0,5,0,0
88935,2024-06-03 11:02:53,0,14,1,570
46841,2024-06-03 11:06:52,0,4,0,0
236,2024-06-03 11:07:47,1,2,1,407
34740,2024-06-03 11:12:20,1,10,0,0
27540,2024-06-03 11:19:02,0,3,1,578
71817,2024-06-03 11:21:59,1,4,0,0
46342,2024-06-03 11:25:19,1,7,0,0
2720,2024-06-03 11:30:22,0,7,1,348
82278,2024-06-03 11:38:37,0,13,0,0
25568,2024-06-03 11:39:32,0,11,0,0
67655,2024-06-03 11:44:23,1,6,0,0
7756,2024-06-03 12:07:27,0,6,1,460
947,2024-06-03 12:35:35,1,6,0,0
62680,2024-06-03 12:38:48,1,5,0,0
31314,2024-06-03 12:43:27,0,11,1,528
65306,2024-06-03 12:45:48,0,8,1,363
60689,2024-06-03 12:57:14,1,4,1,249
28342,2024-06-03 13:01:53,0,8,0,0
22157,2024-06-03 13:04:56,0,6,0,0
4149,2024-06-03 13:06:51,0,3,0,0
98314,2024-06-03 13:06:54,1,6,1,669
41922,2024-06-03 13:11:12,1,6,0,0
76933,2024-06-03 13:17:36,1,5,1,370
25661,2024-06-03 13:30:10,1,12,1,678
29017,2024-06-03 13:31:47,1,6,0,0
55558,2024-06-03 13:42:51,0,7,0,0
36560,2024-06-03 13:49:18,0,4,0,0
6023,2024-06-03 13:59:08,0,4,0,0
68953,2024-06-03 14:11:04,0,7,0,0
13858,2024-06-03 14:12:18,0,4,0,0
61325,2024-06-03 14:16:38,0,12,0,0
18954,2024-06-03 14:18:52,1,6,0,0
18121,2024-06-03 14:33:50,1,11,1,376
21584,2024-06-03 14:39:20,0,8,1,505
28778,2024-06-03 14:40:34,0,5,0,0
84211,2024-06-03 14:41:24,0,7,0,0
69155,2024-06-03 14:47:13,0,9,0,0
78033,2024-06-03 14:49:21,0,7,1,309
44997,2024-06-03 15:29:09,0,4,1,435
8244,2024-06-03 15:33:30,0,4,0,0
62938,2024-06-03 15:39:30,0,5,0,0
69934,2024-06-03 15:40:04,1,5,1,278
53366,2024-06-03 15:43:44,0,7,0,0
8044,2024-06-03 16:12:20,0,2,0,0
9838,2024-06-03 16:12:28,0,6,0,0
49147,2024-06-03 16:41:51,1,5,0,0
92450,2024-06-03 16:47:52,0,4,0,0
30239,2024-06-03 16:48:10,0,5,1,198
80182,2024-06-03 16:49:19,0,7,0,0
2092,2024-06-03 16:50:34,1,5,1,300
81487,2024-06-03 16:53:18,0,7,1,372
7936,2024-06-03 16:54:58,0,8,0,0
67248,2024-06-03 17:01:29,1,2,0,0
50753,2024-06-03 17:04:17,0,9,0,0
22788,2024-06-03 17:10:20,0,6,1,547
32648,2024-06-03 17:15:30,0,5,1,720
20681,2024-06-03 17:34:08,1,11,0,0
29585,2024-06-03 17:38:42,1,6,0,0
6584,2024-06-03 17:50:45,0,4,0,0
60167,2024-06-03 18:06:45,1,6,0,0
78119,2024-06-03 18:17:09,1,1,0,0
31426,2024-06-03 18:23:31,0,9,0,0
82478,2024-06-03 18:30:31,0,5,1,275
30223,2024-06-03 18:37:00,0,2,0,0
51901,2024-06-03 18:41:40,0,5,0,0
27168,2024-06-03 18:49:46,1,5,0,0
77869,2024-06-03 18:55:20,0,6,0,0
73514,2024-06-03 19:04:08,0,6,0,0
23024,2024-06-03 19:16:03,0,5,0,0
5661,2024-06-03 19:16:08,0,3,1,215
23389,2024-06-03 19:22:38,0,9,0,0
87152,2024-06-03 19:33:54,0,6,1,312
91766,2024-06-03 19:35:04,0,5,1,272
46574,2024-06-03 19:42:57,1,3,1,391
77173,2024-06-03 19:43:53,1,14,1,583
71895,2024-06-03 19:44:03,0,5,1,274
8778,2024-06-03 19:49:51,0,7,0,0
36522,2024-06-03 19:52:38,0,4,0,0
40366,2024-06-03 19:54:53,0,4,0,0
77954,2024-06-03 19:54:59,0,1,0,0
65306,2024-06-03 20:03:32,0,7,0,0
6801,2024-06-03 20:25:27,1,9,0,0
84211,2024-06-03 20:38:42,1,2,1,523
55806,2024-06-03 20:41:34,0,5,1,339
16353,2024-06-03 20:47:23,0,7,0,0
84524,2024-06-03 20:55:31,0,7,0,0
74242,2024-06-03 20:59:22,0,6,0,0
19947,2024-06-03 21:17:13,1,3,0,0
38002,2024-06-03 21:21:06,0,8,0,0
84190,2024-06-03 21:28:23,1,7,1,310
15275,2024-06-03 21:33:33,0,2,1,337
56265,2024-06-03 21:39:26,0,11,0,0
6439,2024-06-03 22:02:58,0,5,0,0
41324,2024-06-03 22:09:24,0,7,0,0
94228,2024-06-03 22:10:12,0,2,0,0
89509,2024-06-03 22:12:43,0,7,0,0
22149,2024-06-03 22:15:17,0,2,1,481
8743,2024-06-03 22:32:08,0,9,1,267
35543,2024-06-03 22:51:29,1,5,0,0
26290,2024-06-03 22:56:02,0,5,1,420
26995,2024-06-03 23:22:35,0,8,0,0
38173,2024-06-03 23:32:54,0,7,0,0
59670,2024-06-03 23:35:44,0,6,1,292
30239,2024-06-03 23:36:12,0,6,1,479
60689,2024-06-03 23:37:02,1,7,1,470
38695,2024-06-03 23:49:56,0,2,1,732
8367,2024-06-03 23:59:27,1,3,1,441
4961,2024-06-04 00:00:49,0,11,0,0
95515,2024-06-04 00:12:48,0,5,0,0
17803,2024-06-04 00:18:53,1,5,0,0
94994,2024-06-04 00:46:16,0,6,0,0
79725,2024-06-04 00:49:59,1,6,1,232
52613,2024-06-04 00:59:00,1,4,0,0
21518,2024-06-04 01:06:26,1,7,0,0
603,2024-06-04 01:06:28,0,9,0,0
76933,2024-06-04 01:09:13,1,6,0,0
57824,2024-06-04 01:17:18,1,5,0,0
84683,2024-06-04 01:30:23,0,7,0,0
6439,2024-06-04 01:44:17,0,4,1,308
7720,2024-06-04 01:47:44,0,5,0,0
42402,2024-06-04 02:06:14,0,8,0,0
73204,2024-06-04 02:51:59,1,5,1,267
33035,2024-06-04 02:54:00,0,2,0,0
39581,2024-06-04 03:13:11,1,8,1,440
93983,2024-06-04 03:31:31,0,5,0,0
16782,2024-06-04 04:19:57,0,5,0,0
58185,2024-06-04 04:21:03,0,7,1,283
14822,2024-06-04 04:22:55,0,4,1,324
37973,2024-06-04 04:42:01,0,14,0,0
12454,2024-06-04 04:56:30,0,7,0,0
68953,2024-06-04 05:03:15,0,5,1,391
18366,2024-06-04 05:05:25,0,6,1,380
80637,2024-06-04 05:12:10,1,9,0,0
51507,2024-06-04 05:16:39,0,4,1,356
78033,2024-06-04 05:30:07,0,10,0,0
96693,2024-06-04 05:41:05,0,5,1,309
75061,2024-06-04 05:43:53,1,4,1,531
99351,2024-06-04 06:05:29,1,6,0,0
47375,2024-06-04 06:06:17,0,5,1,488
32225,2024-06-04 06:08:16,1,8,0,0
92698,2024-06-04 06:14:00,1,9,0,0
88935,2024-06-04 06:17:52,0,3,0,0
52501,2024-06-04 06:26:37,0,12,1,508
78107,2024-06-04 06:46:36,1,4,0,0
74063,2024-06-04 06:53:44,1,9,0,0
40804,2024-06-04 07:07:04,0,5,0,0
36072,2024-06-04 07:14:16,0,0,1,389
40516,2024-06-04 07:47:27,1,7,0,0
16041,2024-06-04 08:05:22,0,5,0,0
82405,2024-06-04 08:14:03,0,5,0,0
39795,2024-06-04 08:15:39,1,9,0,0
2359,2024-06-04 08:23:35,1,5,0,0
9470,2024-06-04 08:26:49,0,7,0,0
23028,2024-06-04 08:32:03,1,5,1,412
11053,2024-06-04 08:50:38,0,5,0,0
48493,2024-06-04 08:57:55,0,4,0,0
12525,2024-06-04 09:14:23,0,3,0,0
61835,2024-06-04 09:15:22,0,7,0,0
81691,2024-06-04 09:16:31,0,6,1,360
68889,2024-06-04 09:18:12,0,6,0,0
92491,2024-06-04 09:23:04,0,6,0,0
59037,2024-06-04 09:37:11,0,2,0,0
88658,2024-06-04 09:38:27,0,7,0,0
57128,2024-06-04 09:42:04,0,6,0,0
2359,2024-06-04 09:44:37,1,9,0,0
71596,2024-06-04 09:45:53,0,5,0,0
10213,2024-06-04 09:47:23,0,10,0,0
84567,2024-06-04 09:59:15,1,6,1,440
36250,2024-06-04 10:03:10,0,4,1,512
63008,2024-06-04 10:03:41,1,6,0,0
94579,2024-06-04 10:10:14,0,7,0,0
24251,2024-06-04 10:12:46,1,7,0,0
82223,2024-06-04 10:15:18,0,8,0,0
35486,2024-06-04 10:24:40,1,3,0,0
16353,2024-06-04 10:48:01,0,0,0,0
39795,2024-06-04 11:06:52,0,6,1,308
44094,2024-06-04 11:08:00,0,9,1,401
27168,2024-06-04 11:15:08,0,7,0,0
48849,2024-06-04 11:18:17,0,3,1,488
95515,2024-06-04 11:18:21,0,6,0,0
9968,2024-06-04 11:26:30,0,3,0,0
94502,2024-06-04 11:26:38,1,4,1,242
67542,2024-06-04 11:35:40,1,5,0,0
50470,2024-06-04 11:40:49,0,6,1,318
21518,2024-06-04 11:44:53,0,1,1,332
35682,2024-06-04 11:51:49,0,9,0,0
8155,2024-06-04 12:02:26,0,6,1,418
14333,2024-06-04 12:05:18,0,4,0,0
63836,2024-06-04 12:35:42,0,9,0,0
94502,2024-06-04 12:44:08,0,4,1,517
8367,2024-06-04 12:44:33,0,10,1,372
26774,2024-06-04 12:46:18,0,6,0,0
11368,2024-06-04 12:55:47,0,11,1,641
69155,2024-06-04 12:56:36,0,3,0,0
46700,2024-06-04 13:00:55,1,8,1,285
88401,2024-06-04 13:09:01,0,7,1,423
59037,2024-06-04 13:16:09,0,10,0,0
90838,2024-06-04 13:27:47,1,9,0,0
16418,2024-06-04 13:31:28,0,5,0,0
61718,2024-06-04 13:48:21,1,6,1,595
2720,2024-06-04 14:03:38,0,8,0,0
24165,2024-06-04 14:19:04,0,7,1,341
44997,2024-06-04 14:21:22,1,5,0,0
80182,2024-06-04 14:35:41,0,7,0,0
23370,2024-06-04 14:42:12,1,5,0,0
9387,2024-06-04 14:57:25,0,2,0,0
12525,2024-06-04 14:57:28,0,11,0,0
84471,2024-06-04 15:01:01,1,4,0,0
12096,2024-06-04 15:05:45,0,8,0,0
33955,2024-06-04 15:11:32,0,4,0,0
18658,2024-06-04 15:17:48,0,7,1,401
53215,2024-06-04 15:17:52,1,11,1,346
15139,2024-06-04 15:22:13,0,8,0,0
65508,2024-06-04 15:26:27,1,2,0,0
20676,2024-06-04 15:44:10,1,5,1,447
64775,2024-06-04 15:44:31,0,2,0,0
17328,2024-06-04 15:55:38,1,7,1,800
90756,2024-06-04 15:59:05,0,3,0,0
20676,2024-06-04 16:01:48,1,4,0,0
11012,2024-06-04 16:02:13,0,9,0,0
85379,2024-06-04 16:02:28,0,7,0,0
95258,2024-06-04 16:07:26,0,4,1,316
92936,2024-06-04 16:17:15,1,6,1,399
89864,2024-06-04 16:19:56,1,7,0,0
27259,2024-06-04 16:26:17,1,10,1,344
15275,2024-06-04 16:34:28,0,5,0,0
70473,2024-06-04 16:39:40,0,7,1,623
8258,2024-06-04 16:41:58,0,5,0,0
5015,2024-06-04 16:47:15,0,7,0,0
46841,2024-06-04 16:48:49,0,6,0,0
17869,2024-06-04 16:49:38,0,5,0,0
98170,2024-06-04 16:57:31,0,5,1,423
61932,2024-06-04 16:59:51,1,3,0,0
22157,2024-06-04 17:01:21,0,5,0,0
38396,2024-06-04 17:04:39,0,4,0,0
82205,2024-06-04 17:20:17,0,11,0,0
8885,2024-06-04 17:20:44,0,6,1,331
54631,2024-06-04 17:20:52,1,9,0,0
947,2024-06-04 17:27:10,0,2,0,0
76200,2024-06-04 17:39:01,0,8,1,358
61745,2024-06-04 17:41:28,1,3,0,0
13858,2024-06-04 17:42:46,0,7,1,669
72134,2024-06-04 17:43:50,0,7,1,437
91229,2024-06-04 17:44:31,0,2,0,0
10213,2024-06-04 17:45:22,0,6,1,681
53925,2024-06-04 17:47:04,0,4,0,0
3712,2024-06-04 17:56:07,0,9,0,0
32134,2024-06-04 17:56:31,0,11,0,0
84567,2024-06-04 18:10:25,0,5,1,660
55806,2024-06-04 18:11:43,0,7,0,0
30423,2024-06-04 18:24:35,1,5,1,675
4961,2024-06-04 18:26:16,0,10,0,0
36072,2024-06-04 18:35:30,0,4,0,0
63707,2024-06-04 18:36:27,1,8,0,0
94155,2024-06-04 18:38:29,1,7,0,0
85420,2024-06-04 18:43:52,0,6,1,337
92586,2024-06-04 18:47:19,1,10,1,362
88938,2024-06-04 18:51:44,0,10,0,0
28887,2024-06-04 18:58:42,0,6,0,0
24165,2024-06-04 19:07:05,1,4,1,286
19343,2024-06-04 19:09:35,1,5,0,0
29585,2024-06-04 19:14:36,0,4,0,0
14905,2024-06-04 19:18:19,0,6,0,0
58942,2024-06-04 19:22:13,0,5,0,0
17637,2024-06-04 19:30:36,0,8,1,234
29024,2024-06-04 19:32:47,1,7,0,0
62706,2024-06-04 19:35:40,0,7,0,0
35216,2024-06-04 19:38:11,1,3,0,0
45089,2024-06-04 19:38:29,0,7,0,0
94157,2024-06-04 19:41:40,0,6,0,0
34249,2024-06-04 19:43:39,1,3,1,573
14777,2024-06-04 19:55:54,0,11,0,0
28447,2024-06-04 20:03:43,1,4,0,0
54191,2024-06-04 20:12:06,0,10,0,0
31426,2024-06-04 20:14:25,0,11,0,0
3327,2024-06-04 20:20:16,0,7,0,0
25203,2024-06-04 20:28:02,0,4,0,0
45098,2024-06-04 20:30:38,0,4,1,297
17637,2024-06-04 20:35:08,0,6,1,292
30434,2024-06-04 20:41:42,1,6,1,377
76004,2024-06-04 20:42:45,0,3,0,0
28212,2024-06-04 20:55:57,0,6,1,405
87557,2024-06-04 20:59:35,1,1,1,268
59691,2024-06-04 20:59:49,0,10,0,0
15139,2024-06-04 21:01:22,1,5,0,0
86603,2024-06-04 21:33:40,0,4,1,233
20681,2024-06-04 21:46:42,0,10,1,340
58646,2024-06-04 21:47:40,1,8,0,0
54476,2024-06-04 21:49:48,0,4,0,0
24817,2024-06-04 22:04:09,0,4,0,0
13503,2024-06-04 22:09:32,0,7,1,497
78175,2024-06-04 22:10:28,0,5,1,475
88854,2024-06-04 22:12:29,0,6,0,0
61861,2024-06-04 22:13:19,0,6,1,453
84264,2024-06-04 22:19:41,0,8,1,484
68889,2024-06-04 22:25:53,0,9,0,0
81233,2024-06-04 22:26:51,0,11,0,0
88837,2024-06-04 22:32:30,1,5,0,0
22149,2024-06-04 22:34:34,0,3,0,0
69814,2024-06-04 22:46:47,0,5,0,0
39747,2024-06-04 23:09:49,1,4,0,0
92248,2024-06-04 23:10:25,0,2,0,0
28829,2024-06-04 23:11:35,1,5,0,0
19361,2024-06-04 23:13:42,0,7,0,0
36558,2024-06-04 23:31:54,0,4,0,0
19020,2024-06-04 23:33:47,0,8,0,0
40516,2024-06-04 23:33:57,0,11,1,544
4136,2024-06-04 23:34:54,0,8,1,251
19452,2024-06-04 23:40:50,1,5,0,0
20332,2024-06-04 23:43:15,1,5,0,0
36311,2024-06-04 23:50:55,0,5,0,0
64203,2024-06-04 23:54:45,1,4,0,0
15720,2024-06-04 23:58:16,0,7,1,279
8520,2024-06-05 00:10:19,0,13,1,754
20987,2024-06-05 00:25:52,1,5,0,0
39581,2024-06-05 00:43:03,1,7,0,0
92038,2024-06-05 00:47:08,0,3,1,407
44139,2024-06-05 00:47:10,1,8,0,0
55806,2024-06-05 00:52:26,0,7,1,594
70219,2024-06-05 01:28:42,1,3,0,0
490,2024-06-05 01:29:08,1,5,0,0
24996,2024-06-05 01:40:40,1,4,1,387
8378,2024-06-05 01:45:15,0,5,0,0
51855,2024-06-05 01:59:03,0,10,0,0
5661,2024-06-05 02:01:39,0,6,1,430
58337,2024-06-05 02:01:42,0,7,1,450
9143,2024-06-05 02:35:48,0,4,1,508
9968,2024-06-05 02:40:18,1,8,0,0
67655,2024-06-05 02:48:57,1,8,0,0
40611,2024-06-05 03:03:58,0,7,0,0
17328,2024-06-05 03:04:08,1,5,0,0
95805,2024-06-05 03:25:52,0,9,0,0
60203,2024-06-05 03:33:33,1,7,0,0
10494,2024-06-05 03:38:59,0,7,1,409
44094,2024-06-05 03:41:07,0,12,0,0
19559,2024-06-05 03:44:53,0,6,1,286
96221,2024-06-05 04:10:29,0,3,0,0
40508,2024-06-05 04:33:15,0,4,0,0
31706,2024-06-05 04:44:50,0,8,0,0
23515,2024-06-05 05:24:58,0,4,1,686
4933,2024-06-05 05:34:26,0,5,0,0
73302,2024-06-05 05:39:25,0,4,0,0
52705,2024-06-05 05:59:26,0,12,1,451
43202,2024-06-05 06:30:53,0,6,0,0
79613,2024-06-05 06:31:11,0,9,0,0
97946,2024-06-05 06:47:42,0,8,0,0
88273,2024-06-05 06:48:21,1,8,0,0
21231,2024-06-05 07:01:32,1,3,0,0
81233,2024-06-05 07:02:51,0,4,1,415
3482,2024-06-05 07:33:21,0,5,0,0
27966,2024-06-05 07:46:08,1,10,0,0
52501,2024-06-05 08:06:16,0,6,0,0
76706,2024-06-05 08:07:36,1,7,0,0
61745,2024-06-05 08:19:42,1,8,0,0
68114,2024-06-05 08:25:06,0,7,1,285
11012,2024-06-05 08:44:29,0,8,0,0
70115,2024-06-05 08:46:55,0,5,0,0
16353,2024-06-05 08:47:12,0,5,0,0
91327,2024-06-05 08:48:39,0,3,0,0
42810,2024-06-05 09:03:03,0,9,0,0
50092,2024-06-05 09:09:24,0,5,0,0
89935,2024-06-05 09:10:39,1,5,1,372
16353,2024-06-05 09:27:37,0,5,0,0
72446,2024-06-05 09:33:48,0,8,0,0
78107,2024-06-05 09:37:01,0,6,0,0
41287,2024-06-05 09:40:31,0,3,0,0
67852,2024-06-05 09:42:44,1,7,0,0
20853,2024-06-05 09:53:58,0,9,0,0
75061,2024-06-05 10:01:54,0,6,0,0
40366,2024-06-05 10:21:24,1,6,1,337
46323,2024-06-05 10:31:34,0,5,0,0
21811,2024-06-05 10:33:54,0,5,0,0
12291,2024-06-05 10:46:49,0,6,0,0
24921,2024-06-05 10:53:29,0,6,0,0
82347,2024-06-05 10:54:55,1,8,0,0
41882,2024-06-05 11:04:19,1,10,0,0
30432,2024-06-05 11:13:18,0,5,0,0
41155,2024-06-05 11:20:17,0,5,0,0
45070,2024-06-05 11:24:59,0,9,1,589
45562,2024-06-05 11:25:04,0,4,1,752
60316,2024-06-05 11:32:14,0,3,0,0
33244,2024-06-05 11:37:17,0,7,1,241
69883,2024-06-05 11:52:57,0,6,0,0
17072,2024-06-05 11:57:10,1,3,0,0
92038,2024-06-05 12:05:47,1,5,0,0
18146,2024-06-05 12:09:07,0,5,0,0
27342,2024-06-05 12:14:08,0,4,1,331
34006,2024-06-05 12:17:15,0,5,0,0
1477,2024-06-05 12:20:50,0,2,1,796
76962,2024-06-05 12:22:56,1,7,0,0
35804,2024-06-05 12:26:29,0,2,0,0
53253,2024-06-05 12:27:42,1,6,0,0
17869,2024-06-05 12:29:26,0,3,0,0
19361,2024-06-05 12:35:55,1,6,0,0
67422,2024-06-05 12:39:25,0,7,0,0
28681,2024-06-05 12:42:20,0,5,1,279
52763,2024-06-05 12:46:41,1,10,0,0
32225,2024-06-05 12:47:56,0,6,0,0
2130,2024-06-05 12:49:12,0,5,0,0
21940,2024-06-05 12:52:46,0,7,0,0
63079,2024-06-05 12:57:45,0,6,1,324
70824,2024-06-05 13:12:00,0,6,0,0
44143,2024-06-05 13:13:24,0,6,1,544
77801,2024-06-05 13:14:25,1,4,1,366
78107,2024-06-05 13:27:55,0,6,1,578
69377,2024-06-05 13:36:33,1,13,0,0
65362,2024-06-05 13:42:18,0,3,1,362
78324,2024-06-05 13:48:34,0,7,1,282
19718,2024-06-05 13:51:48,0,7,0,0
63003,2024-06-05 13:52:54,0,6,1,326
28444,2024-06-05 13:59:04,0,7,1,361
61932,2024-06-05 14:07:12,1,3,1,490
31426,2024-06-05 14:14:39,1,9,0,0
3973,2024-06-05 14:15:52,1,3,0,0
14333,2024-06-05 14:36:23,1,11,0,0
40385,2024-06-05 14:51:47,0,7,1,243
23370,2024-06-05 14:59:18,0,5,0,0
62706,2024-06-05 15:03:36,1,1,0,0
99346,2024-06-05 15:17:26,0,6,1,319
54414,2024-06-05 15:20:30,0,4,0,0
20845,2024-06-05 15:24:31,0,5,1,342
19020,2024-06-05 15:36:30,0,5,1,277
55539,2024-06-05 15:36:36,0,2,0,0
77283,2024-06-05 15:48:00,0,5,0,0
94324,2024-06-05 15:51:18,0,3,0,0
16353,2024-06-05 15:51:29,0,6,1,575
75672,2024-06-05 15:53:08,1,11,0,0
43995,2024-06-05 15:55:59,1,6,0,0
53253,2024-06-05 16:00:42,1,5,0,0
81940,2024-06-05 16:09:58,0,7,0,0
61861,2024-06-05 16:13:33,0,7,1,496
19648,2024-06-05 16:21:49,1,12,1,481
68292,2024-06-05 16:36:54,0,7,0,0
35263,2024-06-05 16:44:08,0,9,1,430
77689,2024-06-05 16:45:41,0,6,1,220
808,2024-06-05 16:51:47,0,6,0,0
54287,2024-06-05 16:57:37,0,6,0,0
74667,2024-06-05 16:58:02,0,2,0,0
85640,2024-06-05 17:00:08,1,9,0,0
33019,2024-06-05 17:03:27,1,6,1,616
23648,2024-06-05 17:06:54,1,9,0,0
13478,2024-06-05 17:08:30,0,2,1,238
86798,2024-06-05 17:21:23,0,4,0,0
63605,2024-06-05 17:27:51,0,5,0,0
30432,2024-06-05 17:35:28,0,2,0,0
964,2024-06-05 17:36:33,0,5,1,620
71895,2024-06-05 17:55:23,1,7,1,369
6584,2024-06-05 18:02:16,1,8,0,0
48241,2024-06-05 18:08:01,0,7,0,0
63302,2024-06-05 18:12:53,0,6,0,0
2720,2024-06-05 18:14:03,0,6,0,0
7720,2024-06-05 18:19:31,0,0,0,0
15650,2024-06-05 18:48:21,1,7,0,0
44875,2024-06-05 18:53:37,1,11,0,0
21727,2024-06-05 18:55:46,0,6,1,217
41922,2024-06-05 18:57:04,1,1,1,351
64796,2024-06-05 18:57:54,0,4,0,0
78033,2024-06-05 18:58:09,0,8,1,495
33244,2024-06-05 19:00:47,0,5,1,181
23695,2024-06-05 19:12:45,0,8,1,350
46205,2024-06-05 19:21:04,1,7,0,0
65830,2024-06-05 19:32:42,1,8,0,0
69814,2024-06-05 19:44:38,1,2,0,0
76274,2024-06-05 19:47:20,0,7,0,0
55169,2024-06-05 19:48:50,0,6,0,0
73192,2024-06-05 20:04:14,0,4,0,0
94611,2024-06-05 20:05:21,0,10,0,0
78442,2024-06-05 20:19:52,0,10,0,0
2954,2024-06-05 20:23:43,1,7,0,0
55539,2024-06-05 20:26:44,0,5,1,398
40211,2024-06-05 20:27:06,0,6,0,0
53102,2024-06-05 20:49:27,0,4,0,0
9298,2024-06-05 20:50:20,0,5,0,0
41922,2024-06-05 20:58:36,0,8,1,386
78324,2024-06-05 21:07:34,0,7,0,0
79901,2024-06-05 21:13:59,0,7,0,0
89358,2024-06-05 21:22:35,0,9,0,0
13478,2024-06-05 21:26:41,0,10,0,0
35569,2024-06-05 21:29:17,1,3,1,499
19648,2024-06-05 21:32:06,1,5,0,0
40508,2024-06-05 21:39:44,1,8,0,0
82478,2024-06-05 21:51:26,0,10,1,243
10494,2024-06-05 22:04:52,0,7,0,0
91766,2024-06-05 22:06:34,0,5,0,0
33783,2024-06-05 22:06:58,0,5,0,0
33783,2024-06-05 22:19:28,0,7,1,367
24818,2024-06-05 22:27:50,0,4,0,0
66051,2024-06-05 22:38:47,0,6,0,0
2373,2024-06-05 22:57:18,1,7,1,344
59863,2024-06-05 22:58:56,0,10,0,0
92491,2024-06-05 23:29:12,0,6,0,0
60316,2024-06-05 23:30:15,1,5,0,0
28829,2024-06-05 23:46:38,0,6,0,0
9821,2024-06-05 23:48:09,0,5,1,266
25661,2024-06-05 23:49:53,1,6,1,536
17378,2024-06-05 23:58:07,0,3,0,0
17803,2024-06-06 00:04:16,1,5,1,232
3030,2024-06-06 00:11:53,0,6,1,547
59993,2024-06-06 00:14:11,1,4,0,0
52501,2024-06-06 00:23:14,0,5,0,0
20676,2024-06-06 00:55:07,1,2,0,0
45562,2024-06-06 01:07:10,0,9,0,0
67852,2024-06-06 01:45:29,0,7,1,318
9557,2024-06-06 01:46:54,0,9,0,0
84567,2024-06-06 01:58:20,0,8,0,0
42997,2024-06-06 02:02:32,0,6,0,0
87745,2024-06-06 02:18:44,0,3,0,0
5343,2024-06-06 02:20:34,0,7,0,0
78289,2024-06-06 02:35:16,1,7,0,0
86521,2024-06-06 02:48:04,1,5,0,0
34006,2024-06-06 02:57:09,0,2,0,0
20987,2024-06-06 03:30:03,0,3,0,0
48026,2024-06-06 03:36:47,0,0,0,0
34440,2024-06-06 03:42:04,0,8,0,0
39747,2024-06-06 03:53:07,0,7,0,0
94302,2024-06-06 03:54:09,1,5,0,0
39677,2024-06-06 03:55:37,0,4,0,0
65694,2024-06-06 04:00:15,0,2,0,0
75061,2024-06-06 04:18:27,0,7,1,425
79725,2024-06-06 04:19:51,1,6,1,485
8367,2024-06-06 04:32:10,0,9,0,0
59954,2024-06-06 04:40:28,1,6,0,0
20911,2024-06-06 04:56:01,0,5,0,0
40062,2024-06-06 05:02:49,0,4,0,0
42017,2024-06-06 05:13:38,0,8,0,0
41324,2024-06-06 05:28:13,1,8,1,718
13325,2024-06-06 05:39:38,0,6,1,610
11031,2024-06-06 05:41:13,1,8,0,0
53191,2024-06-06 06:08:15,0,4,1,464
3815,2024-06-06 06:30:45,0,6,0,0
82205,2024-06-06 06:40:01,0,3,0,0
30434,2024-06-06 06:40:17,0,2,0,0
63924,2024-06-06 07:12:09,1,6,0,0
21811,2024-06-06 07:54:50,0,4,0,0
70824,2024-06-06 07:55:27,1,6,0,0
58646,2024-06-06 08:03:44,0,4,1,383
77283,2024-06-06 08:05:33,0,6,1,790
7720,2024-06-06 08:12:24,0,2,0,0
75569,2024-06-06 08:21:52,1,5,0,0
70115,2024-06-06 08:25:43,0,4,0,0
9968,2024-06-06 08:51:41,0,7,0,0
20915,2024-06-06 08:54:58,0,8,0,0
64307,2024-06-06 09:00:23,0,4,0,0
42028,2024-06-06 09:08:54,0,3,0,0
10271,2024-06-06 09:17:07,1,12,1,239
69352,2024-06-06 09:19:22,0,3,0,0
94502,2024-06-06 09:20:59,0,7,1,370
1979,2024-06-06 09:37:57,1,4,0,0
4545,2024-06-06 09:42:20,0,7,1,330
71411,2024-06-06 09:46:53,0,3,0,0
78324,2024-06-06 09:49:53,0,4,0,0
88982,2024-06-06 09:50:40,0,8,0,0
13808,2024-06-06 09:52:42,1,6,0,0
35872,2024-06-06 09:56:11,0,7,1,649
85379,2024-06-06 09:59:18,0,9,0,0
52001,2024-06-06 09:59:37,1,5,1,356
91229,2024-06-06 10:00:32,1,10,1,504
4933,2024-06-06 10:02:32,0,3,0,0
87900,2024-06-06 10:02:55,1,6,1,509
26834,2024-06-06 10:05:26,1,4,0,0
88935,2024-06-06 10:05:45,0,7,0,0
46071,2024-06-06 10:08:09,0,3,0,0
36187,2024-06-06 10:15:48,1,9,1,384
71895,2024-06-06 10:18:49,0,5,1,247
84190,2024-06-06 10:41:39,1,4,1,253
44997,2024-06-06 10:45:13,0,7,1,278
44367,2024-06-06 10:49:12,1,5,0,0
21698,2024-06-06 10:57:49,0,5,0,0
2954,2024-06-06 10:59:32,0,8,0,0
59954,2024-06-06 11:01:04,0,6,1,591
31826,2024-06-06 11:05:53,0,8,0,0
6149,2024-06-06 11:07:58,0,4,0,0
31426,2024-06-06 11:22:40,0,5,0,0
18290,2024-06-06 11:35:06,0,4,0,0
17378,2024-06-06 11:42:39,0,1,0,0
73091,2024-06-06 11:43:16,0,10,0,0
19947,2024-06-06 11:56:57,1,8,0,0
91229,2024-06-06 11:57:05,1,6,0,0
74063,2024-06-06 12:01:09,0,4,0,0
28681,2024-06-06 12:13:05,0,6,1,278
92936,2024-06-06 12:20:36,1,6,0,0
78119,2024-06-06 12:31:10,0,12,0,0
28681,2024-06-06 12:39:12,0,2,0,0
60122,2024-06-06 12:44:52,1,3,0,0
35891,2024-06-06 12:46:48,0,7,0,0
25203,2024-06-06 13:01:24,1,6,1,642
58380,2024-06-06 13:01:28,0,5,0,0
29898,2024-06-06 13:19:40,0,12,0,0
38463,2024-06-06 13:21:28,0,5,0,0
16418,2024-06-06 13:23:05,1,7,0,0
46464,2024-06-06 13:24:23,1,5,1,527
68292,2024-06-06 13:24:41,0,8,0,0
45070,2024-06-06 13:27:20,0,3,0,0
33983,2024-06-06 13:29:54,0,4,1,321
18146,2024-06-06 13:40:18,0,3,1,585
4149,2024-06-06 13:44:15,1,8,1,382
58223,2024-06-06 13:51:10,1,5,1,442
5227,2024-06-06 13:56:45,0,10,0,0
30223,2024-06-06 14:10:37,0,7,0,0
70231,2024-06-06 14:18:09,0,7,1,265
3341,2024-06-06 14:19:57,0,5,0,0
54158,2024-06-06 14:24:28,0,11,1,352
25038,2024-06-06 14:35:04,0,4,0,0
41631,2024-06-06 14:40:24,0,3,1,268
36541,2024-06-06 14:42:49,1,7,0,0
30434,2024-06-06 14:44:26,1,3,1,271
21644,2024-06-06 14:53:22,0,6,0,0
6389,2024-06-06 14:55:01,0,3,0,0
63980,2024-06-06 15:04:47,1,5,0,0
20987,2024-06-06 15:07:01,0,11,0,0
15275,2024-06-06 15:12:25,0,6,0,0
76933,2024-06-06 15:12:46,0,7,0,0
59217,2024-06-06 15:18:23,0,6,0,0
40470,2024-06-06 15:31:47,0,6,1,410
33548,2024-06-06 15:35:11,0,13,0,0
33955,2024-06-06 15:36:48,1,8,0,0
87557,2024-06-06 15:37:37,0,6,0,0
70231,2024-06-06 15:44:10,0,7,0,0
6537,2024-06-06 15:57:54,1,5,1,581
6432,2024-06-06 16:04:30,0,5,1,493
20681,2024-06-06 16:06:06,0,7,0,0
38036,2024-06-06 16:07:58,1,9,0,0
1477,2024-06-06 16:18:36,0,6,0,0
24483,2024-06-06 16:24:24,1,3,0,0
98679,2024-06-06 16:25:08,0,11,1,290
34740,2024-06-06 16:31:39,1,8,0,0
42724,2024-06-06 16:35:41,1,9,1,390
23728,2024-06-06 16:35:49,1,9,0,0
11805,2024-06-06 16:40:37,0,4,0,0
54835,2024-06-06 16:43:52,0,5,0,0
95682,2024-06-06 16:48:45,1,4,0,0
48988,2024-06-06 16:52:47,1,7,1,616
60122,2024-06-06 17:02:53,1,9,0,0
55670,2024-06-06 17:05:58,0,4,0,0
60144,2024-06-06 17:10:27,0,8,1,432
96343,2024-06-06 17:12:43,0,5,0,0
26995,2024-06-06 17:14:25,1,9,0,0
27974,2024-06-06 17:14:41,1,6,1,333
82347,2024-06-06 17:22:26,1,6,0,0
40240,2024-06-06 17:34:58,1,11,0,0
59993,2024-06-06 17:38:09,0,5,0,0
67422,2024-06-06 17:38:17,0,3,0,0
99346,2024-06-06 17:50:11,0,8,0,0
54191,2024-06-06 17:53:03,0,10,0,0
70824,2024-06-06 17:53:55,0,7,0,0
15720,2024-06-06 17:58:02,1,5,0,0
40676,2024-06-06 18:05:33,0,6,1,705
4149,2024-06-06 18:15:34,1,4,0,0
55169,2024-06-06 18:15:40,0,9,0,0
79066,2024-06-06 18:21:47,0,5,0,0
53153,2024-06-06 18:23:27,0,4,1,334
66455,2024-06-06 18:25:38,1,5,1,477
98221,2024-06-06 18:39:38,0,4,0,0
24854,2024-06-06 18:51:03,0,5,1,456
34457,2024-06-06 18:58:07,1,2,1,295
71596,2024-06-06 18:59:13,0,8,0,0
43295,2024-06-06 19:02:19,0,6,0,0
94797,2024-06-06 19:05:58,0,5,0,0
62743,2024-06-06 19:18:16,0,7,0,0
58337,2024-06-06 19:21:17,0,7,0,0
72446,2024-06-06 19:21:57,0,7,0,0
3815,2024-06-06 19:25:57,1,7,1,512
87485,2024-06-06 19:27:27,0,7,1,410
48807,2024-06-06 19:31:08,0,9,0,0
43133,2024-06-06 19:39:44,0,3,0,0
59670,2024-06-06 19:46:13,0,9,0,0
66545,2024-06-06 19:50:19,0,4,0,0
79725,2024-06-06 19:51:42,0,7,0,0
15275,2024-06-06 19:55:24,0,6,0,0
92248,2024-06-06 20:15:43,0,6,0,0
70923,2024-06-06 20:20:31,0,5,0,0
40804,2024-06-06 20:23:38,0,2,1,680
27540,2024-06-06 20:24:04,1,7,0,0
15275,2024-06-06 20:28:56,0,8,0,0
77029,2024-06-06 20:29:33,0,2,0,0
62820,2024-06-06 20:33:51,1,7,0,0
7085,2024-06-06 20:33:59,0,1,0,0
43295,2024-06-06 20:47:16,0,4,0,0
52716,2024-06-06 20:47:46,1,6,1,548
59007,2024-06-06 21:08:03,0,6,0,0
76706,2024-06-06 21:34:51,1,5,0,0
80751,2024-06-06 21:44:01,0,10,0,0
39441,2024-06-06 21:49:02,0,1,0,0
18952,2024-06-06 22:00:03,1,4,0,0
31426,2024-06-06 22:05:54,1,7,0,0
56150,2024-06-06 22:13:14,0,5,0,0
69352,2024-06-06 22:26:21,1,6,1,398
6149,2024-06-06 23:01:04,1,5,0,0
40289,2024-06-06 23:24:04,0,8,0,0
97946,2024-06-06 23:27:51,0,5,1,267
4136,2024-06-06 23:30:49,0,7,0,0
57029,2024-06-06 23:35:02,0,9,1,535
7936,2024-06-06 23:40:07,0,4,1,299
76455,2024-06-06 23:40:46,1,4,0,0
51547,2024-06-06 23:44:35,0,3,0,0
34440,2024-06-07 00:00:54,0,10,0,0
13187,2024-06-07 00:04:39,0,7,0,0
17637,2024-06-07 00:23:25,0,5,0,0
16041,2024-06-07 00:27:09,1,4,1,506
25203,2024-06-07 00:38:38,0,4,1,513
12126,2024-06-07 01:03:36,0,5,0,0
11053,2024-06-07 01:07:42,0,5,0,0
55714,2024-06-07 01:15:30,1,7,0,0
33038,2024-06-07 01:22:06,0,2,0,0
66830,2024-06-07 01:29:59,0,3,1,379
93432,2024-06-07 01:30:40,0,5,0,0
81499,2024-06-07 01:37:29,1,4,1,529
68871,2024-06-07 01:39:21,1,6,0,0
38177,2024-06-07 02:42:05,0,3,0,0
59037,2024-06-07 03:01:14,0,8,0,0
66599,2024-06-07 03:06:00,0,6,0,0
60316,2024-06-07 03:06:15,1,9,0,0
28681,2024-06-07 03:06:47,0,2,1,358
71817,2024-06-07 03:18:06,1,5,1,260
70236,2024-06-07 03:27:19,0,9,0,0
18268,2024-06-07 03:47:44,0,4,1,546
85564,2024-06-07 03:52:05,0,5,1,313
5343,2024-06-07 03:53:48,1,3,0,0
54414,2024-06-07 04:13:13,0,1,0,0
96693,2024-06-07 04:26:34,1,8,0,0
61932,2024-06-07 04:42:12,1,7,0,0
1768,2024-06-07 04:55:12,0,9,1,400
21941,2024-06-07 04:58:14,1,6,0,0
8648,2024-06-07 05:05:01,0,4,1,288
4149,2024-06-07 05:09:10,1,5,0,0
71466,2024-06-07 05:19:36,1,6,1,404
52613,2024-06-07 05:22:38,0,6,0,0
67894,2024-06-07 05:35:10,1,8,0,0
48241,2024-06-07 05:39:03,1,4,0,0
30395,2024-06-07 05:48:50,0,7,0,0
86603,2024-06-07 05:54:38,0,3,0,0
39581,2024-06-07 06:02:12,0,4,0,0
13402,2024-06-07 06:12:38,0,5,0,0
76706,2024-06-07 06:38:25,1,7,0,0
25203,2024-06-07 06:58:07,1,8,0,0
26822,2024-06-07 07:15:48,0,6,1,761
79901,2024-06-07 07:30:36,0,6,0,0
92038,2024-06-07 07:46:01,0,8,0,0
87918,2024-06-07 08:17:30,0,8,0,0
27966,2024-06-07 08:18:21,0,6,0,0
44303,2024-06-07 08:22:35,0,5,0,0
33596,2024-06-07 08:30:35,1,7,0,0
1768,2024-06-07 08:33:20,0,6,0,0
23225,2024-06-07 08:41:39,0,4,1,449
16041,2024-06-07 08:41:46,0,4,1,1298
19023,2024-06-07 08:42:35,0,5,1,372
86147,2024-06-07 08:43:51,1,7,0,0
4933,2024-06-07 09:02:56,1,5,0,0
52012,2024-06-07 09:17:06,0,5,0,0
88009,2024-06-07 09:17:22,0,5,0,0
63008,2024-06-07 09:17:53,0,3,0,0
62770,2024-06-07 09:21:33,0,4,0,0
44143,2024-06-07 09:28:20,0,7,1,343
5908,2024-06-07 09:39:51,0,4,0,0
24165,2024-06-07 09:40:16,1,5,0,0
41324,2024-06-07 09:44:04,0,5,1,229
61862,2024-06-07 09:45:21,0,8,0,0
1472,2024-06-07 09:49:18,1,5,0,0
51402,2024-06-07 10:08:49,1,4,1,235
12359,2024-06-07 10:18:40,0,5,0,0
64775,2024-06-07 10:54:29,0,12,0,0
45831,2024-06-07 10:55:31,0,5,0,0
99351,2024-06-07 11:14:22,1,6,0,0
5226,2024-06-07 11:23:48,1,5,1,332
57029,2024-06-07 11:27:43,0,5,0,0
94579,2024-06-07 11:28:45,1,4,0,0
38663,2024-06-07 11:31:00,0,9,1,419
12493,2024-06-07 11:33:13,1,4,0,0
63980,2024-06-07 11:38:09,0,6,1,395
59524,2024-06-07 11:43:04,0,4,0,0
11606,2024-06-07 11:44:37,0,6,1,393
52639,2024-06-07 11:46:06,1,2,0,0
2954,2024-06-07 11:49:22,1,5,0,0
16296,2024-06-07 11:54:05,0,6,0,0
85777,2024-06-07 11:54:13,0,6,0,0
603,2024-06-07 11:55:18,0,5,1,325
67917,2024-06-07 12:08:17,0,8,0,0
22790,2024-06-07 12:09:25,0,9,0,0
13187,2024-06-07 12:17:53,1,5,0,0
57824,2024-06-07 12:23:47,0,2,1,540
71120,2024-06-07 12:24:24,0,6,1,285
40516,2024-06-07 12:25:45,1,2,0,0
5491,2024-06-07 12:41:10,0,12,0,0
72842,2024-06-07 12:47:39,0,7,1,487
53925,2024-06-07 12:47:56,0,4,1,451
48988,2024-06-07 12:51:48,0,3,0,0
35891,2024-06-07 12:51:54,1,8,1,652
6537,2024-06-07 12:57:23,0,2,0,0
46226,2024-06-07 12:57:28,0,3,0,0
82057,2024-06-07 13:02:58,0,4,0,0
24835,2024-06-07 13:05:24,1,13,0,0
28681,2024-06-07 13:05:48,1,6,1,373
77283,2024-06-07 13:09:40,1,7,1,584
65308,2024-06-07 13:27:31,0,3,0,0
90756,2024-06-07 13:34:40,0,7,1,461
11629,2024-06-07 13:41:37,0,8,0,0
58380,2024-06-07 13:55:29,1,2,0,0
6537,2024-06-07 13:59:05,0,6,0,0
61932,2024-06-07 14:02:59,0,6,0,0
59005,2024-06-07 14:26:56,0,2,0,0
92586,2024-06-07 14:32:53,1,9,0,0
9143,2024-06-07 14:35:19,1,5,0,0
1979,2024-06-07 14:44:10,0,9,0,0
38701,2024-06-07 14:49:57,0,5,1,602
46529,2024-06-07 15:01:34,0,4,1,461
12796,2024-06-07 15:02:06,0,3,0,0
43500,2024-06-07 15:07:23,0,5,1,638
65202,2024-06-07 15:11:35,1,8,0,0
77689,2024-06-07 15:12:09,0,6,1,265
54476,2024-06-07 15:15:07,0,5,1,346
38942,2024-06-07 15:25:04,1,6,0,0
63658,2024-06-07 15:39:11,0,10,0,0
52705,2024-06-07 15:56:27,0,5,0,0
55952,2024-06-07 16:00:06,1,7,0,0
1379,2024-06-07 16:01:03,0,6,0,0
13398,2024-06-07 16:05:18,0,4,0,0
96358,2024-06-07 16:14:42,0,4,1,383
78431,2024-06-07 16:23:57,0,6,1,492
28447,2024-06-07 16:24:19,1,9,0,0
19952,2024-06-07 16:28:35,0,3,1,352
69498,2024-06-07 16:31:06,0,7,1,503
87918,2024-06-07 16:31:20,1,12,1,537
84264,2024-06-07 16:55:01,1,4,0,0
90838,2024-06-07 16:57:11,0,4,0,0
72446,2024-06-07 17:04:40,0,7,0,0
77763,2024-06-07 17:10:52,0,7,0,0
58736,2024-06-07 17:10:56,1,3,1,357
12603,2024-06-07 17:13:28,1,8,1,522
1472,2024-06-07 17:13:33,0,7,1,409
62893,2024-06-07 17:13:39,0,2,0,0
94579,2024-06-07 17:14:30,0,8,0,0
99244,2024-06-07 17:22:31,0,5,0,0
64307,2024-06-07 17:32:40,0,5,0,0
35185,2024-06-07 17:37:37,0,5,0,0
25549,2024-06-07 17:37:54,0,6,0,0
20395,2024-06-07 18:02:31,0,6,1,174
49070,2024-06-07 18:51:17,1,4,0,0
53947,2024-06-07 18:52:01,0,7,0,0
54104,2024-06-07 19:12:12,1,8,1,335
40072,2024-06-07 19:14:46,0,11,0,0
30395,2024-06-07 19:31:13,0,1,1,278
43472,2024-06-07 19:35:33,0,5,0,0
82234,2024-06-07 19:39:34,0,5,0,0
19319,2024-06-07 19:40:49,0,3,0,0
8885,2024-06-07 19:47:10,1,5,0,0
38614,2024-06-07 19:56:36,0,4,0,0
65508,2024-06-07 19:58:26,0,11,1,574
54191,2024-06-07 20:00:51,1,8,0,0
62743,2024-06-07 20:10:37,0,2,0,0
21852,2024-06-07 20:11:58,0,3,1,254
12525,2024-06-07 20:14:31,0,2,0,0
70231,2024-06-07 20:19:56,1,7,1,345
6528,2024-06-07 20:20:16,0,7,1,472
63852,2024-06-07 20:24:38,0,4,0,0
69155,2024-06-07 20:33:45,0,5,0,0
63198,2024-06-07 20:34:49,0,11,1,300
43879,2024-06-07 20:46:09,0,4,0,0
18146,2024-06-07 20:47:02,0,3,1,632
54104,2024-06-07 20:48:16,0,3,0,0
32648,2024-06-07 20:56:17,1,6,1,753
51919,2024-06-07 20:58:04,0,7,0,0
49147,2024-06-07 21:02:24,0,6,1,413
77532,2024-06-07 21:09:37,0,4,0,0
74242,2024-06-07 21:11:38,1,6,0,0
33154,2024-06-07 21:15:06,0,2,1,606
68953,2024-06-07 21:28:23,0,2,0,0
52613,2024-06-07 21:32:54,0,7,0,0
38790,2024-06-07 21:37:34,0,6,0,0
9258,2024-06-07 21:39:42,0,2,1,332
96298,2024-06-07 21:42:19,0,9,0,0
62706,2024-06-07 21:42:36,0,4,0,0
42997,2024-06-07 22:03:20,0,2,0,0
55670,2024-06-07 22:09:20,0,5,0,0
32290,2024-06-07 22:09:45,1,3,1,415
77954,2024-06-07 22:15:53,1,6,0,0
74070,2024-06-07 22:24:24,1,9,0,0
17070,2024-06-07 22:29:50,0,7,1,423
61142,2024-06-07 22:33:42,1,9,1,321
44367,2024-06-07 22:35:41,0,9,0,0
12359,2024-06-07 22:37:33,0,4,1,404
55714,2024-06-07 22:44:21,0,8,0,0
56397,2024-06-07 22:50:40,0,8,0,0
55851,2024-06-07 22:52:21,0,8,0,0
6446,2024-06-07 23:04:15,1,6,0,0
19947,2024-06-07 23:15:06,1,3,1,525
3341,2024-06-07 23:16:01,0,5,1,547
56397,2024-06-07 23:17:35,0,8,0,0
22173,2024-06-07 23:26:27,0,11,1,484
62755,2024-06-07 23:37:49,0,8,1,362
70339,2024-06-07 23:48:00,0,5,1,507
33038,2024-06-07 23:50:38,0,4,0,0
78231,2024-06-07 23:53:56,0,9,1,482
39795,2024-06-08 00:22:10,0,7,0,0
43010,2024-06-08 00:22:57,1,7,1,310
19952,2024-06-08 00:36:35,1,8,0,0
20947,2024-06-08 00:58:13,0,8,1,318
63836,2024-06-08 01:31:26,0,11,0,0
27342,2024-06-08 01:39:43,0,6,1,390
8648,2024-06-08 01:52:45,0,5,0,0
58223,2024-06-08 02:01:36,1,2,1,560
44592,2024-06-08 02:04:47,0,4,1,525
46464,2024-06-08 02:24:52,0,5,0,0
70473,2024-06-08 02:27:33,0,7,0,0
42886,2024-06-08 02:42:36,0,3,0,0
33244,2024-06-08 02:43:20,0,9,0,0
64122,2024-06-08 02:50:58,0,2,0,0
74038,2024-06-08 02:51:37,1,3,1,274
28938,2024-06-08 02:54:18,0,7,1,413
39581,2024-06-08 03:21:43,0,5,0,0
28801,2024-06-08 03:54:00,1,3,0,0
24289,2024-06-08 04:00:13,1,5,1,565
93203,2024-06-08 04:00:53,0,8,0,0
88079,2024-06-08 04:12:43,1,9,0,0
11630,2024-06-08 04:16:51,1,7,0,0
19861,2024-06-08 04:22:37,0,4,0,0
48886,2024-06-08 04:37:47,0,4,0,0
36252,2024-06-08 04:44:59,0,4,1,361
27982,2024-06-08 04:45:54,0,8,0,0
6659,2024-06-08 05:05:47,0,4,1,365
947,2024-06-08 05:30:50,1,2,0,0
46767,2024-06-08 05:44:48,1,6,0,0
31314,2024-06-08 06:10:17,0,4,0,0
5226,2024-06-08 06:15:42,0,6,1,513
93432,2024-06-08 06:22:19,0,8,1,475
32701,2024-06-08 06:22:23,1,5,0,0
32913,2024-06-08 06:48:20,0,5,1,384
44534,2024-06-08 07:19:25,0,7,1,307
6439,2024-06-08 07:54:52,0,5,0,0
42028,2024-06-08 08:02:44,0,10,1,452
19343,2024-06-08 08:08:58,1,6,1,334
70231,2024-06-08 08:11:43,0,3,1,621
60122,2024-06-08 08:16:48,1,4,1,507
64993,2024-06-08 08:17:36,0,9,0,0
36685,2024-06-08 08:48:32,0,8,1,319
83556,2024-06-08 08:57:40,0,3,0,0
81437,2024-06-08 09:01:39,0,9,0,0
1439,2024-06-08 09:07:31,1,5,0,0
5458,2024-06-08 09:09:42,1,6,1,512
88079,2024-06-08 09:10:21,0,7,0,0
30434,2024-06-08 09:17:52,0,8,1,275
31314,2024-06-08 09:26:16,0,5,0,0
7233,2024-06-08 09:30:00,1,3,0,0
60503,2024-06-08 09:33:51,0,4,1,791
84524,2024-06-08 09:35:48,1,3,1,589
26054,2024-06-08 09:35:54,0,7,0,0
34440,2024-06-08 09:36:58,1,8,0,0
16041,2024-06-08 09:45:56,0,7,1,615
13067,2024-06-08 09:51:58,0,4,1,432
10213,2024-06-08 10:03:22,0,3,0,0
90915,2024-06-08 10:09:55,0,3,0,0
66101,2024-06-08 10:40:11,0,5,1,480
65508,2024-06-08 10:49:51,0,5,0,0
35804,2024-06-08 10:53:38,0,5,1,513
67542,2024-06-08 11:01:50,0,11,1,198
34006,2024-06-08 11:10:17,0,6,0,0
96358,2024-06-08 11:15:20,0,3,0,0
22592,2024-06-08 11:19:37,1,4,0,0
39747,2024-06-08 11:27:50,1,7,1,375
60122,2024-06-08 11:28:40,1,6,0,0
44303,2024-06-08 11:29:12,0,9,0,0
87661,2024-06-08 11:40:22,0,5,0,0
96358,2024-06-08 11:41:36,1,2,0,0
61745,2024-06-08 11:52:05,1,7,0,0
28778,2024-06-08 12:01:39,0,4,1,252
23752,2024-06-08 12:03:15,0,8,1,555
44345,2024-06-08 12:06:26,0,7,0,0
14777,2024-06-08 12:19:09,0,6,0,0
87145,2024-06-08 12:25:07,0,3,0,0
68292,2024-06-08 12:27:47,0,3,1,580
15182,2024-06-08 12:36:29,0,5,0,0
21940,2024-06-08 12:55:21,0,6,0,0
9838,2024-06-08 12:55:40,1,3,0,0
90915,2024-06-08 12:57:41,1,6,1,597
62938,2024-06-08 12:57:53,0,10,0,0
58196,2024-06-08 12:59:02,1,8,1,481
81691,2024-06-08 13:03:29,1,7,0,0
82278,2024-06-08 13:18:52,0,10,1,639
28212,2024-06-08 13:25:15,0,5,1,417
13954,2024-06-08 13:41:07,0,5,0,0
93180,2024-06-08 13:49:22,0,4,1,289
59037,2024-06-08 13:50:12,0,7,0,0
603,2024-06-08 13:53:33,1,4,1,522
3482,2024-06-08 14:02:54,1,8,1,560
75718,2024-06-08 14:08:36,1,6,1,406
81691,2024-06-08 14:21:33,0,10,0,0
78107,2024-06-08 14:38:13,1,7,1,551
46205,2024-06-08 14:48:19,0,5,0,0
79901,2024-06-08 14:55:09,0,3,0,0
56153,2024-06-08 15:00:10,1,3,0,0
92248,2024-06-08 15:01:35,0,4,1,394
56153,2024-06-08 15:11:33,0,6,0,0
53255,2024-06-08 15:13:38,1,6,0,0
65306,2024-06-08 15:17:56,1,10,0,0
11880,2024-06-08 15:18:29,0,5,0,0
27318,2024-06-08 15:19:07,0,6,0,0
94302,2024-06-08 15:23:03,0,6,1,636
92284,2024-06-08 15:28:13,0,5,0,0
63667,2024-06-08 15:33:27,1,5,0,0
78119,2024-06-08 15:36:15,1,13,0,0
1477,2024-06-08 15:47:40,0,9,0,0
54476,2024-06-08 15:56:55,0,3,0,0
86271,2024-06-08 16:14:15,0,5,1,572
88982,2024-06-08 16:16:14,1,5,0,0
94228,2024-06-08 16:20:32,1,6,0,0
5126,2024-06-08 16:38:06,0,7,0,0
58690,2024-06-08 16:47:22,0,10,1,611
46464,2024-06-08 16:50:02,0,2,0,0
21941,2024-06-08 17:03:00,0,5,0,0
61932,2024-06-08 17:05:06,1,5,0,0
99795,2024-06-08 17:10:14,0,8,0,0
53215,2024-06-08 17:27:34,1,8,1,516
63980,2024-06-08 17:28:23,0,7,0,0
23370,2024-06-08 17:29:56,0,2,0,0
22788,2024-06-08 17:32:01,1,3,1,513
81358,2024-06-08 17:35:23,0,6,0,0
307,2024-06-08 17:51:08,0,5,1,294
84190,2024-06-08 17:55:16,0,9,1,293
73787,2024-06-08 17:57:06,0,3,0,0
14333,2024-06-08 18:03:37,1,7,1,255
69352,2024-06-08 18:07:08,1,5,0,0
39441,2024-06-08 18:08:00,1,7,0,0
14822,2024-06-08 18:09:13,0,5,1,503
27342,2024-06-08 18:13:21,1,6,1,287
88652,2024-06-08 18:19:04,0,4,0,0
57029,2024-06-08 18:29:59,1,7,0,0
89864,2024-06-08 18:34:07,0,3,0,0
13488,2024-06-08 18:42:56,0,7,0,0
31426,2024-06-08 18:48:38,0,9,0,0
54158,2024-06-08 18:51:22,1,1,1,402
72134,2024-06-08 19:01:03,1,6,0,0
53255,2024-06-08 19:10:46,0,7,0,0
88938,2024-06-08 19:11:12,0,7,0,0
54835,2024-06-08 19:16:10,0,6,1,510
67422,2024-06-08 19:25:56,0,3,0,0
93180,2024-06-08 19:30:30,0,10,0,0
68415,2024-06-08 19:40:04,1,8,1,259
14333,2024-06-08 19:40:18,1,6,1,393
18146,2024-06-08 19:45:44,0,6,1,944
1890,2024-06-08 19:53:32,0,7,0,0
91723,2024-06-08 19:54:19,0,6,1,512
84796,2024-06-08 20:33:22,1,8,0,0
68889,2024-06-08 20:38:51,0,7,0,0
28731,2024-06-08 20:43:30,0,7,1,485
8339,2024-06-08 20:52:15,1,2,0,0
78485,2024-06-08 20:52:22,1,6,1,640
89467,2024-06-08 21:08:50,1,3,0,0
54535,2024-06-08 21:18:10,1,3,1,600
11853,2024-06-08 21:19:53,0,7,1,262
68953,2024-06-08 21:24:18,0,7,1,621
63198,2024-06-08 21:25:05,1,7,1,351
58223,2024-06-08 21:26:55,1,13,0,0
98221,2024-06-08 21:33:15,1,11,0,0
41631,2024-06-08 21:34:08,0,3,0,0
30360,2024-06-08 21:34:44,0,4,1,317
60652,2024-06-08 21:38:38,1,5,1,312
53527,2024-06-08 21:38:39,0,9,0,0
69936,2024-06-08 21:51:38,0,4,0,0
9728,2024-06-08 22:04:59,0,6,0,0
27168,2024-06-08 22:09:09,0,4,0,0
69155,2024-06-08 22:10:36,1,3,0,0
96623,2024-06-08 22:14:13,0,5,0,0
43295,2024-06-08 22:15:41,1,3,0,0
35543,2024-06-08 22:16:36,0,7,0,0
39496,2024-06-08 22:27:38,0,7,0,0
8336,2024-06-08 22:32:06,0,4,0,0
19020,2024-06-08 22:34:53,0,9,1,322
13808,2024-06-08 22:34:59,1,9,1,306
66599,2024-06-08 22:35:08,0,8,0,0
5126,2024-06-08 22:35:32,0,4,0,0
7085,2024-06-08 22:37:01,0,6,1,922
65362,2024-06-08 22:37:47,0,4,0,0
9838,2024-06-08 22:46:19,0,8,1,436
11260,2024-06-08 22:53:57,0,1,0,0
18146,2024-06-08 23:01:08,1,3,1,555
63003,2024-06-08 23:06:39,0,4,1,210
63446,2024-06-08 23:08:50,0,7,1,466
84524,2024-06-08 23:17:18,0,5,1,509
30423,2024-06-08 23:26:05,0,5,0,0
88079,2024-06-08 23:34:11,0,5,1,500
49380,2024-06-08 23:39:11,0,7,0,0
72842,2024-06-08 23:39:51,1,6,0,0
42997,2024-06-08 23:49:53,0,4,0,0
57786,2024-06-08 23:50:09,0,5,0,0
15574,2024-06-08 23:51:37,0,8,0,0
23689,2024-06-08 23:57:03,0,8,0,0
22790,2024-06-08 23:59:18,1,4,1,375
89467,2024-06-09 00:02:31,0,1,0,0
38695,2024-06-09 00:04:11,0,4,0,0
45562,2024-06-09 00:12:07,0,6,0,0
81155,2024-06-09 00:12:32,1,3,0,0
6446,2024-06-09 00:22:45,1,14,1,355
60166,2024-06-09 00:23:35,0,3,1,761
71466,2024-06-09 00:46:58,0,7,0,0
12796,2024-06-09 01:00:18,0,5,0,0
14333,2024-06-09 01:02:26,0,10,1,238
53527,2024-06-09 01:18:44,0,7,0,0
81066,2024-06-09 01:21:31,1,7,0,0
5226,2024-06-09 01:27:54,0,3,1,266
82016,2024-06-09 01:32:17,0,9,1,436
78485,2024-06-09 01:46:49,0,8,1,656
34440,2024-06-09 01:59:19,1,5,0,0
8648,2024-06-09 02:36:03,0,4,0,0
41324,2024-06-09 02:41:22,0,8,0,0
82478,2024-06-09 02:48:39,0,6,0,0
39715,2024-06-09 02:57:48,0,4,0,0
69687,2024-06-09 03:12:32,0,5,1,903
40780,2024-06-09 03:37:39,0,5,0,0
48807,2024-06-09 03:40:25,1,6,1,427
33983,2024-06-09 03:53:00,0,4,0,0
92248,2024-06-09 04:04:55,1,5,1,497
54835,2024-06-09 04:16:49,1,8,1,393
91327,2024-06-09 04:35:58,0,8,1,347
85420,2024-06-09 04:53:27,0,5,0,0
36558,2024-06-09 05:06:44,0,12,0,0
88104,2024-06-09 05:07:10,0,1,1,434
45297,2024-06-09 05:18:21,1,12,1,297
74023,2024-06-09 05:33:14,0,6,0,0
46700,2024-06-09 06:06:29,1,5,1,697
63918,2024-06-09 06:07:32,1,7,1,420
97169,2024-06-09 06:25:22,0,5,0,0
8258,2024-06-09 06:54:22,0,6,1,245
25568,2024-06-09 07:11:08,0,4,1,696
68187,2024-06-09 07:39:57,0,5,0,0
89286,2024-06-09 07:45:43,0,8,1,948
91723,2024-06-09 07:56:13,1,6,0,0
23024,2024-06-09 08:03:08,0,6,0,0
58337,2024-06-09 08:06:17,0,2,0,0
88938,2024-06-09 08:07:48,0,9,0,0
74063,2024-06-09 08:16:58,0,9,1,386
65830,2024-06-09 08:20:43,1,4,0,0
98996,2024-06-09 08:26:19,1,7,0,0
63211,2024-06-09 08:33:48,1,7,0,0
9642,2024-06-09 08:46:36,0,8,0,0
52639,2024-06-09 09:09:12,0,6,1,604
44875,2024-06-09 09:13:47,0,8,1,505
42017,2024-06-09 09:16:18,1,6,1,411
46226,2024-06-09 09:16:38,0,8,0,0
7386,2024-06-09 09:24:17,0,3,0,0
72016,2024-06-09 09:25:15,0,4,1,430
11254,2024-06-09 09:31:17,0,4,0,0
85631,2024-06-09 09:39:35,1,3,1,415
12603,2024-06-09 09:39:49,0,5,1,749
3712,2024-06-09 09:47:17,0,4,0,0
28829,2024-06-09 09:50:28,0,4,0,0
78107,2024-06-09 09:50:32,0,6,0,0
79613,2024-06-09 09:55:58,1,6,0,0
16855,2024-06-09 10:00:31,0,4,0,0
72940,2024-06-09 10:07:13,1,6,0,0
23695,2024-06-09 10:12:12,0,6,1,389
68467,2024-06-09 10:13:38,0,4,0,0
88905,2024-06-09 10:15:21,0,6,1,518
89935,2024-06-09 10:16:20,0,3,0,0
81066,2024-06-09 10:17:00,0,6,0,0
22005,2024-06-09 10:24:01,1,4,0,0
24094,2024-06-09 10:38:05,0,7,0,0
41702,2024-06-09 10:40:27,1,5,1,454
28212,2024-06-09 10:42:09,0,7,1,540
90756,2024-06-09 10:50:36,1,4,1,345
38695,2024-06-09 10:55:49,1,4,0,0
68804,2024-06-09 11:05:42,0,3,0,0
56265,2024-06-09 11:07:19,0,11,1,715
29081,2024-06-09 11:09:49,1,6,1,391
68670,2024-06-09 11:10:40,1,5,0,0
45186,2024-06-09 11:11:08,0,4,1,438
36296,2024-06-09 11:14:55,0,2,1,678
26501,2024-06-09 11:17:43,0,4,1,364
78324,2024-06-09 11:18:42,1,5,0,0
55851,2024-06-09 11:20:40,0,6,0,0
99825,2024-06-09 11:32:58,0,5,1,329
72842,2024-06-09 11:34:18,0,9,1,289
59670,2024-06-09 11:36:47,0,6,0,0
33244,2024-06-09 11:54:32,1,2,0,0
35185,2024-06-09 12:06:49,0,6,0,0
26834,2024-06-09 12:13:10,1,7,0,0
70923,2024-06-09 12:17:19,0,5,0,0
18658,2024-06-09 12:40:18,0,7,0,0
63302,2024-06-09 12:41:29,1,4,0,0
12454,2024-06-09 12:51:43,1,6,0,0
81691,2024-06-09 13:00:18,0,7,0,0
97637,2024-06-09 13:05:29,0,8,0,0
74667,2024-06-09 13:17:01,1,9,0,0
23695,2024-06-09 13:27:19,1,3,0,0
15139,2024-06-09 13:32:47,0,2,0,0
72446,2024-06-09 13:40:31,0,7,0,0
58380,2024-06-09 13:43:26,1,7,0,0
77532,2024-06-09 13:48:53,0,10,0,0
85827,2024-06-09 14:13:42,0,7,1,584
19952,2024-06-09 14:15:16,1,7,0,0
90915,2024-06-09 14:34:35,0,8,1,579
40862,2024-06-09 14:34:56,0,6,0,0
70473,2024-06-09 14:34:57,1,6,0,0
65126,2024-06-09 14:39:52,0,5,0,0
44997,2024-06-09 14:44:05,0,8,1,350
32968,2024-06-09 14:46:39,1,5,1,331
98314,2024-06-09 14:52:08,1,6,1,727
31445,2024-06-09 15:00:11,0,8,0,0
21919,2024-06-09 15:00:30,0,4,0,0
44701,2024-06-09 15:03:28,0,3,0,0
30434,2024-06-09 15:10:23,0,7,0,0
5407,2024-06-09 15:13:00,0,2,0,0
6584,2024-06-09 15:15:49,0,8,1,434
77029,2024-06-09 15:17:29,0,8,1,412
93640,2024-06-09 15:21:35,0,7,1,343
36252,2024-06-09 15:39:49,1,5,1,565
35185,2024-06-09 15:46:11,1,4,0,0
96358,2024-06-09 15:46:30,0,6,1,312
6439,2024-06-09 15:53:19,1,3,1,452
32701,2024-06-09 15:58:03,0,6,0,0
33607,2024-06-09 16:01:10,1,5,0,0
88658,2024-06-09 16:03:01,1,5,0,0
5491,2024-06-09 16:03:08,0,5,0,0
59217,2024-06-09 16:19:18,0,10,0,0
2720,2024-06-09 16:25:10,1,7,0,0
33548,2024-06-09 16:39:33,0,3,0,0
12768,2024-06-09 17:07:15,0,4,0,0
86551,2024-06-09 17:12:40,1,7,1,237
11368,2024-06-09 17:22:00,1,10,0,0
5227,2024-06-09 17:26:55,0,6,0,0
40862,2024-06-09 17:31:05,0,5,0,0
46342,2024-06-09 17:46:22,0,6,1,503
22493,2024-06-09 17:46:56,0,8,1,330
5015,2024-06-09 17:51:15,1,7,0,0
17844,2024-06-09 17:52:56,0,5,0,0
29898,2024-06-09 17:52:58,0,4,0,0
19718,2024-06-09 17:57:19,0,6,1,610
99955,2024-06-09 17:59:16,0,11,0,0
12291,2024-06-09 17:59:20,0,8,0,0
62755,2024-06-09 18:00:36,1,4,0,0
25038,2024-06-09 18:04:47,0,6,0,0
68024,2024-06-09 18:06:49,0,5,0,0
7085,2024-06-09 18:34:48,0,5,0,0
21836,2024-06-09 18:43:43,0,9,0,0
43133,2024-06-09 18:52:52,1,8,0,0
98996,2024-06-09 19:06:08,0,10,1,665
40780,2024-06-09 19:10:26,1,4,0,0
73787,2024-06-09 19:13:05,1,8,0,0
19023,2024-06-09 19:30:08,0,6,1,496
61835,2024-06-09 19:41:56,0,7,1,485
43010,2024-06-09 19:53:20,1,9,0,0
61752,2024-06-09 19:54:10,0,4,1,463
21727,2024-06-09 19:56:18,0,7,0,0
98626,2024-06-09 20:06:29,0,5,0,0
45297,2024-06-09 20:06:36,0,9,0,0
57397,2024-06-09 20:14:07,1,4,1,365
37377,2024-06-09 20:17:07,0,7,1,521
98314,2024-06-09 20:18:07,0,5,0,0
89244,2024-06-09 20:18:22,0,7,0,0
94797,2024-06-09 20:21:39,1,9,0,0
58360,2024-06-09 20:23:58,0,2,0,0
1010,2024-06-09 20:26:19,0,10,0,0
38241,2024-06-09 20:27:27,0,7,1,394
33596,2024-06-09 20:35:21,0,6,0,0
58694,2024-06-09 20:41:34,0,7,0,0
76004,2024-06-09 20:41:48,0,5,0,0
62755,2024-06-09 20:42:34,0,6,0,0
62743,2024-06-09 20:43:16,1,8,1,217
27540,2024-06-09 20:53:58,0,2,0,0
84564,2024-06-09 21:06:10,0,7,0,0
8378,2024-06-09 21:08:06,0,10,0,0
7018,2024-06-09 21:13:20,0,5,0,0
81672,2024-06-09 21:15:40,0,3,0,0
25038,2024-06-09 21:17:58,0,9,1,376
66262,2024-06-09 21:39:02,0,11,0,0
1254,2024-06-09 21:40:16,1,1,0,0
90756,2024-06-09 21:41:11,1,2,0,0
59460,2024-06-09 21:49:07,0,6,0,0
32134,2024-06-09 22:00:21,1,5,0,0
99721,2024-06-09 22:00:56,0,3,1,405
50753,2024-06-09 22:10:35,0,7,1,765
65194,2024-06-09 22:10:36,1,5,0,0
94619,2024-06-09 22:14:57,0,10,0,0
98679,2024-06-09 22:16:25,0,5,0,0
65830,2024-06-09 22:16:32,1,8,0,0
68499,2024-06-09 22:16:48,0,8,0,0
69206,2024-06-09 22:29:10,0,2,1,692
45562,2024-06-09 22:30:32,0,3,0,0
7739,2024-06-09 22:37:42,0,9,1,474
4391,2024-06-09 22:39:32,0,6,1,389
46883,2024-06-09 22:43:11,1,6,0,0
40289,2024-06-09 22:46:21,0,6,0,0
89813,2024-06-09 22:46:47,1,5,1,476
14822,2024-06-09 22:48:04,0,4,0,0
62035,2024-06-09 22:48:55,1,7,0,0
52552,2024-06-09 22:57:24,0,9,0,0
68670,2024-06-09 22:59:07,1,5,1,313
58736,2024-06-09 23:07:56,0,8,0,0
4019,2024-06-09 23:08:13,1,0,0,0
9838,2024-06-09 23:37:47,0,4,0,0
5458,2024-06-09 23:41:30,0,3,0,0
81083,2024-06-09 23:48:34,1,5,0,0
65362,2024-06-09 23:51:04,0,12,0,0
9258,2024-06-09 23:55:39,0,8,1,579
56405,2024-06-09 23:57:50,1,9,0,0
40240,2024-06-09 23:58:25,1,2,0,0
84211,2024-06-10 00:11:04,0,3,1,374
54001,2024-06-10 00:27:13,0,2,1,597
20480,2024-06-10 00:29:27,1,7,0,0
21836,2024-06-10 00:45:48,0,5,0,0
33019,2024-06-10 00:52:03,0,4,1,369
77734,2024-06-10 01:01:09,0,7,0,0
19452,2024-06-10 01:18:16,0,6,0,0
24483,2024-06-10 01:18:28,1,7,1,321
70115,2024-06-10 01:28:47,0,8,0,0
81233,2024-06-10 01:33:31,0,6,0,0
94157,2024-06-10 01:36:13,1,12,1,230
76455,2024-06-10 01:49:07,1,11,0,0
70923,2024-06-10 01:54:47,0,4,1,438
26257,2024-06-10 01:59:26,0,15,0,0
30434,2024-06-10 02:31:02,0,4,1,379
9642,2024-06-10 02:59:46,0,8,0,0
5407,2024-06-10 03:07:04,0,10,1,471
35872,2024-06-10 03:09:02,1,7,1,762
26501,2024-06-10 03:16:36,0,8,0,0
61355,2024-06-10 03:22:56,0,6,0,0
63667,2024-06-10 03:25:48,1,10,0,0
91017,2024-06-10 03:32:02,0,5,1,382
54631,2024-06-10 03:39:13,1,6,0,0
17328,2024-06-10 03:49:20,1,6,1,516
61745,2024-06-10 03:49:36,0,9,0,0
71466,2024-06-10 03:51:47,0,8,1,411
17378,2024-06-10 03:55:34,0,5,0,0
75718,2024-06-10 04:24:06,1,8,0,0
87977,2024-06-10 04:25:56,0,6,0,0
96973,2024-06-10 04:26:07,1,12,0,0
36296,2024-06-10 04:31:20,0,4,1,658
94797,2024-06-10 06:02:53,1,6,0,0
20947,2024-06-10 06:39:48,0,7,1,401
31445,2024-06-10 06:58:57,0,8,1,409
40564,2024-06-10 07:02:33,0,9,0,0
90381,2024-06-10 07:15:34,0,10,0,0
85631,2024-06-10 07:20:59,0,4,0,0
10723,2024-06-10 07:31:02,0,7,1,913
88938,2024-06-10 07:33:01,0,3,0,0
95258,2024-06-10 07:38:26,1,7,0,0
56125,2024-06-10 08:08:39,0,6,0,0
71466,2024-06-10 08:16:02,0,3,1,267
61355,2024-06-10 08:19:26,0,2,0,0
48201,2024-06-10 08:22:50,0,5,0,0
62898,2024-06-10 08:23:30,0,5,0,0
48807,2024-06-10 08:30:55,1,3,1,252
41155,2024-06-10 08:30:58,0,8,0,0
34229,2024-06-10 08:31:51,0,3,0,0
5343,2024-06-10 08:35:53,1,3,1,555
39441,2024-06-10 08:40:12,0,7,0,0
81940,2024-06-10 08:45:06,0,8,0,0
46323,2024-06-10 08:46:11,1,6,1,332
20947,2024-06-10 08:55:54,0,5,1,249
17803,2024-06-10 09:00:30,0,8,1,394
67917,2024-06-10 09:03:34,0,5,1,235
31314,2024-06-10 09:07:01,0,5,0,0
4019,2024-06-10 09:08:21,1,7,0,0
49070,2024-06-10 09:15:15,0,4,0,0
88887,2024-06-10 09:18:42,0,5,1,438
29589,2024-06-10 09:23:23,1,3,0,0
19861,2024-06-10 09:25:58,0,9,0,0
67852,2024-06-10 09:27:40,1,4,0,0
37051,2024-06-10 09:51:32,0,4,1,668
74143,2024-06-10 09:55:57,0,11,0,0
53925,2024-06-10 10:03:57,0,9,0,0
35485,2024-06-10 10:04:10,0,9,1,408
97106,2024-06-10 10:10:53,0,4,0,0
71779,2024-06-10 10:14:14,0,6,0,0
89532,2024-06-10 10:15:05,1,5,0,0
98679,2024-06-10 10:16:28,0,8,0,0
46205,2024-06-10 10:24:07,0,6,1,419
16235,2024-06-10 10:24:52,1,10,0,0
24289,2024-06-10 10:32:05,0,8,1,497
52613,2024-06-10 10:45:43,0,5,0,0
79943,2024-06-10 10:59:25,0,9,0,0
23370,2024-06-10 11:03:59,1,4,1,392
17070,2024-06-10 11:04:56,1,7,0,0
92698,2024-06-10 11:36:03,1,6,1,282
89532,2024-06-10 11:40:01,1,3,0,0
10494,2024-06-10 11:47:48,1,10,1,638
88066,2024-06-10 12:01:38,0,5,0,0
77689,2024-06-10 12:03:11,0,6,0,0
63605,2024-06-10 12:06:50,0,11,1,212
35891,2024-06-10 12:14:06,0,4,0,0
33019,2024-06-10 12:16:18,0,7,0,0
12455,2024-06-10 12:26:27,0,9,0,0
33607,2024-06-10 12:32:38,0,9,0,0
3778,2024-06-10 12:33:33,0,4,1,401
61745,2024-06-10 12:35:22,0,11,0,0
74143,2024-06-10 12:36:59,0,9,0,0
94286,2024-06-10 12:50:56,0,8,0,0
91510,2024-06-10 12:54:08,0,7,1,284
82634,2024-06-10 13:09:32,1,6,0,0
62770,2024-06-10 13:10:25,1,6,0,0
57824,2024-06-10 13:12:19,0,7,0,0
92906,2024-06-10 13:19:44,0,0,0,0
77173,2024-06-10 13:20:58,0,3,1,584
2909,2024-06-10 13:23:36,0,11,0,0
57128,2024-06-10 13:46:26,0,4,0,0
20374,2024-06-10 13:47:26,0,2,0,0
2373,2024-06-10 13:48:37,1,6,0,0
52250,2024-06-10 13:54:21,0,7,1,260
72971,2024-06-10 13:55:50,0,12,0,0
68889,2024-06-10 14:05:05,0,4,1,361
40611,2024-06-10 14:06:53,1,4,1,492
13488,2024-06-10 14:09:21,0,6,1,478
70923,2024-06-10 14:23:02,0,3,1,645
7085,2024-06-10 14:23:47,0,4,1,406
36022,2024-06-10 14:34:50,1,7,0,0
88401,2024-06-10 14:40:01,0,7,0,0
19503,2024-06-10 14:46:21,0,8,1,524
57290,2024-06-10 14:50:54,0,6,1,477
3664,2024-06-10 14:53:42,1,6,0,0
37632,2024-06-10 14:57:04,0,7,0,0
12187,2024-06-10 15:00:29,0,4,0,0
53780,2024-06-10 15:02:48,1,8,0,0
97540,2024-06-10 15:05:37,0,7,1,501
63079,2024-06-10 15:21:23,1,6,0,0
81672,2024-06-10 15:28:04,0,7,0,0
89532,2024-06-10 15:33:50,1,2,0,0
81437,2024-06-10 15:40:58,1,2,0,0
88009,2024-06-10 15:41:17,0,5,1,453
20911,2024-06-10 15:47:52,0,5,1,479
8244,2024-06-10 15:49:12,0,2,0,0
94502,2024-06-10 15:54:08,1,3,1,324
1439,2024-06-10 15:55:57,1,7,0,0
71120,2024-06-10 16:10:11,0,8,0,0
78442,2024-06-10 16:17:09,1,6,1,313
87745,2024-06-10 16:18:31,0,7,0,0
63008,2024-06-10 16:24:53,0,8,1,284
48258,2024-06-10 16:27:21,1,9,0,0
17844,2024-06-10 16:31:00,0,7,0,0
53885,2024-06-10 16:37:32,0,5,0,0
59460,2024-06-10 16:38:35,0,3,0,0
88540,2024-06-10 16:45:00,0,5,0,0
63140,2024-06-10 16:54:15,1,1,0,0
65474,2024-06-10 17:03:36,0,5,0,0
12359,2024-06-10 17:08:47,0,7,0,0
71596,2024-06-10 17:22:25,0,3,0,0
27540,2024-06-10 17:22:46,0,8,1,292
72446,2024-06-10 17:26:09,1,3,0,0
88180,2024-06-10 17:28:19,0,6,0,0
96555,2024-06-10 17:29:56,0,7,0,0
11629,2024-06-10 17:35:54,0,9,1,713
91017,2024-06-10 17:37:34,0,3,0,0
40780,2024-06-10 17:46:06,0,7,1,449
57866,2024-06-10 18:02:43,0,1,0,0
25788,2024-06-10 18:03:31,1,7,1,394
42241,2024-06-10 18:09:01,1,7,0,0
78110,2024-06-10 18:10:43,1,6,0,0
36632,2024-06-10 18:11:23,0,6,0,0
15212,2024-06-10 18:16:37,1,2,1,421
40134,2024-06-10 18:25:19,0,9,0,0
22790,2024-06-10 18:27:41,1,6,0,0
94926,2024-06-10 18:28:58,0,6,0,0
3482,2024-06-10 18:30:04,0,9,0,0
68801,2024-06-10 18:45:19,1,10,0,0
33385,2024-06-10 18:52:57,0,13,0,0
63918,2024-06-10 19:08:40,0,12,0,0
10494,2024-06-10 19:14:31,1,8,1,478
9728,2024-06-10 19:36:28,0,9,0,0
32090,2024-06-10 19:38:10,0,7,0,0
12914,2024-06-10 19:51:25,0,8,0,0
94155,2024-06-10 19:59:11,0,5,0,0
36250,2024-06-10 20:02:21,0,5,0,0
88935,2024-06-10 20:04:11,1,3,0,0
78485,2024-06-10 20:16:55,0,6,0,0
5226,2024-06-10 20:16:56,1,6,0,0
11629,2024-06-10 20:18:58,0,9,1,440
79066,2024-06-10 20:29:02,0,6,1,351
33607,2024-06-10 20:29:25,0,10,1,463
55577,2024-06-10 20:33:40,0,6,0,0
38241,2024-06-10 20:36:35,1,7,0,0
1676,2024-06-10 20:38:33,1,5,1,373
67804,2024-06-10 20:42:46,0,4,1,385
29094,2024-06-10 20:52:37,1,2,1,424
88905,2024-06-10 20:54:30,0,7,0,0
87757,2024-06-10 21:03:10,0,9,0,0
18335,2024-06-10 21:13:04,1,7,1,330
46883,2024-06-10 21:13:13,1,5,0,0
94157,2024-06-10 21:13:56,0,5,0,0
87403,2024-06-10 21:14:22,0,6,0,0
33019,2024-06-10 21:23:57,0,3,1,603
19420,2024-06-10 21:24:38,1,4,0,0
35569,2024-06-10 21:28:07,0,6,0,0
52129,2024-06-10 21:33:37,0,6,1,468
87403,2024-06-10 21:41:32,0,9,0,0
96343,2024-06-10 22:11:51,0,5,1,502
9728,2024-06-10 22:15:13,0,6,0,0
19718,2024-06-10 22:21:00,1,7,1,450
40564,2024-06-10 22:23:10,0,7,0,0
76455,2024-06-10 22:36:36,1,8,1,374
32701,2024-06-10 22:44:23,1,7,1,300
88854,2024-06-10 22:47:20,1,10,0,0
78632,2024-06-10 23:03:20,0,12,0,0
947,2024-06-10 23:08:32,1,7,0,0
37632,2024-06-10 23:15:11,0,7,0,0
73793,2024-06-10 23:24:01,1,8,0,0
18952,2024-06-10 23:24:21,0,5,0,0
18290,2024-06-10 23:28:06,1,7,0,0
63775,2024-06-10 23:29:09,0,2,1,234
16296,2024-06-10 23:30:08,0,3,0,0
65508,2024-06-10 23:32:22,0,3,0,0
63003,2024-06-10 23:33:22,0,3,0,0
66830,2024-06-10 23:36:15,0,11,1,553
36541,2024-06-10 23:37:07,0,9,0,0
78324,2024-06-10 23:43:23,0,7,0,0
26112,2024-06-10 23:52:32,1,7,0,0
34006,2024-06-10 23:53:50,1,2,1,647
29283,2024-06-11 00:14:44,1,3,1,392
60203,2024-06-11 00:18:01,0,8,0,0
7018,2024-06-11 00:26:56,1,6,0,0
9584,2024-06-11 00:45:41,1,4,0,0
24818,2024-06-11 01:18:50,1,4,0,0
15182,2024-06-11 01:20:49,0,5,0,0
36191,2024-06-11 01:37:34,1,3,0,0
3714,2024-06-11 02:24:43,0,6,0,0
89604,2024-06-11 02:28:39,0,5,0,0
20712,2024-06-11 02:36:09,0,8,1,371
57786,2024-06-11 02:42:44,0,7,0,0
63852,2024-06-11 03:11:07,0,5,0,0
82278,2024-06-11 03:13:48,0,4,0,0
72971,2024-06-11 03:30:42,1,8,0,0
69936,2024-06-11 03:46:34,0,6,0,0
30439,2024-06-11 03:55:33,0,9,0,0
70923,2024-06-11 04:04:25,0,6,0,0
89864,2024-06-11 04:29:05,0,0,0,0
7756,2024-06-11 04:36:08,0,1,1,1137
26439,2024-06-11 04:42:19,1,7,0,0
23375,2024-06-11 04:54:21,0,8,0,0
42405,2024-06-11 05:11:13,0,7,0,0
27974,2024-06-11 05:16:49,0,6,0,0
10995,2024-06-11 05:20:22,0,1,0,0
56939,2024-06-11 05:26:07,0,8,1,404
54631,2024-06-11 06:11:11,0,9,0,0
28829,2024-06-11 06:15:51,0,9,0,0
53215,2024-06-11 06:27:39,0,5,0,0
24921,2024-06-11 07:05:21,1,5,1,364
86271,2024-06-11 07:36:50,1,7,0,0
28212,2024-06-11 07:46:14,0,6,0,0
36558,2024-06-11 08:00:41,1,3,0,0
99352,2024-06-11 08:04:53,1,10,0,0
32290,2024-06-11 08:07:32,0,11,0,0
18011,2024-06-11 08:08:31,0,2,0,0
15574,2024-06-11 08:18:34,1,2,1,303
47427,2024-06-11 08:19:02,0,7,1,289
59670,2024-06-11 08:22:08,0,7,0,0
33607,2024-06-11 08:22:09,0,5,0,0
38915,2024-06-11 08:28:14,1,6,0,0
64096,2024-06-11 08:30:08,0,6,0,0
16041,2024-06-11 08:31:09,1,9,1,662
26822,2024-06-11 08:42:38,1,6,0,0
54414,2024-06-11 08:54:02,0,9,0,0
32134,2024-06-11 09:02:03,0,8,1,519
71546,2024-06-11 09:04:52,0,9,1,430
20845,2024-06-11 09:15:33,0,4,0,0
34236,2024-06-11 09:17:01,1,9,0,0
81437,2024-06-11 09:21:18,1,11,0,0
5052,2024-06-11 09:29:33,0,2,0,0
29362,2024-06-11 09:33:21,1,5,1,455
74604,2024-06-11 09:35:41,1,6,1,298
10494,2024-06-11 09:52:19,1,5,1,593
84782,2024-06-11 09:56:55,0,2,0,0
14777,2024-06-11 09:57:23,1,5,0,0
21476,2024-06-11 10:00:11,0,5,0,0
20987,2024-06-11 10:00:40,0,3,1,369
24996,2024-06-11 10:01:39,1,12,0,0
71546,2024-06-11 10:17:16,0,7,1,446
86965,2024-06-11 10:20:07,0,4,0,0
46342,2024-06-11 10:22:48,0,12,0,0
2720,2024-06-11 10:32:02,0,7,0,0
22149,2024-06-11 10:58:50,0,2,0,0
62898,2024-06-11 11:01:32,1,8,1,330
84524,2024-06-11 11:02:46,0,7,1,772
92586,2024-06-11 11:03:27,0,7,0,0
48241,2024-06-11 11:04:56,1,7,1,448
8367,2024-06-11 11:08:56,0,8,0,0
32648,2024-06-11 11:09:09,0,6,0,0
10798,2024-06-11 11:13:42,0,7,1,246
19343,2024-06-11 11:20:18,0,5,0,0
65620,2024-06-11 11:35:25,0,10,1,380
89935,2024-06-11 11:38:00,1,6,0,0
75380,2024-06-11 11:47:29,1,8,0,0
33385,2024-06-11 11:59:21,1,6,0,0
82205,2024-06-11 11:59:22,0,4,0,0
3815,2024-06-11 12:03:56,0,1,0,0
98679,2024-06-11 12:20:07,0,9,0,0
64202,2024-06-11 12:24:27,1,5,0,0
53527,2024-06-11 12:26:23,0,3,1,583
79831,2024-06-11 12:29:15,0,6,1,252
29831,2024-06-11 12:30:57,0,5,1,332
71817,2024-06-11 12:32:07,0,4,0,0
25661,2024-06-11 12:32:09,1,3,0,0
84190,2024-06-11 12:36:11,1,4,0,0
85631,2024-06-11 12:36:53,0,6,0,0
52763,2024-06-11 12:57:57,0,3,1,307
43995,2024-06-11 13:15:12,1,4,0,0
17070,2024-06-11 13:20:34,0,7,0,0
58694,2024-06-11 13:25:29,0,7,1,385
88046,2024-06-11 13:26:24,0,14,0,0
89286,2024-06-11 13:26:38,0,3,0,0
68462,2024-06-11 13:29:08,1,10,0,0
81288,2024-06-11 13:31:21,0,6,0,0
29395,2024-06-11 13:37:44,0,7,0,0
36558,2024-06-11 13:43:52,1,8,1,436
12291,2024-06-11 13:45:24,1,5,0,0
95565,2024-06-11 14:04:47,1,7,0,0
19952,2024-06-11 14:07:55,1,5,0,0
94797,2024-06-11 14:08:38,0,3,0,0
87336,2024-06-11 14:14:16,0,3,0,0
18658,2024-06-11 14:15:32,0,6,0,0
38866,2024-06-11 14:19:13,0,6,1,430
41631,2024-06-11 14:32:29,0,6,1,353
2373,2024-06-11 14:32:38,1,4,0,0
16041,2024-06-11 14:34:28,1,2,1,703
3512,2024-06-11 14:41:21,0,3,0,0
32913,2024-06-11 14:46:00,0,4,0,0
84567,2024-06-11 14:47:22,0,8,1,749
85960,2024-06-11 14:47:43,0,6,0,0
63008,2024-06-11 14:53:44,1,7,0,0
57290,2024-06-11 14:59:02,0,6,1,376
87336,2024-06-11 15:00:23,1,8,1,333
40676,2024-06-11 15:01:51,0,5,0,0
88887,2024-06-11 15:06:26,0,7,0,0
17328,2024-06-11 15:13:18,0,6,0,0
11053,2024-06-11 15:15:56,0,5,0,0
57290,2024-06-11 15:17:49,1,12,1,542
78065,2024-06-11 15:20:44,0,3,0,0
80637,2024-06-11 15:27:43,0,5,0,0
53843,2024-06-11 15:33:15,0,5,1,308
56405,2024-06-11 15:47:41,0,3,0,0
18290,2024-06-11 15:49:04,0,3,0,0
2818,2024-06-11 15:54:23,1,6,0,0
55598,2024-06-11 15:58:10,1,6,1,238
16066,2024-06-11 15:58:34,0,9,0,0
1379,2024-06-11 16:05:49,1,3,1,546
16296,2024-06-11 16:14:25,0,7,1,316
65355,2024-06-11 16:19:39,0,8,0,0
35936,2024-06-11 16:41:22,0,6,1,691
19452,2024-06-11 16:42:35,1,6,0,0
96562,2024-06-11 16:43:26,0,4,0,0
50848,2024-06-11 16:46:18,1,5,0,0
70415,2024-06-11 16:49:17,0,7,0,0
13954,2024-06-11 16:55:11,0,9,1,385
62743,2024-06-11 16:56:38,0,3,0,0
28117,2024-06-11 16:57:27,0,11,0,0
15793,2024-06-11 17:06:34,0,5,0,0
28829,2024-06-11 17:09:50,1,2,0,0
84524,2024-06-11 17:12:06,0,4,0,0
33038,2024-06-11 17:14:23,0,7,0,0
12455,2024-06-11 17:24:38,0,4,0,0
18290,2024-06-11 17:29:38,0,3,0,0
80637,2024-06-11 17:33:09,1,6,0,0
1890,2024-06-11 17:33:56,0,5,0,0
70339,2024-06-11 17:56:46,0,4,0,0
33783,2024-06-11 17:57:56,1,8,0,0
89935,2024-06-11 18:11:46,1,8,0,0
38942,2024-06-11 18:22:04,0,4,0,0
66101,2024-06-11 18:25:47,0,4,0,0
29362,2024-06-11 18:27:40,1,4,0,0
15720,2024-06-11 18:33:51,1,6,0,0
23225,2024-06-11 18:35:58,0,5,0,0
49199,2024-06-11 18:49:17,0,4,0,0
36685,2024-06-11 18:49:25,0,13,1,524
33151,2024-06-11 18:58:06,0,7,0,0
77689,2024-06-11 19:09:31,1,6,0,0
74023,2024-06-11 19:33:02,1,7,0,0
42402,2024-06-11 19:33:44,0,5,0,0
52703,2024-06-11 19:39:27,0,5,0,0
79797,2024-06-11 19:46:04,0,7,0,0
29613,2024-06-11 19:49:12,0,4,0,0
11606,2024-06-11 19:53:15,1,3,0,0
66101,2024-06-11 20:00:25,0,3,1,393
76004,2024-06-11 20:04:19,0,10,0,0
33548,2024-06-11 20:15:13,0,4,0,0
41155,2024-06-11 20:21:25,1,6,0,0
78632,2024-06-11 20:53:20,0,14,1,216
42405,2024-06-11 20:54:05,1,8,0,0
38573,2024-06-11 21:01:50,0,7,1,364
65308,2024-06-11 21:08:47,1,5,1,440
75454,2024-06-11 21:09:14,1,5,0,0
65299,2024-06-11 21:14:54,1,4,0,0
30223,2024-06-11 21:18:47,0,3,0,0
3512,2024-06-11 21:32:42,0,9,0,0
6584,2024-06-11 21:35:07,0,1,0,0
41287,2024-06-11 21:38:14,0,6,0,0
22537,2024-06-11 21:39:55,0,4,0,0
54476,2024-06-11 21:50:23,0,5,1,498
3341,2024-06-11 22:11:09,0,4,0,0
88061,2024-06-11 22:23:40,0,4,0,0
50821,2024-06-11 22:24:47,0,6,1,375
76720,2024-06-11 22:25:45,1,5,1,559
60316,2024-06-11 22:30:27,0,5,0,0
62898,2024-06-11 22:43:15,1,8,0,0
68938,2024-06-11 22:43:42,0,4,0,0
23840,2024-06-11 22:44:53,0,9,0,0
10271,2024-06-11 23:00:25,1,6,1,406
39150,2024-06-11 23:06:35,0,1,1,253
20987,2024-06-11 23:10:08,0,12,0,0
56397,2024-06-11 23:15:18,0,3,1,371
59718,2024-06-11 23:15:23,0,2,0,0
89467,2024-06-11 23:18:36,0,13,0,0
74602,2024-06-11 23:19:08,0,6,0,0
35459,2024-06-11 23:22:20,0,9,0,0
36560,2024-06-11 23:29:42,1,7,1,253
24854,2024-06-11 23:34:15,0,8,0,0
73793,2024-06-11 23:45:20,0,7,0,0
17901,2024-06-11 23:54:03,0,4,0,0
77463,2024-06-12 00:47:37,1,4,0,0
12493,2024-06-12 00:49:20,1,7,0,0
39795,2024-06-12 00:52:08,1,4,0,0
56411,2024-06-12 01:02:15,1,8,1,320
44433,2024-06-12 01:08:25,0,8,0,0
85777,2024-06-12 01:27:08,0,5,1,373
48399,2024-06-12 01:36:41,1,9,0,0
70824,2024-06-12 01:39:05,0,11,0,0
95258,2024-06-12 01:53:12,0,3,0,0
88401,2024-06-12 01:54:09,0,5,0,0
31826,2024-06-12 01:56:26,0,3,0,0
1088,2024-06-12 02:22:26,0,5,0,0
27422,2024-06-12 02:47:21,1,10,0,0
19023,2024-06-12 02:52:13,0,6,1,365
41082,2024-06-12 03:08:21,0,3,1,330
56150,2024-06-12 04:08:54,0,6,0,0
67129,2024-06-12 04:13:08,1,5,1,373
47777,2024-06-12 04:26:32,0,11,0,0
19020,2024-06-12 04:34:19,0,6,1,473
58337,2024-06-12 04:48:47,1,6,1,532
10213,2024-06-12 04:53:30,0,3,0,0
55577,2024-06-12 05:00:00,0,7,1,314
33873,2024-06-12 05:12:21,0,6,0,0
46700,2024-06-12 05:13:00,0,4,0,0
34382,2024-06-12 05:21:28,0,9,1,326
72664,2024-06-12 05:26:40,0,6,0,0
89345,2024-06-12 05:27:04,0,9,0,0
92450,2024-06-12 05:43:40,0,7,1,254
87661,2024-06-12 05:47:55,0,6,1,208
15139,2024-06-12 05:57:22,0,5,1,312
63924,2024-06-12 05:59:02,0,8,0,0
48421,2024-06-12 06:02:45,0,7,0,0
99244,2024-06-12 06:07:12,0,2,0,0
3341,2024-06-12 06:10:56,0,4,0,0
33038,2024-06-12 06:24:46,0,3,0,0
13799,2024-06-12 06:34:46,0,7,0,0
89345,2024-06-12 06:41:24,0,4,0,0
93962,2024-06-12 06:42:00,0,5,1,444
70824,2024-06-12 06:45:23,1,10,1,580
33955,2024-06-12 06:54:11,1,6,0,0
40134,2024-06-12 07:06:05,0,6,0,0
66455,2024-06-12 07:11:12,1,5,0,0
47427,2024-06-12 07:41:16,0,3,0,0
65355,2024-06-12 07:46:32,1,3,1,199
29613,2024-06-12 08:01:06,0,8,0,0
15182,2024-06-12 08:19:31,0,7,0,0
1313,2024-06-12 08:20:06,1,6,0,0
87918,2024-06-12 08:21:39,0,4,1,361
90838,2024-06-12 08:22:01,0,1,0,0
85960,2024-06-12 08:23:28,0,5,0,0
22788,2024-06-12 08:26:23,0,6,0,0
87403,2024-06-12 08:31:29,0,11,0,0
38701,2024-06-12 08:31:33,1,6,0,0
86802,2024-06-12 08:33:33,0,7,1,399
17070,2024-06-12 08:40:40,0,9,0,0
53925,2024-06-12 08:45:25,0,5,0,0
71546,2024-06-12 08:45:36,1,5,0,0
32648,2024-06-12 08:47:23,0,4,0,0
78175,2024-06-12 08:55:05,0,4,0,0
12126,2024-06-12 09:03:45,0,5,0,0
68024,2024-06-12 09:05:41,0,4,0,0
34131,2024-06-12 09:06:28,1,6,0,0
29363,2024-06-12 09:13:21,0,4,0,0
10905,2024-06-12 09:13:36,0,7,0,0
17901,2024-06-12 09:19:09,0,4,0,0
4752,2024-06-12 09:28:49,1,0,0,0
55041,2024-06-12 09:29:12,0,6,0,0
45070,2024-06-12 09:30:21,0,6,0,0
71706,2024-06-12 09:34:24,1,4,0,0
46883,2024-06-12 09:34:45,0,5,0,0
31361,2024-06-12 09:35:41,0,7,0,0
13398,2024-06-12 09:35:42,0,9,0,0
92248,2024-06-12 09:39:00,0,6,1,551
84564,2024-06-12 09:44:00,0,4,0,0
99721,2024-06-12 09:46:10,0,11,0,0
54959,2024-06-12 09:47:30,1,7,0,0
60242,2024-06-12 09:51:47,1,6,1,287
88982,2024-06-12 10:09:59,0,4,0,0
24818,2024-06-12 10:11:06,0,10,1,328
17869,2024-06-12 10:13:46,0,10,0,0
62938,2024-06-12 10:15:18,1,3,1,800
33596,2024-06-12 10:16:05,0,7,1,337
33607,2024-06-12 10:17:48,0,8,0,0
12796,2024-06-12 10:22:55,0,9,1,476
42241,2024-06-12 10:23:25,0,4,0,0
47767,2024-06-12 10:25:36,0,8,1,737
95125,2024-06-12 10:25:46,1,11,1,216
50021,2024-06-12 10:44:07,0,1,0,0
85080,2024-06-12 10:52:49,0,6,0,0
68453,2024-06-12 10:57:22,0,7,0,0
49419,2024-06-12 10:58:13,0,6,0,0
18366,2024-06-12 10:59:15,0,4,1,388
38573,2024-06-12 11:03:40,1,6,1,328
17637,2024-06-12 11:05:31,0,7,0,0
15650,2024-06-12 11:11:02,0,3,0,0
95565,2024-06-12 11:17:07,1,8,0,0
70115,2024-06-12 11:19:30,0,4,0,0
38573,2024-06-12 11:20:57,0,6,1,348
40508,2024-06-12 11:23:43,1,2,0,0
79797,2024-06-12 11:24:10,1,8,0,0
53925,2024-06-12 11:43:50,1,5,0,0
81691,2024-06-12 11:44:09,0,5,0,0
34236,2024-06-12 11:48:10,1,4,1,525
41237,2024-06-12 11:51:23,1,2,0,0
6149,2024-06-12 12:30:50,0,5,1,412
38177,2024-06-12 12:32:13,0,5,0,0
42241,2024-06-12 12:40:01,0,1,1,540
87977,2024-06-12 12:59:35,0,6,0,0
33244,2024-06-12 13:03:19,0,4,1,464
43995,2024-06-12 13:06:37,0,7,1,403
63918,2024-06-12 13:25:31,0,4,1,349
87745,2024-06-12 13:35:28,1,2,0,0
26501,2024-06-12 13:40:57,0,7,0,0
70466,2024-06-12 13:44:03,0,9,0,0
70923,2024-06-12 13:47:30,0,7,0,0
71895,2024-06-12 14:02:53,0,8,1,196
40516,2024-06-12 14:03:46,1,5,0,0
12359,2024-06-12 14:03:57,0,2,1,535
15182,2024-06-12 14:12:23,1,4,1,778
55558,2024-06-12 14:15:03,0,3,0,0
45013,2024-06-12 14:17:29,0,7,1,740
88905,2024-06-12 14:21:15,0,6,0,0
12914,2024-06-12 14:23:00,1,4,0,0
64122,2024-06-12 14:26:11,1,4,0,0
63836,2024-06-12 14:29:17,0,4,0,0
48886,2024-06-12 14:31:46,1,5,0,0
73793,2024-06-12 14:36:22,0,3,0,0
41702,2024-06-12 14:40:25,0,9,1,445
78231,2024-06-12 14:42:14,1,11,1,325
18366,2024-06-12 15:06:33,0,7,0,0
82634,2024-06-12 15:18:09,0,2,0,0
92554,2024-06-12 15:27:23,0,5,0,0
20480,2024-06-12 15:33:01,1,7,0,0
64831,2024-06-12 15:38:40,0,6,0,0
38663,2024-06-12 15:46:42,0,5,0,0
63918,2024-06-12 15:51:37,0,2,1,347
80637,2024-06-12 15:52:14,1,5,0,0
98679,2024-06-12 15:55:12,1,2,0,0
36250,2024-06-12 15:59:42,0,3,0,0
89604,2024-06-12 16:02:20,1,7,1,638
94579,2024-06-12 16:07:28,0,3,1,486
69155,2024-06-12 16:16:53,0,6,0,0
36022,2024-06-12 16:19:41,1,6,1,533
60078,2024-06-12 16:20:17,0,5,0,0
17120,2024-06-12 16:33:56,0,8,1,335
48493,2024-06-12 16:33:59,0,7,0,0
85756,2024-06-12 16:34:07,1,3,1,377
21231,2024-06-12 16:38:43,1,9,0,0
57824,2024-06-12 16:40:24,0,8,0,0
30425,2024-06-12 16:51:45,0,7,0,0
33308,2024-06-12 16:57:44,0,7,0,0
68462,2024-06-12 17:03:00,0,5,0,0
10723,2024-06-12 17:06:08,0,10,1,550
15650,2024-06-12 17:11:13,0,4,1,419
53780,2024-06-12 17:29:43,0,5,1,333
73204,2024-06-12 17:32:17,0,6,0,0
36558,2024-06-12 17:41:22,1,6,0,0
21941,2024-06-12 17:48:10,0,5,1,331
77150,2024-06-12 18:04:52,0,7,0,0
89467,2024-06-12 18:17:06,0,9,0,0
74060,2024-06-12 18:18:26,0,4,1,464
4076,2024-06-12 18:23:48,1,7,1,464
73633,2024-06-12 18:31:00,0,6,0,0
35891,2024-06-12 18:35:00,0,11,0,0
95805,2024-06-12 18:37:16,0,5,0,0
34009,2024-06-12 18:38:33,0,9,0,0
76720,2024-06-12 18:40:15,1,6,0,0
5986,2024-06-12 18:49:08,0,6,0,0
19023,2024-06-12 18:50:15,1,9,1,368
20947,2024-06-12 18:50:59,0,6,0,0
19648,2024-06-12 18:51:04,0,9,0,0
3512,2024-06-12 19:01:01,0,7,0,0
23648,2024-06-12 19:15:41,0,5,0,0
70622,2024-06-12 19:21:39,0,5,0,0
38396,2024-06-12 19:25:11,0,6,0,0
1313,2024-06-12 19:29:08,0,4,1,274
42405,2024-06-12 19:29:24,1,4,0,0
12291,2024-06-12 19:31:07,0,6,0,0
19343,2024-06-12 19:39:30,0,5,0,0
63667,2024-06-12 19:39:36,0,9,1,474
74796,2024-06-12 19:45:34,1,6,1,378
42724,2024-06-12 19:47:53,0,3,0,0
32134,2024-06-12 19:55:02,1,8,1,520
35834,2024-06-12 19:55:46,0,5,1,333
91229,2024-06-12 20:11:37,1,7,0,0
11260,2024-06-12 20:21:10,0,1,1,241
58360,2024-06-12 20:24:39,0,5,0,0
30713,2024-06-12 20:26:28,0,6,1,380
40072,2024-06-12 20:27:41,0,6,1,548
49315,2024-06-12 20:28:22,0,11,0,0
87745,2024-06-12 20:29:13,0,8,1,472
28801,2024-06-12 20:33:18,0,4,1,633
68453,2024-06-12 20:43:52,0,4,1,331
28342,2024-06-12 20:48:12,0,6,0,0
54631,2024-06-12 20:50:37,0,5,0,0
42034,2024-06-12 21:05:42,0,5,0,0
89935,2024-06-12 21:09:03,0,4,0,0
64993,2024-06-12 21:11:23,0,6,0,0
8367,2024-06-12 21:12:47,0,5,0,0
88540,2024-06-12 21:14:04,0,6,0,0
13325,2024-06-12 21:15:59,0,6,0,0
99352,2024-06-12 21:16:41,0,8,0,0
72805,2024-06-12 21:25:45,1,8,0,0
89345,2024-06-12 21:27:11,0,4,1,386
70339,2024-06-12 21:29:18,1,2,0,0
13954,2024-06-12 21:32:39,0,7,0,0
98679,2024-06-12 21:35:26,1,5,1,409
56397,2024-06-12 21:44:16,1,5,1,417
31314,2024-06-12 21:48:57,1,7,0,0
68453,2024-06-12 22:14:01,0,6,0,0
46967,2024-06-12 22:14:09,0,10,0,0
21231,2024-06-12 22:15:35,1,6,0,0
52250,2024-06-12 22:16:52,1,6,0,0
50021,2024-06-12 22:24:55,0,6,0,0
16041,2024-06-12 22:25:56,1,11,0,0
603,2024-06-12 22:30:45,0,4,0,0
18146,2024-06-12 22:33:28,0,7,0,0
46700,2024-06-12 22:43:32,1,3,0,0
71779,2024-06-12 22:45:50,0,3,0,0
99351,2024-06-12 22:49:05,0,6,1,334
65830,2024-06-12 22:50:46,1,7,1,462
46205,2024-06-12 22:59:23,0,10,0,0
35804,2024-06-12 23:05:56,0,8,0,0
21119,2024-06-12 23:08:28,1,1,1,596
82478,2024-06-12 23:09:22,0,5,0,0
63446,2024-06-12 23:14:36,0,9,0,0
65474,2024-06-12 23:14:53,0,7,0,0
25788,2024-06-12 23:23:48,1,7,0,0
88854,2024-06-12 23:30:42,1,11,1,754
9387,2024-06-12 23:32:11,1,1,1,224
78065,2024-06-12 23:32:38,0,4,1,340
38695,2024-06-12 23:44:39,0,3,0,0
72016,2024-06-12 23:45:46,0,8,1,476
9143,2024-06-12 23:47:21,0,3,1,423
90756,2024-06-12 23:51:27,1,6,1,617
22790,2024-06-12 23:51:47,0,7,0,0
40211,2024-06-13 00:25:28,0,5,0,0
81179,2024-06-13 00:29:14,0,6,0,0
11853,2024-06-13 00:49:23,0,10,1,257
23849,2024-06-13 00:52:24,0,9,1,274
93983,2024-06-13 01:04:50,1,13,0,0
67448,2024-06-13 01:11:43,0,4,0,0
74604,2024-06-13 01:16:30,0,7,0,0
37973,2024-06-13 01:34:20,0,9,0,0
84264,2024-06-13 02:08:00,1,6,1,340
29831,2024-06-13 02:37:16,0,5,1,392
1165,2024-06-13 03:06:12,0,7,0,0
88401,2024-06-13 03:11:23,0,2,1,332
73793,2024-06-13 03:26:42,0,8,0,0
34740,2024-06-13 03:39:19,0,6,0,0
34009,2024-06-13 03:53:26,0,4,0,0
92698,2024-06-13 03:55:14,1,8,0,0
14869,2024-06-13 03:56:09,0,3,0,0
66830,2024-06-13 04:08:54,0,3,0,0
63140,2024-06-13 04:18:50,1,9,0,0
2009,2024-06-13 04:29:50,0,7,1,238
96064,2024-06-13 04:34:28,0,5,0,0
20189,2024-06-13 04:45:08,0,5,0,0
69814,2024-06-13 04:56:58,0,9,1,623
20480,2024-06-13 05:18:27,0,8,0,0
34131,2024-06-13 05:23:36,0,3,1,367
33035,2024-06-13 05:40:05,1,3,0,0
89244,2024-06-13 05:43:25,0,8,1,793
61745,2024-06-13 05:43:43,1,5,1,651
88079,2024-06-13 05:56:36,0,3,0,0
10271,2024-06-13 05:58:06,0,10,1,587
5080,2024-06-13 06:00:24,0,6,0,0
87977,2024-06-13 06:01:32,0,6,0,0
88079,2024-06-13 06:08:42,1,6,0,0
22592,2024-06-13 06:17:00,0,4,0,0
9968,2024-06-13 06:19:11,1,4,0,0
80751,2024-06-13 07:08:41,1,6,0,0
52073,2024-06-13 07:36:41,0,5,0,0
89604,2024-06-13 08:02:19,0,3,1,456
94155,2024-06-13 08:06:41,0,3,0,0
20480,2024-06-13 08:10:07,1,8,0,0
44976,2024-06-13 08:14:37,0,6,0,0
52763,2024-06-13 08:29:19,0,5,0,0
40676,2024-06-13 08:32:37,1,1,0,0
17336,2024-06-13 08:37:41,0,6,0,0
9258,2024-06-13 08:38:29,1,3,0,0
48258,2024-06-13 08:39:27,0,8,1,599
47767,2024-06-13 08:55:48,0,9,1,233
38002,2024-06-13 09:04:39,1,3,1,414
82223,2024-06-13 09:10:44,1,1,0,0
63852,2024-06-13 09:18:38,0,8,1,399
25788,2024-06-13 09:19:25,1,6,0,0
22005,2024-06-13 09:20:11,0,5,0,0
68251,2024-06-13 09:25:05,1,5,1,232
33019,2024-06-13 09:27:17,0,7,1,706
94502,2024-06-13 09:28:11,0,11,0,0
22210,2024-06-13 09:35:49,0,6,1,461
19343,2024-06-13 09:36:40,0,4,0,0
6757,2024-06-13 09:37:50,0,8,0,0
38942,2024-06-13 09:41:30,0,7,1,523
98080,2024-06-13 09:48:02,1,4,0,0
16353,2024-06-13 09:49:27,1,5,1,403
68938,2024-06-13 09:50:53,0,3,0,0
4759,2024-06-13 09:51:39,1,7,0,0
38184,2024-06-13 09:57:05,0,6,0,0
36296,2024-06-13 10:02:46,0,9,0,0
48988,2024-06-13 10:16:39,0,7,0,0
83321,2024-06-13 10:22:31,1,5,0,0
63605,2024-06-13 10:29:49,0,6,1,482
76720,2024-06-13 10:34:39,1,8,0,0
7233,2024-06-13 10:36:31,0,5,1,402
76593,2024-06-13 10:42:54,0,10,0,0
85756,2024-06-13 10:43:23,0,5,0,0
70231,2024-06-13 10:47:22,0,4,0,0
73793,2024-06-13 10:51:20,0,1,1,435
40289,2024-06-13 10:57:38,0,4,0,0
87145,2024-06-13 10:57:53,0,5,0,0
50753,2024-06-13 11:04:01,0,3,1,724
21933,2024-06-13 11:15:21,0,7,0,0
99244,2024-06-13 11:19:05,0,5,0,0
41082,2024-06-13 11:24:44,1,8,1,432
11629,2024-06-13 11:34:39,0,6,1,667
89864,2024-06-13 11:38:23,0,6,0,0
27422,2024-06-13 11:38:51,0,8,0,0
1979,2024-06-13 11:41:31,0,9,0,0
77150,2024-06-13 11:51:46,1,6,0,0
99808,2024-06-13 12:05:08,1,7,0,0
38002,2024-06-13 12:06:32,0,6,0,0
17328,2024-06-13 12:29:15,0,5,0,0
17869,2024-06-13 12:33:41,1,9,1,429
82223,2024-06-13 12:45:50,0,7,0,0
93962,2024-06-13 12:49:26,0,3,0,0
6659,2024-06-13 12:49:43,0,3,1,561
21365,2024-06-13 13:14:49,1,9,1,441
8367,2024-06-13 13:19:01,0,7,1,363
26774,2024-06-13 13:20:56,1,6,1,434
33154,2024-06-13 13:32:39,0,4,1,651
92548,2024-06-13 13:40:03,1,5,0,0
56125,2024-06-13 14:01:59,0,4,1,221
12603,2024-06-13 14:10:30,0,4,0,0
59524,2024-06-13 14:12:19,0,9,1,377
13478,2024-06-13 14:18:53,0,6,1,388
85573,2024-06-13 14:20:20,0,7,0,0
69883,2024-06-13 14:28:50,0,9,1,298
14333,2024-06-13 14:30:48,1,7,1,305
94302,2024-06-13 14:37:26,1,6,1,462
58117,2024-06-13 14:54:06,0,5,0,0
24094,2024-06-13 15:05:08,0,8,1,318
47375,2024-06-13 15:11:31,0,11,0,0
85042,2024-06-13 15:27:45,0,6,0,0
45893,2024-06-13 15:31:13,0,6,0,0
77472,2024-06-13 15:41:03,0,7,0,0
97210,2024-06-13 15:44:53,0,7,0,0
3712,2024-06-13 15:45:14,0,4,0,0
79066,2024-06-13 16:09:14,1,11,0,0
78119,2024-06-13 16:41:53,1,4,1,324
98221,2024-06-13 16:49:01,0,9,1,359
40622,2024-06-13 16:55:28,1,4,1,548
13325,2024-06-13 16:55:55,0,3,0,0
55003,2024-06-13 17:13:38,0,4,1,376
17637,2024-06-13 17:15:26,0,7,1,458
39634,2024-06-13 17:33:28,0,4,0,0
15350,2024-06-13 17:47:45,0,8,1,461
76593,2024-06-13 17:54:56,0,2,1,312
6149,2024-06-13 17:55:17,0,1,1,663
89864,2024-06-13 18:07:13,1,5,0,0
21919,2024-06-13 18:11:16,1,2,1,794
34131,2024-06-13 18:14:27,0,4,0,0
98088,2024-06-13 18:26:19,0,14,0,0
91017,2024-06-13 18:33:40,0,7,1,270
53153,2024-06-13 18:46:12,0,8,1,576
90756,2024-06-13 19:12:15,1,2,1,393
20947,2024-06-13 19:12:59,0,7,1,163
57128,2024-06-13 19:16:45,0,5,0,0
28778,2024-06-13 19:23:49,0,14,0,0
77968,2024-06-13 19:33:27,0,9,0,0
71706,2024-06-13 19:39:13,0,7,1,363
33385,2024-06-13 20:04:05,0,6,0,0
38701,2024-06-13 20:06:00,1,7,0,0
63836,2024-06-13 20:09:41,1,8,0,0
12125,2024-06-13 20:09:42,0,8,0,0
92284,2024-06-13 20:17:24,1,10,0,0
38173,2024-06-13 20:25:50,1,10,1,236
19452,2024-06-13 20:27:57,1,8,0,0
77689,2024-06-13 20:32:55,1,10,0,0
94379,2024-06-13 20:51:38,0,4,0,0
1379,2024-06-13 20:58:40,0,4,1,288
25788,2024-06-13 21:06:30,1,3,0,0
15793,2024-06-13 21:15:16,0,3,0,0
78119,2024-06-13 21:22:24,0,6,1,364
44709,2024-06-13 21:35:21,0,7,1,253
23225,2024-06-13 21:44:49,0,4,0,0
69448,2024-06-13 21:48:42,0,11,0,0
9448,2024-06-13 21:49:36,0,6,1,407
69687,2024-06-13 21:51:07,1,3,1,505
61176,2024-06-13 21:54:26,0,8,1,414
1088,2024-06-13 22:03:50,1,9,1,348
68467,2024-06-13 22:16:03,0,6,1,361
60431,2024-06-13 22:17:51,0,4,0,0
19361,2024-06-13 22:29:53,0,8,0,0
65710,2024-06-13 22:32:45,0,8,0,0
85359,2024-06-13 22:50:54,1,6,1,260
40622,2024-06-13 23:11:55,0,4,1,186
15650,2024-06-13 23:27:10,1,5,0,0
13478,2024-06-13 23:27:46,0,10,0,0
60379,2024-06-13 23:28:32,1,7,1,347
93652,2024-06-13 23:36:20,0,2,0,0
1979,2024-06-13 23:39:43,0,5,1,753
85364,2024-06-13 23:56:54,1,3,0,0
97401,2024-06-14 00:13:58,1,7,1,373
55670,2024-06-14 00:51:53,0,4,1,400
44534,2024-06-14 00:56:14,1,10,0,0
78324,2024-06-14 01:04:15,0,4,1,249
27966,2024-06-14 01:28:20,1,8,1,236
95805,2024-06-14 01:30:47,0,1,0,0
33607,2024-06-14 01:40:21,1,6,0,0
98088,2024-06-14 01:45:14,0,10,0,0
43295,2024-06-14 01:53:58,0,5,1,346
78324,2024-06-14 02:10:19,1,9,0,0
53843,2024-06-14 02:10:49,0,6,0,0
42997,2024-06-14 02:15:02,0,11,0,0
80751,2024-06-14 02:20:39,1,9,0,0
94926,2024-06-14 02:53:21,0,1,1,250
83681,2024-06-14 02:56:50,0,7,0,0
8470,2024-06-14 03:02:06,0,4,0,0
19260,2024-06-14 03:10:38,0,5,1,370
94157,2024-06-14 03:13:45,0,2,1,291
18731,2024-06-14 03:19:12,0,7,1,360
99937,2024-06-14 03:21:06,0,7,0,0
53843,2024-06-14 03:22:40,0,8,1,387
82135,2024-06-14 03:29:48,0,5,0,0
94926,2024-06-14 04:10:11,1,4,0,0
30425,2024-06-14 04:11:39,1,6,0,0
18146,2024-06-14 04:48:42,0,4,0,0
99955,2024-06-14 05:03:49,1,6,0,0
14810,2024-06-14 05:16:19,0,0,1,343
64993,2024-06-14 05:24:59,0,7,0,0
72016,2024-06-14 05:35:32,0,6,0,0
92777,2024-06-14 06:11:45,0,3,1,362
603,2024-06-14 06:32:21,1,5,0,0
20712,2024-06-14 06:45:27,0,5,0,0
23648,2024-06-14 06:55:29,1,3,0,0
48788,2024-06-14 06:57:51,0,6,1,603
9821,2024-06-14 06:59:57,0,6,0,0
82674,2024-06-14 07:10:42,0,3,0,0
63924,2024-06-14 07:24:15,0,7,1,254
18335,2024-06-14 07:48:47,0,8,1,271
54476,2024-06-14 08:11:18,0,8,1,329
5473,2024-06-14 08:20:52,0,4,1,333
74143,2024-06-14 08:30:20,0,7,1,597
78175,2024-06-14 08:35:13,1,5,0,0
47375,2024-06-14 08:37:58,1,10,0,0
88079,2024-06-14 08:54:44,0,4,1,603
73031,2024-06-14 09:01:24,1,2,0,0
2720,2024-06-14 09:15:07,0,2,0,0
41155,2024-06-14 09:24:34,0,5,0,0
71466,2024-06-14 09:36:51,0,9,0,0
12454,2024-06-14 09:56:45,1,6,0,0
77472,2024-06-14 10:00:48,0,2,0,0
89864,2024-06-14 10:12:06,0,7,0,0
96623,2024-06-14 10:14:46,1,7,0,0
86271,2024-06-14 10:15:18,0,7,0,0
40862,2024-06-14 10:16:20,0,3,1,345
61325,2024-06-14 10:24:11,0,4,1,388
92599,2024-06-14 10:26:54,0,2,0,0
71895,2024-06-14 10:32:27,1,6,0,0
81066,2024-06-14 10:33:07,0,7,0,0
29831,2024-06-14 10:48:34,0,7,0,0
24289,2024-06-14 10:52:06,0,7,0,0
59670,2024-06-14 11:05:08,0,3,0,0
92491,2024-06-14 11:08:57,1,9,0,0
81288,2024-06-14 11:12:51,0,5,0,0
99346,2024-06-14 11:40:47,1,7,0,0
9821,2024-06-14 11:42:40,0,6,0,0
59029,2024-06-14 11:47:23,0,5,1,513
74036,2024-06-14 11:59:57,0,4,0,0
38695,2024-06-14 12:02:04,0,5,0,0
19023,2024-06-14 12:02:17,0,5,0,0
40516,2024-06-14 12:03:35,0,7,0,0
59152,2024-06-14 12:10:06,0,8,0,0
91465,2024-06-14 12:34:49,0,4,0,0
53925,2024-06-14 12:48:00,0,4,0,0
70415,2024-06-14 12:49:15,0,7,1,287
2818,2024-06-14 12:52:19,0,3,0,0
5343,2024-06-14 12:54:35,1,6,0,0
7899,2024-06-14 12:57:49,0,5,0,0
27974,2024-06-14 13:05:12,1,7,1,382
34382,2024-06-14 13:06:28,0,5,1,716
28681,2024-06-14 13:13:54,0,1,0,0
70219,2024-06-14 13:17:39,1,9,0,0
99352,2024-06-14 13:40:41,1,6,0,0
41237,2024-06-14 13:47:02,1,3,1,327
80926,2024-06-14 14:04:52,0,7,0,0
38118,2024-06-14 14:24:54,1,6,0,0
45814,2024-06-14 14:38:12,0,3,1,724
20332,2024-06-14 14:39:15,0,5,0,0
46967,2024-06-14 14:42:10,1,7,0,0
96693,2024-06-14 14:42:36,0,4,0,0
70824,2024-06-14 14:48:53,0,5,0,0
64220,2024-06-14 14:56:12,1,6,0,0
69206,2024-06-14 15:05:52,0,2,0,0
80637,2024-06-14 15:11:58,1,6,0,0
88278,2024-06-14 15:13:08,0,3,0,0
93791,2024-06-14 15:19:47,0,2,0,0
81288,2024-06-14 15:20:30,0,9,0,0
40862,2024-06-14 15:20:39,1,6,0,0
1545,2024-06-14 15:25:05,0,7,1,384
39634,2024-06-14 15:32:21,0,6,0,0
42017,2024-06-14 15:33:47,0,12,0,0
10995,2024-06-14 15:39:45,0,6,0,0
38241,2024-06-14 15:40:49,0,11,0,0
91572,2024-06-14 15:43:17,0,7,1,339
76593,2024-06-14 15:44:12,0,5,1,468
20911,2024-06-14 15:46:19,1,8,1,579
78065,2024-06-14 15:48:54,0,5,0,0
41287,2024-06-14 16:02:52,0,9,0,0
31881,2024-06-14 16:06:57,0,6,0,0
29024,2024-06-14 16:10:57,0,4,0,0
45027,2024-06-14 16:11:41,0,7,1,464
53947,2024-06-14 16:15:56,1,4,0,0
52763,2024-06-14 16:21:28,1,4,0,0
55806,2024-06-14 16:21:42,0,6,0,0
88079,2024-06-14 16:41:21,0,3,1,433
67661,2024-06-14 16:44:30,0,5,0,0
2909,2024-06-14 16:49:36,0,5,0,0
41287,2024-06-14 16:57:22,1,7,1,304
13245,2024-06-14 17:03:49,1,5,0,0
50576,2024-06-14 17:11:44,0,5,0,0
52705,2024-06-14 17:15:15,1,5,0,0
63008,2024-06-14 17:42:47,0,4,1,525
29094,2024-06-14 17:45:28,1,7,0,0
42028,2024-06-14 17:47:29,0,9,0,0
268,2024-06-14 17:48:00,0,7,0,0
28117,2024-06-14 17:50:00,0,7,0,0
40564,2024-06-14 17:55:09,0,5,1,837
55003,2024-06-14 17:59:31,0,3,1,470
57740,2024-06-14 18:00:35,1,6,1,459
54647,2024-06-14 18:02:04,0,7,0,0
46767,2024-06-14 18:03:28,0,4,0,0
88574,2024-06-14 18:05:04,0,5,0,0
96343,2024-06-14 18:26:17,0,4,0,0
82135,2024-06-14 19:01:57,1,9,0,0
88278,2024-06-14 19:06:16,0,7,0,0
16586,2024-06-14 19:07:55,1,5,1,228
85756,2024-06-14 19:12:56,1,4,0,0
74602,2024-06-14 19:20:47,1,5,1,312
64122,2024-06-14 19:21:16,0,2,0,0
70162,2024-06-14 19:24:30,0,6,0,0
40862,2024-06-14 19:29:29,0,4,0,0
59524,2024-06-14 19:38:43,0,11,0,0
95805,2024-06-14 19:41:11,0,5,0,0
36250,2024-06-14 19:48:06,1,3,0,0
60652,2024-06-14 19:48:50,0,3,0,0
34457,2024-06-14 19:53:40,0,7,1,667
41882,2024-06-14 19:57:13,1,12,0,0
23335,2024-06-14 19:58:40,0,2,0,0
55575,2024-06-14 20:02:57,1,5,0,0
18366,2024-06-14 20:03:48,0,2,0,0
26822,2024-06-14 20:07:49,0,5,0,0
61745,2024-06-14 20:12:42,0,6,1,395
35185,2024-06-14 20:14:07,0,8,0,0
32701,2024-06-14 20:14:44,0,4,0,0
61325,2024-06-14 20:17:30,1,8,0,0
85905,2024-06-14 20:23:50,1,6,1,363
22537,2024-06-14 20:24:55,1,4,1,462
91465,2024-06-14 20:32:33,1,3,0,0
71740,2024-06-14 20:41:06,1,11,1,329
5015,2024-06-14 21:13:40,0,7,1,311
9387,2024-06-14 21:14:30,0,6,1,287
25203,2024-06-14 21:21:51,0,4,1,610
70970,2024-06-14 21:22:51,0,7,0,0
40676,2024-06-14 21:24:36,0,9,0,0
23515,2024-06-14 21:36:21,0,8,0,0
78107,2024-06-14 22:03:30,0,10,0,0
68889,2024-06-14 22:03:57,1,2,0,0
70231,2024-06-14 22:05:10,0,5,1,399
88876,2024-06-14 22:18:53,0,7,0,0
1472,2024-06-14 22:28:13,1,6,0,0
52639,2024-06-14 22:28:33,1,6,0,0
38605,2024-06-14 22:29:21,1,4,0,0
13187,2024-06-14 22:44:16,0,6,0,0
93432,2024-06-14 22:46:25,0,5,0,0
96221,2024-06-14 22:59:23,0,7,1,440
42034,2024-06-14 23:01:29,0,5,0,0
49381,2024-06-14 23:04:51,1,9,0,0
9975,2024-06-14 23:07:43,1,10,0,0
88982,2024-06-14 23:12:37,0,6,0,0
59680,2024-06-14 23:16:08,0,3,0,0
67852,2024-06-14 23:16:34,0,7,0,0
36296,2024-06-14 23:17:53,0,6,0,0
3712,2024-06-14 23:22:05,1,7,0,0
21940,2024-06-14 23:28:03,0,5,1,503
7233,2024-06-14 23:34:49,0,5,0,0
603,2024-06-14 23:37:52,0,6,0,0
13799,2024-06-14 23:45:56,0,9,0,0
30956,2024-06-14 23:48:24,0,1,0,0
73633,2024-06-14 23:59:53,0,6,0,0
9728,2024-06-15 00:18:50,0,1,0,0
85080,2024-06-15 00:36:11,0,12,0,0
20374,2024-06-15 00:47:32,0,6,1,257
92548,2024-06-15 01:09:39,0,11,0,0
11629,2024-06-15 01:10:50,0,6,1,439
45089,2024-06-15 01:11:09,0,6,0,0
36187,2024-06-15 01:16:36,0,7,0,0
98626,2024-06-15 01:19:53,1,7,1,369
13811,2024-06-15 01:31:27,0,7,0,0
78119,2024-06-15 01:39:47,1,2,1,299
63446,2024-06-15 01:41:47,0,1,1,232
10270,2024-06-15 01:46:40,0,2,0,0
90154,2024-06-15 01:49:03,0,7,0,0
72016,2024-06-15 02:00:38,1,4,0,0
30713,2024-06-15 02:20:57,1,6,0,0
2359,2024-06-15 02:21:57,1,8,1,247
25203,2024-06-15 02:23:10,0,10,0,0
82674,2024-06-15 02:26:14,1,6,1,627
16041,2024-06-15 02:35:36,0,7,0,0
68841,2024-06-15 02:39:36,1,6,0,0
49070,2024-06-15 02:59:22,1,5,0,0
33019,2024-06-15 03:03:00,0,10,0,0
96298,2024-06-15 03:19:56,0,4,1,769
97540,2024-06-15 03:50:46,0,5,0,0
77173,2024-06-15 04:08:56,1,5,1,252
79613,2024-06-15 04:10:11,0,10,0,0
57976,2024-06-15 04:16:03,0,4,0,0
58690,2024-06-15 04:38:09,1,2,1,342
53616,2024-06-15 05:18:05,1,6,1,225
29094,2024-06-15 05:19:49,0,6,1,342
9613,2024-06-15 05:30:23,1,5,0,0
25636,2024-06-15 05:40:35,1,4,0,0
22522,2024-06-15 05:44:22,1,12,1,482
1165,2024-06-15 05:52:25,0,1,0,0
53616,2024-06-15 05:53:47,0,7,1,363
8127,2024-06-15 06:33:43,1,6,0,0
36658,2024-06-15 06:43:43,0,5,0,0
68251,2024-06-15 06:50:45,0,5,1,280
88887,2024-06-15 06:51:48,0,4,1,389
15350,2024-06-15 07:39:06,0,9,0,0
27168,2024-06-15 08:00:02,0,5,0,0
32531,2024-06-15 08:02:24,0,5,1,681
99626,2024-06-15 08:37:25,0,9,0,0
69936,2024-06-15 08:37:39,0,1,0,0
57786,2024-06-15 08:37:46,0,10,0,0
68251,2024-06-15 08:46:52,0,5,0,0
33873,2024-06-15 08:49:11,1,7,0,0
9153,2024-06-15 08:54:23,0,4,0,0
82016,2024-06-15 08:55:39,1,8,0,0
10271,2024-06-15 08:55:50,0,10,0,0
99825,2024-06-15 09:02:11,0,6,0,0
34006,2024-06-15 09:03:03,1,4,0,0
27974,2024-06-15 09:25:01,0,6,1,593
21551,2024-06-15 09:32:41,0,2,1,312
40713,2024-06-15 09:35:17,0,6,0,0
40713,2024-06-15 09:41:35,0,8,0,0
65202,2024-06-15 09:49:23,1,5,0,0
66545,2024-06-15 09:52:26,1,6,1,467
82278,2024-06-15 09:59:30,0,5,0,0
53215,2024-06-15 10:06:26,0,8,0,0
59005,2024-06-15 10:10:27,0,3,1,448
88876,2024-06-15 10:21:28,0,7,0,0
66971,2024-06-15 10:24:17,0,8,0,0
94379,2024-06-15 10:24:24,1,5,0,0
17378,2024-06-15 10:31:34,0,7,1,350
67542,2024-06-15 10:31:37,0,8,0,0
45562,2024-06-15 10:46:32,0,6,0,0
65205,2024-06-15 10:48:42,0,2,0,0
85339,2024-06-15 10:51:51,0,5,0,0
52893,2024-06-15 10:56:21,0,6,0,0
9470,2024-06-15 11:07:03,1,8,1,498
69521,2024-06-15 11:07:53,1,5,1,439
22816,2024-06-15 11:25:23,1,6,1,428
78037,2024-06-15 11:29:44,0,5,0,0
98314,2024-06-15 11:38:22,0,8,0,0
81578,2024-06-15 11:39:14,0,6,0,0
50470,2024-06-15 11:43:10,0,8,0,0
9448,2024-06-15 11:54:00,0,7,1,539
81155,2024-06-15 12:01:37,0,5,0,0
9728,2024-06-15 12:06:36,1,6,1,330
73633,2024-06-15 12:11:16,1,2,1,459
35263,2024-06-15 12:13:13,0,7,1,466
21940,2024-06-15 12:14:29,0,5,0,0
53153,2024-06-15 12:20:53,0,2,1,250
70923,2024-06-15 12:24:55,0,9,0,0
82278,2024-06-15 12:25:19,0,6,0,0
21933,2024-06-15 12:33:02,0,3,1,334
68841,2024-06-15 12:38:31,0,4,0,0
16235,2024-06-15 12:59:15,0,5,0,0
947,2024-06-15 13:01:39,0,3,0,0
26822,2024-06-15 13:02:07,0,9,0,0
64202,2024-06-15 13:05:30,0,6,1,305
66455,2024-06-15 13:11:33,1,6,0,0
55577,2024-06-15 13:47:52,0,8,0,0
73633,2024-06-15 13:49:16,0,8,0,0
77646,2024-06-15 13:51:00,0,6,1,408
22537,2024-06-15 13:51:27,0,5,0,0
78632,2024-06-15 13:51:29,0,5,0,0
26501,2024-06-15 13:54:21,1,4,0,0
41631,2024-06-15 13:59:39,1,9,1,616
74667,2024-06-15 14:00:30,1,11,1,654
43010,2024-06-15 14:20:02,0,4,0,0
64796,2024-06-15 14:28:23,0,3,0,0
33548,2024-06-15 14:29:27,0,4,0,0
70115,2024-06-15 14:42:34,0,8,1,245
79797,2024-06-15 14:47:09,0,4,1,431
82478,2024-06-15 15:03:18,1,8,0,0
38605,2024-06-15 15:11:12,1,6,0,0
16425,2024-06-15 15:17:20,0,8,0,0
63198,2024-06-15 15:21:34,0,3,1,328
54959,2024-06-15 15:29:04,0,3,1,311
61176,2024-06-15 15:32:19,1,9,1,318
40470,2024-06-15 15:35:00,0,5,0,0
59670,2024-06-15 15:41:06,0,6,0,0
28681,2024-06-15 15:46:57,1,6,1,354
86271,2024-06-15 15:48:14,0,10,0,0
71706,2024-06-15 15:50:23,0,5,1,482
72971,2024-06-15 15:55:32,1,6,1,417
7018,2024-06-15 16:08:25,0,2,0,0
6149,2024-06-15 16:09:36,0,6,1,608
65194,2024-06-15 16:18:23,0,7,1,355
94502,2024-06-15 16:19:08,0,2,0,0
52031,2024-06-15 16:24:33,0,3,0,0
60166,2024-06-15 16:33:22,0,8,0,0
20845,2024-06-15 16:33:37,0,2,0,0
21119,2024-06-15 16:38:02,0,1,1,673
9968,2024-06-15 16:39:17,0,7,0,0
91229,2024-06-15 16:40:44,0,5,1,386
9153,2024-06-15 16:44:24,0,2,0,0
21584,2024-06-15 16:44:36,0,10,1,461
45013,2024-06-15 16:46:08,0,6,0,0
60652,2024-06-15 16:57:16,1,8,0,0
88574,2024-06-15 17:03:22,0,7,1,505
13325,2024-06-15 17:04:50,1,4,1,792
21584,2024-06-15 17:12:10,0,5,0,0
71895,2024-06-15 17:24:15,0,8,0,0
94379,2024-06-15 17:30:38,0,4,0,0
24483,2024-06-15 17:42:12,0,8,1,291
63667,2024-06-15 17:49:35,0,3,0,0
94228,2024-06-15 17:58:16,0,5,0,0
17378,2024-06-15 18:02:11,0,4,0,0
22522,2024-06-15 18:45:52,1,6,1,576
17336,2024-06-15 19:07:41,0,5,1,383
85777,2024-06-15 19:08:01,0,2,1,573
55538,2024-06-15 19:24:52,0,5,0,0
1890,2024-06-15 19:25:47,0,8,1,392
32968,2024-06-15 19:27:09,0,6,1,488
41542,2024-06-15 19:29:18,0,7,0,0
64096,2024-06-15 19:29:48,1,5,1,589
16066,2024-06-15 19:35:08,0,6,0,0
95258,2024-06-15 19:42:31,0,3,0,0
13344,2024-06-15 19:50:32,0,8,1,359
71466,2024-06-15 20:12:45,0,5,1,379
36560,2024-06-15 20:16:53,0,4,1,293
72100,2024-06-15 20:22:58,0,5,0,0
16353,2024-06-15 20:30:08,0,6,0,0
35543,2024-06-15 20:33:40,1,4,0,0
65194,2024-06-15 20:35:24,0,12,1,345
65694,2024-06-15 20:43:26,0,5,0,0
65508,2024-06-15 21:03:27,0,3,0,0
21584,2024-06-15 21:07:01,0,7,0,0
12525,2024-06-15 21:10:25,0,11,0,0
5126,2024-06-15 21:18:04,0,5,1,551
65205,2024-06-15 21:20:07,0,5,0,0
96298,2024-06-15 21:52:30,1,5,0,0
64796,2024-06-15 22:02:19,1,7,0,0
77734,2024-06-15 22:07:55,0,6,0,0
85359,2024-06-15 22:10:29,0,7,0,0
6439,2024-06-15 22:11:41,1,4,1,434
56397,2024-06-15 22:11:48,1,6,0,0
72446,2024-06-15 22:14:53,0,6,0,0
38915,2024-06-15 22:16:08,0,6,1,694
99955,2024-06-15 22:19:54,0,4,0,0
77173,2024-06-15 22:35:09,0,6,1,377
9838,2024-06-15 22:38:02,0,7,1,456
81179,2024-06-15 22:46:17,0,7,0,0
11489,2024-06-15 23:00:49,1,6,0,0
9387,2024-06-15 23:12:51,0,7,0,0
35185,2024-06-15 23:32:50,0,4,0,0
61861,2024-06-15 23:39:40,0,3,1,285
34229,2024-06-15 23:42:05,1,6,0,0
44367,2024-06-16 00:12:15,0,3,0,0
90838,2024-06-16 00:27:15,0,4,0,0
65830,2024-06-16 00:27:51,1,6,1,388
95565,2024-06-16 01:01:23,0,6,1,395
68292,2024-06-16 01:03:23,0,6,0,0
5491,2024-06-16 01:07:22,0,9,0,0
21933,2024-06-16 01:13:20,0,3,0,0
70466,2024-06-16 01:28:48,0,3,1,327
54158,2024-06-16 01:57:30,0,8,1,570
85827,2024-06-16 02:15:26,1,4,1,469
60167,2024-06-16 02:24:18,0,4,0,0
10270,2024-06-16 02:32:19,1,9,0,0
81691,2024-06-16 02:38:49,0,5,0,0
1477,2024-06-16 02:58:28,0,4,0,0
65474,2024-06-16 03:00:37,1,5,0,0
13067,2024-06-16 03:11:27,1,6,0,0
68415,2024-06-16 03:13:41,0,9,1,469
39150,2024-06-16 03:37:48,0,4,1,335
63980,2024-06-16 03:48:26,0,5,0,0
54287,2024-06-16 03:49:21,0,7,0,0
63980,2024-06-16 04:12:25,0,5,0,0
11489,2024-06-16 04:28:11,0,7,0,0
80182,2024-06-16 04:33:07,0,4,0,0
67448,2024-06-16 04:38:37,1,2,0,0
34229,2024-06-16 04:47:00,0,3,0,0
57290,2024-06-16 04:57:00,0,3,0,0
27989,2024-06-16 05:06:24,0,9,0,0
78231,2024-06-16 05:12:30,0,2,0,0
3330,2024-06-16 05:15:15,0,8,1,338
34457,2024-06-16 05:22:06,0,6,1,533
59524,2024-06-16 05:35:50,1,6,0,0
1165,2024-06-16 05:37:12,0,8,0,0
7899,2024-06-16 05:37:44,0,7,1,586
40564,2024-06-16 05:53:40,0,6,0,0
78119,2024-06-16 06:08:46,1,8,1,330
46574,2024-06-16 06:14:07,0,4,1,495
23849,2024-06-16 06:19:26,0,7,0,0
76706,2024-06-16 07:04:39,1,4,0,0
92888,2024-06-16 07:06:07,0,5,0,0
89286,2024-06-16 07:19:38,1,7,0,0
9153,2024-06-16 07:30:21,1,9,1,360
63697,2024-06-16 07:34:29,1,8,1,222
67852,2024-06-16 07:57:31,0,4,0,0
7720,2024-06-16 07:59:43,0,9,1,346
6287,2024-06-16 08:06:37,0,11,0,0
99067,2024-06-16 08:16:39,1,11,1,280
72805,2024-06-16 08:16:44,1,5,1,512
72664,2024-06-16 08:25:15,1,1,0,0
38002,2024-06-16 08:26:08,1,9,0,0
99337,2024-06-16 08:35:13,1,7,0,0
36022,2024-06-16 08:35:24,0,6,0,0
85042,2024-06-16 08:46:17,0,12,1,409
69206,2024-06-16 08:57:21,0,5,0,0
947,2024-06-16 09:00:56,0,3,1,495
13398,2024-06-16 09:10:11,0,8,0,0
9387,2024-06-16 09:11:49,0,3,0,0
94926,2024-06-16 09:15:09,0,6,0,0
73047,2024-06-16 09:34:18,0,8,0,0
31706,2024-06-16 09:37:36,0,9,0,0
78431,2024-06-16 09:47:55,0,5,0,0
46967,2024-06-16 09:51:09,0,10,0,0
45103,2024-06-16 10:04:01,0,4,1,696
40862,2024-06-16 10:06:23,0,6,0,0
67448,2024-06-16 10:06:57,0,10,0,0
1439,2024-06-16 10:12:49,1,2,1,371
32531,2024-06-16 10:14:45,0,12,0,0
66298,2024-06-16 10:18:58,0,3,0,0
65205,2024-06-16 10:22:36,0,4,0,0
76455,2024-06-16 10:28:22,0,8,0,0
41922,2024-06-16 10:29:15,0,1,0,0
88401,2024-06-16 10:30:44,0,4,0,0
19861,2024-06-16 10:33:56,0,5,0,0
38173,2024-06-16 10:37:31,0,6,0,0
17120,2024-06-16 10:50:33,0,8,0,0
57333,2024-06-16 11:14:00,1,5,0,0
65126,2024-06-16 11:18:18,1,4,1,632
29081,2024-06-16 11:28:40,0,6,1,347
42665,2024-06-16 11:36:28,1,10,1,178
40134,2024-06-16 11:36:35,0,4,0,0
68499,2024-06-16 11:45:51,1,3,0,0
18011,2024-06-16 11:49:37,1,3,1,599
76720,2024-06-16 11:51:54,0,9,1,488
63302,2024-06-16 12:06:17,0,7,0,0
38744,2024-06-16 12:06:58,1,2,1,561
9557,2024-06-16 12:08:49,1,6,1,699
87336,2024-06-16 12:09:33,0,4,1,482
53215,2024-06-16 12:10:04,1,4,0,0
90194,2024-06-16 12:13:12,1,4,0,0
92450,2024-06-16 12:26:20,0,7,0,0
14905,2024-06-16 12:29:00,0,13,1,570
40611,2024-06-16 12:29:48,0,3,0,0
77283,2024-06-16 12:31:19,0,4,0,0
53947,2024-06-16 12:32:46,0,3,0,0
40240,2024-06-16 12:37:06,1,11,1,715
63003,2024-06-16 12:45:43,1,7,0,0
20681,2024-06-16 12:49:07,1,8,0,0
30956,2024-06-16 12:51:28,0,3,0,0
99626,2024-06-16 12:52:19,0,8,1,470
98314,2024-06-16 13:05:49,0,2,0,0
41702,2024-06-16 13:14:13,0,3,0,0
28342,2024-06-16 13:18:59,0,5,0,0
89345,2024-06-16 13:24:23,1,3,0,0
38605,2024-06-16 13:29:41,0,7,1,561
24835,2024-06-16 13:41:12,0,6,0,0
98088,2024-06-16 13:51:10,0,5,0,0
18335,2024-06-16 13:59:04,0,5,0,0
66807,2024-06-16 13:59:55,1,7,0,0
21870,2024-06-16 14:35:39,0,5,1,362
99351,2024-06-16 14:37:27,0,7,0,0
36560,2024-06-16 14:39:42,1,2,0,0
95258,2024-06-16 14:45:46,0,6,1,252
45027,2024-06-16 14:57:56,1,10,0,0
77283,2024-06-16 15:19:47,0,6,0,0
93983,2024-06-16 15:22:14,1,10,1,416
84564,2024-06-16 15:26:59,0,3,1,304
1477,2024-06-16 15:28:43,0,10,0,0
91572,2024-06-16 15:46:11,1,4,1,432
17328,2024-06-16 15:46:45,1,7,1,604
74604,2024-06-16 15:56:34,0,3,0,0
7085,2024-06-16 16:00:05,0,6,0,0
78746,2024-06-16 16:06:53,0,6,0,0
20911,2024-06-16 16:15:22,0,7,0,0
48807,2024-06-16 16:15:27,0,5,0,0
20712,2024-06-16 16:20:10,0,8,1,392
2894,2024-06-16 16:20:48,1,10,0,0
66262,2024-06-16 16:21:32,0,4,1,346
17328,2024-06-16 16:24:31,1,8,1,564
11606,2024-06-16 16:25:28,0,8,0,0
3815,2024-06-16 16:50:32,1,6,0,0
21231,2024-06-16 16:52:16,1,2,0,0
60167,2024-06-16 16:59:00,0,3,0,0
60078,2024-06-16 16:59:05,0,6,0,0
34750,2024-06-16 17:01:10,0,5,0,0
92888,2024-06-16 17:03:57,0,9,0,0
89467,2024-06-16 17:06:38,0,6,1,362
4076,2024-06-16 17:08:19,1,11,0,0
13488,2024-06-16 17:19:14,0,2,0,0
27982,2024-06-16 17:23:04,1,7,0,0
68292,2024-06-16 17:25:06,0,6,0,0
40713,2024-06-16 17:36:29,0,9,0,0
24483,2024-06-16 17:39:09,0,1,1,452
38490,2024-06-16 17:55:22,0,8,0,0
64775,2024-06-16 18:06:18,0,6,0,0
12291,2024-06-16 18:11:35,0,6,0,0
41882,2024-06-16 18:13:24,0,6,0,0
15891,2024-06-16 18:27:25,0,7,0,0
3341,2024-06-16 18:34:04,1,7,0,0
26439,2024-06-16 18:36:37,0,5,0,0
98586,2024-06-16 18:49:12,1,4,1,402
20374,2024-06-16 18:54:13,1,2,1,417
44709,2024-06-16 19:15:33,1,7,0,0
45013,2024-06-16 19:22:22,0,10,1,359
57029,2024-06-16 19:27:32,1,3,0,0
87745,2024-06-16 19:29:16,0,1,0,0
42241,2024-06-16 19:29:31,0,7,0,0
38614,2024-06-16 19:35:00,0,7,0,0
61540,2024-06-16 19:40:46,0,7,1,357
81437,2024-06-16 19:50:51,0,6,1,518
65830,2024-06-16 19:51:15,0,6,0,0
64831,2024-06-16 19:52:14,1,4,0,0
52893,2024-06-16 20:19:41,1,5,0,0
9429,2024-06-16 20:22:53,1,3,0,0
20562,2024-06-16 20:27:59,0,6,1,368
34750,2024-06-16 20:28:19,1,8,0,0
34382,2024-06-16 20:29:33,1,8,0,0
36685,2024-06-16 20:40:51,0,1,0,0
62770,2024-06-16 20:49:19,0,10,0,0
8194,2024-06-16 20:50:39,1,4,1,227
8624,2024-06-16 20:52:12,0,5,0,0
69377,2024-06-16 20:57:24,0,9,0,0
82824,2024-06-16 21:07:00,1,6,1,270
62986,2024-06-16 21:12:36,0,4,1,409
40862,2024-06-16 21:33:13,1,10,1,705
26112,2024-06-16 21:36:59,0,3,0,0
58690,2024-06-16 21:56:06,1,11,0,0
57964,2024-06-16 21:57:35,1,5,0,0
83321,2024-06-16 22:04:05,0,4,0,0
59610,2024-06-16 22:04:54,0,6,0,0
82478,2024-06-16 22:07:16,0,9,1,325
75020,2024-06-16 22:08:46,0,6,0,0
77689,2024-06-16 22:18:35,1,6,1,248
98626,2024-06-16 22:25:48,1,9,0,0
29362,2024-06-16 22:28:36,0,8,0,0
63667,2024-06-16 22:31:05,0,5,1,385
68499,2024-06-16 22:44:57,0,7,0,0
92906,2024-06-16 22:48:09,0,10,1,293
16296,2024-06-16 22:51:02,0,6,0,0
28117,2024-06-16 22:55:24,1,5,0,0
36296,2024-06-16 23:06:08,0,9,0,0
88876,2024-06-16 23:11:37,1,10,1,435
65508,2024-06-16 23:16:30,0,3,1,320
44875,2024-06-16 23:21:13,1,4,0,0
94619,2024-06-16 23:28:16,1,11,0,0
77646,2024-06-16 23:28:20,1,6,1,382
15139,2024-06-16 23:38:47,0,7,1,426
19420,2024-06-16 23:38:56,0,4,0,0
27318,2024-06-16 23:42:24,0,2,0,0
53153,2024-06-16 23:46:05,0,5,1,562
9448,2024-06-16 23:53:18,0,14,0,0
40211,2024-06-16 23:54:57,0,4,1,508
65998,2024-06-17 00:00:01,0,4,0,0
63775,2024-06-17 00:01:36,0,6,0,0
27982,2024-06-17 00:11:24,1,9,0,0
85777,2024-06-17 00:12:21,1,5,1,886
36560,2024-06-17 00:13:39,0,6,1,549
69521,2024-06-17 00:16:26,1,5,0,0
78175,2024-06-17 00:23:42,0,4,0,0
8415,2024-06-17 00:35:05,0,3,1,395
65508,2024-06-17 00:40:04,1,5,0,0
21727,2024-06-17 00:41:03,0,4,1,509
36719,2024-06-17 00:43:58,0,4,1,390
92491,2024-06-17 00:47:26,0,9,0,0
68299,2024-06-17 01:38:48,0,5,0,0
7018,2024-06-17 01:55:17,0,10,0,0
57948,2024-06-17 02:00:29,0,3,0,0
69156,2024-06-17 02:00:37,0,5,0,0
99346,2024-06-17 02:14:37,0,7,1,306
99337,2024-06-17 02:35:11,0,2,1,252
15350,2024-06-17 02:45:23,0,3,0,0
53191,2024-06-17 02:53:26,0,9,1,473
13326,2024-06-17 03:04:07,1,8,0,0
10007,2024-06-17 03:18:08,1,7,0,0
3192,2024-06-17 03:37:30,1,8,0,0
1379,2024-06-17 03:56:55,1,9,1,334
2909,2024-06-17 04:01:45,1,4,0,0
34236,2024-06-17 04:26:38,0,6,1,490
47127,2024-06-17 04:26:56,0,6,0,0
37693,2024-06-17 04:37:30,0,3,1,480
9776,2024-06-17 04:39:08,0,4,0,0
36560,2024-06-17 04:58:51,0,8,0,0
33308,2024-06-17 05:23:54,0,8,0,0
49920,2024-06-17 05:24:20,0,7,0,0
3714,2024-06-17 05:39:08,0,7,0,0
94611,2024-06-17 06:18:06,0,10,0,0
17120,2024-06-17 06:27:09,1,6,0,0
82135,2024-06-17 06:33:45,0,3,0,0
19648,2024-06-17 06:41:22,0,5,1,504
5986,2024-06-17 07:27:26,0,8,0,0
93983,2024-06-17 07:39:31,1,7,0,0
63211,2024-06-17 07:42:44,0,7,0,0
51663,2024-06-17 07:59:35,0,5,0,0
21870,2024-06-17 08:02:04,0,9,0,0
6023,2024-06-17 08:16:06,1,3,1,277
947,2024-06-17 08:21:05,1,4,0,0
65830,2024-06-17 08:22:35,0,8,0,0
18290,2024-06-17 08:29:35,1,9,0,0
50558,2024-06-17 08:36:36,0,5,0,0
68114,2024-06-17 08:42:49,1,7,0,0
68670,2024-06-17 08:48:13,1,11,1,605
13245,2024-06-17 08:58:28,0,3,0,0
83321,2024-06-17 09:05:07,0,4,0,0
38744,2024-06-17 09:08:08,0,8,0,0
86322,2024-06-17 09:08:39,0,7,1,593
64202,2024-06-17 09:15:14,1,5,0,0
22346,2024-06-17 09:20:41,0,5,0,0
10213,2024-06-17 09:59:12,0,2,0,0
92284,2024-06-17 10:06:17,0,6,0,0
78632,2024-06-17 10:12:14,0,6,0,0
34197,2024-06-17 10:17:02,0,3,0,0
26439,2024-06-17 10:18:42,0,4,0,0
51518,2024-06-17 10:25:39,0,6,0,0
47830,2024-06-17 10:26:30,0,4,1,577
10271,2024-06-17 10:31:25,0,7,0,0
96693,2024-06-17 10:40:36,1,3,0,0
60122,2024-06-17 10:55:42,0,11,1,475
58194,2024-06-17 11:00:10,1,2,0,0
69448,2024-06-17 11:25:13,0,7,0,0
63924,2024-06-17 11:28:03,1,7,1,412
12493,2024-06-17 11:39:00,0,6,0,0
59106,2024-06-17 11:42:20,1,7,0,0
75061,2024-06-17 11:46:10,1,6,1,533
42534,2024-06-17 11:52:14,0,6,1,259
21919,2024-06-17 11:53:08,0,6,1,318
45098,2024-06-17 11:53:42,0,5,0,0
91465,2024-06-17 11:58:44,1,7,0,0
55558,2024-06-17 12:03:09,0,4,1,447
11606,2024-06-17 12:05:15,1,10,0,0
11606,2024-06-17 12:09:36,0,3,0,0
11606,2024-06-17 12:19:05,0,6,1,387
41926,2024-06-17 12:19:51,0,7,0,0
55812,2024-06-17 12:23:10,0,6,0,0
29831,2024-06-17 12:24:39,1,7,1,254
8520,2024-06-17 12:25:53,1,9,1,336
1057,2024-06-17 12:29:51,0,6,1,267
58194,2024-06-17 12:31:27,0,11,1,386
47767,2024-06-17 12:41:33,0,7,0,0
78442,2024-06-17 12:57:44,1,7,0,0
77173,2024-06-17 13:05:47,1,11,0,0
12493,2024-06-17 13:18:42,0,14,1,503
13363,2024-06-17 13:24:05,1,7,0,0
16586,2024-06-17 13:25:47,0,7,1,375
808,2024-06-17 13:28:51,0,6,0,0
50487,2024-06-17 13:29:16,0,9,0,0
68953,2024-06-17 13:31:02,0,3,0,0
76706,2024-06-17 13:33:36,0,4,0,0
50487,2024-06-17 13:35:41,1,5,0,0
11489,2024-06-17 13:37:45,0,10,1,416
21727,2024-06-17 13:39:36,0,5,1,352
53925,2024-06-17 13:48:40,0,3,1,286
1010,2024-06-17 14:07:03,0,6,0,0
78472,2024-06-17 14:07:32,0,4,0,0
7899,2024-06-17 14:11:16,0,4,1,472
3664,2024-06-17 14:11:39,0,2,1,1358
85359,2024-06-17 14:12:27,0,10,0,0
87757,2024-06-17 14:17:16,0,2,1,333
56397,2024-06-17 14:17:24,0,3,0,0
68889,2024-06-17 14:18:01,1,3,0,0
23225,2024-06-17 14:19:39,0,3,0,0
69155,2024-06-17 14:25:16,1,5,0,0
6959,2024-06-17 14:31:12,0,6,0,0
91510,2024-06-17 14:37:07,0,7,0,0
75380,2024-06-17 14:37:08,1,4,0,0
52001,2024-06-17 14:41:27,0,8,0,0
53947,2024-06-17 14:45:50,0,4,1,257
31706,2024-06-17 15:07:04,0,6,0,0
45186,2024-06-17 15:17:33,1,9,1,474
54158,2024-06-17 15:29:48,0,6,0,0
63775,2024-06-17 15:30:10,0,1,1,233
26439,2024-06-17 15:37:20,0,6,0,0
65126,2024-06-17 15:43:43,0,7,1,436
12890,2024-06-17 15:58:16,0,3,0,0
32225,2024-06-17 16:03:08,1,2,1,933
55806,2024-06-17 16:04:42,0,6,0,0
45103,2024-06-17 16:10:44,1,5,1,737
65276,2024-06-17 16:17:57,0,2,1,380
81398,2024-06-17 16:25:59,0,9,0,0
89345,2024-06-17 16:27:29,0,7,1,423
92450,2024-06-17 16:33:37,0,7,0,0
5986,2024-06-17 16:34:08,0,4,0,0
99108,2024-06-17 16:34:48,1,5,0,0
86965,2024-06-17 16:35:34,1,5,1,580
67448,2024-06-17 16:45:33,1,5,1,350
28887,2024-06-17 16:58:08,0,6,0,0
35834,2024-06-17 17:12:33,0,4,0,0
73192,2024-06-17 17:27:16,0,4,1,346
11187,2024-06-17 17:35:29,1,3,0,0
99955,2024-06-17 17:37:22,1,5,0,0
36522,2024-06-17 17:57:52,1,8,0,0
74604,2024-06-17 18:00:37,0,4,0,0
20911,2024-06-17 18:00:38,0,7,0,0
92777,2024-06-17 18:04:11,0,5,0,0
80203,2024-06-17 18:04:28,0,5,1,248
63605,2024-06-17 18:08:28,0,3,0,0
36658,2024-06-17 18:12:48,0,2,0,0
63980,2024-06-17 18:17:17,1,5,0,0
1313,2024-06-17 18:20:19,0,4,1,514
73452,2024-06-17 18:25:41,1,3,0,0
78324,2024-06-17 18:26:44,1,2,0,0
99346,2024-06-17 18:28:15,1,6,1,322
85080,2024-06-17 18:28:18,1,8,0,0
62941,2024-06-17 18:34:48,0,6,1,503
6537,2024-06-17 18:36:59,1,7,1,506
6757,2024-06-17 18:36:59,1,4,0,0
72971,2024-06-17 18:38:06,0,10,1,261
49147,2024-06-17 18:50:19,0,3,0,0
40516,2024-06-17 18:57:53,1,5,0,0
78632,2024-06-17 19:17:20,1,4,1,345
54347,2024-06-17 19:21:35,1,9,0,0
38790,2024-06-17 19:22:08,0,8,0,0
44367,2024-06-17 19:30:44,0,6,0,0
85960,2024-06-17 19:31:25,0,11,0,0
29094,2024-06-17 19:34:05,0,7,0,0
47594,2024-06-17 19:46:01,0,6,0,0
63418,2024-06-17 19:59:21,1,6,0,0
49920,2024-06-17 19:59:36,0,3,0,0
80203,2024-06-17 20:13:21,0,7,0,0
38490,2024-06-17 20:14:05,0,6,1,478
84264,2024-06-17 20:14:13,1,7,0,0
58360,2024-06-17 20:21:34,0,4,0,0
92548,2024-06-17 20:25:58,1,7,0,0
7720,2024-06-17 20:32:05,0,2,1,394
83321,2024-06-17 20:44:07,0,7,0,0
72100,2024-06-17 20:46:12,0,10,0,0
55041,2024-06-17 20:52:49,1,5,1,272
5080,2024-06-17 20:57:57,1,9,0,0
98088,2024-06-17 21:04:09,0,10,1,257
55577,2024-06-17 21:04:32,0,7,0,0
77532,2024-06-17 21:04:38,0,6,1,700
55575,2024-06-17 21:08:19,0,4,1,282
92777,2024-06-17 21:18:46,0,6,0,0
68670,2024-06-17 21:20:15,1,3,1,654
60379,2024-06-17 21:22:01,1,10,1,445
61483,2024-06-17 21:24:11,0,3,0,0
6432,2024-06-17 21:28:11,0,7,0,0
6959,2024-06-17 21:38:06,0,6,0,0
26290,2024-06-17 21:41:18,0,6,0,0
4663,2024-06-17 22:09:48,0,7,1,627
3375,2024-06-17 22:12:08,0,7,0,0
71988,2024-06-17 22:12:20,1,4,0,0
52613,2024-06-17 22:13:41,0,4,0,0
34154,2024-06-17 22:15:36,0,5,0,0
81272,2024-06-17 22:17:34,0,4,0,0
17869,2024-06-17 22:21:25,0,7,0,0
10166,2024-06-17 22:23:17,0,5,1,688
88905,2024-06-17 22:28:48,0,7,0,0
47594,2024-06-17 22:47:33,0,7,1,810
17328,2024-06-17 22:47:50,1,8,0,0
10905,2024-06-17 22:48:57,0,9,0,0
10723,2024-06-17 23:03:44,0,7,0,0
36685,2024-06-17 23:04:05,0,7,1,264
61325,2024-06-17 23:04:30,0,4,0,0
54287,2024-06-17 23:04:34,0,9,1,522
53616,2024-06-17 23:05:35,1,8,0,0
53616,2024-06-17 23:06:32,0,3,0,0
41544,2024-06-17 23:16:38,0,12,0,0
38246,2024-06-17 23:20:12,0,6,0,0
41882,2024-06-17 23:25:20,1,7,0,0
13325,2024-06-17 23:37:08,1,9,0,0
9448,2024-06-17 23:40:58,0,8,0,0
64831,2024-06-17 23:43:09,0,5,0,0
96358,2024-06-17 23:43:57,1,6,0,0
77428,2024-06-17 23:48:19,0,6,0,0
45013,2024-06-17 23:50:19,0,11,1,520
1477,2024-06-17 23:58:43,1,7,0,0
50177,2024-06-18 00:03:57,0,3,0,0
52613,2024-06-18 00:08:14,1,9,1,363
41882,2024-06-18 00:14:30,0,7,0,0
73974,2024-06-18 00:36:15,0,8,1,346
45103,2024-06-18 01:04:44,0,7,0,0
21811,2024-06-18 01:05:49,0,5,1,758
1010,2024-06-18 01:13:40,0,2,0,0
16235,2024-06-18 01:24:31,0,4,0,0
34229,2024-06-18 01:50:48,0,5,0,0
54647,2024-06-18 01:50:55,0,2,0,0
97476,2024-06-18 01:54:02,1,14,0,0
80751,2024-06-18 02:07:47,1,2,0,0
71706,2024-06-18 02:13:28,0,7,0,0
47375,2024-06-18 02:15:32,1,5,1,549
18290,2024-06-18 02:25:28,0,4,1,561
62938,2024-06-18 02:38:31,0,4,0,0
83681,2024-06-18 02:41:12,0,5,0,0
62856,2024-06-18 02:50:35,0,6,1,492
44143,2024-06-18 03:05:54,0,4,1,349
70115,2024-06-18 03:16:24,0,6,0,0
17497,2024-06-18 03:20:28,1,5,1,287
70754,2024-06-18 03:41:18,0,8,0,0
71895,2024-06-18 03:46:27,0,5,0,0
95489,2024-06-18 03:48:21,1,3,1,239
11187,2024-06-18 03:54:52,0,12,0,0
68499,2024-06-18 04:11:41,0,7,0,0
97106,2024-06-18 04:27:53,1,2,0,0
83681,2024-06-18 04:34:50,0,3,0,0
48399,2024-06-18 04:43:31,0,8,1,441
17378,2024-06-18 04:45:56,0,4,0,0
55812,2024-06-18 04:58:17,1,6,0,0
72100,2024-06-18 05:15:01,0,9,0,0
96358,2024-06-18 05:15:53,0,5,0,0
16296,2024-06-18 05:42:59,0,6,0,0
13325,2024-06-18 05:51:03,0,10,0,0
95258,2024-06-18 05:59:40,0,4,1,409
36250,2024-06-18 06:00:52,1,3,0,0
78632,2024-06-18 06:14:14,0,6,0,0
68299,2024-06-18 06:15:25,1,9,0,0
52703,2024-06-18 06:26:10,0,5,0,0
94302,2024-06-18 06:44:40,0,8,0,0
10905,2024-06-18 06:45:51,0,7,1,634
43097,2024-06-18 06:52:42,0,4,0,0
42405,2024-06-18 07:17:26,0,12,0,0
20395,2024-06-18 07:22:52,1,7,1,380
68114,2024-06-18 07:23:46,0,5,0,0
30700,2024-06-18 07:40:27,0,4,0,0
81940,2024-06-18 07:56:05,0,13,1,279
66545,2024-06-18 08:00:03,0,12,0,0
58003,2024-06-18 08:04:14,0,8,1,312
68453,2024-06-18 08:21:20,0,6,0,0
92936,2024-06-18 08:22:04,0,6,0,0
10905,2024-06-18 08:27:01,0,3,1,324
34009,2024-06-18 08:38:12,0,6,1,294
81578,2024-06-18 08:46:14,1,4,0,0
64796,2024-06-18 08:46:32,0,7,0,0
11629,2024-06-18 09:03:18,1,4,0,0
81940,2024-06-18 09:19:52,0,7,0,0
58380,2024-06-18 09:21:07,0,8,0,0
40516,2024-06-18 09:37:29,0,6,0,0
86940,2024-06-18 09:45:22,0,6,0,0
8731,2024-06-18 09:56:16,0,6,0,0
96562,2024-06-18 09:57:36,0,4,0,0
45577,2024-06-18 09:58:32,1,8,1,548
45703,2024-06-18 10:02:11,0,5,0,0
2894,2024-06-18 10:06:01,0,3,1,385
70754,2024-06-18 10:06:12,0,8,0,0
70346,2024-06-18 10:06:38,1,5,0,0
21698,2024-06-18 10:13:58,1,9,0,0
75020,2024-06-18 10:15:03,1,6,0,0
55952,2024-06-18 10:19:02,1,8,1,554
66807,2024-06-18 10:19:25,0,2,0,0
15636,2024-06-18 10:22:34,0,6,1,471
17637,2024-06-18 10:38:59,0,7,0,0
27770,2024-06-18 10:41:19,0,5,0,0
85631,2024-06-18 10:50:56,0,7,0,0
20332,2024-06-18 10:55:09,0,3,1,372
68462,2024-06-18 10:59:25,0,9,0,0
77472,2024-06-18 11:10:46,0,7,0,0
19861,2024-06-18 11:31:06,0,4,1,703
28974,2024-06-18 11:37:03,0,8,0,0
78472,2024-06-18 11:41:45,0,2,0,0
13849,2024-06-18 11:42:20,0,10,0,0
20987,2024-06-18 11:43:42,0,3,0,0
54959,2024-06-18 11:44:14,0,2,1,288
99351,2024-06-18 11:48:00,1,7,0,0
40289,2024-06-18 11:55:16,1,4,1,386
26879,2024-06-18 12:02:38,1,4,0,0
1057,2024-06-18 12:05:56,0,3,1,437
76455,2024-06-18 12:09:33,0,10,1,272
27422,2024-06-18 12:10:33,0,7,1,547
51024,2024-06-18 12:55:16,1,7,0,0
66262,2024-06-18 12:57:46,1,7,1,527
49920,2024-06-18 12:57:54,0,3,0,0
59290,2024-06-18 13:00:50,0,7,0,0
41702,2024-06-18 13:04:09,1,4,0,0
13478,2024-06-18 13:10:27,0,6,0,0
45703,2024-06-18 13:43:26,1,5,0,0
70824,2024-06-18 13:49:56,0,10,0,0
71546,2024-06-18 13:56:06,0,9,1,363
30770,2024-06-18 14:04:40,0,5,1,505
70219,2024-06-18 14:14:46,0,4,0,0
46342,2024-06-18 14:40:21,0,4,0,0
41702,2024-06-18 14:42:03,1,8,0,0
45013,2024-06-18 15:01:10,1,5,1,774
94611,2024-06-18 15:02:08,0,8,0,0
47767,2024-06-18 15:05:01,0,4,0,0
16353,2024-06-18 15:23:14,0,8,1,721
13326,2024-06-18 15:44:22,0,12,0,0
68453,2024-06-18 15:49:57,1,9,1,641
33548,2024-06-18 15:56:49,0,7,0,0
71817,2024-06-18 16:02:36,0,4,0,0
51024,2024-06-18 16:07:52,0,7,0,0
85640,2024-06-18 16:12:32,0,3,0,0
47777,2024-06-18 16:18:50,0,10,1,537
18146,2024-06-18 16:20:14,0,11,1,430
52250,2024-06-18 16:27:11,0,5,1,311
40516,2024-06-18 16:28:37,1,7,0,0
58360,2024-06-18 16:28:52,1,6,1,303
3664,2024-06-18 16:29:15,1,8,0,0
50576,2024-06-18 16:30:34,0,5,1,267
88009,2024-06-18 16:34:35,1,2,0,0
25568,2024-06-18 16:37:43,1,7,0,0
92906,2024-06-18 16:44:23,0,7,0,0
55575,2024-06-18 16:46:19,0,5,0,0
54347,2024-06-18 16:49:17,1,1,0,0
6389,2024-06-18 16:51:51,0,3,1,395
44709,2024-06-18 16:52:25,0,7,0,0
88046,2024-06-18 16:54:29,0,3,0,0
15891,2024-06-18 16:56:39,0,3,1,208
21940,2024-06-18 17:04:10,0,15,1,537
71988,2024-06-18 17:22:23,1,5,0,0
33038,2024-06-18 17:23:35,0,6,1,300
98626,2024-06-18 17:31:37,0,2,0,0
1545,2024-06-18 17:46:55,1,9,0,0
25568,2024-06-18 17:51:50,0,4,0,0
89935,2024-06-18 17:59:53,0,6,0,0
23695,2024-06-18 18:08:25,0,15,0,0
21365,2024-06-18 18:22:04,0,6,0,0
74796,2024-06-18 18:22:23,0,9,1,464
38463,2024-06-18 18:31:21,0,14,0,0
97401,2024-06-18 18:32:11,0,10,1,274
76004,2024-06-18 18:41:29,0,7,1,298
98586,2024-06-18 18:44:52,0,9,1,262
30395,2024-06-18 18:55:17,0,6,0,0
73047,2024-06-18 18:57:05,0,6,0,0
73633,2024-06-18 19:33:06,0,4,1,376
65362,2024-06-18 19:47:49,1,5,0,0
42665,2024-06-18 19:50:43,0,2,0,0
24531,2024-06-18 19:51:28,1,9,0,0
24096,2024-06-18 19:52:08,0,7,0,0
94611,2024-06-18 19:56:36,1,11,1,309
59954,2024-06-18 20:15:36,0,8,0,0
63003,2024-06-18 20:21:41,0,5,1,300
38184,2024-06-18 20:23:30,0,4,0,0
78107,2024-06-18 20:42:36,1,8,0,0
56125,2024-06-18 21:00:20,0,3,0,0
35569,2024-06-18 21:05:38,0,4,0,0
62680,2024-06-18 21:07:56,1,6,0,0
55806,2024-06-18 21:14:46,0,4,1,305
58360,2024-06-18 21:24:53,0,4,0,0
45098,2024-06-18 21:28:10,0,5,0,0
13478,2024-06-18 21:34:25,1,2,0,0
8470,2024-06-18 21:34:33,1,9,0,0
97081,2024-06-18 21:39:44,1,7,1,376
77173,2024-06-18 21:49:17,0,2,0,0
8336,2024-06-18 21:56:52,1,7,0,0
92548,2024-06-18 22:01:51,0,5,0,0
3341,2024-06-18 22:06:58,1,3,0,0
56763,2024-06-18 22:07:56,1,7,0,0
11517,2024-06-18 22:12:05,0,4,0,0
9999,2024-06-18 22:20:45,0,3,0,0
49561,2024-06-18 22:26:17,1,7,0,0
17953,2024-06-18 22:26:57,0,6,0,0
16392,2024-06-18 22:29:11,0,8,0,0
88854,2024-06-18 22:30:09,0,3,1,357
35459,2024-06-18 22:31:20,0,7,0,0
11053,2024-06-18 22:34:35,1,5,0,0
67810,2024-06-18 22:36:13,1,5,1,354
63924,2024-06-18 22:36:36,0,5,0,0
94324,2024-06-18 22:50:13,1,4,0,0
78632,2024-06-18 22:52:39,0,5,0,0
63715,2024-06-18 22:56:37,0,10,0,0
81957,2024-06-18 23:04:26,1,2,1,390
18247,2024-06-18 23:04:49,1,5,1,623
27367,2024-06-18 23:05:08,0,6,1,334
41922,2024-06-18 23:33:21,0,3,1,212
48988,2024-06-18 23:33:35,0,5,0,0
72971,2024-06-18 23:39:32,1,2,0,0
10007,2024-06-18 23:53:25,0,4,0,0
71740,2024-06-18 23:53:43,1,4,0,0
5126,2024-06-19 00:08:35,0,10,0,0
84524,2024-06-19 00:10:47,1,9,0,0
81272,2024-06-19 00:58:20,1,6,1,319
66938,2024-06-19 01:00:38,0,2,0,0
98626,2024-06-19 01:10:41,0,7,1,399
49070,2024-06-19 01:11:13,1,7,0,0
13849,2024-06-19 01:33:09,0,5,0,0
5080,2024-06-19 02:05:53,0,4,1,279
68953,2024-06-19 02:11:42,0,6,0,0
28342,2024-06-19 02:12:50,1,5,1,327
36885,2024-06-19 02:37:34,1,5,0,0
70231,2024-06-19 03:46:59,1,5,0,0
42017,2024-06-19 04:10:37,0,4,0,0
90838,2024-06-19 04:21:00,0,8,0,0
51316,2024-06-19 04:25:24,0,4,1,470
43583,2024-06-19 04:27:09,0,7,0,0
88009,2024-06-19 04:55:34,0,5,0,0
41655,2024-06-19 05:22:53,1,9,0,0
55577,2024-06-19 05:28:59,0,6,1,655
69521,2024-06-19 05:53:37,0,5,1,418
88887,2024-06-19 05:59:29,0,5,0,0
70622,2024-06-19 06:13:45,0,5,0,0
36311,2024-06-19 06:19:19,0,3,1,495
39747,2024-06-19 06:20:01,0,1,0,0
12115,2024-06-19 06:29:57,0,10,1,476
4990,2024-06-19 06:30:55,1,6,0,0
34009,2024-06-19 06:35:11,1,4,0,0
30956,2024-06-19 06:36:30,0,7,1,284
16235,2024-06-19 06:39:03,0,7,1,511
22210,2024-06-19 07:04:42,1,6,0,0
21714,2024-06-19 07:47:13,1,5,0,0
73073,2024-06-19 08:00:13,0,9,1,252
85472,2024-06-19 08:01:20,1,4,1,264
86148,2024-06-19 08:02:25,0,8,0,0
61835,2024-06-19 08:18:27,0,7,0,0
30425,2024-06-19 08:31:12,0,4,0,0
19452,2024-06-19 08:37:02,0,6,0,0
98586,2024-06-19 08:53:11,0,5,0,0
7899,2024-06-19 08:56:40,0,9,0,0
66298,2024-06-19 09:01:15,0,3,0,0
8258,2024-06-19 09:02:54,0,5,0,0
52073,2024-06-19 09:07:39,0,9,1,428
85042,2024-06-19 09:10:34,0,5,0,0
69125,2024-06-19 09:15:04,0,4,0,0
87558,2024-06-19 09:16:28,0,12,1,393
74143,2024-06-19 09:21:56,0,7,1,597
20189,2024-06-19 09:24:18,0,6,0,0
10905,2024-06-19 09:25:28,1,7,0,0
49593,2024-06-19 09:33:33,0,6,1,266
21365,2024-06-19 09:38:23,1,10,1,481
10995,2024-06-19 09:42:09,0,3,0,0
58380,2024-06-19 09:43:00,0,2,1,342
85777,2024-06-19 09:43:06,0,2,0,0
85905,2024-06-19 09:44:47,1,7,0,0
63003,2024-06-19 09:53:04,0,5,0,0
51112,2024-06-19 09:53:34,0,9,0,0
65202,2024-06-19 10:00:13,1,10,0,0
50821,2024-06-19 10:01:44,1,5,1,735
46071,2024-06-19 10:02:01,0,5,0,0
8470,2024-06-19 10:09:04,0,4,0,0
72016,2024-06-19 10:19:45,0,2,1,587
55575,2024-06-19 10:20:29,0,6,0,0
6023,2024-06-19 10:31:26,1,5,0,0
66455,2024-06-19 10:41:12,1,11,0,0
77869,2024-06-19 10:51:22,0,5,1,452
46700,2024-06-19 10:57:34,1,10,0,0
78626,2024-06-19 11:02:39,1,8,1,410
44997,2024-06-19 11:06:49,0,1,0,0
69448,2024-06-19 11:07:34,0,5,0,0
47594,2024-06-19 11:22:57,1,2,0,0
92491,2024-06-19 11:26:35,0,7,0,0
48807,2024-06-19 11:34:32,1,5,0,0
77463,2024-06-19 11:41:45,0,4,0,0
68251,2024-06-19 11:48:42,0,4,1,381
67804,2024-06-19 11:50:50,0,7,0,0
3512,2024-06-19 11:52:34,0,4,1,473
65998,2024-06-19 11:59:11,0,6,0,0
44303,2024-06-19 12:00:21,1,5,0,0
28212,2024-06-19 12:02:51,0,6,0,0
68415,2024-06-19 12:05:14,1,5,1,397
19012,2024-06-19 12:05:47,0,13,1,339
41702,2024-06-19 12:07:21,1,9,0,0
2818,2024-06-19 12:10:04,0,6,1,322
86322,2024-06-19 12:12:04,0,6,0,0
35891,2024-06-19 12:19:18,0,12,0,0
68643,2024-06-19 12:37:03,1,6,1,248
51024,2024-06-19 12:40:30,1,9,0,0
87918,2024-06-19 12:50:41,1,10,1,392
59037,2024-06-19 12:50:45,0,7,0,0
57333,2024-06-19 12:58:40,0,9,0,0
36191,2024-06-19 13:01:42,0,2,1,734
93962,2024-06-19 13:05:00,1,5,1,390
84517,2024-06-19 13:09:03,0,2,0,0
95682,2024-06-19 13:17:00,1,6,0,0
85359,2024-06-19 13:17:25,0,6,1,270
14436,2024-06-19 13:19:36,0,6,0,0
55577,2024-06-19 13:38:35,0,4,0,0
8731,2024-06-19 13:43:45,0,8,0,0
21852,2024-06-19 13:45:21,0,3,1,258
48819,2024-06-19 13:53:20,1,4,0,0
15350,2024-06-19 13:59:44,1,11,1,461
11630,2024-06-19 14:00:17,0,9,0,0
18481,2024-06-19 14:06:42,0,4,0,0
39747,2024-06-19 14:27:20,0,5,0,0
3482,2024-06-19 14:28:09,0,7,1,386
53215,2024-06-19 14:30:35,0,7,0,0
41433,2024-06-19 14:32:52,0,9,1,265
56153,2024-06-19 14:40:34,0,7,1,528
92450,2024-06-19 14:41:48,1,3,0,0
8258,2024-06-19 14:43:21,0,5,1,405
14905,2024-06-19 14:48:40,0,1,0,0
78175,2024-06-19 14:52:51,0,6,0,0
54347,2024-06-19 14:56:15,1,9,0,0
42447,2024-06-19 14:59:08,1,4,0,0
62680,2024-06-19 15:01:42,1,4,0,0
2960,2024-06-19 15:11:59,0,9,0,0
96221,2024-06-19 15:36:54,1,5,0,0
15720,2024-06-19 15:41:33,0,10,0,0
60652,2024-06-19 15:43:54,0,5,0,0
75718,2024-06-19 15:54:05,0,2,0,0
60051,2024-06-19 15:59:34,1,5,1,413
69155,2024-06-19 16:00:12,0,7,0,0
11776,2024-06-19 16:05:47,0,12,0,0
33873,2024-06-19 16:10:40,0,5,0,0
40564,2024-06-19 16:16:19,0,6,0,0
61861,2024-06-19 16:17:21,1,8,0,0
29370,2024-06-19 16:24:06,0,2,1,344
42887,2024-06-19 16:28:38,1,6,1,458
11629,2024-06-19 16:31:59,0,5,0,0
7899,2024-06-19 16:34:39,0,4,0,0
18366,2024-06-19 16:35:23,0,10,0,0
73047,2024-06-19 16:40:03,0,7,0,0
1068,2024-06-19 16:44:46,0,6,0,0
50470,2024-06-19 16:48:26,0,6,0,0
8378,2024-06-19 16:55:54,0,6,0,0
94379,2024-06-19 16:56:20,1,3,0,0
75380,2024-06-19 16:57:48,1,6,1,326
8415,2024-06-19 17:02:04,0,9,0,0
99626,2024-06-19 17:02:05,0,8,0,0
25568,2024-06-19 17:02:38,0,7,0,0
20987,2024-06-19 17:05:17,0,7,0,0
85626,2024-06-19 17:05:34,0,3,1,602
29024,2024-06-19 17:16:58,0,6,0,0
70970,2024-06-19 17:19:56,0,7,0,0
65308,2024-06-19 17:36:53,0,7,0,0
85042,2024-06-19 17:40:27,0,5,0,0
52250,2024-06-19 17:43:25,0,4,1,387
72446,2024-06-19 17:43:45,1,4,0,0
59106,2024-06-19 17:48:39,0,6,0,0
60380,2024-06-19 17:52:39,1,10,1,267
14777,2024-06-19 17:53:09,0,2,0,0
71988,2024-06-19 18:27:24,0,11,0,0
95805,2024-06-19 19:14:08,0,4,0,0
69814,2024-06-19 19:25:46,0,9,1,610
36191,2024-06-19 19:31:27,1,7,0,0
78553,2024-06-19 19:31:47,1,6,1,204
28342,2024-06-19 19:35:36,0,6,0,0
1480,2024-06-19 19:36:17,0,7,0,0
99721,2024-06-19 19:43:40,0,10,0,0
93640,2024-06-19 19:48:01,1,5,0,0
19611,2024-06-19 20:22:57,0,3,1,404
29024,2024-06-19 20:37:10,0,8,1,278
66101,2024-06-19 20:43:39,1,2,1,286
1545,2024-06-19 20:44:18,0,5,0,0
2359,2024-06-19 20:51:31,0,3,0,0
12525,2024-06-19 20:54:01,0,6,1,319
64831,2024-06-19 21:26:49,0,4,0,0
84264,2024-06-19 21:29:49,0,4,1,639
20480,2024-06-19 21:38:17,0,8,0,0
4215,2024-06-19 21:46:25,1,7,0,0
57761,2024-06-19 21:56:03,0,6,0,0
34457,2024-06-19 21:56:05,0,9,0,0
90194,2024-06-19 22:05:36,0,7,0,0
25636,2024-06-19 22:11:40,0,3,1,346
39715,2024-06-19 22:22:38,1,7,0,0
10905,2024-06-19 22:30:27,0,14,0,0
92102,2024-06-19 22:32:22,0,4,0,0
24096,2024-06-19 22:33:46,0,7,0,0
67448,2024-06-19 22:34:33,0,5,1,500
41702,2024-06-19 22:37:13,0,5,0,0
35459,2024-06-19 22:39:59,1,7,0,0
36191,2024-06-19 22:52:20,0,4,0,0
65474,2024-06-19 22:56:13,1,7,1,284
44976,2024-06-19 22:57:50,1,4,0,0
86940,2024-06-19 23:00:18,0,2,1,427
15891,2024-06-19 23:13:07,1,7,0,0
43397,2024-06-19 23:21:52,0,4,0,0
63775,2024-06-19 23:21:57,0,8,1,464
84567,2024-06-19 23:27:52,0,6,0,0
32701,2024-06-19 23:35:51,0,7,1,331
570,2024-06-19 23:36:40,1,8,1,424
44345,2024-06-19 23:37:58,0,4,0,0
35185,2024-06-19 23:39:28,1,9,0,0
83321,2024-06-19 23:53:51,0,6,0,0
92936,2024-06-20 00:10:05,0,6,0,0
13840,2024-06-20 00:20:52,0,3,0,0
52703,2024-06-20 00:39:20,0,7,1,286
66830,2024-06-20 00:40:28,0,5,0,0
42997,2024-06-20 00:54:23,0,5,0,0
38241,2024-06-20 00:55:12,0,4,0,0
8009,2024-06-20 00:57:54,0,10,0,0
11235,2024-06-20 01:16:23,0,7,0,0
78175,2024-06-20 01:39:30,0,4,0,0
6659,2024-06-20 01:39:56,0,6,0,0
19260,2024-06-20 01:44:27,0,9,0,0
34695,2024-06-20 01:45:24,1,2,1,406
87737,2024-06-20 01:50:01,0,7,0,0
92102,2024-06-20 02:43:03,1,7,1,459
77463,2024-06-20 02:47:05,0,2,0,0
26834,2024-06-20 02:55:00,0,10,0,0
74701,2024-06-20 02:58:32,0,3,0,0
22816,2024-06-20 03:02:23,0,13,1,237
80637,2024-06-20 03:06:39,0,7,0,0
99955,2024-06-20 03:09:20,0,7,0,0
21918,2024-06-20 03:16:12,1,9,1,522
36658,2024-06-20 03:17:38,0,6,0,0
73192,2024-06-20 03:24:10,1,4,0,0
46700,2024-06-20 03:33:30,0,8,0,0
10213,2024-06-20 04:03:15,0,8,0,0
38573,2024-06-20 04:09:49,1,4,0,0
3341,2024-06-20 04:20:58,0,5,0,0
69125,2024-06-20 04:31:22,0,7,0,0
33873,2024-06-20 04:36:45,0,6,0,0
40767,2024-06-20 04:37:12,0,4,0,0
7083,2024-06-20 05:18:17,0,5,1,247
8648,2024-06-20 05:25:34,1,5,0,0
10007,2024-06-20 05:37:55,1,7,0,0
45814,2024-06-20 05:44:08,0,7,0,0
49593,2024-06-20 05:44:33,1,7,0,0
74176,2024-06-20 05:50:52,0,3,1,551
88943,2024-06-20 06:02:37,0,11,0,0
70337,2024-06-20 06:06:01,0,5,0,0
18366,2024-06-20 06:14:50,1,12,0,0
10995,2024-06-20 06:16:01,0,7,1,469
74143,2024-06-20 06:24:52,0,6,0,0
70473,2024-06-20 06:28:24,1,9,0,0
26834,2024-06-20 06:52:45,0,5,1,249
90154,2024-06-20 07:03:00,0,4,1,312
40713,2024-06-20 07:31:29,0,11,1,580
73633,2024-06-20 07:45:52,0,5,1,241
55806,2024-06-20 07:48:45,0,6,1,381
94579,2024-06-20 07:52:30,1,8,0,0
40713,2024-06-20 07:54:28,0,2,0,0
78746,2024-06-20 08:01:14,0,6,0,0
70162,2024-06-20 08:11:02,0,8,1,319
98314,2024-06-20 08:17:48,0,7,0,0
37693,2024-06-20 08:28:19,0,3,0,0
98586,2024-06-20 08:52:09,0,5,0,0
46205,2024-06-20 09:03:50,1,8,1,451
95805,2024-06-20 09:16:18,0,8,0,0
48762,2024-06-20 09:25:49,0,6,1,264
56125,2024-06-20 09:30:01,1,1,1,592
17895,2024-06-20 09:32:48,0,9,0,0
65475,2024-06-20 09:42:50,1,8,1,382
31813,2024-06-20 09:43:26,0,1,0,0
96064,2024-06-20 09:53:10,0,6,1,283
19648,2024-06-20 10:00:59,0,2,0,0
66830,2024-06-20 10:02:04,0,8,1,285
94926,2024-06-20 10:13:40,1,3,1,304
36658,2024-06-20 10:26:41,0,6,0,0
34440,2024-06-20 10:29:28,1,6,1,378
36658,2024-06-20 10:31:36,1,5,0,0
70415,2024-06-20 10:34:15,1,3,0,0
41926,2024-06-20 10:34:18,0,4,0,0
36719,2024-06-20 10:35:37,0,10,0,0
20947,2024-06-20 10:36:45,0,9,1,256
20374,2024-06-20 10:37:56,0,7,0,0
70466,2024-06-20 10:41:10,0,7,0,0
13363,2024-06-20 10:43:04,1,13,1,441
93432,2024-06-20 10:52:21,0,8,1,385
64096,2024-06-20 10:53:19,0,3,0,0
27974,2024-06-20 10:56:48,0,8,0,0
10070,2024-06-20 11:02:55,1,8,0,0
68114,2024-06-20 11:03:02,1,6,1,261
84211,2024-06-20 11:05:41,0,3,1,407
55107,2024-06-20 11:09:40,0,5,1,274
3192,2024-06-20 11:17:03,0,7,0,0
78472,2024-06-20 11:19:47,0,5,1,309
45089,2024-06-20 11:28:17,0,6,0,0
12603,2024-06-20 11:35:57,0,9,0,0
50177,2024-06-20 12:16:09,0,3,0,0
94797,2024-06-20 12:20:30,1,5,0,0
35834,2024-06-20 12:29:17,0,3,0,0
79503,2024-06-20 12:51:42,0,4,1,372
79093,2024-06-20 12:52:53,1,2,0,0
27982,2024-06-20 12:53:59,1,6,0,0
29395,2024-06-20 12:54:14,0,5,0,0
92102,2024-06-20 12:57:27,0,4,0,0
66455,2024-06-20 12:58:49,0,5,0,0
65362,2024-06-20 13:00:55,0,4,0,0
12455,2024-06-20 13:15:30,0,7,0,0
31361,2024-06-20 13:34:40,0,6,1,372
21919,2024-06-20 13:37:58,1,2,1,438
90756,2024-06-20 13:44:17,0,3,0,0
38184,2024-06-20 13:48:59,1,7,1,271
33019,2024-06-20 13:49:32,0,11,0,0
20987,2024-06-20 13:50:51,0,5,1,599
77173,2024-06-20 13:51:37,0,9,1,552
84236,2024-06-20 13:56:28,1,4,0,0
9584,2024-06-20 13:59:27,0,6,0,0
34457,2024-06-20 14:11:33,0,6,0,0
42405,2024-06-20 14:15:48,0,6,0,0
50753,2024-06-20 14:17:45,0,5,0,0
84524,2024-06-20 14:21:56,1,4,0,0
65362,2024-06-20 14:22:46,0,2,1,361
11517,2024-06-20 14:53:50,1,3,0,0
35872,2024-06-20 14:59:12,1,7,0,0
38866,2024-06-20 15:07:09,0,9,0,0
79613,2024-06-20 15:10:31,1,10,0,0
60431,2024-06-20 15:18:06,1,5,0,0
40804,2024-06-20 15:19:37,1,4,0,0
2009,2024-06-20 15:24:04,0,7,0,0
6432,2024-06-20 15:27:57,0,5,0,0
16296,2024-06-20 15:29:58,1,6,1,314
48819,2024-06-20 15:30:08,1,14,0,0
26822,2024-06-20 15:30:14,0,6,0,0
36685,2024-06-20 15:36:03,0,3,1,472
88658,2024-06-20 15:39:17,1,7,0,0
72522,2024-06-20 15:44:01,0,7,1,292
36913,2024-06-20 16:05:14,0,2,0,0
17328,2024-06-20 16:09:50,0,3,1,391
1477,2024-06-20 16:12:26,1,5,0,0
5015,2024-06-20 16:16:59,0,9,0,0
2373,2024-06-20 16:22:40,1,12,1,282
42997,2024-06-20 16:28:37,0,5,1,497
85911,2024-06-20 16:31:33,0,5,0,0
66298,2024-06-20 16:31:38,0,5,0,0
27342,2024-06-20 16:36:24,0,8,1,352
17804,2024-06-20 16:36:43,0,3,0,0
7739,2024-06-20 16:41:53,0,2,1,342
11805,2024-06-20 16:44:07,0,6,1,306
85960,2024-06-20 16:53:53,1,4,0,0
84567,2024-06-20 16:54:52,0,11,0,0
35891,2024-06-20 16:56:07,0,10,0,0
38790,2024-06-20 16:57:15,0,8,0,0
71988,2024-06-20 17:02:21,0,8,0,0
82223,2024-06-20 17:07:24,0,6,1,447
89358,2024-06-20 17:07:26,0,9,0,0
88652,2024-06-20 17:08:13,1,8,0,0
65299,2024-06-20 17:12:15,1,11,0,0
80182,2024-06-20 17:12:44,1,9,0,0
1890,2024-06-20 17:15:54,0,3,0,0
17328,2024-06-20 17:16:56,1,6,0,0
66807,2024-06-20 17:17:23,0,8,1,255
12115,2024-06-20 17:21:05,1,10,0,0
16392,2024-06-20 17:22:06,1,9,0,0
42017,2024-06-20 17:32:08,1,3,1,567
78431,2024-06-20 17:32:25,0,9,1,325
33385,2024-06-20 17:34:40,0,2,0,0
36719,2024-06-20 17:43:40,1,4,0,0
79503,2024-06-20 17:54:15,0,7,0,0
38885,2024-06-20 18:03:25,0,4,0,0
82634,2024-06-20 18:07:00,1,4,0,0
40470,2024-06-20 18:07:28,0,4,0,0
35459,2024-06-20 18:08:23,0,6,0,0
24289,2024-06-20 18:09:05,0,3,0,0
31912,2024-06-20 18:16:53,0,10,0,0
64516,2024-06-20 18:18:53,0,7,1,500
79093,2024-06-20 18:20:14,1,7,0,0
30770,2024-06-20 18:38:40,0,6,0,0
3330,2024-06-20 18:43:42,0,3,0,0
47692,2024-06-20 18:49:13,0,6,0,0
48201,2024-06-20 18:58:52,0,7,1,247
82634,2024-06-20 19:05:50,0,3,0,0
55539,2024-06-20 19:07:46,1,8,0,0
29024,2024-06-20 19:13:16,1,11,0,0
9584,2024-06-20 19:26:38,0,2,0,0
17637,2024-06-20 19:28:02,0,4,1,532
16425,2024-06-20 19:28:43,1,7,0,0
64122,2024-06-20 19:40:44,0,4,0,0
82634,2024-06-20 19:41:36,0,10,0,0
81578,2024-06-20 19:43:05,0,5,0,0
73091,2024-06-20 20:00:52,0,6,1,310
34740,2024-06-20 20:06:02,0,7,0,0
69156,2024-06-20 20:12:09,0,5,0,0
69156,2024-06-20 20:23:55,0,4,0,0
7018,2024-06-20 20:28:05,0,8,0,0
47127,2024-06-20 20:36:45,0,10,0,0
29305,2024-06-20 20:37:04,1,10,1,479
95565,2024-06-20 20:38:09,0,8,0,0
73452,2024-06-20 20:46:21,1,5,1,279
89286,2024-06-20 20:55:34,1,6,0,0
89938,2024-06-20 21:03:09,0,11,0,0
22816,2024-06-20 21:08:54,0,8,0,0
84211,2024-06-20 21:28:12,1,6,0,0
85960,2024-06-20 21:28:43,1,6,0,0
42405,2024-06-20 21:39:07,0,4,0,0
82050,2024-06-20 21:41:53,0,5,0,0
87558,2024-06-20 21:52:26,0,7,0,0
47830,2024-06-20 21:54:50,0,8,0,0
47552,2024-06-20 21:57:06,0,1,1,329
88540,2024-06-20 21:57:24,1,2,1,489
88540,2024-06-20 22:05:02,0,7,0,0
1254,2024-06-20 22:05:55,0,7,0,0
63667,2024-06-20 22:08:35,0,7,0,0
56405,2024-06-20 22:11:56,0,2,1,433
10213,2024-06-20 22:19:07,1,4,0,0
19611,2024-06-20 22:44:25,0,9,0,0
17844,2024-06-20 22:44:28,0,5,0,0
88854,2024-06-20 22:46:21,0,3,0,0
66807,2024-06-20 23:08:56,0,6,0,0
82135,2024-06-20 23:14:18,1,2,0,0
15275,2024-06-20 23:24:13,0,14,0,0
54158,2024-06-20 23:25:09,0,5,0,0
15139,2024-06-20 23:33:29,0,6,0,0
32531,2024-06-20 23:38:40,1,8,1,719
70466,2024-06-20 23:44:39,1,8,0,0
46846,2024-06-20 23:53:03,1,6,0,0
6185,2024-06-20 23:55:50,0,6,0,0
60316,2024-06-21 00:11:45,1,8,0,0
8127,2024-06-21 00:56:16,0,7,0,0
16392,2024-06-21 01:46:38,0,7,1,247
54481,2024-06-21 01:56:39,0,2,1,275
53616,2024-06-21 02:15:18,1,10,0,0
99171,2024-06-21 02:31:45,0,7,0,0
79613,2024-06-21 02:34:21,1,8,0,0
54104,2024-06-21 02:53:53,1,6,1,346
70337,2024-06-21 03:02:14,0,6,0,0
82303,2024-06-21 03:03:39,1,6,1,523
15636,2024-06-21 03:10:54,0,1,0,0
96064,2024-06-21 03:12:57,0,7,1,527
47594,2024-06-21 03:14:59,0,5,0,0
55598,2024-06-21 03:44:24,0,6,0,0
33533,2024-06-21 03:51:43,0,8,1,285
27168,2024-06-21 04:48:08,1,2,0,0
46464,2024-06-21 04:52:42,1,8,0,0
63133,2024-06-21 05:03:49,1,3,1,367
30223,2024-06-21 05:08:50,0,6,1,460
46802,2024-06-21 05:23:13,0,3,0,0
30713,2024-06-21 05:37:47,1,12,1,297
41611,2024-06-21 05:55:29,0,5,1,431
60431,2024-06-21 06:06:16,0,3,0,0
8336,2024-06-21 06:07:14,0,11,1,483
49561,2024-06-21 06:24:27,0,2,0,0
74143,2024-06-21 06:33:58,0,3,1,425
57290,2024-06-21 06:34:41,0,8,1,367
98626,2024-06-21 07:03:48,0,3,0,0
17336,2024-06-21 07:11:24,0,9,0,0
29831,2024-06-21 07:24:28,0,4,1,271
10723,2024-06-21 07:26:29,1,5,0,0
17691,2024-06-21 07:38:17,0,6,0,0
49593,2024-06-21 07:45:54,1,4,1,368
51316,2024-06-21 08:00:05,0,4,1,320
59152,2024-06-21 08:03:10,1,9,0,0
87730,2024-06-21 08:20:48,0,2,0,0
68299,2024-06-21 08:20:51,0,6,0,0
24764,2024-06-21 08:25:36,0,5,0,0
89286,2024-06-21 08:26:16,1,5,0,0
61176,2024-06-21 08:27:18,0,3,0,0
42665,2024-06-21 08:27:39,0,2,0,0
40240,2024-06-21 08:30:01,0,5,1,549
34440,2024-06-21 08:30:17,0,7,0,0
23184,2024-06-21 08:41:35,0,6,1,257
65362,2024-06-21 08:45:43,0,3,0,0
23304,2024-06-21 08:50:50,0,8,0,0
41882,2024-06-21 08:56:06,0,3,1,445
77029,2024-06-21 08:57:29,1,8,0,0
61752,2024-06-21 08:57:35,0,7,1,331
15275,2024-06-21 09:18:19,1,5,0,0
38915,2024-06-21 09:22:27,0,10,0,0
79527,2024-06-21 09:34:12,1,3,1,487
76720,2024-06-21 09:36:23,0,8,1,565
68462,2024-06-21 09:37:28,0,8,1,431
88180,2024-06-21 09:39:01,0,9,0,0
29314,2024-06-21 09:39:49,0,5,0,0
8378,2024-06-21 09:44:16,1,7,1,288
76004,2024-06-21 09:57:18,1,7,0,0
24094,2024-06-21 10:05:03,1,9,0,0
30956,2024-06-21 10:12:58,0,5,0,0
42447,2024-06-21 10:15:14,1,3,0,0
5015,2024-06-21 10:16:47,1,9,0,0
38790,2024-06-21 10:25:40,0,8,1,601
3330,2024-06-21 10:31:09,1,6,0,0
4019,2024-06-21 10:36:16,1,6,1,387
71466,2024-06-21 10:37:25,0,3,0,0
72134,2024-06-21 10:41:33,1,8,0,0
21940,2024-06-21 10:42:23,0,7,1,545
71596,2024-06-21 10:50:39,1,7,0,0
68453,2024-06-21 10:51:03,1,6,0,0
31706,2024-06-21 10:51:10,0,1,0,0
50558,2024-06-21 10:51:38,0,3,0,0
58337,2024-06-21 10:58:06,0,4,0,0
45562,2024-06-21 10:58:59,0,10,0,0
19256,2024-06-21 10:59:19,0,9,0,0
79527,2024-06-21 10:59:26,0,6,0,0
37693,2024-06-21 11:09:40,0,6,0,0
79527,2024-06-21 11:12:01,0,6,1,359
32290,2024-06-21 11:16:16,1,3,0,0
12493,2024-06-21 11:17:05,0,6,1,478
56763,2024-06-21 11:18:10,0,1,0,0
73252,2024-06-21 11:23:36,0,3,0,0
6593,2024-06-21 11:49:50,0,3,0,0
96921,2024-06-21 11:50:27,0,7,0,0
87145,2024-06-21 11:53:37,1,11,0,0
78870,2024-06-21 11:54:14,0,4,1,293
38241,2024-06-21 11:56:36,1,7,0,0
41155,2024-06-21 11:57:25,0,3,1,265
29395,2024-06-21 11:59:30,0,11,1,418
69773,2024-06-21 12:00:46,0,8,0,0
77150,2024-06-21 12:20:39,1,7,1,419
43773,2024-06-21 12:29:28,0,2,0,0
23689,2024-06-21 12:29:39,1,7,0,0
29395,2024-06-21 12:42:30,1,4,0,0
1006,2024-06-21 13:01:39,0,8,1,503
34440,2024-06-21 13:15:42,0,2,0,0
31881,2024-06-21 13:20:03,0,10,1,206
51901,2024-06-21 13:20:54,0,4,0,0
72842,2024-06-21 13:32:20,0,8,0,0
63924,2024-06-21 13:54:29,1,5,1,267
56771,2024-06-21 14:12:11,0,3,0,0
490,2024-06-21 14:12:43,0,4,0,0
18290,2024-06-21 14:12:55,0,9,1,366
8258,2024-06-21 14:17:42,1,4,0,0
78033,2024-06-21 14:24:44,1,5,0,0
36187,2024-06-21 14:32:10,0,4,0,0
49070,2024-06-21 14:32:36,1,2,1,415
31759,2024-06-21 14:46:26,0,4,1,530
4663,2024-06-21 14:51:05,0,11,0,0
10270,2024-06-21 14:56:07,1,4,0,0
77734,2024-06-21 14:56:26,0,8,0,0
64220,2024-06-21 15:10:39,0,8,0,0
75061,2024-06-21 15:12:57,1,4,0,0
32225,2024-06-21 15:14:04,0,7,0,0
15212,2024-06-21 15:19:21,0,2,0,0
60078,2024-06-21 15:22:12,0,3,0,0
62820,2024-06-21 15:22:21,0,13,0,0
18738,2024-06-21 15:22:36,0,5,0,0
74143,2024-06-21 15:29:41,1,10,1,487
66830,2024-06-21 15:32:03,0,5,1,253
12115,2024-06-21 15:34:32,0,7,0,0
47552,2024-06-21 15:35:26,0,10,1,484
51481,2024-06-21 15:44:22,0,7,0,0
30434,2024-06-21 16:04:42,0,3,0,0
66455,2024-06-21 16:16:29,0,6,0,0
21644,2024-06-21 16:19:07,0,10,1,626
67894,2024-06-21 16:21:13,0,7,0,0
2894,2024-06-21 16:27:50,0,5,0,0
36522,2024-06-21 16:29:44,1,6,0,0
66298,2024-06-21 16:35:48,1,6,0,0
78231,2024-06-21 16:39:10,0,6,0,0
5986,2024-06-21 16:40:11,0,4,1,327
38002,2024-06-21 16:42:32,0,3,0,0
6659,2024-06-21 16:45:41,0,6,0,0
3192,2024-06-21 16:53:22,0,4,0,0
88943,2024-06-21 16:59:13,1,6,0,0
64516,2024-06-21 17:13:10,0,3,1,383
66545,2024-06-21 17:30:02,0,6,0,0
57197,2024-06-21 17:33:04,0,5,1,354
12603,2024-06-21 17:34:34,1,4,0,0
1379,2024-06-21 17:35:07,1,5,1,442
34236,2024-06-21 17:37:03,0,5,0,0
18481,2024-06-21 17:38:27,0,4,0,0
19481,2024-06-21 17:49:34,1,2,0,0
65355,2024-06-21 17:50:40,0,13,1,261
53153,2024-06-21 17:54:11,0,8,0,0
28887,2024-06-21 18:03:59,0,5,1,479
70490,2024-06-21 18:15:36,1,4,0,0
45562,2024-06-21 18:21:52,0,2,0,0
84567,2024-06-21 18:36:57,0,5,1,284
17378,2024-06-21 18:42:33,0,3,1,309
1477,2024-06-21 18:43:16,0,4,1,413
11406,2024-06-21 18:44:19,1,6,0,0
56405,2024-06-21 18:50:55,0,5,0,0
42887,2024-06-21 19:07:55,1,4,1,397
81437,2024-06-21 19:08:36,0,1,1,431
2373,2024-06-21 19:09:47,1,3,1,361
33244,2024-06-21 19:15:56,0,11,0,0
3712,2024-06-21 19:19:28,0,6,0,0
79748,2024-06-21 19:20:28,1,5,0,0
43773,2024-06-21 19:26:20,0,6,1,436
4521,2024-06-21 19:26:47,0,2,0,0
12455,2024-06-21 19:32:24,1,8,1,578
75020,2024-06-21 19:32:34,1,7,1,682
30439,2024-06-21 19:43:03,0,3,0,0
38942,2024-06-21 19:47:27,0,6,1,572
81196,2024-06-21 19:48:53,0,10,1,498
76720,2024-06-21 20:05:17,0,7,0,0
99108,2024-06-21 20:08:13,0,4,1,312
30439,2024-06-21 20:25:16,1,9,0,0
2818,2024-06-21 20:28:21,0,4,1,493
78553,2024-06-21 20:36:25,0,6,0,0
1010,2024-06-21 20:40:22,1,8,0,0
56125,2024-06-21 20:47:09,1,8,0,0
29213,2024-06-21 20:52:51,0,4,0,0
6659,2024-06-21 21:02:34,0,6,1,325
91465,2024-06-21 21:14:15,0,8,1,311
68467,2024-06-21 21:27:48,0,6,1,256
49070,2024-06-21 21:35:03,0,7,0,0
63924,2024-06-21 21:48:17,1,3,0,0
36191,2024-06-21 21:54:07,1,6,0,0
70824,2024-06-21 21:59:09,1,3,1,366
18247,2024-06-21 22:04:06,0,4,1,358
66101,2024-06-21 22:12:37,0,10,1,318
22210,2024-06-21 22:20:42,1,2,0,0
85339,2024-06-21 22:21:58,0,7,0,0
85042,2024-06-21 22:22:57,1,8,0,0
967,2024-06-21 22:23:15,1,7,1,490
16041,2024-06-21 22:23:42,1,3,0,0
75380,2024-06-21 22:28:04,0,3,0,0
96221,2024-06-21 22:28:58,0,8,0,0
10995,2024-06-21 22:40:00,1,6,1,524
63697,2024-06-21 22:48:13,0,11,0,0
11053,2024-06-21 22:49:36,0,5,1,248
9429,2024-06-21 23:01:43,1,6,0,0
89938,2024-06-21 23:20:14,1,4,1,527
44997,2024-06-21 23:20:15,0,5,0,0
34695,2024-06-21 23:22:32,0,7,1,338
77869,2024-06-21 23:26:08,1,8,1,290
41611,2024-06-21 23:27:14,1,8,0,0
47552,2024-06-21 23:31:24,0,8,1,441
22210,2024-06-21 23:33:26,0,2,0,0
13799,2024-06-21 23:35:15,1,7,0,0
1439,2024-06-21 23:36:08,1,5,1,419
52893,2024-06-21 23:44:49,0,7,0,0
76706,2024-06-21 23:58:45,1,7,0,0
940,2024-06-21 23:59:52,0,2,1,224
65475,2024-06-22 00:33:09,1,7,1,546
29831,2024-06-22 00:39:37,1,2,0,0
15212,2024-06-22 01:02:18,1,4,0,0
28887,2024-06-22 01:18:12,1,5,1,424
43010,2024-06-22 01:25:40,0,5,1,408
81398,2024-06-22 01:36:49,0,4,0,0
8378,2024-06-22 01:45:43,0,8,0,0
12115,2024-06-22 01:50:00,0,3,1,322
80637,2024-06-22 01:51:47,0,3,0,0
51663,2024-06-22 01:55:49,0,3,0,0
23304,2024-06-22 01:56:07,1,10,0,0
62941,2024-06-22 01:56:50,1,5,0,0
45013,2024-06-22 02:17:15,0,6,0,0
1068,2024-06-22 02:48:11,1,3,0,0
98626,2024-06-22 02:54:58,0,4,0,0
97042,2024-06-22 02:57:17,0,10,0,0
6558,2024-06-22 03:05:34,0,13,1,465
51139,2024-06-22 03:10:46,0,12,0,0
11406,2024-06-22 03:13:11,0,8,1,781
68462,2024-06-22 03:18:47,1,4,0,0
96358,2024-06-22 03:37:05,0,4,0,0
66807,2024-06-22 03:42:47,0,3,0,0
9613,2024-06-22 03:53:32,1,7,0,0
84264,2024-06-22 03:57:07,0,10,0,0
90346,2024-06-22 04:47:02,1,3,0,0
14436,2024-06-22 04:55:35,1,3,1,513
20332,2024-06-22 04:56:57,0,4,0,0
91229,2024-06-22 05:09:53,0,4,1,597
44875,2024-06-22 05:50:26,0,10,0,0
42810,2024-06-22 06:11:35,0,7,0,0
62064,2024-06-22 06:17:58,0,7,1,317
61752,2024-06-22 06:38:32,0,6,0,0
5126,2024-06-22 06:42:35,0,8,1,337
21119,2024-06-22 06:46:39,1,7,0,0
94324,2024-06-22 06:52:12,1,2,1,436
43773,2024-06-22 08:05:13,0,4,0,0
77463,2024-06-22 08:18:31,1,9,1,328
66265,2024-06-22 08:26:12,0,3,0,0
94228,2024-06-22 08:32:39,0,5,0,0
88066,2024-06-22 08:38:27,0,5,1,463
95805,2024-06-22 08:55:13,0,2,1,639
91794,2024-06-22 08:55:57,1,1,0,0
21714,2024-06-22 08:56:20,0,5,1,452
85626,2024-06-22 09:00:42,0,5,0,0
24164,2024-06-22 09:25:29,0,2,1,770
25568,2024-06-22 09:28:20,0,5,0,0
3030,2024-06-22 09:40:22,0,5,0,0
62938,2024-06-22 09:44:47,1,4,0,0
64307,2024-06-22 09:50:51,1,10,1,736
94006,2024-06-22 09:52:57,1,10,1,381
76720,2024-06-22 09:53:52,1,5,0,0
66288,2024-06-22 09:55:43,0,2,0,0
76455,2024-06-22 10:04:49,1,8,0,0
94502,2024-06-22 10:09:33,1,6,0,0
24835,2024-06-22 10:14:55,0,5,0,0
72522,2024-06-22 10:20:07,1,2,0,0
81196,2024-06-22 10:28:35,1,10,0,0
99953,2024-06-22 10:29:50,0,5,0,0
75020,2024-06-22 10:45:24,0,5,1,487
85573,2024-06-22 11:00:06,1,5,0,0
19648,2024-06-22 11:05:11,1,2,0,0
52639,2024-06-22 11:44:21,0,6,1,478
21365,2024-06-22 11:49:34,1,5,1,370
78431,2024-06-22 11:50:02,0,2,1,235
40516,2024-06-22 11:51:40,0,6,1,512
6537,2024-06-22 11:57:44,0,6,0,0
83645,2024-06-22 11:58:44,0,5,0,0
5389,2024-06-22 11:59:21,1,5,0,0
67852,2024-06-22 11:59:41,0,6,0,0
50753,2024-06-22 12:08:31,0,5,1,597
29970,2024-06-22 12:23:17,0,5,1,348
96221,2024-06-22 12:28:45,0,5,1,293
28031,2024-06-22 12:32:42,0,10,0,0
45186,2024-06-22 12:33:58,0,13,0,0
81957,2024-06-22 12:37:26,0,8,1,329
21870,2024-06-22 12:50:47,0,6,0,0
95565,2024-06-22 12:56:56,1,7,0,0
85042,2024-06-22 13:01:32,0,9,0,0
53915,2024-06-22 13:04:01,0,4,1,258
55806,2024-06-22 13:13:31,1,7,0,0
31826,2024-06-22 13:14:45,0,3,0,0
84517,2024-06-22 13:24:29,0,3,0,0
62856,2024-06-22 13:33:30,0,5,1,264
69642,2024-06-22 13:49:07,0,6,0,0
79797,2024-06-22 13:51:14,0,7,0,0
10723,2024-06-22 13:52:23,0,5,0,0
66455,2024-06-22 14:01:51,1,9,0,0
30770,2024-06-22 14:12:59,1,3,1,525
1313,2024-06-22 14:19:19,0,6,0,0
2373,2024-06-22 14:28:44,0,5,0,0
21919,2024-06-22 14:29:27,1,6,0,0
51547,2024-06-22 14:40:30,0,6,0,0
65474,2024-06-22 14:47:07,1,6,0,0
63446,2024-06-22 14:49:21,1,7,1,243
48026,2024-06-22 14:53:18,0,5,0,0
94579,2024-06-22 14:57:45,0,10,0,0
65998,2024-06-22 14:58:42,0,5,0,0
14905,2024-06-22 15:03:01,1,4,0,0
23024,2024-06-22 15:03:23,0,9,0,0
40181,2024-06-22 15:03:43,0,9,0,0
97401,2024-06-22 15:16:38,0,6,1,554
81499,2024-06-22 15:17:10,0,3,0,0
33873,2024-06-22 15:19:49,1,3,0,0
57761,2024-06-22 15:25:11,0,8,1,282
20742,2024-06-22 15:26:45,0,9,1,501
55598,2024-06-22 15:26:57,0,7,0,0
17328,2024-06-22 15:36:37,0,7,1,556
40713,2024-06-22 15:44:26,0,6,0,0
69428,2024-06-22 15:46:29,0,11,0,0
15891,2024-06-22 15:48:20,0,9,0,0
72971,2024-06-22 15:49:25,0,6,0,0
12525,2024-06-22 16:08:26,0,12,0,0
82478,2024-06-22 16:11:25,0,4,1,400
51547,2024-06-22 16:16:14,1,7,0,0
5032,2024-06-22 16:17:02,1,6,0,0
36187,2024-06-22 16:23:04,0,5,0,0
18952,2024-06-22 16:27:58,1,7,0,0
47320,2024-06-22 16:43:21,0,5,0,0
37122,2024-06-22 16:44:30,0,7,1,607
48399,2024-06-22 16:53:53,1,2,0,0
89286,2024-06-22 16:54:45,1,5,1,234
1006,2024-06-22 16:55:49,0,8,0,0
62820,2024-06-22 17:06:31,1,5,0,0
570,2024-06-22 17:07:10,0,6,0,0
54287,2024-06-22 17:09:59,0,9,0,0
61355,2024-06-22 17:17:48,1,3,0,0
11776,2024-06-22 17:18:32,0,6,1,364
70219,2024-06-22 17:25:41,0,7,0,0
69883,2024-06-22 17:28:46,0,4,1,318
11686,2024-06-22 17:41:27,1,2,1,289
1165,2024-06-22 17:58:09,1,5,1,371
78746,2024-06-22 18:02:38,0,5,0,0
87558,2024-06-22 18:11:49,0,12,1,423
29017,2024-06-22 18:14:55,0,4,0,0
81957,2024-06-22 18:17:34,0,9,0,0
17497,2024-06-22 18:18:01,0,5,1,340
22816,2024-06-22 18:22:28,1,5,0,0
66455,2024-06-22 18:38:15,0,4,1,613
19452,2024-06-22 18:44:04,0,9,0,0
92284,2024-06-22 18:47:47,1,5,1,345
39371,2024-06-22 18:51:30,0,7,0,0
47552,2024-06-22 18:59:58,0,6,0,0
18616,2024-06-22 19:01:18,1,5,1,540
55806,2024-06-22 19:14:23,1,13,0,0
16425,2024-06-22 19:19:34,0,8,0,0
55606,2024-06-22 19:34:33,0,8,0,0
18247,2024-06-22 19:47:04,0,4,0,0
61752,2024-06-22 19:51:56,0,8,1,623
74143,2024-06-22 19:52:06,0,8,0,0
30439,2024-06-22 20:01:15,1,6,1,327
71895,2024-06-22 20:04:51,0,8,0,0
44709,2024-06-22 20:13:08,0,2,0,0
63980,2024-06-22 20:17:40,0,7,0,0
3482,2024-06-22 20:32:48,0,4,0,0
11031,2024-06-22 20:36:08,0,10,0,0
45703,2024-06-22 20:54:05,1,2,1,326
94155,2024-06-22 20:55:06,0,5,0,0
32225,2024-06-22 20:56:54,0,7,0,0
25038,2024-06-22 21:01:37,0,11,0,0
61325,2024-06-22 21:01:55,1,9,0,0
86271,2024-06-22 21:04:35,1,4,0,0
36252,2024-06-22 21:13:19,1,7,0,0
41926,2024-06-22 21:13:26,0,5,0,0
86965,2024-06-22 21:27:08,0,5,0,0
39150,2024-06-22 21:36:55,0,6,0,0
10271,2024-06-22 21:41:56,1,4,0,0
62035,2024-06-22 21:45:39,0,6,1,675
8415,2024-06-22 22:02:09,1,8,0,0
48421,2024-06-22 22:03:43,1,5,1,536
42063,2024-06-22 22:03:45,0,4,1,377
8336,2024-06-22 22:04:10,0,9,0,0
20163,2024-06-22 22:05:39,0,6,0,0
69883,2024-06-22 22:07:27,0,6,0,0
52073,2024-06-22 22:10:06,1,4,1,361
17637,2024-06-22 22:34:23,0,2,0,0
42810,2024-06-22 22:37:28,0,4,1,558
12455,2024-06-22 22:46:27,0,8,0,0
94619,2024-06-22 22:53:32,1,5,1,383
33250,2024-06-22 22:59:50,0,4,0,0
8336,2024-06-22 23:00:41,1,4,0,0
98626,2024-06-22 23:10:28,0,5,0,0
41433,2024-06-22 23:11:37,0,6,0,0
24921,2024-06-22 23:41:44,0,8,0,0
85911,2024-06-22 23:50:54,0,5,1,458
59718,2024-06-22 23:51:41,0,3,0,0
36187,2024-06-22 23:57:58,1,7,0,0
29081,2024-06-23 00:05:56,0,7,0,0
38695,2024-06-23 00:12:48,0,7,0,0
616,2024-06-23 00:22:08,0,8,0,0
17120,2024-06-23 00:22:38,1,7,0,0
88574,2024-06-23 00:52:06,1,3,0,0
91235,2024-06-23 00:56:35,1,6,1,319
20845,2024-06-23 01:12:36,0,9,0,0
24835,2024-06-23 01:23:31,0,7,0,0
92698,2024-06-23 01:25:14,0,10,0,0
39581,2024-06-23 01:32:31,1,8,0,0
65126,2024-06-23 01:35:36,0,9,0,0
51316,2024-06-23 02:02:52,0,4,1,312
73047,2024-06-23 02:05:41,1,3,0,0
80162,2024-06-23 02:21:44,0,7,0,0
23695,2024-06-23 02:40:45,0,3,1,299
15139,2024-06-23 02:48:49,0,11,0,0
70466,2024-06-23 03:09:43,0,5,1,507
33548,2024-06-23 03:22:37,1,11,0,0
42662,2024-06-23 03:26:16,0,5,0,0
29970,2024-06-23 04:00:23,0,8,1,313
43773,2024-06-23 04:07:05,0,3,1,307
12187,2024-06-23 04:09:02,0,3,0,0
17691,2024-06-23 04:12:10,1,7,0,0
75380,2024-06-23 04:19:48,0,7,0,0
17015,2024-06-23 04:29:08,0,8,0,0
33035,2024-06-23 04:33:07,1,7,0,0
70824,2024-06-23 04:51:38,0,4,0,0
42034,2024-06-23 04:59:32,0,6,1,294
59007,2024-06-23 05:20:29,0,10,1,676
70415,2024-06-23 05:24:40,0,6,0,0
15891,2024-06-23 05:33:11,0,4,1,631
96221,2024-06-23 06:03:39,0,7,1,376
11812,2024-06-23 06:30:29,0,10,0,0
3714,2024-06-23 06:49:58,0,8,1,411
90756,2024-06-23 06:59:35,0,3,0,0
78107,2024-06-23 07:37:35,1,4,0,0
57795,2024-06-23 07:41:37,0,9,1,585
15350,2024-06-23 07:50:19,0,9,0,0
41297,2024-06-23 08:02:01,0,6,0,0
33319,2024-06-23 08:07:54,1,6,0,0
65205,2024-06-23 08:11:58,1,5,0,0
78431,2024-06-23 08:13:03,1,6,0,0
64220,2024-06-23 08:27:09,1,5,0,0
31813,2024-06-23 08:35:39,0,7,1,540
84046,2024-06-23 08:37:34,0,4,0,0
49437,2024-06-23 09:10:09,0,6,0,0
79503,2024-06-23 09:11:49,0,5,1,377
11805,2024-06-23 09:14:01,0,4,1,167
12525,2024-06-23 09:15:20,0,7,0,0
84517,2024-06-23 09:17:19,1,8,1,489
38614,2024-06-23 09:22:09,1,8,1,393
12493,2024-06-23 09:25:19,0,6,0,0
89007,2024-06-23 09:26:23,1,2,1,603
70231,2024-06-23 09:48:59,0,4,1,399
44303,2024-06-23 09:51:28,0,5,0,0
33319,2024-06-23 09:53:06,0,6,1,497
73974,2024-06-23 09:53:08,0,11,0,0
18521,2024-06-23 09:58:29,1,9,0,0
89604,2024-06-23 10:04:04,0,6,0,0
99244,2024-06-23 10:09:11,1,8,0,0
88066,2024-06-23 10:15:02,1,7,0,0
17675,2024-06-23 10:15:27,0,3,0,0
38750,2024-06-23 10:24:25,0,5,1,376
44875,2024-06-23 10:32:00,0,11,0,0
20778,2024-06-23 10:51:44,1,6,0,0
72664,2024-06-23 11:11:32,1,11,0,0
78472,2024-06-23 11:23:55,0,10,1,313
19256,2024-06-23 11:31:10,1,5,0,0
3482,2024-06-23 11:31:28,0,8,0,0
29081,2024-06-23 11:34:34,0,6,0,0
28212,2024-06-23 11:43:44,1,5,1,433
55539,2024-06-23 11:54:18,1,5,0,0
13245,2024-06-23 11:55:14,0,6,1,413
73633,2024-06-23 12:19:46,0,4,0,0
77532,2024-06-23 12:25:45,0,7,0,0
56647,2024-06-23 12:51:04,0,7,0,0
75061,2024-06-23 12:52:38,0,8,1,449
85364,2024-06-23 12:56:33,1,6,0,0
14333,2024-06-23 12:57:59,0,8,1,284
68643,2024-06-23 13:04:47,0,7,0,0
5343,2024-06-23 13:09:59,0,10,1,580
92548,2024-06-23 13:11:04,0,11,0,0
37693,2024-06-23 13:33:10,1,6,0,0
59954,2024-06-23 13:33:59,1,5,0,0
1545,2024-06-23 13:36:08,1,7,0,0
73192,2024-06-23 13:40:37,0,7,0,0
87826,2024-06-23 13:44:49,0,9,0,0
30223,2024-06-23 13:46:07,0,3,1,435
12115,2024-06-23 13:58:07,0,6,0,0
81578,2024-06-23 14:13:14,0,4,0,0
68801,2024-06-23 14:14:12,0,3,0,0
69156,2024-06-23 14:16:11,1,6,0,0
3330,2024-06-23 14:26:00,1,6,0,0
97401,2024-06-23 14:43:54,0,0,0,0
78324,2024-06-23 14:51:47,1,2,1,354
20742,2024-06-23 14:57:23,1,3,0,0
88854,2024-06-23 15:03:19,0,10,0,0
30700,2024-06-23 15:03:36,1,12,1,598
82478,2024-06-23 15:07:57,0,4,0,0
68299,2024-06-23 15:08:53,0,5,0,0
94006,2024-06-23 15:10:00,0,7,0,0
91229,2024-06-23 15:15:25,1,6,1,585
3712,2024-06-23 15:16:54,0,7,0,0
98626,2024-06-23 15:33:31,1,7,0,0
68251,2024-06-23 15:35:23,0,5,1,368
85960,2024-06-23 15:40:01,1,12,0,0
78746,2024-06-23 15:44:24,0,12,0,0
72842,2024-06-23 15:58:41,1,4,1,451
96973,2024-06-23 16:03:10,0,3,0,0
33308,2024-06-23 16:04:33,1,5,1,812
40240,2024-06-23 16:09:34,1,5,0,0
41082,2024-06-23 16:10:21,1,9,1,294
54647,2024-06-23 16:13:12,1,4,1,497
61082,2024-06-23 16:21:29,0,10,0,0
7958,2024-06-23 16:40:58,1,5,0,0
36522,2024-06-23 16:43:47,0,3,1,533
53253,2024-06-23 16:44:06,0,4,1,345
39371,2024-06-23 16:47:17,1,4,0,0
78677,2024-06-23 16:51:56,0,6,0,0
57436,2024-06-23 16:57:32,0,5,0,0
19343,2024-06-23 17:00:44,0,8,0,0
53915,2024-06-23 17:02:52,0,7,0,0
94006,2024-06-23 17:07:38,0,3,1,323
68801,2024-06-23 17:12:41,0,6,0,0
61752,2024-06-23 17:27:56,0,4,1,449
81196,2024-06-23 17:46:44,0,9,0,0
12529,2024-06-23 17:55:57,0,13,0,0
6023,2024-06-23 18:12:25,0,8,0,0
41287,2024-06-23 18:14:54,1,5,0,0
14668,2024-06-23 18:15:14,0,2,0,0
19012,2024-06-23 18:37:31,0,5,0,0
97401,2024-06-23 18:42:48,0,5,0,0
56405,2024-06-23 18:59:56,0,2,0,0
38463,2024-06-23 19:18:42,0,11,1,297
3512,2024-06-23 19:27:52,1,4,0,0
60689,2024-06-23 19:34:59,0,13,0,0
26834,2024-06-23 19:45:02,0,3,0,0
96973,2024-06-23 19:51:23,0,6,0,0
89007,2024-06-23 19:59:38,0,12,0,0
84270,2024-06-23 20:00:20,0,6,1,279
22210,2024-06-23 20:00:23,1,5,0,0
5473,2024-06-23 20:04:38,0,5,0,0
10475,2024-06-23 20:09:25,0,6,0,0
76720,2024-06-23 20:15:15,0,6,0,0
57824,2024-06-23 20:40:19,1,7,0,0
10007,2024-06-23 20:41:39,0,3,0,0
96298,2024-06-23 20:47:10,0,6,1,482
92586,2024-06-23 20:49:28,0,9,1,406
603,2024-06-23 20:52:25,0,6,0,0
31647,2024-06-23 20:52:29,0,9,0,0
23515,2024-06-23 20:55:13,0,8,0,0
29831,2024-06-23 21:04:51,0,3,1,428
28031,2024-06-23 21:08:40,0,10,0,0
68209,2024-06-23 21:09:24,0,5,0,0
23304,2024-06-23 21:10:20,0,8,1,746
94155,2024-06-23 21:12:04,0,6,0,0
22066,2024-06-23 21:17:18,0,2,0,0
12187,2024-06-23 21:19:35,0,6,1,495
26290,2024-06-23 21:20:14,1,5,0,0
21365,2024-06-23 21:22:10,0,1,0,0
77392,2024-06-23 21:23:12,1,7,0,0
77428,2024-06-23 21:26:50,0,5,0,0
79901,2024-06-23 21:38:55,1,4,0,0
15350,2024-06-23 21:49:57,0,2,1,184
36187,2024-06-23 21:51:28,0,8,0,0
82050,2024-06-23 21:52:05,0,10,0,0
1057,2024-06-23 21:58:37,1,6,1,350
42063,2024-06-23 21:59:35,0,2,0,0
47777,2024-06-23 22:02:38,1,6,1,537
7890,2024-06-23 22:05:20,0,9,0,0
18247,2024-06-23 22:05:45,0,5,1,618
78324,2024-06-23 22:11:52,0,8,1,347
64831,2024-06-23 22:11:54,1,7,0,0
55041,2024-06-23 22:12:25,0,8,1,521
95682,2024-06-23 22:16:58,1,8,0,0
18011,2024-06-23 22:26:22,0,6,0,0
33038,2024-06-23 22:30:51,0,10,0,0
96921,2024-06-23 22:32:06,0,3,0,0
30425,2024-06-23 22:35:41,0,3,0,0
21714,2024-06-23 22:37:14,0,11,0,0
52001,2024-06-23 22:46:48,0,2,0,0
37393,2024-06-23 22:48:30,0,6,0,0
47777,2024-06-23 22:49:02,0,9,0,0
65090,2024-06-23 22:50:11,0,6,0,0
95235,2024-06-23 22:50:41,0,2,1,223
79613,2024-06-23 22:54:05,0,6,1,277
13187,2024-06-23 22:57:22,0,7,0,0
24289,2024-06-23 23:07:23,0,12,1,465
63198,2024-06-23 23:10:47,0,3,1,470
51547,2024-06-23 23:13:54,1,4,1,366
33019,2024-06-23 23:19:12,1,5,0,0
65077,2024-06-23 23:41:58,0,7,0,0
74103,2024-06-23 23:42:31,0,3,0,0
60122,2024-06-23 23:50:22,0,1,0,0
49920,2024-06-24 00:38:02,1,8,0,0
603,2024-06-24 01:02:07,0,5,0,0
40289,2024-06-24 01:49:14,0,9,0,0
22147,2024-06-24 02:28:14,1,3,0,0
6185,2024-06-24 02:37:38,0,5,0,0
16025,2024-06-24 02:52:04,0,4,1,456
2960,2024-06-24 02:56:47,0,6,0,0
39150,2024-06-24 03:22:10,1,8,0,0
23290,2024-06-24 03:22:35,1,8,0,0
48082,2024-06-24 03:25:21,1,6,0,0
69448,2024-06-24 03:28:56,0,4,0,0
50487,2024-06-24 04:00:01,0,3,0,0
69687,2024-06-24 04:04:21,1,4,0,0
65620,2024-06-24 04:08:47,0,2,0,0
46754,2024-06-24 04:21:33,0,4,1,466
84524,2024-06-24 04:34:02,0,5,1,549
10475,2024-06-24 04:59:58,0,7,0,0
8731,2024-06-24 05:01:14,0,10,0,0
63697,2024-06-24 05:25:53,0,5,1,406
26290,2024-06-24 06:04:02,1,4,0,0
32090,2024-06-24 06:04:24,0,4,0,0
17869,2024-06-24 06:07:13,0,4,0,0
81957,2024-06-24 06:19:48,1,2,0,0
73091,2024-06-24 06:28:46,0,7,0,0
62699,2024-06-24 06:32:21,0,9,0,0
65202,2024-06-24 06:42:15,1,6,1,316
15891,2024-06-24 06:43:11,0,6,0,0
3330,2024-06-24 06:45:08,0,8,0,0
65998,2024-06-24 06:52:20,1,5,0,0
57127,2024-06-24 07:08:47,1,3,0,0
57740,2024-06-24 07:13:06,0,11,1,409
40611,2024-06-24 07:26:24,0,6,0,0
36913,2024-06-24 07:37:56,0,10,0,0
96562,2024-06-24 07:55:35,0,9,0,0
12525,2024-06-24 08:01:38,0,5,0,0
86645,2024-06-24 08:03:03,0,3,1,257
40516,2024-06-24 08:10:57,0,9,0,0
64307,2024-06-24 08:14:07,1,4,1,462
19452,2024-06-24 08:22:33,0,6,0,0
80502,2024-06-24 08:37:03,1,7,1,406
84270,2024-06-24 08:55:23,0,5,0,0
49920,2024-06-24 09:09:01,0,8,0,0
98088,2024-06-24 09:10:35,1,3,0,0
34750,2024-06-24 09:16:38,0,9,0,0
97637,2024-06-24 09:17:25,0,4,0,0
9776,2024-06-24 09:17:49,1,13,0,0
69934,2024-06-24 09:18:02,0,4,1,431
15212,2024-06-24 09:18:40,0,7,0,0
10475,2024-06-24 09:28:05,0,6,0,0
6659,2024-06-24 09:31:25,0,6,0,0
89958,2024-06-24 09:34:51,0,9,0,0
52703,2024-06-24 09:45:00,1,7,0,0
29314,2024-06-24 09:49:39,0,4,1,485
73204,2024-06-24 09:52:36,1,10,0,0
23304,2024-06-24 10:16:29,0,6,0,0
19420,2024-06-24 10:30:14,0,2,1,392
8648,2024-06-24 10:34:19,0,2,0,0
12529,2024-06-24 10:43:41,0,6,1,814
68801,2024-06-24 10:51:42,0,3,0,0
82303,2024-06-24 10:55:32,1,4,1,319
69377,2024-06-24 10:56:15,1,5,1,969
27966,2024-06-24 11:05:08,1,10,1,308
38790,2024-06-24 11:10:47,0,7,0,0
80616,2024-06-24 11:11:48,0,4,1,418
68953,2024-06-24 11:14:44,0,6,0,0
25203,2024-06-24 11:16:30,0,12,0,0
63518,2024-06-24 11:22:43,0,7,0,0
74701,2024-06-24 11:24:34,0,6,0,0
71740,2024-06-24 11:32:03,1,8,0,0
58380,2024-06-24 11:32:23,1,7,1,417
63029,2024-06-24 11:33:16,0,9,1,626
98088,2024-06-24 11:40:28,0,8,0,0
34436,2024-06-24 11:41:50,0,7,0,0
42017,2024-06-24 11:49:09,0,7,1,208
79503,2024-06-24 11:55:16,1,7,1,245
73493,2024-06-24 11:58:30,0,7,0,0
86965,2024-06-24 11:59:34,0,8,1,405
64831,2024-06-24 12:04:56,1,3,0,0
76004,2024-06-24 12:05:26,0,5,0,0
77283,2024-06-24 12:07:22,0,5,1,351
57436,2024-06-24 12:10:34,0,3,1,386
82135,2024-06-24 12:12:45,0,7,1,396
57398,2024-06-24 12:21:09,0,6,0,0
57795,2024-06-24 12:26:11,0,8,0,0
27342,2024-06-24 12:40:36,1,5,0,0
71895,2024-06-24 12:43:11,1,6,0,0
40211,2024-06-24 12:49:11,0,6,0,0
5487,2024-06-24 12:53:28,0,6,0,0
53843,2024-06-24 13:01:36,0,6,0,0
70337,2024-06-24 13:02:35,0,9,0,0
25568,2024-06-24 13:14:19,0,8,0,0
27982,2024-06-24 13:28:46,1,8,1,415
51139,2024-06-24 13:32:47,0,5,0,0
16235,2024-06-24 13:33:24,1,3,0,0
37557,2024-06-24 13:52:41,0,8,0,0
92284,2024-06-24 13:52:55,1,9,0,0
42241,2024-06-24 13:58:30,1,6,1,551
63980,2024-06-24 14:16:11,0,7,1,337
32090,2024-06-24 14:31:07,0,6,0,0
3341,2024-06-24 14:34:55,1,10,1,427
967,2024-06-24 14:35:50,0,7,1,382
12768,2024-06-24 15:04:27,1,4,1,636
81957,2024-06-24 15:14:01,0,6,0,0
1006,2024-06-24 15:26:33,0,5,1,522
84264,2024-06-24 15:27:27,1,7,0,0
90756,2024-06-24 15:27:52,1,6,0,0
38396,2024-06-24 15:29:51,0,6,0,0
77463,2024-06-24 15:36:55,0,9,0,0
71988,2024-06-24 15:57:44,0,6,0,0
94994,2024-06-24 16:01:03,1,9,0,0
3482,2024-06-24 16:08:20,0,8,0,0
88905,2024-06-24 16:11:31,0,7,1,274
65694,2024-06-24 16:12:53,0,1,1,244
81691,2024-06-24 16:18:46,0,4,0,0
50177,2024-06-24 16:23:58,0,6,1,428
8552,2024-06-24 16:33:33,0,1,0,0
68292,2024-06-24 16:42:13,0,10,1,480
11629,2024-06-24 16:44:57,0,4,1,483
70754,2024-06-24 16:47:36,0,5,0,0
3512,2024-06-24 16:47:52,1,6,0,0
35834,2024-06-24 17:07:39,0,8,0,0
8552,2024-06-24 17:08:49,0,7,1,353
79797,2024-06-24 17:12:44,1,10,1,517
67754,2024-06-24 17:14:10,1,4,0,0
54287,2024-06-24 17:18:55,0,5,0,0
99955,2024-06-24 17:33:30,1,4,0,0
65474,2024-06-24 17:37:22,1,5,1,370
48258,2024-06-24 17:39:01,0,7,1,344
31647,2024-06-24 17:39:44,1,5,1,348
88854,2024-06-24 17:39:57,0,6,1,295
93432,2024-06-24 17:51:55,0,6,0,0
81155,2024-06-24 18:02:52,0,5,1,387
31881,2024-06-24 18:04:59,0,5,1,362
19420,2024-06-24 18:10:36,1,6,1,747
67448,2024-06-24 18:15:23,0,10,1,332
33607,2024-06-24 18:16:24,0,8,0,0
64796,2024-06-24 18:18:40,0,5,0,0
56373,2024-06-24 18:31:31,1,6,0,0
46754,2024-06-24 18:43:15,0,2,0,0
40713,2024-06-24 19:07:38,1,5,1,632
20374,2024-06-24 19:09:18,1,2,0,0
44997,2024-06-24 19:13:43,1,7,1,403
78175,2024-06-24 19:18:30,0,6,1,466
49561,2024-06-24 19:23:34,1,7,0,0
68801,2024-06-24 19:24:00,0,7,1,340
19343,2024-06-24 19:28:01,0,11,1,420
18616,2024-06-24 19:30:15,1,3,1,363
9838,2024-06-24 19:30:17,0,6,1,458
91011,2024-06-24 19:34:07,1,11,0,0
23304,2024-06-24 19:38:46,0,4,0,0
8044,2024-06-24 19:38:58,0,7,1,544
12493,2024-06-24 19:41:12,0,8,0,0
41882,2024-06-24 19:44:04,0,9,0,0
54647,2024-06-24 20:03:51,1,3,0,0
66938,2024-06-24 20:09:41,0,7,1,372
20712,2024-06-24 20:10:04,0,5,0,0
40516,2024-06-24 20:21:23,0,5,1,773
39715,2024-06-24 20:32:43,0,6,0,0
19481,2024-06-24 20:37:57,0,3,0,0
17790,2024-06-24 20:46:08,0,9,0,0
48788,2024-06-24 20:49:18,0,3,0,0
21119,2024-06-24 20:52:08,0,6,1,462
63697,2024-06-24 20:53:31,0,8,1,355
94324,2024-06-24 20:56:01,1,4,1,389
64358,2024-06-24 20:59:29,0,5,1,277
3482,2024-06-24 21:01:20,0,7,0,0
59194,2024-06-24 21:03:38,1,3,1,576
41297,2024-06-24 21:22:51,1,7,1,278
9776,2024-06-24 21:29:55,1,6,0,0
70473,2024-06-24 21:30:52,0,10,0,0
70162,2024-06-24 21:36:44,0,1,0,0
34347,2024-06-24 21:40:56,0,3,0,0
6537,2024-06-24 21:41:25,0,9,0,0
85905,2024-06-24 22:06:25,1,6,0,0
58646,2024-06-24 22:15:55,1,9,0,0
62941,2024-06-24 22:39:25,0,6,0,0
34229,2024-06-24 22:41:05,0,7,1,465
490,2024-06-24 22:52:51,0,4,0,0
44367,2024-06-24 22:53:36,1,6,1,405
91652,2024-06-24 23:01:45,0,7,1,334
68670,2024-06-24 23:04:25,1,5,0,0
67539,2024-06-24 23:12:25,0,11,1,292
99351,2024-06-24 23:12:36,0,2,1,498
90194,2024-06-24 23:24:45,1,4,0,0
22005,2024-06-24 23:26:31,0,4,0,0
10166,2024-06-24 23:28:16,0,4,0,0
25661,2024-06-24 23:39:05,1,2,0,0
71740,2024-06-25 00:27:34,0,2,1,373
29370,2024-06-25 00:38:15,0,3,1,250
27966,2024-06-25 01:31:49,0,11,1,517
69934,2024-06-25 01:33:11,0,8,0,0
1088,2024-06-25 01:48:12,0,4,1,331
91017,2024-06-25 01:51:16,0,7,0,0
30423,2024-06-25 01:52:15,0,5,0,0
58694,2024-06-25 01:56:38,0,6,1,477
88982,2024-06-25 02:26:21,0,8,0,0
80926,2024-06-25 02:26:46,1,7,0,0
41702,2024-06-25 02:27:08,0,10,0,0
78810,2024-06-25 02:32:07,0,6,0,0
34440,2024-06-25 02:36:16,1,9,0,0
40862,2024-06-25 02:43:36,1,4,0,0
61082,2024-06-25 02:43:40,0,9,0,0
6659,2024-06-25 03:05:56,1,3,1,372
81578,2024-06-25 03:06:06,0,4,0,0
9153,2024-06-25 03:33:23,1,6,0,0
46700,2024-06-25 03:36:33,0,8,0,0
33038,2024-06-25 04:02:58,1,5,0,0
65899,2024-06-25 04:10:23,1,7,0,0
40862,2024-06-25 04:21:24,0,5,1,293
97081,2024-06-25 04:41:09,0,6,1,350
48026,2024-06-25 04:58:45,0,5,1,669
99352,2024-06-25 05:19:08,0,5,1,336
66415,2024-06-25 05:27:09,1,11,1,346
96343,2024-06-25 05:29:13,1,8,0,0
91260,2024-06-25 05:29:54,1,6,0,0
6584,2024-06-25 05:53:35,0,9,0,0
41324,2024-06-25 05:58:32,0,5,1,465
87908,2024-06-25 06:18:22,0,4,0,0
39581,2024-06-25 06:21:07,0,7,0,0
4663,2024-06-25 06:29:07,1,4,0,0
53947,2024-06-25 06:54:20,0,9,1,371
967,2024-06-25 07:02:06,0,4,0,0
1480,2024-06-25 07:09:50,0,7,1,495
43295,2024-06-25 07:42:34,0,9,0,0
40713,2024-06-25 07:51:18,0,2,1,389
24789,2024-06-25 07:51:31,0,7,0,0
490,2024-06-25 08:02:03,0,8,0,0
82016,2024-06-25 08:12:52,0,7,0,0
82478,2024-06-25 08:19:27,0,8,0,0
33151,2024-06-25 08:20:23,0,7,0,0
14333,2024-06-25 08:21:22,1,6,0,0
1088,2024-06-25 08:25:42,1,8,1,567
94900,2024-06-25 08:27:48,1,6,0,0
18290,2024-06-25 08:27:50,1,5,0,0
84567,2024-06-25 08:28:33,1,1,1,452
24996,2024-06-25 08:29:41,0,3,1,460
40713,2024-06-25 08:34:25,0,10,0,0
72313,2024-06-25 08:40:30,0,6,0,0
63509,2024-06-25 08:43:25,0,8,1,460
70963,2024-06-25 08:49:25,0,8,1,473
12768,2024-06-25 08:55:40,1,5,0,0
77392,2024-06-25 09:00:49,0,3,0,0
59718,2024-06-25 09:06:05,0,7,0,0
15135,2024-06-25 09:07:47,1,8,0,0
38750,2024-06-25 09:08:15,1,8,0,0
63697,2024-06-25 09:17:00,1,6,0,0
68467,2024-06-25 09:31:02,0,8,0,0
50470,2024-06-25 09:40:20,0,5,1,325
8097,2024-06-25 09:41:38,0,8,1,371
85654,2024-06-25 09:41:54,1,3,0,0
78746,2024-06-25 09:43:10,0,9,0,0
11409,2024-06-25 09:47:27,0,4,0,0
8305,2024-06-25 09:52:51,0,4,1,335
8648,2024-06-25 09:53:33,0,8,1,302
16235,2024-06-25 09:57:44,0,6,1,652
40619,2024-06-25 09:59:46,0,5,0,0
40611,2024-06-25 10:02:34,0,7,0,0
54959,2024-06-25 10:14:18,0,4,1,291
85631,2024-06-25 10:20:04,0,8,0,0
23840,2024-06-25 10:28:52,0,2,1,629
99352,2024-06-25 10:29:31,1,6,0,0
29213,2024-06-25 10:47:05,1,6,1,313
3327,2024-06-25 10:54:21,0,5,0,0
46846,2024-06-25 11:02:49,0,6,0,0
42017,2024-06-25 11:08:56,0,2,0,0
71247,2024-06-25 11:33:33,0,4,1,446
40767,2024-06-25 11:36:14,0,5,1,312
40516,2024-06-25 11:37:05,0,1,0,0
90346,2024-06-25 11:39:15,0,1,1,310
58694,2024-06-25 11:48:02,0,10,0,0
13799,2024-06-25 11:54:06,0,6,0,0
85911,2024-06-25 11:55:20,1,4,0,0
48201,2024-06-25 12:00:25,0,6,1,456
77283,2024-06-25 12:02:47,0,2,0,0
38614,2024-06-25 12:03:58,0,8,1,383
54104,2024-06-25 12:09:26,1,3,0,0
16066,2024-06-25 12:21:28,1,5,1,671
18011,2024-06-25 12:24:48,0,10,1,484
27770,2024-06-25 12:31:39,0,3,1,332
81499,2024-06-25 12:41:45,1,8,0,0
35414,2024-06-25 12:45:40,0,4,0,0
74176,2024-06-25 12:46:08,0,3,0,0
50576,2024-06-25 12:58:47,1,6,0,0
35263,2024-06-25 13:01:35,0,8,0,0
64516,2024-06-25 13:04:15,1,5,0,0
91260,2024-06-25 13:05:09,1,4,0,0
62938,2024-06-25 13:10:24,0,2,0,0
7756,2024-06-25 13:16:16,0,6,0,0
90381,2024-06-25 13:21:06,0,9,0,0
88066,2024-06-25 13:23:03,0,11,0,0
33533,2024-06-25 13:25:59,0,7,0,0
48633,2024-06-25 13:28:02,0,10,1,559
50821,2024-06-25 13:34:34,0,9,0,0
37393,2024-06-25 13:35:00,1,3,0,0
25788,2024-06-25 13:43:08,0,6,0,0
72842,2024-06-25 13:43:56,1,3,0,0
73633,2024-06-25 13:49:21,0,5,1,363
77029,2024-06-25 13:55:15,1,7,1,400
94228,2024-06-25 14:04:34,1,2,0,0
24996,2024-06-25 14:05:44,0,6,0,0
75061,2024-06-25 14:06:47,1,6,0,0
85564,2024-06-25 14:13:14,0,5,0,0
10169,2024-06-25 14:19:27,1,6,1,229
45027,2024-06-25 14:25:11,0,3,1,466
24818,2024-06-25 14:37:02,1,3,1,517
83321,2024-06-25 14:40:29,0,7,0,0
58547,2024-06-25 14:40:55,0,5,0,0
20778,2024-06-25 14:47:41,0,6,1,459
18738,2024-06-25 14:55:32,0,1,1,357
86965,2024-06-25 15:00:33,0,9,0,0
73252,2024-06-25 15:18:08,0,3,1,313
36484,2024-06-25 15:40:45,0,5,1,362
30770,2024-06-25 15:44:41,0,5,0,0
66571,2024-06-25 16:01:05,0,3,0,0
41882,2024-06-25 16:08:14,0,4,0,0
65998,2024-06-25 16:12:01,1,5,0,0
36311,2024-06-25 16:20:03,0,6,0,0
84524,2024-06-25 16:24:09,0,7,0,0
32225,2024-06-25 16:25:59,0,7,1,469
17378,2024-06-25 16:28:07,0,8,0,0
57128,2024-06-25 16:34:04,0,8,1,306
60503,2024-06-25 16:40:38,0,9,0,0
9429,2024-06-25 16:44:11,1,5,0,0
78280,2024-06-25 16:52:58,0,8,0,0
68453,2024-06-25 16:54:02,0,6,1,735
33308,2024-06-25 16:54:40,0,6,0,0
12455,2024-06-25 17:00:58,0,10,0,0
42887,2024-06-25 17:03:21,0,8,0,0
81940,2024-06-25 17:13:49,1,8,0,0
78442,2024-06-25 17:15:41,1,5,0,0
34976,2024-06-25 17:16:34,0,5,0,0
99955,2024-06-25 17:25:23,0,10,1,349
97939,2024-06-25 17:30:54,0,9,1,301
26112,2024-06-25 17:37:17,0,2,1,175
85234,2024-06-25 17:38:12,0,7,1,666
85756,2024-06-25 17:39:37,0,7,1,817
18521,2024-06-25 17:42:59,0,5,0,0
63140,2024-06-25 17:45:06,0,2,0,0
16025,2024-06-25 17:56:16,0,5,1,648
31120,2024-06-25 18:13:04,0,6,0,0
66571,2024-06-25 18:13:22,0,6,1,340
60167,2024-06-25 18:15:08,1,3,0,0
81398,2024-06-25 18:15:19,0,7,0,0
33955,2024-06-25 18:40:40,0,7,0,0
91260,2024-06-25 18:45:09,0,5,0,0
65475,2024-06-25 18:46:46,0,4,0,0
1379,2024-06-25 18:53:03,0,5,0,0
2818,2024-06-25 19:03:33,1,8,1,405
42662,2024-06-25 19:04:02,0,5,0,0
8520,2024-06-25 19:07:25,1,3,1,386
68670,2024-06-25 19:12:20,0,10,0,0
25048,2024-06-25 19:25:46,1,6,1,312
13325,2024-06-25 19:26:34,0,7,0,0
19012,2024-06-25 19:29:20,0,7,1,280
57824,2024-06-25 19:33:37,0,2,0,0
51547,2024-06-25 19:36:15,0,6,0,0
91465,2024-06-25 19:45:08,0,6,0,0
73252,2024-06-25 19:50:25,0,7,1,370
68801,2024-06-25 19:57:35,0,5,0,0
40516,2024-06-25 19:57:45,0,8,1,558
63029,2024-06-25 19:57:47,1,4,1,420
12525,2024-06-25 19:59:31,0,8,0,0
42887,2024-06-25 20:05:04,1,5,0,0
3330,2024-06-25 20:06:42,1,3,1,502
4149,2024-06-25 20:07:55,0,7,0,0
18521,2024-06-25 20:16:22,1,1,0,0
31361,2024-06-25 20:26:05,1,6,0,0
85339,2024-06-25 20:26:31,0,3,0,0
79532,2024-06-25 20:38:06,1,2,0,0
73793,2024-06-25 20:58:22,1,6,1,652
66938,2024-06-25 21:08:37,0,7,0,0
43397,2024-06-25 21:12:04,0,8,1,303
29370,2024-06-25 21:22:32,0,7,0,0
69773,2024-06-25 21:37:20,0,9,0,0
5343,2024-06-25 21:38:20,1,8,0,0
8903,2024-06-25 21:51:20,0,3,1,424
1439,2024-06-25 21:54:22,1,5,1,209
43010,2024-06-25 21:56:56,1,11,0,0
70346,2024-06-25 22:16:54,0,9,0,0
68467,2024-06-25 22:25:00,0,4,0,0
7018,2024-06-25 22:27:01,0,9,0,0
20562,2024-06-25 22:43:07,0,5,0,0
83556,2024-06-25 22:43:35,0,4,1,301
62820,2024-06-25 22:56:41,0,5,0,0
37445,2024-06-25 23:02:03,0,5,0,0
25568,2024-06-25 23:15:48,1,10,0,0
84517,2024-06-25 23:25:22,0,7,0,0
13363,2024-06-25 23:35:33,1,3,1,344
30994,2024-06-25 23:36:55,0,9,0,0
85631,2024-06-25 23:44:20,0,5,0,0
38885,2024-06-25 23:45:17,0,4,0,0
41287,2024-06-25 23:58:22,0,7,0,0
70236,2024-06-26 00:23:23,1,7,1,512
78037,2024-06-26 00:25:09,0,3,1,334
92450,2024-06-26 00:42:38,0,3,0,0
99401,2024-06-26 00:46:46,0,4,0,0
36560,2024-06-26 00:49:13,0,6,1,476
84211,2024-06-26 00:56:53,1,3,0,0
11053,2024-06-26 00:59:14,0,4,0,0
6439,2024-06-26 01:03:47,1,7,0,0
29589,2024-06-26 01:06:44,0,1,0,0
81155,2024-06-26 01:34:26,1,4,1,467
52613,2024-06-26 01:35:13,0,9,0,0
41702,2024-06-26 01:36:19,0,4,0,0
5473,2024-06-26 01:46:58,0,7,0,0
18439,2024-06-26 01:59:10,1,5,0,0
24373,2024-06-26 02:19:01,0,4,1,569
45750,2024-06-26 02:49:02,1,4,1,369
67852,2024-06-26 02:53:04,0,6,0,0
47777,2024-06-26 03:02:04,0,3,0,0
20742,2024-06-26 03:03:59,1,5,1,281
59037,2024-06-26 03:50:36,0,6,0,0
21811,2024-06-26 03:52:13,1,3,1,472
61883,2024-06-26 03:53:41,0,8,0,0
30770,2024-06-26 03:53:49,0,7,1,762
9613,2024-06-26 03:56:44,1,4,1,362
40470,2024-06-26 04:12:52,1,9,0,0
44143,2024-06-26 04:13:08,1,5,0,0
78472,2024-06-26 04:46:08,1,6,0,0
73452,2024-06-26 04:58:38,1,4,0,0
36572,2024-06-26 04:58:55,0,3,0,0
85960,2024-06-26 06:26:45,1,8,1,455
40611,2024-06-26 06:33:42,0,2,0,0
46700,2024-06-26 07:36:56,0,7,0,0
48988,2024-06-26 07:49:10,0,6,0,0
18481,2024-06-26 07:50:08,0,5,0,0
68462,2024-06-26 07:56:25,0,9,0,0
10995,2024-06-26 07:57:25,0,11,0,0
60051,2024-06-26 07:58:44,1,6,0,0
53915,2024-06-26 07:59:06,0,3,0,0
47830,2024-06-26 08:00:29,1,10,0,0
84600,2024-06-26 08:02:15,0,6,0,0
97169,2024-06-26 08:17:01,0,1,0,0
68871,2024-06-26 08:39:25,1,4,0,0
96221,2024-06-26 08:41:00,1,11,0,0
80616,2024-06-26 08:51:38,0,2,0,0
81579,2024-06-26 08:54:05,0,5,0,0
40689,2024-06-26 09:02:48,0,13,1,266
72313,2024-06-26 09:06:24,0,5,0,0
52012,2024-06-26 09:06:41,1,5,0,0
75718,2024-06-26 09:08:31,0,5,0,0
17675,2024-06-26 09:25:47,0,2,1,304
72134,2024-06-26 09:31:02,0,4,0,0
75311,2024-06-26 09:48:30,0,5,1,611
1963,2024-06-26 09:48:59,0,8,0,0
40611,2024-06-26 09:58:15,0,4,0,0
54083,2024-06-26 10:01:05,0,2,1,416
58646,2024-06-26 10:07:15,0,8,0,0
4663,2024-06-26 10:07:42,0,4,0,0
68643,2024-06-26 10:08:34,1,5,0,0
79503,2024-06-26 10:11:05,0,1,0,0
70466,2024-06-26 10:15:33,0,8,1,458
24164,2024-06-26 10:20:09,1,1,0,0
89007,2024-06-26 10:22:47,0,5,0,0
10395,2024-06-26 10:25:17,0,5,0,0
33385,2024-06-26 10:25:46,0,2,1,552
77968,2024-06-26 10:35:38,0,7,0,0
73452,2024-06-26 10:39:07,0,6,0,0
27422,2024-06-26 10:45:41,1,7,0,0
49593,2024-06-26 11:05:48,0,5,1,302
26501,2024-06-26 11:13:32,0,4,1,391
82135,2024-06-26 11:29:06,1,3,0,0
24531,2024-06-26 11:43:15,0,5,0,0
49379,2024-06-26 11:45:32,0,4,0,0
65362,2024-06-26 11:45:35,0,13,1,246
28212,2024-06-26 11:59:39,1,3,0,0
7298,2024-06-26 11:59:44,1,4,0,0
16725,2024-06-26 12:19:25,0,6,0,0
26501,2024-06-26 12:31:22,0,6,0,0
68698,2024-06-26 12:51:24,0,6,0,0
20947,2024-06-26 13:17:51,0,7,1,479
30700,2024-06-26 13:24:00,0,5,0,0
85654,2024-06-26 13:38:01,1,4,1,532
33308,2024-06-26 13:55:53,1,6,0,0
8731,2024-06-26 14:05:20,0,4,1,491
40240,2024-06-26 14:10:16,0,4,1,514
98314,2024-06-26 14:15:15,0,6,1,514
76455,2024-06-26 14:15:27,1,4,0,0
72134,2024-06-26 14:17:10,0,4,0,0
14295,2024-06-26 14:27:02,0,8,0,0
41237,2024-06-26 14:29:29,0,2,0,0
11053,2024-06-26 14:31:52,0,7,0,0
37869,2024-06-26 14:32:10,1,2,0,0
35872,2024-06-26 14:32:31,0,8,1,665
92698,2024-06-26 14:38:52,0,6,1,340
85631,2024-06-26 14:41:25,0,7,1,686
91235,2024-06-26 14:42:34,1,5,1,476
19343,2024-06-26 14:48:42,0,4,0,0
47594,2024-06-26 14:52:15,0,6,1,429
77968,2024-06-26 15:00:03,0,5,0,0
80203,2024-06-26 15:08:00,1,10,0,0
98586,2024-06-26 15:11:06,0,6,1,223
66830,2024-06-26 15:16:52,0,10,1,296
17869,2024-06-26 15:21:06,0,6,0,0
97637,2024-06-26 15:21:49,1,7,0,0
5126,2024-06-26 15:24:59,0,5,0,0
81691,2024-06-26 15:27:34,1,5,0,0
38246,2024-06-26 15:28:57,1,8,0,0
58547,2024-06-26 15:28:57,0,14,0,0
91642,2024-06-26 15:29:37,0,4,0,0
9153,2024-06-26 15:31:20,1,11,1,513
78677,2024-06-26 15:33:49,0,7,1,231
9153,2024-06-26 15:38:06,0,7,0,0
54347,2024-06-26 15:39:53,0,7,0,0
38173,2024-06-26 15:41:12,0,4,0,0
62938,2024-06-26 15:58:56,1,2,1,485
40622,2024-06-26 16:04:37,0,5,0,0
38750,2024-06-26 16:20:37,0,7,1,272
5032,2024-06-26 16:22:00,0,9,0,0
95682,2024-06-26 16:22:18,0,7,0,0
50177,2024-06-26 16:22:30,1,4,1,453
31706,2024-06-26 16:23:36,0,10,0,0
8415,2024-06-26 16:34:52,0,7,0,0
91723,2024-06-26 16:40:21,0,5,0,0
67253,2024-06-26 16:46:32,1,8,0,0
55652,2024-06-26 16:48:09,0,7,1,331
13849,2024-06-26 16:49:41,0,5,0,0
3815,2024-06-26 16:56:49,1,4,1,394
68415,2024-06-26 16:57:25,1,5,0,0
61325,2024-06-26 17:00:16,0,4,0,0
26879,2024-06-26 17:12:25,0,10,0,0
967,2024-06-26 17:12:48,0,9,0,0
84264,2024-06-26 17:13:50,0,4,0,0
99955,2024-06-26 17:13:50,0,2,0,0
90838,2024-06-26 17:18:46,0,7,0,0
19256,2024-06-26 17:18:50,0,5,0,0
67448,2024-06-26 17:22:26,0,5,0,0
83074,2024-06-26 17:22:47,0,5,1,375
58694,2024-06-26 17:23:56,0,1,0,0
71779,2024-06-26 17:34:30,0,5,1,332
38246,2024-06-26 17:39:14,1,5,1,410
96875,2024-06-26 17:39:49,0,5,1,444
86940,2024-06-26 17:40:27,1,9,1,237
74699,2024-06-26 17:40:58,1,4,0,0
51901,2024-06-26 17:58:45,1,6,1,347
85042,2024-06-26 18:08:53,0,7,0,0
66938,2024-06-26 18:10:40,1,7,1,368
24996,2024-06-26 18:10:59,0,3,0,0
64011,2024-06-26 18:12:35,0,7,1,1041
14921,2024-06-26 18:13:35,1,7,0,0
85234,2024-06-26 18:14:01,0,9,0,0
84270,2024-06-26 18:14:02,0,7,1,377
79093,2024-06-26 18:21:15,0,7,0,0
81179,2024-06-26 18:30:20,0,7,0,0
19157,2024-06-26 18:36:51,1,7,0,0
83074,2024-06-26 18:38:26,1,9,0,0
30223,2024-06-26 18:47:14,0,2,0,0
57186,2024-06-26 18:47:45,0,4,1,232
11235,2024-06-26 18:48:35,1,7,0,0
94611,2024-06-26 18:53:30,0,7,0,0
24164,2024-06-26 19:04:19,1,3,1,343
70490,2024-06-26 19:06:33,1,8,0,0
91327,2024-06-26 19:16:38,0,4,0,0
91229,2024-06-26 19:17:33,0,4,0,0
22066,2024-06-26 19:30:30,0,7,0,0
98626,2024-06-26 19:40:32,0,4,0,0
98019,2024-06-26 19:46:44,1,6,0,0
38744,2024-06-26 20:01:42,1,6,0,0
41810,2024-06-26 20:02:44,1,7,0,0
84600,2024-06-26 20:06:53,0,9,1,632
45070,2024-06-26 20:11:16,0,7,0,0
94994,2024-06-26 20:13:28,1,3,1,637
65362,2024-06-26 20:24:27,1,7,0,0
76706,2024-06-26 20:36:19,0,2,1,296
65536,2024-06-26 20:42:56,0,8,0,0
66262,2024-06-26 20:51:09,0,4,0,0
24921,2024-06-26 21:01:21,0,5,0,0
94228,2024-06-26 21:02:25,1,10,0,0
97637,2024-06-26 21:05:46,0,7,1,315
92491,2024-06-26 21:07:47,1,4,0,0
57128,2024-06-26 21:08:07,0,13,0,0
12768,2024-06-26 21:09:14,0,7,0,0
78870,2024-06-26 21:09:22,1,2,1,447
9821,2024-06-26 21:28:20,1,9,0,0
48788,2024-06-26 21:32:28,0,7,0,0
85756,2024-06-26 21:34:03,0,8,0,0
46841,2024-06-26 21:41:28,0,8,0,0
34006,2024-06-26 21:42:48,1,5,0,0
40470,2024-06-26 21:52:50,0,1,1,291
63029,2024-06-26 21:56:51,1,6,0,0
65090,2024-06-26 22:19:16,0,7,0,0
9387,2024-06-26 22:20:08,0,3,0,0
74699,2024-06-26 22:24:13,0,1,1,194
33319,2024-06-26 22:27:45,0,7,0,0
90838,2024-06-26 22:28:37,0,3,0,0
88610,2024-06-26 22:58:07,1,7,0,0
52613,2024-06-26 23:00:44,0,6,1,508
90049,2024-06-26 23:06:58,1,4,0,0
68670,2024-06-26 23:09:03,0,5,1,370
65308,2024-06-26 23:18:25,0,2,0,0
38744,2024-06-26 23:22:27,0,4,0,0
30994,2024-06-26 23:32:54,0,10,1,716
33151,2024-06-26 23:40:46,0,2,0,0
40622,2024-06-26 23:40:51,0,4,0,0
64831,2024-06-26 23:43:58,0,5,0,0
82303,2024-06-26 23:56:27,1,3,0,0
98019,2024-06-27 00:01:12,0,6,0,0
40804,2024-06-27 00:20:51,0,7,0,0
33308,2024-06-27 00:41:39,0,3,0,0
89286,2024-06-27 01:02:45,0,8,1,198
9143,2024-06-27 01:18:34,0,6,0,0
6638,2024-06-27 01:24:43,0,5,0,0
5032,2024-06-27 01:34:54,0,5,0,0
33319,2024-06-27 01:48:15,0,5,0,0
57824,2024-06-27 01:54:26,1,7,1,288
81499,2024-06-27 02:41:48,0,7,0,0
87826,2024-06-27 02:44:00,0,7,1,227
81691,2024-06-27 03:03:20,1,10,0,0
92906,2024-06-27 03:05:10,0,9,1,315
28778,2024-06-27 03:10:08,1,7,1,379
64220,2024-06-27 03:29:58,1,4,1,616
24921,2024-06-27 03:43:48,1,2,1,602
77532,2024-06-27 03:45:28,0,10,0,0
81691,2024-06-27 03:51:17,0,13,0,0
69206,2024-06-27 04:07:44,0,7,0,0
68292,2024-06-27 04:10:10,1,8,1,611
13398,2024-06-27 04:16:07,0,4,1,265
25661,2024-06-27 04:37:28,1,3,0,0
52082,2024-06-27 04:58:48,0,6,0,0
96875,2024-06-27 05:14:33,0,2,0,0
42063,2024-06-27 05:55:15,0,5,0,0
86645,2024-06-27 06:04:01,1,2,0,0
90346,2024-06-27 06:29:52,0,2,1,413
13840,2024-06-27 06:34:05,0,6,0,0
42603,2024-06-27 06:35:13,1,3,0,0
99337,2024-06-27 06:35:27,1,6,0,0
88610,2024-06-27 06:39:13,0,4,1,415
29305,2024-06-27 06:39:35,0,5,0,0
34382,2024-06-27 06:43:04,0,6,0,0
78677,2024-06-27 06:45:22,0,4,1,299
94619,2024-06-27 06:48:35,0,2,0,0
1010,2024-06-27 06:52:02,0,3,0,0
75311,2024-06-27 06:52:59,0,4,0,0
92548,2024-06-27 06:54:40,0,6,0,0
11053,2024-06-27 06:57:40,0,4,0,0
53843,2024-06-27 07:25:21,0,5,1,346
96562,2024-06-27 07:29:14,0,3,1,283
73252,2024-06-27 07:31:18,0,8,0,0
1068,2024-06-27 07:39:35,1,5,1,663
87124,2024-06-27 07:41:51,0,9,1,448
72446,2024-06-27 07:48:21,0,7,1,524
62699,2024-06-27 07:49:05,0,5,0,0
34197,2024-06-27 07:49:52,0,8,0,0
55539,2024-06-27 07:55:29,0,8,0,0
90049,2024-06-27 08:03:50,1,8,0,0
69737,2024-06-27 08:12:33,0,6,1,622
11031,2024-06-27 08:15:30,1,7,0,0
33718,2024-06-27 08:19:55,0,5,0,0
98019,2024-06-27 08:20:16,1,7,0,0
21365,2024-06-27 08:20:37,0,4,0,0
65308,2024-06-27 08:30:42,0,5,1,344
91229,2024-06-27 08:32:48,0,9,1,319
18650,2024-06-27 08:38:04,0,7,1,327
92906,2024-06-27 08:38:33,0,6,0,0
59106,2024-06-27 08:41:27,0,3,0,0
2960,2024-06-27 08:47:53,1,5,0,0
3330,2024-06-27 08:58:13,1,9,1,407
61176,2024-06-27 08:58:43,0,6,0,0
96562,2024-06-27 08:58:55,1,9,0,0
46700,2024-06-27 09:00:27,1,6,0,0
69773,2024-06-27 09:01:16,1,7,0,0
92491,2024-06-27 09:06:31,0,7,0,0
78286,2024-06-27 09:14:47,1,7,0,0
50487,2024-06-27 09:22:14,1,10,1,462
5949,2024-06-27 09:33:53,0,5,0,0
78472,2024-06-27 09:41:12,1,11,0,0
55376,2024-06-27 09:46:12,0,1,1,388
34750,2024-06-27 09:47:45,0,5,0,0
21644,2024-06-27 09:48:27,0,6,0,0
12442,2024-06-27 09:49:51,1,4,0,0
76720,2024-06-27 10:00:28,0,5,1,345
11489,2024-06-27 10:12:23,0,7,0,0
1439,2024-06-27 10:16:29,0,6,1,369
9838,2024-06-27 10:17:50,0,6,1,508
78870,2024-06-27 10:21:36,0,7,0,0
79943,2024-06-27 10:24:22,0,4,1,889
8552,2024-06-27 10:32:43,0,3,0,0
37557,2024-06-27 10:33:23,0,8,1,314
75454,2024-06-27 10:38:58,0,13,0,0
30956,2024-06-27 10:47:27,0,5,0,0
42063,2024-06-27 10:49:24,1,3,1,536
53885,2024-06-27 10:58:04,1,4,0,0
5389,2024-06-27 11:13:08,0,6,0,0
91465,2024-06-27 11:19:22,0,4,0,0
53253,2024-06-27 11:25:20,0,6,0,0
18247,2024-06-27 11:32:11,0,5,1,419
11776,2024-06-27 11:33:02,0,7,0,0
61056,2024-06-27 11:34:58,1,5,0,0
85042,2024-06-27 11:41:40,0,4,1,351
53215,2024-06-27 11:47:01,0,3,0,0
87145,2024-06-27 11:50:46,1,10,0,0
18952,2024-06-27 12:01:10,0,5,1,273
20374,2024-06-27 12:01:37,0,4,1,297
32755,2024-06-27 12:12:00,0,12,1,520
96343,2024-06-27 12:26:58,0,6,0,0
91465,2024-06-27 12:28:31,1,6,0,0
89345,2024-06-27 12:31:06,0,6,0,0
36572,2024-06-27 12:44:49,0,6,0,0
54287,2024-06-27 12:48:29,0,7,1,540
44532,2024-06-27 13:02:12,0,5,0,0
88574,2024-06-27 13:06:23,0,9,0,0
51481,2024-06-27 13:06:48,0,3,0,0
13478,2024-06-27 13:17:11,1,7,1,331
603,2024-06-27 13:22:37,1,5,1,432
4019,2024-06-27 13:25:02,0,4,1,437
24531,2024-06-27 13:31:24,0,4,0,0
65998,2024-06-27 13:34:04,0,9,1,256
85827,2024-06-27 13:35:07,1,10,0,0
38695,2024-06-27 13:42:13,0,2,0,0
77869,2024-06-27 13:44:37,0,9,1,629
57197,2024-06-27 13:49:32,0,5,0,0
5986,2024-06-27 13:57:57,1,4,0,0
67253,2024-06-27 14:09:12,0,5,1,212
60689,2024-06-27 14:19:58,0,2,0,0
42402,2024-06-27 14:23:39,1,8,1,330
48025,2024-06-27 14:29:10,0,8,1,364
74103,2024-06-27 14:37:09,1,4,0,0
30425,2024-06-27 14:39:35,0,6,1,511
26501,2024-06-27 14:43:25,0,3,0,0
9613,2024-06-27 14:57:38,1,11,1,368
98314,2024-06-27 14:58:01,0,7,1,512
14436,2024-06-27 14:59:03,0,5,0,0
30932,2024-06-27 15:08:15,0,4,0,0
67998,2024-06-27 15:13:36,0,13,0,0
49920,2024-06-27 15:14:17,0,4,0,0
17839,2024-06-27 15:15:04,0,4,1,353
50092,2024-06-27 15:20:34,1,11,0,0
41297,2024-06-27 15:24:27,0,7,0,0
67448,2024-06-27 15:25:28,0,7,0,0
43295,2024-06-27 15:26:36,1,5,0,0
20987,2024-06-27 15:35:17,0,6,0,0
48421,2024-06-27 15:38:07,0,4,0,0
30223,2024-06-27 15:40:12,0,5,0,0
41882,2024-06-27 15:47:52,1,11,0,0
96875,2024-06-27 15:55:19,0,4,1,265
53215,2024-06-27 16:02:36,0,8,0,0
18290,2024-06-27 16:06:42,0,8,0,0
88982,2024-06-27 16:08:02,0,6,1,902
48082,2024-06-27 16:08:45,0,7,1,405
41237,2024-06-27 16:10:19,0,4,0,0
30679,2024-06-27 16:32:53,0,6,1,382
40564,2024-06-27 16:40:01,0,2,0,0
11406,2024-06-27 16:41:10,0,12,1,464
55652,2024-06-27 16:45:16,1,2,0,0
10395,2024-06-27 16:49:09,0,4,0,0
34236,2024-06-27 16:50:13,1,6,0,0
56373,2024-06-27 17:11:54,1,7,0,0
13187,2024-06-27 17:12:00,1,6,0,0
10395,2024-06-27 17:14:25,0,5,0,0
21714,2024-06-27 17:16:23,0,11,1,388
9968,2024-06-27 17:22:48,0,7,0,0
4990,2024-06-27 17:28:19,1,7,0,0
43097,2024-06-27 17:30:53,1,7,0,0
99337,2024-06-27 17:34:04,0,8,0,0
52001,2024-06-27 17:36:47,1,13,1,372
71546,2024-06-27 17:49:16,0,9,0,0
88574,2024-06-27 17:49:28,0,9,0,0
91260,2024-06-27 17:57:46,0,5,1,422
23863,2024-06-27 18:02:53,0,8,1,591
28117,2024-06-27 18:04:16,1,4,0,0
48082,2024-06-27 18:14:28,1,9,1,341
4759,2024-06-27 18:17:40,0,7,0,0
72313,2024-06-27 18:18:57,1,5,1,838
80235,2024-06-27 18:26:13,1,8,1,370
12125,2024-06-27 18:32:08,0,6,0,0
60051,2024-06-27 18:34:35,0,6,0,0
29831,2024-06-27 18:45:33,1,5,0,0
82303,2024-06-27 18:46:58,0,7,1,375
88652,2024-06-27 18:49:50,0,6,0,0
55558,2024-06-27 18:53:57,0,7,1,991
9968,2024-06-27 18:56:51,0,6,0,0
6185,2024-06-27 18:57:53,1,8,1,508
81358,2024-06-27 19:01:18,1,10,0,0
47127,2024-06-27 19:02:09,1,5,0,0
91510,2024-06-27 19:06:08,0,6,1,389
94006,2024-06-27 19:18:16,0,7,1,372
52082,2024-06-27 19:20:29,0,9,1,786
91652,2024-06-27 19:21:33,1,9,0,0
9821,2024-06-27 19:28:53,0,7,0,0
54414,2024-06-27 19:30:00,1,7,0,0
42402,2024-06-27 19:47:50,0,9,0,0
48082,2024-06-27 19:53:10,0,8,0,0
40470,2024-06-27 20:01:57,1,7,0,0
35263,2024-06-27 20:11:56,1,7,0,0
40470,2024-06-27 20:12:14,0,2,0,0
19023,2024-06-27 20:13:14,1,7,0,0
79794,2024-06-27 20:16:32,1,7,0,0
4663,2024-06-27 20:26:21,1,8,0,0
53527,2024-06-27 20:33:12,1,4,1,638
31120,2024-06-27 20:35:29,0,5,1,331
18247,2024-06-27 20:52:46,1,4,1,395
2962,2024-06-27 20:55:27,0,7,0,0
88066,2024-06-27 20:59:15,0,4,0,0
96335,2024-06-27 21:06:31,1,6,0,0
73974,2024-06-27 21:07:43,1,4,0,0
72313,2024-06-27 21:13:21,0,2,0,0
5487,2024-06-27 21:13:40,1,8,0,0
61540,2024-06-27 21:15:25,0,5,1,817
70162,2024-06-27 21:20:53,1,5,0,0
70219,2024-06-27 21:25:46,1,12,0,0
9584,2024-06-27 21:26:37,1,6,0,0
91260,2024-06-27 21:31:31,1,11,0,0
17839,2024-06-27 21:31:58,0,7,1,415
21714,2024-06-27 21:38:08,1,7,0,0
10169,2024-06-27 21:44:34,0,10,0,0
66056,2024-06-27 21:50:27,0,5,0,0
71093,2024-06-27 22:03:06,1,10,0,0
13229,2024-06-27 22:05:39,1,8,0,0
68953,2024-06-27 22:06:05,0,6,0,0
32225,2024-06-27 22:11:41,0,3,1,477
16425,2024-06-27 22:13:21,1,5,0,0
66056,2024-06-27 22:15:01,0,6,0,0
4599,2024-06-27 22:20:08,1,6,0,0
55806,2024-06-27 22:25:19,1,5,0,0
54158,2024-06-27 22:26:38,1,5,0,0
54643,2024-06-27 22:28:49,0,6,0,0
9838,2024-06-27 22:43:54,0,9,0,0
34131,2024-06-27 22:47:45,1,3,0,0
89604,2024-06-27 22:55:00,0,3,1,439
967,2024-06-27 23:07:43,0,7,1,432
60166,2024-06-27 23:10:25,0,7,0,0
6185,2024-06-27 23:13:39,0,8,0,0
87826,2024-06-27 23:20:09,1,7,1,371
9387,2024-06-27 23:29:26,0,3,0,0
35836,2024-06-27 23:30:26,1,4,0,0
47830,2024-06-27 23:31:21,0,5,0,0
87745,2024-06-27 23:38:36,0,12,0,0
96973,2024-06-27 23:40:07,0,4,1,488
90790,2024-06-27 23:42:05,1,6,0,0
24722,2024-06-27 23:50:07,1,4,1,604
63133,2024-06-27 23:51:05,0,6,1,430
1313,2024-06-27 23:52:34,0,6,1,358
69428,2024-06-27 23:58:02,1,8,1,613
30423,2024-06-28 00:04:40,0,7,0,0
13187,2024-06-28 00:32:25,0,3,0,0
67781,2024-06-28 00:42:31,1,7,1,351
69377,2024-06-28 00:47:19,1,5,0,0
89958,2024-06-28 01:10:58,0,8,1,508
94619,2024-06-28 01:19:12,1,4,0,0
64987,2024-06-28 01:20:01,1,5,0,0
22231,2024-06-28 01:25:43,1,2,0,0
95235,2024-06-28 01:27:57,0,6,0,0
8903,2024-06-28 01:30:19,0,3,0,0
85911,2024-06-28 01:38:53,0,5,1,337
48082,2024-06-28 01:54:07,0,10,0,0
97637,2024-06-28 01:56:55,0,3,1,412
616,2024-06-28 02:04:58,0,5,0,0
79545,2024-06-28 02:23:42,0,2,0,0
37122,2024-06-28 02:27:00,0,5,0,0
91723,2024-06-28 02:48:37,0,2,0,0
90696,2024-06-28 02:52:57,0,4,0,0
84604,2024-06-28 03:02:48,0,6,0,0
94379,2024-06-28 03:08:50,0,5,0,0
40516,2024-06-28 03:14:13,1,9,0,0
72100,2024-06-28 03:26:58,0,5,1,277
53595,2024-06-28 03:58:41,0,4,0,0
80926,2024-06-28 05:09:47,0,7,1,459
9975,2024-06-28 05:29:21,1,5,0,0
69156,2024-06-28 05:36:54,0,11,0,0
24531,2024-06-28 05:54:30,0,4,0,0
64220,2024-06-28 06:20:03,0,6,0,0
22157,2024-06-28 06:25:28,0,4,0,0
55652,2024-06-28 06:35:13,0,6,0,0
85654,2024-06-28 06:50:56,0,6,0,0
5487,2024-06-28 06:54:39,0,7,0,0
1439,2024-06-28 07:40:23,0,8,1,266
40767,2024-06-28 07:44:15,1,5,0,0
59152,2024-06-28 07:48:31,0,8,0,0
19648,2024-06-28 08:09:04,0,4,1,315
24789,2024-06-28 08:10:25,1,6,1,309
33151,2024-06-28 08:12:10,0,7,0,0
51481,2024-06-28 08:23:54,0,6,0,0
63852,2024-06-28 08:41:58,0,7,0,0
83321,2024-06-28 08:42:19,0,7,0,0
45703,2024-06-28 08:51:13,1,2,0,0
49593,2024-06-28 08:52:10,0,7,1,289
2247,2024-06-28 08:55:18,1,9,0,0
80058,2024-06-28 08:58:30,1,6,0,0
14971,2024-06-28 08:59:09,0,0,0,0
90049,2024-06-28 09:02:04,1,4,0,0
48025,2024-06-28 09:10:00,0,2,1,545
78810,2024-06-28 09:10:02,1,5,0,0
37445,2024-06-28 09:19:33,0,6,1,343
82135,2024-06-28 09:20:13,0,9,0,0
30932,2024-06-28 09:22:57,0,8,1,564
40470,2024-06-28 09:26:13,0,6,0,0
57333,2024-06-28 09:27:56,0,10,0,0
63003,2024-06-28 09:30:00,0,6,1,483
90049,2024-06-28 09:33:37,0,6,0,0
89286,2024-06-28 09:37:06,1,6,0,0
31759,2024-06-28 09:42:12,0,5,1,598
62820,2024-06-28 09:47:13,0,8,0,0
54643,2024-06-28 09:50:28,0,5,0,0
85364,2024-06-28 09:51:29,1,5,0,0
28443,2024-06-28 09:54:49,0,5,0,0
64988,2024-06-28 10:01:35,0,8,1,375
23863,2024-06-28 10:14:52,0,4,0,0
57333,2024-06-28 10:30:38,1,5,0,0
66807,2024-06-28 10:32:43,1,5,1,448
36252,2024-06-28 10:48:21,0,4,0,0
64993,2024-06-28 10:48:48,0,7,0,0
62064,2024-06-28 10:53:17,0,4,0,0
2373,2024-06-28 11:08:04,0,14,1,510
11181,2024-06-28 11:10:24,0,9,0,0
40619,2024-06-28 11:13:35,0,4,0,0
83645,2024-06-28 11:16:33,1,6,0,0
10271,2024-06-28 11:28:50,0,8,0,0
32531,2024-06-28 11:37:07,1,7,0,0
14436,2024-06-28 11:45:30,0,3,1,570
74143,2024-06-28 11:58:51,0,4,1,319
62064,2024-06-28 12:02:54,0,5,1,524
40689,2024-06-28 12:08:08,0,6,0,0
21020,2024-06-28 12:08:35,1,4,0,0
38750,2024-06-28 12:11:00,0,2,1,863
23840,2024-06-28 12:12:52,0,4,0,0
53915,2024-06-28 12:20:56,1,4,0,0
66807,2024-06-28 12:28:21,0,7,0,0
33548,2024-06-28 12:30:39,0,4,1,490
82983,2024-06-28 12:43:38,0,5,0,0
14333,2024-06-28 12:45:10,1,7,1,310
51481,2024-06-28 12:45:33,0,3,0,0
74870,2024-06-28 12:49:36,0,4,0,0
87745,2024-06-28 12:50:58,1,6,0,0
3327,2024-06-28 12:56:38,1,7,1,206
11086,2024-06-28 12:56:54,0,6,0,0
86148,2024-06-28 12:59:54,0,6,0,0
49553,2024-06-28 13:00:38,0,8,1,429
64993,2024-06-28 13:13:02,1,10,0,0
58360,2024-06-28 13:16:28,1,9,1,315
82234,2024-06-28 13:35:55,0,7,0,0
34236,2024-06-28 13:37:01,1,2,0,0
45070,2024-06-28 13:39:02,0,9,0,0
60144,2024-06-28 13:41:33,0,6,0,0
73204,2024-06-28 13:44:46,0,6,0,0
2247,2024-06-28 13:45:10,1,6,1,444
65299,2024-06-28 13:52:25,1,4,0,0
22816,2024-06-28 13:57:18,0,4,1,297
20189,2024-06-28 13:59:49,1,5,0,0
62755,2024-06-28 14:05:01,0,11,0,0
91642,2024-06-28 14:14:47,1,3,0,0
4149,2024-06-28 14:17:08,0,4,0,0
51901,2024-06-28 14:18:50,0,5,0,0
65149,2024-06-28 14:21:25,0,5,0,0
42241,2024-06-28 14:22:56,0,6,0,0
85911,2024-06-28 14:38:03,0,5,1,567
75077,2024-06-28 14:44:58,0,8,1,597
29370,2024-06-28 14:47:36,1,13,0,0
73031,2024-06-28 14:49:39,0,5,0,0
53843,2024-06-28 15:19:29,0,10,0,0
6584,2024-06-28 15:51:33,0,12,0,0
30932,2024-06-28 15:53:27,0,3,0,0
31826,2024-06-28 16:02:20,0,4,0,0
24921,2024-06-28 16:03:21,0,6,0,0
99937,2024-06-28 16:06:10,0,8,1,351
9975,2024-06-28 16:11:50,0,7,0,0
95565,2024-06-28 16:12:03,1,4,1,280
79532,2024-06-28 16:19:32,1,10,0,0
61056,2024-06-28 16:26:06,0,7,0,0
42028,2024-06-28 16:26:49,1,4,1,414
22231,2024-06-28 17:04:37,0,9,0,0
92698,2024-06-28 17:06:41,1,6,0,0
65508,2024-06-28 17:11:21,0,5,0,0
81179,2024-06-28 17:14:11,0,3,1,486
57948,2024-06-28 17:18:53,0,6,0,0
25549,2024-06-28 17:24:32,0,5,0,0
51437,2024-06-28 17:32:31,0,3,0,0
46841,2024-06-28 17:33:59,0,5,0,0
54287,2024-06-28 17:37:00,0,7,1,466
64011,2024-06-28 17:44:57,1,8,0,0
52073,2024-06-28 17:51:51,0,5,0,0
29589,2024-06-28 17:53:15,0,8,1,373
26501,2024-06-28 17:57:01,1,1,0,0
58194,2024-06-28 17:58:52,1,8,1,341
96343,2024-06-28 17:59:38,0,9,1,494
2373,2024-06-28 18:01:06,0,4,0,0
99351,2024-06-28 18:02:32,0,9,1,512
1963,2024-06-28 18:11:36,0,4,1,365
68863,2024-06-28 18:21:43,0,6,0,0
48399,2024-06-28 18:25:48,1,8,1,544
11181,2024-06-28 18:30:39,0,6,0,0
28031,2024-06-28 18:30:48,0,3,0,0
64827,2024-06-28 18:38:15,0,6,0,0
9838,2024-06-28 18:43:15,0,7,1,827
64831,2024-06-28 18:44:48,1,8,1,987
46342,2024-06-28 18:45:05,0,5,0,0
79909,2024-06-28 18:47:07,1,6,0,0
78037,2024-06-28 18:48:25,1,2,0,0
29305,2024-06-28 18:58:36,0,4,0,0
34347,2024-06-28 19:14:29,0,7,0,0
25788,2024-06-28 19:23:08,0,6,1,355
40689,2024-06-28 19:40:58,0,5,0,0
40689,2024-06-28 19:45:32,0,8,0,0
87145,2024-06-28 19:54:23,0,7,1,355
51139,2024-06-28 20:01:53,0,7,0,0
5032,2024-06-28 20:07:41,0,1,0,0
5389,2024-06-28 20:15:40,0,5,0,0
35804,2024-06-28 20:15:58,1,9,1,974
17070,2024-06-28 20:16:16,0,5,0,0
18335,2024-06-28 20:19:52,0,6,1,211
50470,2024-06-28 20:24:07,0,4,0,0
50092,2024-06-28 20:42:24,0,9,1,434
44997,2024-06-28 20:50:43,0,3,1,435
29970,2024-06-28 20:52:33,0,5,0,0
72204,2024-06-28 21:19:58,0,5,1,415
54959,2024-06-28 21:20:12,0,4,0,0
5032,2024-06-28 21:27:26,0,4,0,0
57127,2024-06-28 21:31:04,0,10,0,0
99955,2024-06-28 21:34:40,0,2,1,477
95682,2024-06-28 21:47:34,0,4,1,527
76455,2024-06-28 21:47:47,0,7,0,0
18011,2024-06-28 21:57:49,1,5,0,0
67852,2024-06-28 22:08:35,1,8,1,503
94900,2024-06-28 22:19:04,0,5,0,0
54287,2024-06-28 22:43:08,0,2,0,0
93156,2024-06-28 22:43:27,0,3,1,195
29213,2024-06-28 22:50:21,0,4,1,315
64220,2024-06-28 22:50:45,1,5,0,0
26439,2024-06-28 22:58:53,1,10,1,369
66236,2024-06-28 23:04:59,1,2,0,0
82234,2024-06-28 23:05:29,1,4,0,0
84524,2024-06-28 23:07:52,0,11,1,545
44303,2024-06-28 23:08:11,1,9,0,0
39371,2024-06-28 23:11:48,1,3,0,0
79748,2024-06-28 23:19:33,0,8,1,344
20947,2024-06-28 23:24:24,1,5,1,244
603,2024-06-28 23:26:53,0,4,1,210
26879,2024-06-28 23:35:22,0,10,0,0
18952,2024-06-28 23:41:38,1,4,0,0
89227,2024-06-28 23:57:20,1,8,0,0
14436,2024-06-29 00:05:52,0,6,1,340
40470,2024-06-29 00:08:53,0,3,1,474
30956,2024-06-29 00:09:59,0,7,1,351
79794,2024-06-29 00:41:29,0,10,0,0
3714,2024-06-29 00:46:04,1,10,1,383
73031,2024-06-29 01:05:46,0,8,0,0
40516,2024-06-29 01:08:19,1,3,1,348
12115,2024-06-29 01:14:42,1,4,0,0
48788,2024-06-29 01:34:55,0,7,1,317
99721,2024-06-29 01:42:16,1,8,1,442
92559,2024-06-29 01:42:42,0,11,1,404
24818,2024-06-29 01:51:24,0,2,0,0
66265,2024-06-29 01:54:33,1,4,0,0
96562,2024-06-29 02:00:54,1,7,1,305
75077,2024-06-29 02:26:01,1,8,1,321
19260,2024-06-29 02:38:03,0,10,0,0
63563,2024-06-29 02:59:47,0,8,0,0
43956,2024-06-29 03:18:20,0,3,1,685
40804,2024-06-29 03:30:15,0,15,0,0
57976,2024-06-29 03:45:32,1,10,0,0
11187,2024-06-29 03:47:17,1,4,0,0
91723,2024-06-29 03:48:22,1,7,1,559
4759,2024-06-29 03:52:54,0,5,0,0
29024,2024-06-29 03:58:03,1,4,1,375
33718,2024-06-29 04:02:51,0,6,0,0
25788,2024-06-29 04:25:01,1,9,0,0
22904,2024-06-29 04:44:12,0,4,1,350
14333,2024-06-29 04:52:21,0,4,0,0
6593,2024-06-29 04:54:25,1,10,0,0
44532,2024-06-29 05:08:49,1,5,0,0
78033,2024-06-29 05:13:24,0,8,0,0
69156,2024-06-29 06:06:49,0,4,0,0
66938,2024-06-29 06:09:32,1,4,1,376
38002,2024-06-29 06:34:10,1,4,0,0
69773,2024-06-29 06:35:27,0,3,0,0
68187,2024-06-29 06:50:48,1,1,1,293
52082,2024-06-29 06:53:33,0,4,0,0
73091,2024-06-29 06:54:08,1,3,0,0
77532,2024-06-29 07:01:31,1,10,0,0
8044,2024-06-29 07:15:25,0,10,0,0
9613,2024-06-29 07:28:04,0,3,0,0
37612,2024-06-29 07:29:46,0,6,0,0
90208,2024-06-29 07:41:25,1,4,0,0
81155,2024-06-29 07:59:38,0,7,1,528
92888,2024-06-29 08:02:55,0,8,1,597
58646,2024-06-29 08:04:17,0,6,0,0
38750,2024-06-29 08:10:25,0,6,0,0
35543,2024-06-29 08:20:23,0,3,1,476
56373,2024-06-29 08:29:58,0,5,0,0
7739,2024-06-29 08:31:19,0,5,0,0
77463,2024-06-29 08:41:30,0,4,1,325
27770,2024-06-29 08:42:03,0,6,0,0
12525,2024-06-29 09:05:09,0,7,0,0
84604,2024-06-29 09:14:06,0,4,0,0
41882,2024-06-29 09:25:28,0,8,0,0
21539,2024-06-29 09:33:24,1,10,1,398
28681,2024-06-29 09:39:06,0,6,1,340
64796,2024-06-29 09:39:31,0,9,0,0
69363,2024-06-29 09:53:25,1,7,1,413
96623,2024-06-29 09:53:33,0,8,0,0
92936,2024-06-29 09:56:26,0,8,1,301
58337,2024-06-29 09:59:53,1,5,0,0
64149,2024-06-29 10:00:12,0,5,0,0
33548,2024-06-29 10:08:05,0,7,1,258
22147,2024-06-29 10:14:49,0,6,1,372
74870,2024-06-29 10:22:17,1,3,0,0
96562,2024-06-29 10:37:40,1,6,0,0
41611,2024-06-29 10:45:33,1,8,0,0
94619,2024-06-29 10:50:28,1,7,1,253
21539,2024-06-29 10:55:30,0,6,0,0
53595,2024-06-29 11:01:09,0,6,0,0
37693,2024-06-29 11:07:31,0,3,1,413
34229,2024-06-29 11:17:07,1,8,0,0
67539,2024-06-29 11:18:31,0,9,0,0
69883,2024-06-29 11:20:15,1,5,0,0
48399,2024-06-29 11:42:03,0,6,0,0
39150,2024-06-29 11:43:15,0,4,0,0
54347,2024-06-29 11:47:19,0,3,0,0
77428,2024-06-29 11:47:30,0,3,1,310
61142,2024-06-29 11:56:40,0,3,0,0
30932,2024-06-29 11:57:34,1,2,0,0
69934,2024-06-29 11:58:33,0,9,0,0
90838,2024-06-29 12:02:22,1,7,0,0
3482,2024-06-29 12:06:01,0,9,0,0
63697,2024-06-29 12:09:22,0,7,0,0
75380,2024-06-29 12:13:50,0,4,0,0
67852,2024-06-29 12:14:19,0,4,1,313
43010,2024-06-29 12:27:52,1,6,1,330
79901,2024-06-29 12:29:57,0,5,0,0
60203,2024-06-29 12:33:42,0,4,0,0
64831,2024-06-29 12:43:27,1,11,1,430
72100,2024-06-29 12:44:32,1,4,0,0
30956,2024-06-29 12:52:17,0,11,1,345
65090,2024-06-29 12:55:21,0,8,0,0
37393,2024-06-29 13:09:27,0,7,0,0
60431,2024-06-29 13:10:30,1,4,1,386
19343,2024-06-29 13:14:57,0,6,1,430
16425,2024-06-29 13:31:59,0,9,0,0
35872,2024-06-29 13:41:33,1,5,1,421
41882,2024-06-29 13:52:51,0,5,0,0
92076,2024-06-29 13:55:04,0,7,0,0
13326,2024-06-29 14:08:47,0,10,0,0
46883,2024-06-29 14:14:49,0,8,0,0
88854,2024-06-29 14:18:39,0,11,1,373
9153,2024-06-29 14:34:32,1,6,0,0
98088,2024-06-29 14:45:08,0,4,0,0
70219,2024-06-29 14:45:28,0,4,0,0
92698,2024-06-29 14:45:38,0,10,1,550
34695,2024-06-29 15:03:31,0,7,0,0
34155,2024-06-29 15:24:10,0,5,0,0
12493,2024-06-29 15:28:36,0,6,0,0
2960,2024-06-29 15:32:50,0,8,0,0
25546,2024-06-29 15:34:04,0,1,0,0
71779,2024-06-29 15:35:35,0,2,1,524
66830,2024-06-29 15:44:53,0,8,1,468
14777,2024-06-29 15:47:33,0,1,1,329
616,2024-06-29 15:49:36,0,9,1,618
66288,2024-06-29 15:50:59,0,7,1,300
87745,2024-06-29 16:01:44,0,4,0,0
72446,2024-06-29 16:02:42,0,5,0,0
33250,2024-06-29 16:07:41,0,8,1,773
26590,2024-06-29 16:13:14,1,3,0,0
68024,2024-06-29 16:22:55,1,6,0,0
51454,2024-06-29 16:34:42,0,3,0,0
29970,2024-06-29 17:11:04,0,3,0,0
12525,2024-06-29 17:35:54,1,6,0,0
72842,2024-06-29 17:43:03,0,2,0,0
64988,2024-06-29 17:50:43,0,1,0,0
47552,2024-06-29 17:54:18,0,5,0,0
7018,2024-06-29 17:56:37,0,4,0,0
88982,2024-06-29 17:57:56,0,8,0,0
90346,2024-06-29 18:14:44,1,6,1,440
95682,2024-06-29 18:15:46,0,9,0,0
11776,2024-06-29 18:42:13,0,5,1,349
40767,2024-06-29 19:12:26,0,6,0,0
89756,2024-06-29 19:15:16,0,4,0,0
69687,2024-06-29 19:18:19,0,6,0,0
16728,2024-06-29 19:19:28,1,4,0,0
41035,2024-06-29 19:33:09,0,4,1,275
14869,2024-06-29 19:45:22,0,5,0,0
15275,2024-06-29 19:50:31,1,8,0,0
64096,2024-06-29 19:59:45,0,9,0,0
58380,2024-06-29 20:00:36,0,7,0,0
41433,2024-06-29 20:32:22,1,6,1,317
31759,2024-06-29 20:36:46,1,7,0,0
30956,2024-06-29 20:39:19,0,5,0,0
64987,2024-06-29 20:41:36,0,3,1,473
12541,2024-06-29 20:57:34,0,8,0,0
62820,2024-06-29 20:58:47,0,11,0,0
3030,2024-06-29 21:06:51,0,4,0,0
43773,2024-06-29 21:10:03,1,5,1,208
60166,2024-06-29 21:11:13,1,6,0,0
40611,2024-06-29 21:13:02,1,8,0,0
74143,2024-06-29 21:16:15,0,7,1,410
89345,2024-06-29 21:17:17,0,1,1,167
74176,2024-06-29 21:19:00,0,6,0,0
81272,2024-06-29 21:20:41,1,5,0,0
47594,2024-06-29 21:24:08,0,7,1,567
50470,2024-06-29 21:27:14,0,2,1,366
86645,2024-06-29 21:28:31,1,6,0,0
21870,2024-06-29 21:40:07,1,4,0,0
39150,2024-06-29 22:07:12,1,7,0,0
16025,2024-06-29 22:11:17,0,4,0,0
72842,2024-06-29 22:17:52,0,7,0,0
68871,2024-06-29 22:18:55,0,7,0,0
64796,2024-06-29 22:32:17,0,4,0,0
18335,2024-06-29 22:34:06,0,6,0,0
22231,2024-06-29 22:34:47,1,5,0,0
63775,2024-06-29 22:35:05,0,5,1,303
42810,2024-06-29 22:48:33,0,6,0,0
35185,2024-06-29 22:49:30,0,8,0,0
78037,2024-06-29 22:52:42,0,7,0,0
21848,2024-06-29 22:54:14,0,9,0,0
54091,2024-06-29 23:02:53,1,2,1,406
12115,2024-06-29 23:03:13,0,6,0,0
11805,2024-06-29 23:04:41,0,7,0,0
93156,2024-06-29 23:15:09,0,6,1,707
42034,2024-06-29 23:31:51,1,5,0,0
8903,2024-06-29 23:34:33,0,5,0,0
15636,2024-06-29 23:37:36,0,8,0,0
60078,2024-06-29 23:44:54,1,11,1,344
85631,2024-06-29 23:46:32,0,8,1,745
37445,2024-06-29 23:55:11,0,6,1,332
6558,2024-06-29 23:57:11,1,8,0,0
40470,2024-06-30 00:23:11,0,3,1,229
22537,2024-06-30 00:29:17,0,2,1,240
19481,2024-06-30 00:39:54,0,8,0,0
30770,2024-06-30 00:46:32,1,4,1,391
26834,2024-06-30 00:48:59,1,11,1,300
30994,2024-06-30 01:03:03,0,10,0,0
41926,2024-06-30 01:10:10,0,3,1,366
17953,2024-06-30 01:15:33,0,8,1,189
86965,2024-06-30 01:55:22,0,3,0,0
69814,2024-06-30 02:03:10,1,6,0,0
17839,2024-06-30 02:04:50,1,12,0,0
94900,2024-06-30 02:22:22,0,6,1,533
81358,2024-06-30 02:27:48,0,3,0,0
23840,2024-06-30 02:32:44,1,9,1,630
96358,2024-06-30 02:36:41,1,7,0,0
81579,2024-06-30 02:41:31,0,9,1,398
76455,2024-06-30 02:50:57,1,10,1,463
58185,2024-06-30 03:11:13,0,3,1,442
63775,2024-06-30 03:18:50,1,7,1,212
27342,2024-06-30 03:31:28,0,5,0,0
27540,2024-06-30 03:40:03,0,4,1,500
97106,2024-06-30 03:50:41,0,8,0,0
22346,2024-06-30 03:51:18,0,3,1,707
42858,2024-06-30 04:04:29,1,6,0,0
2359,2024-06-30 04:29:03,1,5,0,0
42886,2024-06-30 04:30:20,0,5,0,0
53792,2024-06-30 04:46:32,0,5,0,0
72842,2024-06-30 05:21:15,1,3,0,0
23695,2024-06-30 05:46:45,0,4,1,366
63924,2024-06-30 05:55:51,0,3,1,329
64831,2024-06-30 06:12:10,0,9,0,0
83163,2024-06-30 06:13:10,0,6,0,0
70754,2024-06-30 06:18:00,1,7,1,372
26834,2024-06-30 06:37:52,1,5,0,0
98736,2024-06-30 06:54:26,0,2,1,345
16235,2024-06-30 06:59:13,0,4,0,0
44303,2024-06-30 07:05:46,0,5,0,0
53843,2024-06-30 07:11:30,0,3,1,270
20947,2024-06-30 07:15:33,1,7,0,0
25636,2024-06-30 07:18:32,0,6,0,0
63980,2024-06-30 07:32:39,1,2,1,460
27974,2024-06-30 07:56:54,0,6,1,356
38241,2024-06-30 08:01:45,0,3,0,0
82278,2024-06-30 08:06:40,0,10,0,0
59000,2024-06-30 08:07:27,0,4,0,0
69156,2024-06-30 08:10:52,0,10,0,0
37693,2024-06-30 08:12:45,0,4,1,368
39496,2024-06-30 08:16:46,0,5,0,0
30223,2024-06-30 08:17:55,1,4,0,0
89227,2024-06-30 08:24:16,0,9,0,0
85626,2024-06-30 08:31:38,0,6,0,0
92906,2024-06-30 08:35:52,0,6,0,0
10270,2024-06-30 08:36:31,0,8,1,356
68187,2024-06-30 08:41:46,1,7,0,0
38563,2024-06-30 08:59:02,0,7,1,494
99825,2024-06-30 08:59:06,1,6,0,0
40767,2024-06-30 09:02:49,0,7,0,0
57976,2024-06-30 09:06:49,0,8,1,665
48788,2024-06-30 09:13:47,0,10,0,0
48688,2024-06-30 09:13:50,0,7,0,0
19256,2024-06-30 09:15:18,1,3,0,0
91723,2024-06-30 09:18:50,1,10,1,682
29024,2024-06-30 09:22:56,1,6,0,0
62820,2024-06-30 09:47:11,0,5,0,0
7083,2024-06-30 09:51:51,0,11,0,0
53253,2024-06-30 10:16:04,0,6,0,0
14869,2024-06-30 10:20:31,0,3,0,0
35185,2024-06-30 10:28:03,0,8,1,430
69156,2024-06-30 10:45:23,0,7,0,0
492,2024-06-30 10:49:01,1,8,0,0
47830,2024-06-30 10:51:11,1,3,0,0
66504,2024-06-30 11:00:32,1,5,1,326
50487,2024-06-30 11:03:05,1,10,1,608
53945,2024-06-30 11:05:52,1,5,0,0
55806,2024-06-30 11:12:17,0,2,0,0
54091,2024-06-30 11:33:26,1,9,0,0
29081,2024-06-30 11:40:36,1,4,1,466
17336,2024-06-30 11:40:53,1,3,0,0
23457,2024-06-30 11:48:10,0,6,0,0
31647,2024-06-30 11:53:09,0,10,0,0
18861,2024-06-30 11:55:42,0,6,1,524
75311,2024-06-30 12:00:04,0,9,0,0
32225,2024-06-30 12:01:12,0,8,0,0
41155,2024-06-30 12:19:24,1,10,1,485
66504,2024-06-30 12:43:23,0,3,0,0
60921,2024-06-30 12:55:29,0,4,0,0
10169,2024-06-30 12:55:32,0,5,1,542
18290,2024-06-30 13:07:44,0,6,0,0
60078,2024-06-30 13:09:39,0,4,0,0
54083,2024-06-30 13:10:30,0,2,0,0
24921,2024-06-30 13:19:00,1,6,1,425
41035,2024-06-30 13:20:38,0,10,1,304
12525,2024-06-30 13:23:04,0,8,0,0
52613,2024-06-30 13:30:48,0,5,0,0
64220,2024-06-30 13:41:41,0,7,0,0
89604,2024-06-30 14:01:02,0,3,1,280
41237,2024-06-30 14:19:24,1,7,0,0
87661,2024-06-30 14:20:48,1,4,0,0
67429,2024-06-30 14:30:05,0,6,1,418
68670,2024-06-30 14:40:37,0,5,0,0
23457,2024-06-30 14:43:19,1,5,0,0
24764,2024-06-30 14:51:05,0,4,1,583
96335,2024-06-30 14:56:12,0,6,0,0
23373,2024-06-30 14:56:56,1,8,1,498
67539,2024-06-30 15:15:49,0,5,1,525
78175,2024-06-30 15:25:57,0,9,0,0
18650,2024-06-30 15:31:22,1,8,0,0
66830,2024-06-30 15:36:39,0,4,0,0
44815,2024-06-30 15:37:31,0,3,0,0
57795,2024-06-30 15:37:47,0,7,0,0
72100,2024-06-30 15:45:52,1,6,1,372
40767,2024-06-30 15:47:56,0,4,0,0
25788,2024-06-30 15:59:03,1,6,0,0
70236,2024-06-30 16:04:19,0,8,0,0
15139,2024-06-30 16:10:20,0,7,0,0
90706,2024-06-30 16:13:30,1,7,1,419
41433,2024-06-30 16:25:04,0,5,1,212
59037,2024-06-30 16:45:19,0,6,1,278
12442,2024-06-30 16:50:07,0,7,0,0
8520,2024-06-30 16:56:44,0,6,0,0
61883,2024-06-30 16:57:06,0,4,0,0
65536,2024-06-30 16:58:25,1,10,0,0
70415,2024-06-30 17:01:33,0,1,0,0
57888,2024-06-30 17:15:21,0,4,0,0
68187,2024-06-30 17:19:44,1,9,1,445
88876,2024-06-30 17:22:13,0,5,1,404
78870,2024-06-30 17:26:03,0,5,1,445
14436,2024-06-30 17:27:28,0,5,0,0
92548,2024-06-30 17:30:04,0,6,0,0
21518,2024-06-30 17:43:55,0,7,0,0
66262,2024-06-30 17:47:36,0,11,0,0
96586,2024-06-30 17:52:38,1,6,0,0
10079,2024-06-30 18:12:07,0,5,0,0
26501,2024-06-30 18:27:56,0,8,0,0
89604,2024-06-30 18:29:33,0,5,0,0
75077,2024-06-30 18:31:23,0,2,0,0
18952,2024-06-30 18:37:23,0,8,0,0
90838,2024-06-30 18:42:52,0,6,0,0
51402,2024-06-30 18:45:48,0,5,1,388
74870,2024-06-30 18:50:33,0,9,0,0
81272,2024-06-30 19:01:11,0,4,0,0
94611,2024-06-30 19:17:39,0,4,0,0
8378,2024-06-30 19:20:46,0,8,1,368
59000,2024-06-30 19:23:06,0,5,0,0
11805,2024-06-30 19:25:05,0,5,1,294
81109,2024-06-30 19:30:06,1,5,1,557
20395,2024-06-30 19:36:58,1,5,0,0
18861,2024-06-30 19:41:42,0,6,1,768
33548,2024-06-30 19:43:00,0,5,0,0
90049,2024-06-30 19:55:42,1,5,0,0
94228,2024-06-30 20:00:25,0,3,0,0
62770,2024-06-30 20:02:39,1,5,1,369
42810,2024-06-30 20:09:19,1,7,0,0
64011,2024-06-30 20:29:12,0,5,1,413
36022,2024-06-30 20:31:26,0,4,0,0
87048,2024-06-30 20:42:45,0,6,0,0
51481,2024-06-30 20:46:16,0,7,0,0
30770,2024-06-30 20:48:03,0,5,0,0
99401,2024-06-30 20:48:48,1,11,0,0
81398,2024-06-30 20:56:12,0,7,0,0
22147,2024-06-30 21:14:00,0,3,1,389
73192,2024-06-30 21:15:32,1,7,1,402
18952,2024-06-30 21:16:30,0,9,0,0
4599,2024-06-30 21:20:28,1,4,0,0
35414,2024-06-30 21:21:45,1,7,0,0
53253,2024-06-30 21:31:59,0,7,0,0
81109,2024-06-30 21:35:13,1,11,0,0
92936,2024-06-30 21:38:53,0,7,0,0
90918,2024-06-30 21:42:25,0,4,1,293
88574,2024-06-30 21:53:17,0,7,0,0
2373,2024-06-30 21:56:43,0,4,1,471
27974,2024-06-30 21:59:37,1,3,0,0
35804,2024-06-30 22:00:48,0,12,1,460
10007,2024-06-30 22:07:09,0,7,0,0
14547,2024-06-30 22:15:05,0,3,0,0
14436,2024-06-30 22:21:03,0,3,1,512
33155,2024-06-30 22:24:02,0,7,0,0
96221,2024-06-30 22:26:08,1,8,1,524
24789,2024-06-30 22:26:19,0,6,0,0
37122,2024-06-30 22:31:11,1,10,0,0
65508,2024-06-30 22:35:19,1,5,0,0
91017,2024-06-30 22:42:05,1,4,0,0
91652,2024-06-30 22:51:09,0,4,0,0
36558,2024-06-30 22:53:41,1,9,0,0
47337,2024-06-30 23:03:35,0,13,1,601
23370,2024-06-30 23:04:21,0,5,1,282
5491,2024-06-30 23:08:04,0,3,1,262
45691,2024-06-30 23:12:51,0,2,0,0
57186,2024-06-30 23:14:01,1,5,1,387
38396,2024-06-30 23:22:00,0,2,1,421
66101,2024-06-30 23:27:25,0,2,0,0
58547,2024-06-30 23:30:52,0,9,0,0
74602,2024-06-30 23:35:10,0,7,0,0
84524,2024-06-30 23:41:45,0,4,1,581
12115,2024-06-30 23:54:15,0,12,0,0
27770,2024-06-30 23:59:01,0,7,0,0
48633,2024-06-30 23:59:37,1,4,1,454
