user_id,session_start_dttm,desktop_flag,session_duration_min,purchase_flag,purchase_amount_rub
97657,2025-03-01 00:06:52,0,4,0,0
42321,2025-03-01 00:46:08,0,2,1,355
92781,2025-03-01 00:54:03,0,2,0,0
30384,2025-03-01 00:55:32,0,4,0,0
4907,2025-03-01 01:19:29,0,7,0,0
78832,2025-03-01 01:24:36,0,4,1,654
56276,2025-03-01 01:36:48,1,6,0,0
9178,2025-03-01 01:49:02,0,3,1,334
6229,2025-03-01 01:52:18,0,4,0,0
86547,2025-03-01 01:59:55,0,9,0,0
57047,2025-03-01 02:04:54,0,8,1,240
38674,2025-03-01 02:07:29,0,5,1,390
89286,2025-03-01 02:13:13,0,7,0,0
13181,2025-03-01 02:40:43,0,3,0,0
88295,2025-03-01 02:41:06,0,8,0,0
58209,2025-03-01 03:23:59,1,7,1,131
17637,2025-03-01 03:31:27,0,4,0,0
88425,2025-03-01 03:46:35,0,12,1,393
75569,2025-03-01 04:00:29,0,7,1,195
19119,2025-03-01 04:22:13,1,10,1,353
1810,2025-03-01 04:24:44,0,5,0,0
58867,2025-03-01 04:42:34,0,4,0,0
56198,2025-03-01 04:43:32,1,8,0,0
48421,2025-03-01 05:07:43,0,6,1,295
73818,2025-03-01 05:22:41,0,4,0,0
71048,2025-03-01 05:23:55,0,4,1,281
46342,2025-03-01 05:35:21,0,3,0,0
62848,2025-03-01 05:38:47,1,7,1,687
23657,2025-03-01 06:07:02,1,8,0,0
82188,2025-03-01 06:23:31,1,11,0,0
25170,2025-03-01 06:52:39,1,4,0,0
70523,2025-03-01 06:59:05,0,4,0,0
49297,2025-03-01 07:16:40,0,7,1,266
94400,2025-03-01 07:26:11,0,5,0,0
36858,2025-03-01 07:34:46,0,6,0,0
79648,2025-03-01 07:35:52,0,4,0,0
78617,2025-03-01 07:36:36,0,9,0,0
77116,2025-03-01 08:14:33,0,10,1,488
16552,2025-03-01 08:25:33,0,4,1,287
26091,2025-03-01 08:31:47,0,4,0,0
45900,2025-03-01 08:32:10,0,6,1,557
11853,2025-03-01 08:35:26,1,7,0,0
92653,2025-03-01 08:43:24,0,9,1,312
4215,2025-03-01 08:45:14,0,6,0,0
95359,2025-03-01 08:53:57,0,8,0,0
19718,2025-03-01 08:57:15,0,5,1,660
95356,2025-03-01 09:02:10,0,2,1,243
17953,2025-03-01 09:04:34,0,4,1,299
30832,2025-03-01 09:24:35,0,6,0,0
69773,2025-03-01 09:37:55,0,13,0,0
54347,2025-03-01 09:45:30,0,8,0,0
48762,2025-03-01 10:01:32,1,8,0,0
71120,2025-03-01 10:07:12,1,8,0,0
56607,2025-03-01 10:13:54,1,6,1,262
36560,2025-03-01 10:14:27,0,4,0,0
77447,2025-03-01 10:20:05,0,5,0,0
54263,2025-03-01 10:25:02,1,3,0,0
81866,2025-03-01 10:30:51,0,6,0,0
2029,2025-03-01 10:35:15,0,8,1,719
2745,2025-03-01 10:39:46,0,5,1,302
35065,2025-03-01 10:40:19,0,2,0,0
80088,2025-03-01 10:40:36,0,8,0,0
58784,2025-03-01 10:44:08,0,2,1,268
82458,2025-03-01 10:46:36,0,5,0,0
5926,2025-03-01 10:56:44,1,11,0,0
32652,2025-03-01 10:56:49,0,1,1,231
95707,2025-03-01 11:04:15,0,7,0,0
92733,2025-03-01 11:07:23,1,7,0,0
86648,2025-03-01 11:30:30,0,3,1,485
57697,2025-03-01 11:35:59,0,7,1,320
11853,2025-03-01 11:46:25,1,7,1,190
44199,2025-03-01 12:04:34,0,7,0,0
36406,2025-03-01 12:11:15,0,3,0,0
1124,2025-03-01 12:12:17,0,1,0,0
15263,2025-03-01 12:31:04,1,5,0,0
86484,2025-03-01 12:36:20,0,5,0,0
24304,2025-03-01 12:49:50,0,7,0,0
99993,2025-03-01 12:51:14,1,5,0,0
78546,2025-03-01 12:53:25,1,4,0,0
92986,2025-03-01 12:58:09,0,5,0,0
30832,2025-03-01 13:20:50,0,10,1,107
6787,2025-03-01 13:35:38,0,3,0,0
44976,2025-03-01 13:43:58,0,4,0,0
1124,2025-03-01 13:51:41,0,2,1,447
63410,2025-03-01 13:56:33,0,4,0,0
82188,2025-03-01 14:22:51,0,5,0,0
62680,2025-03-01 14:32:12,1,2,1,379
82188,2025-03-01 14:40:23,0,5,0,0
7573,2025-03-01 14:42:44,0,4,1,158
64100,2025-03-01 14:44:24,0,7,0,0
40952,2025-03-01 14:50:49,0,8,0,0
60242,2025-03-01 14:54:48,0,5,0,0
4709,2025-03-01 14:56:18,0,8,0,0
58917,2025-03-01 15:06:08,1,8,0,0
78810,2025-03-01 15:08:38,0,8,0,0
21072,2025-03-01 15:08:45,1,9,0,0
29831,2025-03-01 15:08:45,1,9,1,218
92653,2025-03-01 15:09:06,0,7,1,224
45690,2025-03-01 15:14:33,1,3,0,0
97703,2025-03-01 15:15:36,0,8,0,0
29658,2025-03-01 15:21:34,1,4,1,325
29052,2025-03-01 15:23:36,1,6,1,692
93156,2025-03-01 15:24:11,0,8,0,0
67020,2025-03-01 15:32:44,0,5,1,358
58917,2025-03-01 15:34:23,0,5,0,0
79574,2025-03-01 15:35:12,0,8,0,0
32212,2025-03-01 15:46:37,1,6,0,0
2745,2025-03-01 15:48:52,0,9,0,0
79895,2025-03-01 15:50:43,1,11,0,0
23343,2025-03-01 15:55:58,0,2,1,319
86577,2025-03-01 15:58:19,0,8,0,0
73987,2025-03-01 16:04:38,1,5,0,0
29867,2025-03-01 16:12:07,0,5,0,0
36167,2025-03-01 16:26:32,0,8,0,0
45289,2025-03-01 16:30:41,0,4,1,579
36098,2025-03-01 16:35:33,0,5,1,303
42619,2025-03-01 16:38:06,0,6,0,0
18105,2025-03-01 16:41:28,1,5,0,0
36406,2025-03-01 17:00:55,1,4,0,0
63160,2025-03-01 17:08:01,0,5,0,0
69199,2025-03-01 17:10:37,0,9,0,0
56198,2025-03-01 17:22:36,0,6,0,0
49297,2025-03-01 17:23:59,0,4,0,0
28041,2025-03-01 17:27:09,0,3,1,352
18143,2025-03-01 17:29:47,1,3,0,0
32209,2025-03-01 17:33:44,0,5,0,0
95415,2025-03-01 17:39:46,0,5,0,0
22822,2025-03-01 17:41:17,0,6,1,323
36636,2025-03-01 17:50:19,0,9,1,252
53110,2025-03-01 17:51:54,0,6,0,0
24887,2025-03-01 17:53:50,1,5,0,0
26789,2025-03-01 18:27:03,0,5,0,0
32140,2025-03-01 18:28:13,0,6,1,277
4144,2025-03-01 18:41:22,0,8,1,385
45824,2025-03-01 18:44:06,0,10,0,0
2784,2025-03-01 18:46:09,0,4,0,0
570,2025-03-01 18:47:53,0,11,0,0
65841,2025-03-01 19:00:57,0,1,0,0
80637,2025-03-01 19:04:49,0,3,0,0
73806,2025-03-01 19:09:39,0,4,1,306
1165,2025-03-01 19:11:57,0,7,1,299
92733,2025-03-01 19:18:17,0,7,1,134
69813,2025-03-01 19:19:35,0,7,0,0
29164,2025-03-01 19:32:54,1,5,0,0
80105,2025-03-01 19:38:59,0,4,0,0
82234,2025-03-01 19:44:20,0,1,0,0
26309,2025-03-01 19:46:21,1,6,1,383
67129,2025-03-01 19:49:20,1,5,0,0
64038,2025-03-01 19:51:44,1,3,0,0
24531,2025-03-01 19:56:03,1,8,0,0
78554,2025-03-01 20:07:27,1,5,0,0
76301,2025-03-01 20:08:32,1,5,0,0
24996,2025-03-01 20:16:23,1,4,1,174
49390,2025-03-01 20:23:17,1,7,1,306
46604,2025-03-01 20:25:40,0,8,1,316
70894,2025-03-01 20:26:03,0,10,1,259
78832,2025-03-01 20:46:05,0,5,0,0
38036,2025-03-01 20:58:41,0,6,0,0
86553,2025-03-01 21:02:32,1,2,0,0
81148,2025-03-01 21:03:20,0,5,0,0
41280,2025-03-01 21:06:21,1,3,0,0
71693,2025-03-01 21:16:58,0,4,1,230
69134,2025-03-01 21:19:07,0,3,0,0
45320,2025-03-01 21:21:47,0,4,0,0
56977,2025-03-01 21:28:08,1,3,0,0
53616,2025-03-01 21:35:37,0,4,0,0
86585,2025-03-01 21:36:26,1,3,0,0
36094,2025-03-01 21:37:26,0,6,0,0
68778,2025-03-01 21:39:57,1,3,0,0
85911,2025-03-01 21:41:06,1,10,0,0
43517,2025-03-01 21:42:19,1,3,0,0
79574,2025-03-01 21:43:25,0,12,0,0
69199,2025-03-01 21:45:07,0,5,0,0
58010,2025-03-01 21:47:28,0,5,1,299
19718,2025-03-01 22:00:57,0,6,0,0
61282,2025-03-01 22:10:11,0,5,0,0
45817,2025-03-01 22:13:45,1,5,0,0
63410,2025-03-01 22:22:20,0,4,0,0
46178,2025-03-01 22:23:39,0,8,0,0
92248,2025-03-01 22:24:58,0,8,1,566
36406,2025-03-01 22:28:49,0,10,0,0
37018,2025-03-01 22:31:03,0,4,1,235
76578,2025-03-01 22:36:09,0,9,0,0
51405,2025-03-01 22:46:14,0,6,0,0
49362,2025-03-01 22:54:46,0,2,0,0
17637,2025-03-01 22:59:43,0,9,0,0
39806,2025-03-01 23:00:42,1,9,1,363
33189,2025-03-01 23:08:13,1,7,0,0
57697,2025-03-01 23:08:26,0,3,0,0
79339,2025-03-01 23:09:07,0,6,1,563
18439,2025-03-01 23:14:49,0,6,0,0
57345,2025-03-01 23:14:55,0,2,0,0
65518,2025-03-01 23:15:16,0,7,1,370
17289,2025-03-01 23:19:29,0,3,0,0
55375,2025-03-01 23:27:42,1,6,0,0
77080,2025-03-01 23:29:23,1,6,0,0
85611,2025-03-01 23:41:28,0,4,0,0
22864,2025-03-01 23:46:34,0,6,0,0
455,2025-03-01 23:47:47,1,2,1,273
48736,2025-03-01 23:51:33,0,4,0,0
48736,2025-03-01 23:59:52,1,5,0,0
56977,2025-03-02 00:09:12,0,7,1,389
60160,2025-03-02 00:16:21,0,5,1,333
40303,2025-03-02 00:16:44,0,6,1,282
24264,2025-03-02 00:29:40,0,6,0,0
79041,2025-03-02 00:58:27,0,11,0,0
41186,2025-03-02 01:14:50,0,5,0,0
51718,2025-03-02 01:24:52,1,8,0,0
2949,2025-03-02 01:43:05,0,7,0,0
236,2025-03-02 01:44:09,0,4,0,0
25193,2025-03-02 01:47:58,0,11,1,373
45900,2025-03-02 01:54:52,0,10,0,0
63612,2025-03-02 01:57:32,1,5,1,321
98293,2025-03-02 02:01:17,1,2,0,0
50220,2025-03-02 02:03:45,0,7,1,311
64098,2025-03-02 02:08:02,1,8,0,0
17711,2025-03-02 02:19:04,1,1,1,686
79321,2025-03-02 02:27:56,1,10,0,0
25193,2025-03-02 02:34:19,0,8,1,759
8894,2025-03-02 02:55:11,0,7,0,0
6287,2025-03-02 03:00:02,1,8,0,0
57697,2025-03-02 03:12:42,1,4,1,253
77049,2025-03-02 03:23:13,0,3,0,0
21388,2025-03-02 03:36:49,0,10,0,0
17691,2025-03-02 04:08:48,1,4,0,0
41666,2025-03-02 04:12:53,0,8,1,191
62526,2025-03-02 04:13:53,0,4,1,367
73165,2025-03-02 04:39:56,0,4,1,261
46604,2025-03-02 04:40:53,0,9,1,429
2009,2025-03-02 05:04:01,1,4,0,0
50312,2025-03-02 05:12:27,0,5,0,0
13840,2025-03-02 05:24:27,1,5,1,155
45120,2025-03-02 05:29:12,0,5,0,0
1498,2025-03-02 05:34:19,0,11,1,365
40725,2025-03-02 06:15:37,0,1,0,0
63029,2025-03-02 06:37:57,0,5,0,0
9178,2025-03-02 06:38:28,1,10,0,0
25826,2025-03-02 06:40:27,0,8,1,335
32845,2025-03-02 06:50:54,0,2,0,0
41003,2025-03-02 06:58:11,0,12,1,519
45100,2025-03-02 07:09:26,0,10,0,0
40303,2025-03-02 07:13:11,0,11,0,0
36098,2025-03-02 07:21:02,0,7,0,0
88828,2025-03-02 07:32:08,0,3,1,349
16188,2025-03-02 07:54:13,0,5,0,0
99781,2025-03-02 08:07:19,0,5,0,0
60122,2025-03-02 08:17:31,0,6,1,602
31706,2025-03-02 08:19:28,0,3,1,189
83134,2025-03-02 08:21:29,0,7,0,0
1995,2025-03-02 08:23:49,1,2,1,229
21803,2025-03-02 08:28:22,1,7,1,351
31912,2025-03-02 08:29:34,0,11,1,514
43565,2025-03-02 08:34:26,1,3,1,247
41003,2025-03-02 08:40:21,0,6,1,415
88110,2025-03-02 08:59:31,1,5,0,0
34155,2025-03-02 09:00:27,0,5,0,0
85879,2025-03-02 09:02:08,0,7,0,0
10231,2025-03-02 09:11:03,0,8,0,0
14195,2025-03-02 09:19:27,0,4,0,0
34425,2025-03-02 09:26:28,0,5,1,317
82067,2025-03-02 09:26:28,1,4,0,0
13140,2025-03-02 09:27:21,1,2,1,573
8648,2025-03-02 09:49:08,0,8,0,0
42377,2025-03-02 10:03:29,0,4,1,480
32652,2025-03-02 10:03:45,0,4,0,0
89112,2025-03-02 10:12:40,0,4,1,199
29305,2025-03-02 10:19:19,0,2,0,0
38885,2025-03-02 10:19:58,1,7,1,402
82234,2025-03-02 10:41:29,0,5,0,0
54168,2025-03-02 10:46:45,0,5,1,278
6287,2025-03-02 10:49:07,0,4,1,311
6389,2025-03-02 10:56:23,1,5,0,0
16728,2025-03-02 11:08:16,0,10,0,0
58380,2025-03-02 11:08:42,0,4,0,0
97701,2025-03-02 11:09:01,0,5,0,0
52225,2025-03-02 11:09:19,0,8,0,0
85653,2025-03-02 11:11:28,0,4,0,0
58693,2025-03-02 11:12:58,1,2,0,0
77184,2025-03-02 11:12:58,1,6,0,0
81066,2025-03-02 11:18:34,0,5,0,0
51275,2025-03-02 11:22:53,0,6,0,0
86151,2025-03-02 11:28:53,0,2,0,0
57128,2025-03-02 11:48:45,1,6,0,0
1374,2025-03-02 11:49:19,0,4,0,0
44381,2025-03-02 11:50:10,0,8,0,0
2006,2025-03-02 11:53:55,1,10,1,201
97394,2025-03-02 12:15:49,1,5,0,0
3892,2025-03-02 12:23:00,0,7,0,0
40611,2025-03-02 12:29:29,0,10,0,0
47610,2025-03-02 12:32:23,1,5,1,515
44666,2025-03-02 12:37:01,0,8,1,653
56238,2025-03-02 12:43:21,1,4,1,284
20495,2025-03-02 12:46:16,0,5,1,266
23292,2025-03-02 12:53:38,0,5,1,717
99012,2025-03-02 13:03:15,0,4,0,0
84524,2025-03-02 13:05:52,1,5,1,433
64183,2025-03-02 13:16:23,0,6,0,0
97081,2025-03-02 13:23:40,1,6,0,0
56238,2025-03-02 13:25:52,0,3,0,0
88828,2025-03-02 13:50:51,0,9,0,0
70490,2025-03-02 13:53:44,0,16,0,0
86577,2025-03-02 13:55:23,0,4,1,350
64600,2025-03-02 13:58:34,0,7,0,0
37612,2025-03-02 13:58:41,0,3,1,206
17637,2025-03-02 13:59:15,1,8,1,464
86484,2025-03-02 14:02:48,1,7,1,387
25826,2025-03-02 14:34:50,1,3,0,0
18282,2025-03-02 14:38:36,0,5,0,0
89815,2025-03-02 14:39:44,0,7,0,0
61586,2025-03-02 14:44:45,0,4,1,320
42778,2025-03-02 14:45:21,1,6,0,0
83471,2025-03-02 15:03:31,1,8,0,0
60358,2025-03-02 15:06:54,0,3,0,0
76852,2025-03-02 15:10:25,0,6,1,475
44976,2025-03-02 15:11:07,0,6,0,0
19627,2025-03-02 15:13:07,0,9,0,0
38671,2025-03-02 15:24:22,1,10,0,0
70960,2025-03-02 15:24:48,1,3,0,0
46561,2025-03-02 15:26:02,1,6,1,253
53907,2025-03-02 15:41:42,0,5,0,0
78810,2025-03-02 15:43:50,0,8,0,0
26690,2025-03-02 15:50:48,0,3,0,0
51405,2025-03-02 15:51:11,0,8,0,0
89286,2025-03-02 15:53:30,0,8,0,0
5606,2025-03-02 15:58:04,0,7,0,0
71120,2025-03-02 15:59:33,1,4,1,323
70071,2025-03-02 16:07:20,0,5,0,0
12763,2025-03-02 16:17:49,1,3,0,0
89162,2025-03-02 16:18:22,0,7,1,517
64137,2025-03-02 16:28:23,0,8,0,0
38942,2025-03-02 16:35:58,0,9,0,0
1440,2025-03-02 16:54:30,0,5,0,0
93179,2025-03-02 17:07:15,1,7,0,0
99434,2025-03-02 17:15:11,1,3,0,0
89916,2025-03-02 17:15:35,1,2,0,0
18120,2025-03-02 17:27:37,0,7,1,198
81066,2025-03-02 17:32:27,0,7,0,0
77095,2025-03-02 17:38:30,1,9,0,0
6011,2025-03-02 17:58:36,0,3,1,406
13808,2025-03-02 17:59:09,1,4,1,373
81152,2025-03-02 18:05:08,1,1,0,0
20391,2025-03-02 18:09:12,0,3,1,221
79850,2025-03-02 18:35:12,0,7,0,0
38141,2025-03-02 18:38:33,0,6,0,0
3922,2025-03-02 18:47:50,0,8,1,429
22432,2025-03-02 18:49:22,0,7,0,0
2850,2025-03-02 18:55:52,0,9,0,0
2622,2025-03-02 18:57:52,0,3,0,0
95471,2025-03-02 19:05:01,0,4,1,351
74707,2025-03-02 19:09:10,0,4,1,193
64100,2025-03-02 19:12:17,0,6,0,0
91652,2025-03-02 19:21:04,0,6,0,0
68984,2025-03-02 19:22:04,0,7,0,0
27307,2025-03-02 19:26:15,0,8,0,0
13836,2025-03-02 19:27:57,1,5,0,0
1440,2025-03-02 19:53:14,1,5,1,430
38671,2025-03-02 19:56:42,0,3,0,0
64425,2025-03-02 20:03:35,0,8,0,0
425,2025-03-02 20:07:52,0,8,0,0
46300,2025-03-02 20:08:19,0,14,1,290
46841,2025-03-02 20:08:21,0,6,1,353
65806,2025-03-02 20:08:39,0,7,0,0
2949,2025-03-02 20:08:56,1,5,0,0
28688,2025-03-02 20:15:44,1,7,0,0
97394,2025-03-02 20:28:36,0,15,1,344
34006,2025-03-02 20:29:11,1,6,1,405
81225,2025-03-02 20:43:38,0,9,1,347
27367,2025-03-02 20:45:09,1,1,0,0
55431,2025-03-02 20:52:53,0,8,0,0
51137,2025-03-02 20:53:06,1,6,0,0
54347,2025-03-02 20:57:46,1,7,0,0
68187,2025-03-02 20:58:21,1,6,0,0
82458,2025-03-02 21:07:07,0,6,0,0
99781,2025-03-02 21:16:59,0,6,1,363
10231,2025-03-02 21:19:06,0,8,0,0
71706,2025-03-02 21:21:07,0,9,1,475
85460,2025-03-02 21:32:41,0,8,0,0
31712,2025-03-02 21:38:24,1,8,1,291
99202,2025-03-02 21:39:05,0,6,0,0
81762,2025-03-02 21:52:54,0,5,0,0
70071,2025-03-02 21:57:14,0,6,0,0
39363,2025-03-02 22:22:50,0,7,0,0
87064,2025-03-02 22:28:32,0,9,0,0
89021,2025-03-02 22:28:45,1,9,0,0
39195,2025-03-02 22:29:52,0,7,0,0
60078,2025-03-02 22:29:57,1,4,1,292
27116,2025-03-02 22:33:12,0,7,1,352
5687,2025-03-02 22:33:38,0,11,0,0
27307,2025-03-02 22:37:42,0,2,0,0
16552,2025-03-02 22:38:14,0,10,1,312
68841,2025-03-02 22:46:29,1,3,0,0
27974,2025-03-02 22:49:43,0,5,1,292
71997,2025-03-02 22:50:38,0,10,0,0
17379,2025-03-02 22:56:28,0,7,0,0
36632,2025-03-02 23:04:22,0,14,0,0
72504,2025-03-02 23:12:57,1,5,1,788
22689,2025-03-02 23:21:14,0,11,1,645
21803,2025-03-02 23:24:24,0,4,1,338
68748,2025-03-02 23:25:12,0,5,0,0
99202,2025-03-02 23:36:15,0,8,0,0
99434,2025-03-02 23:53:46,1,10,0,0
18282,2025-03-02 23:58:04,1,6,1,294
68181,2025-03-02 23:59:01,1,7,0,0
98221,2025-03-03 00:33:59,0,3,0,0
63133,2025-03-03 00:48:50,0,7,0,0
69773,2025-03-03 01:16:24,1,3,1,361
79349,2025-03-03 01:19:02,0,3,0,0
44268,2025-03-03 01:23:38,0,5,1,210
27947,2025-03-03 01:53:18,0,8,0,0
63133,2025-03-03 01:55:19,0,4,0,0
49381,2025-03-03 02:05:44,0,5,0,0
85185,2025-03-03 02:07:45,1,5,0,0
30676,2025-03-03 02:13:02,0,12,0,0
59463,2025-03-03 03:05:39,1,4,0,0
72504,2025-03-03 03:06:16,1,9,1,385
6421,2025-03-03 03:47:12,0,5,1,230
75296,2025-03-03 03:53:15,1,5,0,0
51275,2025-03-03 04:52:51,1,3,0,0
45064,2025-03-03 04:58:02,0,7,0,0
78746,2025-03-03 05:06:00,1,6,0,0
67090,2025-03-03 05:08:58,0,4,0,0
97657,2025-03-03 05:09:54,0,11,0,0
84305,2025-03-03 05:14:34,1,4,0,0
9967,2025-03-03 05:16:44,0,4,1,122
3095,2025-03-03 05:21:03,1,6,0,0
26789,2025-03-03 05:47:58,1,4,0,0
21644,2025-03-03 06:03:06,1,6,0,0
74779,2025-03-03 06:07:06,1,10,1,504
5566,2025-03-03 06:12:49,1,6,0,0
54602,2025-03-03 06:19:02,1,10,0,0
20915,2025-03-03 06:26:16,1,4,0,0
8420,2025-03-03 06:26:30,1,5,0,0
38895,2025-03-03 06:27:07,0,5,0,0
18283,2025-03-03 06:30:11,1,7,0,0
16522,2025-03-03 06:38:42,1,9,1,421
73036,2025-03-03 07:06:50,0,7,0,0
12959,2025-03-03 07:16:42,0,3,0,0
95397,2025-03-03 07:28:45,0,9,0,0
31137,2025-03-03 07:31:47,0,9,0,0
89096,2025-03-03 07:38:39,1,7,0,0
39777,2025-03-03 07:48:35,0,5,1,314
78617,2025-03-03 07:49:56,0,8,1,251
2800,2025-03-03 07:57:04,0,5,0,0
64325,2025-03-03 07:57:55,0,4,0,0
20915,2025-03-03 07:59:36,0,4,1,569
96578,2025-03-03 08:02:15,1,6,0,0
55375,2025-03-03 08:04:10,1,1,0,0
13808,2025-03-03 08:07:27,1,7,1,192
87064,2025-03-03 08:12:19,1,10,0,0
55812,2025-03-03 08:13:05,0,9,0,0
47610,2025-03-03 08:13:54,0,4,0,0
4770,2025-03-03 08:18:00,0,4,0,0
70792,2025-03-03 08:18:49,1,11,0,0
61011,2025-03-03 08:21:57,0,4,1,261
85629,2025-03-03 08:22:05,0,5,0,0
6936,2025-03-03 08:23:06,0,7,1,232
40606,2025-03-03 08:29:01,0,4,0,0
8420,2025-03-03 08:39:14,0,11,1,264
16552,2025-03-03 08:45:54,0,8,1,464
50021,2025-03-03 08:50:36,1,6,1,621
36406,2025-03-03 08:55:00,1,4,0,0
60242,2025-03-03 09:03:22,1,6,0,0
93156,2025-03-03 09:06:37,1,9,0,0
65368,2025-03-03 09:12:44,0,6,0,0
95402,2025-03-03 09:29:18,1,8,1,487
65518,2025-03-03 09:33:02,1,10,0,0
56198,2025-03-03 09:33:34,0,4,0,0
85611,2025-03-03 09:41:21,0,6,1,178
79654,2025-03-03 09:49:33,1,11,0,0
66726,2025-03-03 09:50:37,0,7,1,394
88286,2025-03-03 09:52:04,0,7,1,314
24304,2025-03-03 09:57:26,0,7,0,0
64600,2025-03-03 10:04:13,0,3,0,0
45995,2025-03-03 10:04:30,1,11,0,0
18105,2025-03-03 10:06:37,0,3,1,270
54602,2025-03-03 10:07:54,0,2,0,0
80014,2025-03-03 10:12:09,0,3,1,386
10651,2025-03-03 10:16:46,0,4,1,380
92076,2025-03-03 10:26:23,0,3,0,0
86553,2025-03-03 10:37:41,1,2,0,0
17231,2025-03-03 10:53:16,1,4,1,406
61586,2025-03-03 11:00:16,0,6,0,0
72302,2025-03-03 11:04:09,0,6,0,0
88988,2025-03-03 11:12:55,0,9,0,0
97701,2025-03-03 11:19:07,0,7,0,0
62646,2025-03-03 11:19:36,0,6,0,0
46854,2025-03-03 11:26:02,0,9,0,0
72302,2025-03-03 11:53:33,0,7,1,240
36541,2025-03-03 11:56:29,0,3,1,511
24981,2025-03-03 11:57:44,0,6,0,0
10023,2025-03-03 12:13:17,0,4,0,0
26550,2025-03-03 12:13:42,0,6,0,0
9544,2025-03-03 12:21:49,0,3,0,0
2755,2025-03-03 12:26:54,1,8,0,0
68610,2025-03-03 12:33:40,1,2,0,0
86151,2025-03-03 12:40:48,0,8,1,423
57128,2025-03-03 12:41:19,0,8,0,0
56625,2025-03-03 12:50:15,1,6,1,207
53362,2025-03-03 12:51:39,1,6,0,0
7951,2025-03-03 12:52:38,0,8,0,0
11905,2025-03-03 12:55:03,0,5,1,289
84726,2025-03-03 12:58:17,0,6,0,0
82808,2025-03-03 12:58:35,0,8,0,0
82791,2025-03-03 13:01:19,0,6,0,0
83321,2025-03-03 13:03:40,0,7,0,0
27765,2025-03-03 13:04:58,1,5,0,0
3234,2025-03-03 13:18:29,1,6,0,0
74179,2025-03-03 13:20:17,0,6,0,0
26879,2025-03-03 13:21:08,1,9,1,203
81231,2025-03-03 13:21:27,0,5,1,237
33189,2025-03-03 13:27:05,0,4,0,0
31813,2025-03-03 13:32:22,0,4,0,0
32755,2025-03-03 13:32:40,0,7,1,205
64325,2025-03-03 13:36:33,1,4,0,0
7951,2025-03-03 13:44:55,0,5,1,249
4247,2025-03-03 13:47:50,0,3,0,0
85849,2025-03-03 13:58:21,1,6,1,236
86147,2025-03-03 13:59:49,1,6,0,0
57879,2025-03-03 14:01:01,0,5,0,0
11905,2025-03-03 14:09:33,0,7,0,0
35286,2025-03-03 14:11:22,0,7,1,553
28903,2025-03-03 14:13:22,0,2,0,0
32003,2025-03-03 14:21:49,1,8,1,352
97394,2025-03-03 14:23:43,0,8,1,418
56607,2025-03-03 14:29:27,1,6,1,172
77115,2025-03-03 14:32:32,0,8,0,0
34125,2025-03-03 14:35:00,0,9,1,342
79574,2025-03-03 14:35:36,0,6,0,0
85339,2025-03-03 14:50:55,0,4,0,0
95363,2025-03-03 14:54:32,0,5,0,0
68712,2025-03-03 15:10:59,1,4,0,0
97089,2025-03-03 15:13:50,0,4,0,0
43010,2025-03-03 15:15:40,1,6,0,0
91538,2025-03-03 15:17:15,0,6,1,230
42778,2025-03-03 15:28:11,0,9,0,0
56814,2025-03-03 15:35:15,0,7,0,0
11853,2025-03-03 15:40:26,1,5,0,0
19718,2025-03-03 15:40:32,0,7,1,314
70523,2025-03-03 15:42:29,1,4,0,0
49390,2025-03-03 15:46:17,0,3,1,426
53615,2025-03-03 15:48:26,0,4,0,0
87529,2025-03-03 15:54:35,0,9,1,376
69199,2025-03-03 16:00:30,1,4,0,0
17953,2025-03-03 16:12:55,0,4,0,0
23657,2025-03-03 16:13:58,0,8,0,0
23343,2025-03-03 16:16:13,0,11,0,0
32140,2025-03-03 16:20:39,1,7,1,457
952,2025-03-03 16:22:27,0,9,0,0
19718,2025-03-03 16:25:05,1,8,1,274
77884,2025-03-03 16:31:29,0,8,1,207
12176,2025-03-03 16:35:09,0,6,0,0
59029,2025-03-03 16:35:41,1,4,0,0
48258,2025-03-03 16:40:13,0,5,0,0
93579,2025-03-03 16:47:09,0,9,0,0
57345,2025-03-03 16:55:36,0,3,1,154
63133,2025-03-03 16:58:36,1,13,1,300
63029,2025-03-03 17:03:19,0,3,0,0
55626,2025-03-03 17:15:10,0,6,0,0
6287,2025-03-03 17:34:38,1,7,0,0
56607,2025-03-03 17:39:28,0,6,0,0
18205,2025-03-03 17:40:54,0,6,0,0
87184,2025-03-03 17:51:39,1,12,1,632
45120,2025-03-03 17:52:33,1,11,0,0
3193,2025-03-03 17:55:34,0,5,0,0
90247,2025-03-03 18:04:53,1,3,0,0
10367,2025-03-03 18:11:06,0,6,0,0
49660,2025-03-03 18:14:15,1,6,0,0
48664,2025-03-03 18:15:39,1,5,1,301
45577,2025-03-03 18:26:10,0,5,0,0
9787,2025-03-03 18:28:51,1,6,0,0
2800,2025-03-03 18:31:15,0,8,0,0
38369,2025-03-03 18:36:32,1,5,0,0
62680,2025-03-03 18:43:43,0,2,1,668
25801,2025-03-03 18:47:13,0,4,0,0
36558,2025-03-03 18:49:16,0,3,0,0
15303,2025-03-03 19:15:27,1,4,0,0
45361,2025-03-03 19:27:41,0,4,1,344
96920,2025-03-03 19:32:40,0,5,0,0
26883,2025-03-03 19:36:29,0,4,0,0
16728,2025-03-03 19:56:18,0,3,1,440
11254,2025-03-03 19:58:51,0,5,0,0
13285,2025-03-03 19:59:24,0,11,0,0
49070,2025-03-03 20:00:54,1,5,1,266
91538,2025-03-03 20:07:44,0,3,0,0
8648,2025-03-03 20:25:32,0,8,0,0
81339,2025-03-03 20:27:28,0,9,1,170
40622,2025-03-03 20:40:48,0,8,1,259
64137,2025-03-03 20:43:01,0,7,0,0
21852,2025-03-03 20:43:40,0,4,0,0
31712,2025-03-03 20:45:19,0,5,1,302
31137,2025-03-03 20:52:36,1,5,0,0
37632,2025-03-03 20:59:32,0,9,0,0
95584,2025-03-03 21:04:40,0,6,1,511
86484,2025-03-03 21:15:33,0,6,1,357
45064,2025-03-03 21:17:35,0,6,0,0
68778,2025-03-03 21:23:53,1,7,0,0
21007,2025-03-03 21:50:48,1,8,0,0
57866,2025-03-03 21:54:45,0,9,1,415
45851,2025-03-03 22:04:40,1,6,0,0
36558,2025-03-03 22:08:13,0,7,1,269
21852,2025-03-03 22:09:17,1,9,1,295
74136,2025-03-03 22:09:22,0,7,1,172
49070,2025-03-03 22:14:10,1,4,0,0
44210,2025-03-03 22:17:45,1,10,0,0
10406,2025-03-03 22:18:03,0,5,1,256
16188,2025-03-03 22:21:54,0,11,0,0
28041,2025-03-03 22:28:52,0,4,0,0
64100,2025-03-03 22:41:45,0,6,0,0
70754,2025-03-03 22:51:20,0,1,0,0
48742,2025-03-03 22:54:22,0,7,0,0
24356,2025-03-03 23:03:14,0,5,0,0
49341,2025-03-03 23:05:07,1,8,0,0
23657,2025-03-03 23:05:50,0,6,0,0
77080,2025-03-03 23:21:34,0,8,0,0
97509,2025-03-03 23:26:13,1,8,1,300
62680,2025-03-03 23:27:56,0,7,0,0
55675,2025-03-03 23:43:43,0,7,0,0
45824,2025-03-03 23:48:34,0,7,0,0
24891,2025-03-03 23:50:09,1,5,0,0
5687,2025-03-03 23:56:58,1,7,1,338
92016,2025-03-03 23:58:33,0,10,0,0
6852,2025-03-04 00:09:39,0,6,1,230
21007,2025-03-04 00:22:56,0,7,0,0
36636,2025-03-04 00:48:23,0,7,1,394
36167,2025-03-04 00:54:39,0,3,0,0
11254,2025-03-04 01:01:48,0,8,1,321
22822,2025-03-04 01:05:38,1,9,0,0
97465,2025-03-04 01:24:59,0,7,0,0
71192,2025-03-04 01:27:18,1,4,0,0
59718,2025-03-04 02:03:18,0,8,1,244
93654,2025-03-04 02:39:05,0,4,0,0
21072,2025-03-04 02:54:16,0,8,0,0
92790,2025-03-04 02:56:13,0,6,0,0
65313,2025-03-04 03:34:44,0,4,0,0
45289,2025-03-04 03:43:54,0,4,0,0
35216,2025-03-04 03:45:23,0,3,0,0
49390,2025-03-04 03:46:08,0,3,0,0
56214,2025-03-04 03:49:09,0,7,1,472
17663,2025-03-04 04:07:08,0,5,0,0
73692,2025-03-04 04:18:41,0,8,0,0
19023,2025-03-04 04:21:40,0,5,0,0
71,2025-03-04 04:38:41,0,8,0,0
78554,2025-03-04 04:39:42,0,3,0,0
70290,2025-03-04 04:42:30,0,7,1,412
34006,2025-03-04 04:53:24,0,10,1,208
39195,2025-03-04 04:56:42,0,4,0,0
1876,2025-03-04 05:25:27,1,5,1,351
41720,2025-03-04 05:38:52,0,8,0,0
69813,2025-03-04 05:54:36,0,9,1,457
36112,2025-03-04 06:03:52,1,3,1,455
9178,2025-03-04 06:27:41,0,8,1,244
43521,2025-03-04 06:55:25,0,6,0,0
32140,2025-03-04 07:01:45,0,10,0,0
2954,2025-03-04 07:34:48,1,11,0,0
6421,2025-03-04 07:46:44,1,3,0,0
31171,2025-03-04 08:00:15,1,3,0,0
87184,2025-03-04 08:18:59,0,4,0,0
77115,2025-03-04 08:28:37,0,5,0,0
61783,2025-03-04 08:32:29,1,6,1,269
35447,2025-03-04 08:36:29,0,8,0,0
43583,2025-03-04 08:39:47,0,6,0,0
39874,2025-03-04 08:43:44,0,3,1,299
97701,2025-03-04 08:46:29,1,6,1,182
70222,2025-03-04 08:56:10,0,7,0,0
20681,2025-03-04 08:57:40,1,7,1,570
17379,2025-03-04 09:02:26,0,7,0,0
94626,2025-03-04 09:09:02,1,9,1,260
83153,2025-03-04 09:11:10,0,6,0,0
92016,2025-03-04 09:14:23,0,4,1,315
52127,2025-03-04 09:14:30,0,3,0,0
85631,2025-03-04 09:19:55,0,5,0,0
87864,2025-03-04 09:27:57,0,10,0,0
89437,2025-03-04 09:38:35,0,4,0,0
55526,2025-03-04 09:41:14,0,4,1,320
63860,2025-03-04 09:49:38,1,6,0,0
40862,2025-03-04 09:57:55,0,7,0,0
41018,2025-03-04 10:00:41,0,5,1,271
58917,2025-03-04 10:05:21,1,8,0,0
55605,2025-03-04 10:06:25,0,8,0,0
94626,2025-03-04 10:07:10,0,4,0,0
18040,2025-03-04 10:08:10,0,7,0,0
32209,2025-03-04 10:09:19,0,6,0,0
1440,2025-03-04 10:15:41,1,5,1,266
17016,2025-03-04 10:29:42,0,3,0,0
14635,2025-03-04 10:32:24,0,10,0,0
67754,2025-03-04 10:35:08,0,8,0,0
99262,2025-03-04 10:48:41,1,3,1,406
62646,2025-03-04 10:53:21,1,4,0,0
73031,2025-03-04 10:56:48,0,5,0,0
17844,2025-03-04 10:57:43,0,1,0,0
69450,2025-03-04 11:03:21,0,9,0,0
63487,2025-03-04 11:07:03,0,5,0,0
39195,2025-03-04 11:09:02,1,6,0,0
9000,2025-03-04 11:16:38,1,4,0,0
49615,2025-03-04 11:22:00,1,3,0,0
84848,2025-03-04 11:33:55,0,7,1,400
17844,2025-03-04 11:37:03,1,3,0,0
92248,2025-03-04 11:45:44,0,5,1,374
44143,2025-03-04 11:46:46,0,12,0,0
51163,2025-03-04 11:58:37,0,7,0,0
3193,2025-03-04 12:01:32,0,7,1,257
20681,2025-03-04 12:01:52,0,5,0,0
37632,2025-03-04 12:04:03,0,1,0,0
95397,2025-03-04 12:06:20,0,6,0,0
24489,2025-03-04 12:06:55,1,9,1,233
77720,2025-03-04 12:10:20,0,6,1,498
97720,2025-03-04 12:11:10,0,11,0,0
71546,2025-03-04 12:19:06,1,6,0,0
69930,2025-03-04 12:24:01,0,7,1,458
45361,2025-03-04 12:32:33,0,6,0,0
79511,2025-03-04 12:35:27,0,4,0,0
21388,2025-03-04 12:38:21,0,6,0,0
89096,2025-03-04 12:41:16,1,7,1,272
93858,2025-03-04 12:43:06,1,5,0,0
66298,2025-03-04 12:46:58,1,5,0,0
26595,2025-03-04 12:54:19,0,10,1,331
2433,2025-03-04 12:55:07,0,5,0,0
18040,2025-03-04 12:55:39,1,8,1,797
89252,2025-03-04 13:05:03,0,3,0,0
60484,2025-03-04 13:09:42,0,5,1,362
67499,2025-03-04 13:13:59,0,9,0,0
93654,2025-03-04 13:23:06,0,10,0,0
46612,2025-03-04 13:38:01,0,9,0,0
30798,2025-03-04 13:41:54,0,7,1,334
55520,2025-03-04 13:47:16,0,9,0,0
3714,2025-03-04 13:54:52,0,5,1,269
80607,2025-03-04 13:59:30,0,9,0,0
62526,2025-03-04 13:59:34,1,5,1,300
25801,2025-03-04 14:00:11,1,4,0,0
34151,2025-03-04 14:33:04,0,2,0,0
25432,2025-03-04 14:53:03,0,6,0,0
9849,2025-03-04 15:04:38,0,9,0,0
92330,2025-03-04 15:19:03,0,6,0,0
91745,2025-03-04 15:20:54,0,3,0,0
36533,2025-03-04 15:21:22,0,7,0,0
43521,2025-03-04 15:24:44,0,4,0,0
17016,2025-03-04 15:28:57,0,6,1,278
6389,2025-03-04 15:29:27,0,10,0,0
31171,2025-03-04 15:30:44,0,4,1,426
77184,2025-03-04 15:38:23,1,5,0,0
16188,2025-03-04 15:38:35,0,4,0,0
12914,2025-03-04 15:53:06,0,5,0,0
75677,2025-03-04 15:54:56,0,6,0,0
44081,2025-03-04 16:02:15,1,0,0,0
32090,2025-03-04 16:15:43,0,7,0,0
62490,2025-03-04 16:27:34,0,9,0,0
86029,2025-03-04 16:29:35,0,4,1,223
66669,2025-03-04 16:41:32,0,10,0,0
61783,2025-03-04 16:54:46,0,7,0,0
86767,2025-03-04 17:06:51,1,3,0,0
31171,2025-03-04 17:10:17,1,6,0,0
93858,2025-03-04 17:10:58,0,6,0,0
43517,2025-03-04 17:17:40,0,3,1,259
74779,2025-03-04 17:22:41,0,8,1,477
79349,2025-03-04 17:34:21,0,8,1,647
14600,2025-03-04 17:34:56,1,8,0,0
19023,2025-03-04 17:41:29,1,7,0,0
73806,2025-03-04 17:47:43,1,9,0,0
9807,2025-03-04 17:49:41,0,5,1,427
41107,2025-03-04 18:03:14,0,7,0,0
24793,2025-03-04 18:06:18,0,5,0,0
62938,2025-03-04 18:06:31,0,8,0,0
27318,2025-03-04 18:07:36,0,4,1,251
70290,2025-03-04 18:08:37,1,5,0,0
46873,2025-03-04 18:14:30,0,5,0,0
13087,2025-03-04 18:19:56,0,5,0,0
88460,2025-03-04 18:25:14,1,5,0,0
96950,2025-03-04 18:29:43,0,7,1,286
59106,2025-03-04 18:36:28,0,9,0,0
93724,2025-03-04 18:36:37,0,2,0,0
55598,2025-03-04 18:37:07,0,9,0,0
79831,2025-03-04 18:51:27,1,3,0,0
99576,2025-03-04 19:00:07,0,11,0,0
26883,2025-03-04 19:24:30,0,3,0,0
77095,2025-03-04 19:28:13,0,5,0,0
36098,2025-03-04 19:38:08,0,11,0,0
77080,2025-03-04 19:44:03,0,6,0,0
17663,2025-03-04 19:48:34,1,8,0,0
29784,2025-03-04 19:53:03,1,3,0,0
18205,2025-03-04 19:55:28,1,10,0,0
69813,2025-03-04 19:59:27,0,12,0,0
34151,2025-03-04 20:25:41,0,12,0,0
5880,2025-03-04 20:26:20,0,5,0,0
49381,2025-03-04 20:32:46,0,7,0,0
56283,2025-03-04 20:44:19,0,9,0,0
76250,2025-03-04 20:52:07,1,8,0,0
11684,2025-03-04 20:55:13,1,4,0,0
42603,2025-03-04 21:02:52,0,10,1,256
51901,2025-03-04 21:14:39,0,7,0,0
94505,2025-03-04 21:22:21,1,9,0,0
72302,2025-03-04 21:22:40,1,5,0,0
50398,2025-03-04 21:24:46,0,6,0,0
93142,2025-03-04 21:27:48,0,7,0,0
9477,2025-03-04 21:36:18,0,8,0,0
82287,2025-03-04 21:45:50,0,9,0,0
53615,2025-03-04 21:52:43,1,3,0,0
73036,2025-03-04 21:57:04,0,2,1,434
86828,2025-03-04 22:02:06,1,3,0,0
90415,2025-03-04 22:03:00,0,5,0,0
73479,2025-03-04 22:26:39,0,8,1,820
58693,2025-03-04 22:33:01,1,7,0,0
17953,2025-03-04 22:33:06,0,7,0,0
82808,2025-03-04 22:33:27,0,5,0,0
97682,2025-03-04 22:41:31,0,7,0,0
97701,2025-03-04 22:42:59,0,4,0,0
25432,2025-03-04 22:43:50,1,8,0,0
81800,2025-03-04 22:46:01,1,8,1,269
36133,2025-03-04 22:50:43,0,9,1,831
92272,2025-03-04 22:59:42,0,7,1,318
47176,2025-03-04 23:03:00,0,4,1,350
39441,2025-03-04 23:03:33,0,1,1,428
8081,2025-03-04 23:05:27,0,6,0,0
60712,2025-03-04 23:16:29,1,8,1,440
67754,2025-03-04 23:19:21,0,8,0,0
95682,2025-03-04 23:19:43,0,7,0,0
16458,2025-03-04 23:22:13,0,5,1,529
22864,2025-03-04 23:23:18,0,9,0,0
6491,2025-03-04 23:39:56,1,8,1,697
90838,2025-03-04 23:43:04,0,5,0,0
52127,2025-03-04 23:43:37,0,9,1,264
6491,2025-03-04 23:46:39,1,8,0,0
8415,2025-03-05 00:16:10,0,6,0,0
73479,2025-03-05 00:28:14,0,4,0,0
17231,2025-03-05 00:38:28,0,5,0,0
28688,2025-03-05 00:45:56,0,8,1,194
30234,2025-03-05 00:46:28,1,10,0,0
99444,2025-03-05 01:04:40,1,4,0,0
87124,2025-03-05 01:22:41,0,8,0,0
71693,2025-03-05 01:33:09,0,2,0,0
34272,2025-03-05 01:36:26,0,7,0,0
32845,2025-03-05 02:02:35,0,5,1,233
46401,2025-03-05 02:02:56,0,4,0,0
21803,2025-03-05 02:07:04,0,3,0,0
32212,2025-03-05 02:12:01,0,8,1,246
46342,2025-03-05 02:38:02,0,4,0,0
942,2025-03-05 03:04:45,0,10,1,380
7226,2025-03-05 03:09:48,1,8,0,0
22149,2025-03-05 03:52:08,1,13,1,312
24356,2025-03-05 03:53:52,0,7,0,0
20391,2025-03-05 04:16:08,1,4,0,0
90378,2025-03-05 04:32:58,0,8,1,396
22980,2025-03-05 04:37:47,0,6,0,0
88425,2025-03-05 04:43:24,0,4,0,0
7433,2025-03-05 04:55:34,0,10,1,157
2433,2025-03-05 05:02:15,0,7,0,0
80637,2025-03-05 05:09:48,0,6,1,209
56625,2025-03-05 05:10:01,0,10,0,0
53868,2025-03-05 05:23:39,1,2,1,299
27775,2025-03-05 05:29:22,0,5,0,0
81225,2025-03-05 05:51:46,0,6,0,0
77238,2025-03-05 06:01:49,1,7,0,0
20915,2025-03-05 06:14:28,0,4,0,0
24981,2025-03-05 06:37:04,1,1,0,0
82729,2025-03-05 06:53:33,0,5,0,0
51901,2025-03-05 07:11:09,0,5,0,0
46561,2025-03-05 07:16:57,0,5,1,260
91538,2025-03-05 07:30:53,0,3,1,330
50312,2025-03-05 07:35:23,0,7,0,0
97328,2025-03-05 07:37:09,1,2,0,0
21803,2025-03-05 07:47:12,0,7,1,176
59844,2025-03-05 07:49:15,0,13,1,281
18243,2025-03-05 07:51:56,0,6,0,0
39363,2025-03-05 07:53:46,0,4,0,0
18011,2025-03-05 08:10:39,0,8,0,0
17016,2025-03-05 08:11:09,0,9,0,0
40952,2025-03-05 08:22:15,0,2,0,0
8652,2025-03-05 08:24:50,1,7,0,0
38036,2025-03-05 08:36:19,0,7,0,0
22417,2025-03-05 08:40:49,0,11,1,419
74520,2025-03-05 08:48:34,1,8,0,0
31171,2025-03-05 08:53:52,0,2,0,0
30798,2025-03-05 08:56:19,1,8,0,0
10204,2025-03-05 09:03:59,1,6,1,420
17414,2025-03-05 09:05:32,0,8,0,0
82188,2025-03-05 09:10:20,0,3,1,629
36094,2025-03-05 09:17:59,0,2,1,343
40725,2025-03-05 09:30:16,0,6,1,393
64038,2025-03-05 09:34:08,0,5,0,0
65518,2025-03-05 09:36:31,1,7,1,363
70222,2025-03-05 09:45:30,0,5,0,0
4867,2025-03-05 09:50:49,0,7,0,0
56642,2025-03-05 10:00:15,1,4,0,0
26198,2025-03-05 10:08:31,0,8,0,0
11969,2025-03-05 10:23:30,0,6,1,446
71997,2025-03-05 10:28:31,1,7,0,0
15173,2025-03-05 10:35:26,1,5,0,0
38807,2025-03-05 10:47:51,0,8,0,0
38975,2025-03-05 10:58:13,0,6,0,0
44578,2025-03-05 11:07:03,0,7,0,0
95707,2025-03-05 11:08:19,1,7,0,0
58117,2025-03-05 11:13:12,0,9,1,352
2130,2025-03-05 11:28:37,0,8,0,0
54427,2025-03-05 11:36:52,0,2,0,0
2784,2025-03-05 11:43:22,0,6,1,255
25826,2025-03-05 11:44:32,0,7,0,0
97605,2025-03-05 11:47:16,0,4,1,376
41186,2025-03-05 11:47:39,0,6,1,382
85420,2025-03-05 11:47:49,1,13,0,0
87236,2025-03-05 11:51:07,0,6,0,0
20915,2025-03-05 11:51:08,0,7,0,0
23803,2025-03-05 11:52:16,0,6,0,0
2009,2025-03-05 12:02:37,0,9,0,0
2784,2025-03-05 12:13:00,0,7,0,0
91660,2025-03-05 12:15:02,0,5,0,0
30550,2025-03-05 12:32:41,1,8,0,0
94302,2025-03-05 12:40:23,0,7,1,297
5687,2025-03-05 12:42:37,0,7,0,0
26091,2025-03-05 12:44:13,1,3,1,349
38640,2025-03-05 12:44:45,0,5,0,0
24175,2025-03-05 12:45:27,1,6,0,0
45515,2025-03-05 12:49:27,0,8,1,281
35286,2025-03-05 12:51:22,0,7,0,0
4764,2025-03-05 12:57:24,0,5,0,0
97394,2025-03-05 12:58:40,0,10,0,0
22816,2025-03-05 13:01:29,1,7,1,176
19627,2025-03-05 13:05:52,0,3,0,0
40181,2025-03-05 13:10:14,0,6,0,0
56043,2025-03-05 13:13:50,1,4,0,0
39363,2025-03-05 13:14:12,1,5,0,0
65518,2025-03-05 13:17:12,0,8,0,0
44671,2025-03-05 13:21:02,0,6,0,0
74447,2025-03-05 13:23:22,0,7,0,0
82278,2025-03-05 13:29:23,0,5,0,0
61320,2025-03-05 13:33:15,0,8,0,0
52534,2025-03-05 13:48:15,1,5,0,0
9544,2025-03-05 13:53:28,1,4,1,836
90214,2025-03-05 14:03:24,0,5,0,0
73172,2025-03-05 14:10:41,0,5,0,0
71997,2025-03-05 14:11:56,0,5,1,298
12525,2025-03-05 14:18:30,0,10,0,0
44199,2025-03-05 14:21:24,0,3,0,0
88425,2025-03-05 14:22:05,0,2,0,0
57866,2025-03-05 14:22:12,0,4,0,0
9975,2025-03-05 14:25:01,0,8,1,320
55605,2025-03-05 14:25:34,1,6,0,0
87583,2025-03-05 14:29:00,0,11,0,0
63918,2025-03-05 14:54:14,0,6,0,0
27775,2025-03-05 15:11:51,0,6,0,0
36112,2025-03-05 15:12:13,0,9,1,441
63612,2025-03-05 15:12:25,1,7,0,0
40952,2025-03-05 15:17:44,0,2,0,0
34727,2025-03-05 15:24:44,0,11,0,0
29459,2025-03-05 15:33:00,0,6,1,486
63344,2025-03-05 15:33:48,0,6,0,0
90935,2025-03-05 15:34:56,0,7,0,0
26439,2025-03-05 15:49:01,0,6,0,0
96920,2025-03-05 15:51:04,0,7,0,0
62271,2025-03-05 15:59:31,1,3,0,0
11260,2025-03-05 16:08:08,0,3,1,636
8367,2025-03-05 16:11:40,0,6,0,0
8648,2025-03-05 16:25:59,0,7,0,0
13088,2025-03-05 16:26:39,0,8,0,0
23425,2025-03-05 16:27:13,0,4,0,0
55675,2025-03-05 16:29:24,1,12,0,0
77692,2025-03-05 16:42:25,1,4,0,0
84264,2025-03-05 16:42:57,0,7,1,312
86585,2025-03-05 16:50:07,0,6,1,674
88079,2025-03-05 16:56:07,0,3,1,339
92410,2025-03-05 16:59:43,0,4,1,423
236,2025-03-05 17:23:35,0,4,0,0
83667,2025-03-05 17:37:51,0,3,1,348
2029,2025-03-05 17:41:01,0,7,0,0
25818,2025-03-05 17:53:12,0,7,0,0
28309,2025-03-05 17:57:12,1,4,0,0
26822,2025-03-05 17:58:24,0,6,1,352
71693,2025-03-05 18:04:37,0,10,0,0
70523,2025-03-05 18:21:42,0,4,0,0
71,2025-03-05 18:25:31,0,6,0,0
51663,2025-03-05 18:33:02,1,2,0,0
96578,2025-03-05 18:34:55,1,7,0,0
7564,2025-03-05 18:45:12,0,6,0,0
79041,2025-03-05 18:47:03,0,4,0,0
52127,2025-03-05 19:01:50,0,5,0,0
76852,2025-03-05 19:03:57,1,7,0,0
86767,2025-03-05 19:07:23,1,4,1,436
31878,2025-03-05 19:16:28,0,4,0,0
63062,2025-03-05 19:20:55,0,5,0,0
79943,2025-03-05 19:21:30,0,4,1,318
16458,2025-03-05 19:23:09,0,6,1,371
40311,2025-03-05 19:30:20,0,7,1,358
35216,2025-03-05 19:31:33,1,10,0,0
71215,2025-03-05 19:33:02,1,5,1,291
10790,2025-03-05 19:40:41,0,6,1,405
66455,2025-03-05 19:43:06,0,7,1,339
2784,2025-03-05 19:51:11,0,9,1,460
12525,2025-03-05 19:54:30,0,5,0,0
86973,2025-03-05 20:02:44,0,9,0,0
71576,2025-03-05 20:04:56,0,4,1,148
4144,2025-03-05 20:05:12,1,7,0,0
26789,2025-03-05 20:07:01,0,7,1,422
22816,2025-03-05 20:22:40,0,4,1,225
88135,2025-03-05 20:25:37,0,4,0,0
61011,2025-03-05 20:26:02,0,7,0,0
17711,2025-03-05 20:32:31,0,9,0,0
42619,2025-03-05 20:35:07,0,1,0,0
66013,2025-03-05 20:37:12,1,7,0,0
66220,2025-03-05 20:43:05,0,7,0,0
15382,2025-03-05 20:43:08,0,6,1,212
63198,2025-03-05 20:46:18,0,3,0,0
41003,2025-03-05 20:49:55,0,5,0,0
66261,2025-03-05 20:52:13,1,7,0,0
52001,2025-03-05 20:58:10,0,6,0,0
97701,2025-03-05 21:07:42,0,7,1,698
13181,2025-03-05 21:29:21,0,5,0,0
61862,2025-03-05 21:33:32,1,4,1,232
43617,2025-03-05 21:34:38,1,6,0,0
60520,2025-03-05 21:39:47,0,6,0,0
22139,2025-03-05 21:46:36,1,4,1,460
98633,2025-03-05 21:49:24,1,3,1,291
91538,2025-03-05 21:54:09,0,8,0,0
26755,2025-03-05 21:57:12,0,4,0,0
34425,2025-03-05 21:57:39,0,3,1,217
26198,2025-03-05 21:58:25,0,4,0,0
77692,2025-03-05 22:06:42,1,7,0,0
99171,2025-03-05 22:20:37,0,6,0,0
15173,2025-03-05 22:48:41,0,4,0,0
17379,2025-03-05 22:52:03,0,4,1,401
40351,2025-03-05 23:02:48,1,4,0,0
77954,2025-03-05 23:05:31,0,4,0,0
50220,2025-03-05 23:16:38,1,6,0,0
64775,2025-03-05 23:17:53,0,7,1,601
41720,2025-03-05 23:38:32,0,7,0,0
59029,2025-03-05 23:47:00,1,5,0,0
44666,2025-03-05 23:47:11,0,6,0,0
44421,2025-03-05 23:48:30,0,6,0,0
29867,2025-03-05 23:51:12,1,4,1,237
8731,2025-03-06 00:00:13,0,5,1,411
81006,2025-03-06 00:04:19,0,2,1,258
31557,2025-03-06 00:28:26,0,7,1,377
12183,2025-03-06 00:31:27,0,6,0,0
92998,2025-03-06 00:59:39,0,9,0,0
97288,2025-03-06 01:20:58,0,10,0,0
6287,2025-03-06 01:26:39,0,6,1,520
77954,2025-03-06 01:43:52,0,4,0,0
29459,2025-03-06 02:00:10,1,6,1,346
10023,2025-03-06 02:14:35,0,4,0,0
96118,2025-03-06 02:36:10,1,3,1,325
86976,2025-03-06 03:18:31,0,6,0,0
32026,2025-03-06 03:23:12,0,7,0,0
63920,2025-03-06 04:11:57,0,9,0,0
36835,2025-03-06 04:32:56,0,7,0,0
91379,2025-03-06 04:35:32,0,2,0,0
86147,2025-03-06 04:40:25,0,5,1,212
50248,2025-03-06 04:52:06,0,8,0,0
79831,2025-03-06 04:54:28,1,4,0,0
41129,2025-03-06 04:54:39,0,9,0,0
50473,2025-03-06 05:05:59,1,5,0,0
85629,2025-03-06 05:22:08,1,13,0,0
66220,2025-03-06 05:41:09,1,4,0,0
46855,2025-03-06 05:49:41,0,5,0,0
13578,2025-03-06 06:23:10,1,5,0,0
13808,2025-03-06 07:18:32,0,11,0,0
57896,2025-03-06 07:56:20,1,6,1,322
15479,2025-03-06 08:16:41,0,6,1,517
62938,2025-03-06 08:18:12,0,6,0,0
80607,2025-03-06 08:19:54,0,6,0,0
71215,2025-03-06 08:28:57,0,5,1,253
88258,2025-03-06 08:36:20,1,4,0,0
1477,2025-03-06 08:54:36,1,8,1,392
57896,2025-03-06 09:02:04,0,5,0,0
95707,2025-03-06 09:05:18,0,8,1,527
60210,2025-03-06 09:11:12,0,6,1,562
64952,2025-03-06 09:14:24,1,5,0,0
57298,2025-03-06 09:21:18,1,5,0,0
97682,2025-03-06 09:22:40,0,8,1,234
18290,2025-03-06 09:32:15,0,6,0,0
77832,2025-03-06 09:43:35,1,7,1,213
62671,2025-03-06 09:45:45,0,9,0,0
40578,2025-03-06 10:17:57,0,6,0,0
57394,2025-03-06 10:19:35,0,9,1,202
63029,2025-03-06 10:31:06,0,8,0,0
97605,2025-03-06 10:31:35,0,3,1,404
86484,2025-03-06 10:31:39,1,5,1,417
37924,2025-03-06 10:33:44,1,8,0,0
76899,2025-03-06 10:33:48,1,5,0,0
27102,2025-03-06 10:34:38,1,9,0,0
42624,2025-03-06 10:37:07,0,2,0,0
62777,2025-03-06 10:37:54,0,5,0,0
31003,2025-03-06 10:42:03,1,12,0,0
38640,2025-03-06 10:45:45,1,8,0,0
86147,2025-03-06 11:00:49,0,8,0,0
38369,2025-03-06 11:01:36,0,7,0,0
39715,2025-03-06 11:09:51,1,5,0,0
22417,2025-03-06 11:10:08,0,9,0,0
88498,2025-03-06 11:12:50,0,3,1,517
72302,2025-03-06 11:19:29,0,10,1,324
88425,2025-03-06 11:28:41,1,9,0,0
99012,2025-03-06 11:31:19,0,3,1,523
89252,2025-03-06 11:34:14,1,9,0,0
87458,2025-03-06 11:34:35,0,1,0,0
9975,2025-03-06 11:38:16,1,1,1,181
60358,2025-03-06 11:47:53,0,8,0,0
70792,2025-03-06 11:49:06,0,5,1,673
10231,2025-03-06 11:53:13,0,9,1,442
84848,2025-03-06 11:54:50,0,4,0,0
68841,2025-03-06 11:57:33,1,4,0,0
76250,2025-03-06 12:01:11,0,11,0,0
42724,2025-03-06 12:02:51,0,11,1,345
97081,2025-03-06 12:11:16,0,7,0,0
55912,2025-03-06 12:12:48,0,5,1,413
17803,2025-03-06 12:13:50,0,6,1,271
77884,2025-03-06 12:33:50,0,7,0,0
8648,2025-03-06 12:38:08,0,3,0,0
86553,2025-03-06 12:43:36,0,2,1,558
78343,2025-03-06 12:45:55,0,6,1,145
22417,2025-03-06 12:50:47,0,3,0,0
29614,2025-03-06 13:10:29,1,13,0,0
20068,2025-03-06 13:11:06,1,4,0,0
3828,2025-03-06 13:23:46,0,10,1,311
34354,2025-03-06 13:25:13,0,9,0,0
97121,2025-03-06 13:45:31,0,9,0,0
8894,2025-03-06 13:48:56,0,6,1,406
13325,2025-03-06 13:55:58,0,7,0,0
6287,2025-03-06 14:05:59,1,9,0,0
31712,2025-03-06 14:17:21,0,2,0,0
30568,2025-03-06 14:20:23,0,4,0,0
43521,2025-03-06 14:22:29,1,7,0,0
60242,2025-03-06 14:26:42,0,5,0,0
97903,2025-03-06 14:31:17,0,4,0,0
19361,2025-03-06 14:32:19,0,6,0,0
90449,2025-03-06 14:42:21,0,7,0,0
18738,2025-03-06 14:46:34,0,3,0,0
16522,2025-03-06 14:50:19,0,5,0,0
29305,2025-03-06 14:50:49,1,9,1,326
95707,2025-03-06 15:20:41,0,2,1,471
5566,2025-03-06 15:23:22,0,6,0,0
63667,2025-03-06 15:31:11,1,7,1,242
24356,2025-03-06 15:52:55,0,7,1,538
71048,2025-03-06 15:53:54,1,5,0,0
60925,2025-03-06 16:07:35,0,5,1,327
41129,2025-03-06 16:16:00,0,5,0,0
88460,2025-03-06 16:26:52,0,4,0,0
60520,2025-03-06 16:30:29,0,4,0,0
66063,2025-03-06 16:31:16,0,3,0,0
17231,2025-03-06 16:36:29,1,9,1,347
36924,2025-03-06 16:42:52,0,8,0,0
45406,2025-03-06 16:50:07,0,7,1,218
21338,2025-03-06 16:50:33,0,4,0,0
46604,2025-03-06 16:51:26,0,5,0,0
71546,2025-03-06 16:58:45,0,8,0,0
50021,2025-03-06 16:59:43,1,8,1,166
64137,2025-03-06 17:02:07,0,5,0,0
33551,2025-03-06 17:03:55,0,8,0,0
54644,2025-03-06 17:03:56,0,8,1,299
71215,2025-03-06 17:17:34,1,4,1,337
31712,2025-03-06 17:21:14,0,6,1,293
5566,2025-03-06 17:22:50,0,5,1,242
41018,2025-03-06 17:24:44,0,7,1,132
78746,2025-03-06 17:46:44,1,6,1,269
14805,2025-03-06 17:48:32,0,5,0,0
26595,2025-03-06 17:49:23,0,7,0,0
13500,2025-03-06 17:52:19,0,6,0,0
89286,2025-03-06 18:02:50,0,7,1,331
40196,2025-03-06 18:08:21,1,3,0,0
33072,2025-03-06 18:15:11,1,2,0,0
97394,2025-03-06 18:15:54,0,2,1,345
23343,2025-03-06 18:18:23,1,5,0,0
19718,2025-03-06 18:23:41,0,6,0,0
27259,2025-03-06 18:25:50,0,5,1,308
89971,2025-03-06 18:29:00,0,3,1,237
16188,2025-03-06 18:34:39,1,5,0,0
72504,2025-03-06 18:35:22,0,6,0,0
88425,2025-03-06 18:53:06,0,4,0,0
44310,2025-03-06 18:54:30,0,6,0,0
84848,2025-03-06 18:55:27,0,5,0,0
49593,2025-03-06 18:56:16,1,4,0,0
16499,2025-03-06 19:02:28,0,5,1,244
75304,2025-03-06 19:27:57,1,4,0,0
59288,2025-03-06 19:39:47,1,2,0,0
40578,2025-03-06 19:41:01,0,4,1,345
4247,2025-03-06 19:46:08,0,2,1,520
36811,2025-03-06 19:58:06,1,9,0,0
88905,2025-03-06 20:13:29,0,4,0,0
82067,2025-03-06 20:19:17,0,9,0,0
8441,2025-03-06 20:23:06,1,4,1,492
89437,2025-03-06 20:29:24,0,10,0,0
51901,2025-03-06 20:30:10,0,9,0,0
38640,2025-03-06 20:33:20,0,3,0,0
77954,2025-03-06 20:38:40,1,6,0,0
97065,2025-03-06 20:42:30,1,5,0,0
22417,2025-03-06 20:45:06,0,7,0,0
64811,2025-03-06 21:09:47,0,2,0,0
58380,2025-03-06 21:36:10,0,6,0,0
68340,2025-03-06 21:44:45,1,2,1,194
85858,2025-03-06 22:16:17,0,4,1,378
50428,2025-03-06 22:24:08,0,10,1,248
77184,2025-03-06 22:25:46,1,7,0,0
20414,2025-03-06 22:27:01,1,7,0,0
60712,2025-03-06 22:34:10,0,3,0,0
88258,2025-03-06 22:36:24,1,6,0,0
44210,2025-03-06 22:37:46,0,5,0,0
97720,2025-03-06 22:41:55,0,1,0,0
18308,2025-03-06 22:47:57,0,4,0,0
88295,2025-03-06 22:56:09,0,5,0,0
45831,2025-03-06 22:56:29,0,4,0,0
18145,2025-03-06 23:01:28,0,4,0,0
12125,2025-03-06 23:05:16,0,11,1,459
32290,2025-03-06 23:06:03,1,4,0,0
33189,2025-03-06 23:08:03,0,5,0,0
11254,2025-03-06 23:10:57,0,9,1,426
13500,2025-03-06 23:12:05,1,8,0,0
68505,2025-03-06 23:16:39,0,2,0,0
53362,2025-03-06 23:19:00,0,7,0,0
31474,2025-03-06 23:20:13,1,3,0,0
12763,2025-03-06 23:21:10,0,7,1,172
21012,2025-03-06 23:24:00,1,6,0,0
73806,2025-03-06 23:30:52,0,5,0,0
86553,2025-03-06 23:39:22,0,4,0,0
1067,2025-03-06 23:52:16,1,3,1,397
24891,2025-03-06 23:54:52,0,6,0,0
38141,2025-03-07 00:11:25,1,5,1,438
21000,2025-03-07 00:24:44,0,5,1,427
73189,2025-03-07 00:30:11,0,4,0,0
18527,2025-03-07 00:36:32,1,3,0,0
9103,2025-03-07 00:38:55,0,10,0,0
28644,2025-03-07 00:53:47,1,8,0,0
90162,2025-03-07 00:58:41,1,9,1,297
82188,2025-03-07 01:40:02,1,9,1,244
24304,2025-03-07 02:01:49,0,2,0,0
22149,2025-03-07 02:22:01,0,4,0,0
98221,2025-03-07 02:26:55,1,11,1,374
72111,2025-03-07 02:33:06,1,6,0,0
67431,2025-03-07 02:56:39,0,5,0,0
77934,2025-03-07 03:00:30,0,9,0,0
96118,2025-03-07 03:08:13,0,12,0,0
77428,2025-03-07 03:28:31,1,10,0,0
41379,2025-03-07 03:28:33,0,7,0,0
46612,2025-03-07 03:47:29,0,7,0,0
41129,2025-03-07 04:02:06,0,5,0,0
8894,2025-03-07 04:15:35,0,4,0,0
74046,2025-03-07 05:08:30,1,9,0,0
56914,2025-03-07 05:30:17,0,5,1,252
70792,2025-03-07 05:31:27,1,6,0,0
46561,2025-03-07 05:42:36,1,4,1,291
24264,2025-03-07 06:01:52,1,4,0,0
7564,2025-03-07 06:02:53,0,6,0,0
53974,2025-03-07 06:13:32,0,8,0,0
29614,2025-03-07 06:37:42,0,8,1,237
48664,2025-03-07 06:42:02,0,7,1,422
10406,2025-03-07 06:56:18,1,6,0,0
67422,2025-03-07 07:03:45,0,6,0,0
90415,2025-03-07 07:14:46,0,5,1,279
29486,2025-03-07 07:15:03,0,12,0,0
44671,2025-03-07 07:18:59,0,8,0,0
11254,2025-03-07 07:22:52,0,6,1,180
54599,2025-03-07 07:24:26,0,7,0,0
95707,2025-03-07 07:42:41,1,5,1,357
4144,2025-03-07 07:58:49,1,6,0,0
89096,2025-03-07 08:07:59,1,8,0,0
62938,2025-03-07 08:10:44,0,10,1,406
17691,2025-03-07 08:11:38,0,7,0,0
31225,2025-03-07 08:12:56,0,5,0,0
44590,2025-03-07 08:27:25,0,8,0,0
38605,2025-03-07 08:39:01,0,7,1,317
78381,2025-03-07 08:54:16,0,7,0,0
74062,2025-03-07 08:56:29,0,10,1,489
21388,2025-03-07 08:58:15,0,7,0,0
14822,2025-03-07 09:26:28,0,5,0,0
61783,2025-03-07 09:27:52,1,5,0,0
84471,2025-03-07 09:29:52,0,4,0,0
61783,2025-03-07 09:39:08,0,6,0,0
35286,2025-03-07 09:50:44,1,7,0,0
23292,2025-03-07 09:53:41,0,7,0,0
40952,2025-03-07 10:10:45,0,8,1,375
35648,2025-03-07 10:10:55,0,6,1,214
45289,2025-03-07 10:40:04,0,5,0,0
31474,2025-03-07 10:48:15,0,10,1,725
32806,2025-03-07 10:52:33,0,1,1,372
94742,2025-03-07 11:08:04,1,5,0,0
52127,2025-03-07 11:27:03,1,5,0,0
58141,2025-03-07 11:31:12,0,4,1,302
73310,2025-03-07 11:32:10,0,2,0,0
90495,2025-03-07 11:48:11,0,5,0,0
34006,2025-03-07 11:56:04,0,1,0,0
45289,2025-03-07 12:08:18,0,4,0,0
97137,2025-03-07 12:12:08,0,5,0,0
45995,2025-03-07 12:18:49,1,7,0,0
98932,2025-03-07 12:27:18,1,6,1,390
17953,2025-03-07 12:38:34,1,5,0,0
10406,2025-03-07 12:42:12,0,5,1,471
76852,2025-03-07 12:50:11,0,7,1,202
31813,2025-03-07 13:10:19,1,5,1,411
14195,2025-03-07 13:12:23,0,4,0,0
71708,2025-03-07 13:17:47,0,7,0,0
45680,2025-03-07 13:21:00,0,8,0,0
7564,2025-03-07 13:21:14,0,5,0,0
11254,2025-03-07 13:39:45,0,3,0,0
39363,2025-03-07 13:39:51,0,8,0,0
71997,2025-03-07 13:51:28,1,1,0,0
5581,2025-03-07 13:59:56,0,7,1,220
4215,2025-03-07 14:02:20,0,6,0,0
97605,2025-03-07 14:02:22,0,6,0,0
34180,2025-03-07 14:06:34,0,7,0,0
21119,2025-03-07 14:08:59,0,5,0,0
73631,2025-03-07 14:09:17,1,3,0,0
52225,2025-03-07 14:20:20,0,4,1,221
58121,2025-03-07 14:20:26,1,8,0,0
21000,2025-03-07 14:37:07,1,3,1,253
9642,2025-03-07 14:57:15,0,5,0,0
38024,2025-03-07 14:57:36,0,7,0,0
76578,2025-03-07 15:07:19,0,11,0,0
49147,2025-03-07 15:09:37,1,3,0,0
50615,2025-03-07 15:18:16,0,8,0,0
70571,2025-03-07 15:18:34,1,3,0,0
46401,2025-03-07 15:22:04,1,5,1,233
64100,2025-03-07 15:24:02,1,8,1,259
32140,2025-03-07 15:29:59,1,8,0,0
67422,2025-03-07 15:33:06,0,4,0,0
61160,2025-03-07 15:37:38,0,6,0,0
50487,2025-03-07 15:43:01,0,6,1,397
77549,2025-03-07 15:56:39,0,6,1,243
69134,2025-03-07 16:00:12,1,3,0,0
35648,2025-03-07 16:03:09,0,11,0,0
39422,2025-03-07 16:10:31,1,7,0,0
92653,2025-03-07 16:22:11,0,8,0,0
2286,2025-03-07 16:32:22,0,7,1,597
85858,2025-03-07 16:33:19,0,4,1,293
61783,2025-03-07 16:35:54,0,5,0,0
64811,2025-03-07 16:45:34,1,7,1,394
21012,2025-03-07 16:47:16,0,2,1,471
99795,2025-03-07 16:49:59,0,6,0,0
36533,2025-03-07 17:17:28,1,8,0,0
86680,2025-03-07 17:26:41,0,10,0,0
8520,2025-03-07 17:40:34,0,8,1,481
39422,2025-03-07 17:46:17,0,7,1,348
56021,2025-03-07 17:51:40,0,3,1,352
46561,2025-03-07 18:09:02,0,6,0,0
84471,2025-03-07 18:10:17,0,6,1,426
92133,2025-03-07 18:10:51,0,9,1,330
93579,2025-03-07 18:13:16,0,6,0,0
93986,2025-03-07 18:18:09,1,6,1,315
4256,2025-03-07 18:18:40,0,8,0,0
97515,2025-03-07 18:26:12,1,6,1,319
78592,2025-03-07 18:29:23,0,4,0,0
64183,2025-03-07 18:35:50,0,4,0,0
24531,2025-03-07 18:45:38,0,5,1,402
53974,2025-03-07 18:50:28,1,6,1,574
11254,2025-03-07 19:00:20,0,3,0,0
77934,2025-03-07 19:03:08,0,11,0,0
63920,2025-03-07 19:05:16,0,3,0,0
52550,2025-03-07 19:05:53,0,8,1,275
86547,2025-03-07 19:06:17,0,4,0,0
55912,2025-03-07 19:07:49,0,7,0,0
31746,2025-03-07 19:29:31,1,3,0,0
34354,2025-03-07 19:29:47,1,4,0,0
3828,2025-03-07 19:40:51,1,5,1,454
6787,2025-03-07 19:44:39,1,6,0,0
570,2025-03-07 19:45:24,1,10,0,0
10905,2025-03-07 19:51:06,0,2,0,0
34436,2025-03-07 20:02:23,0,5,0,0
40303,2025-03-07 20:04:34,1,6,0,0
12914,2025-03-07 20:19:40,1,3,1,266
16522,2025-03-07 20:26:55,1,8,1,276
5880,2025-03-07 20:32:46,1,8,1,556
37924,2025-03-07 20:32:48,0,7,0,0
63344,2025-03-07 20:33:46,0,4,0,0
8599,2025-03-07 20:36:06,0,7,0,0
93724,2025-03-07 20:46:07,0,7,0,0
84524,2025-03-07 20:47:19,0,14,0,0
29658,2025-03-07 20:57:45,0,8,0,0
20391,2025-03-07 20:59:38,0,4,1,303
8441,2025-03-07 21:05:45,1,9,1,313
77685,2025-03-07 21:10:37,0,7,0,0
49593,2025-03-07 21:16:25,0,3,1,347
10204,2025-03-07 21:17:47,0,7,0,0
77283,2025-03-07 21:28:31,0,4,1,376
57345,2025-03-07 21:30:26,0,10,0,0
91784,2025-03-07 21:31:42,0,2,0,0
50394,2025-03-07 21:33:11,0,6,0,0
11905,2025-03-07 21:44:35,1,6,1,487
78592,2025-03-07 21:48:39,0,4,0,0
43358,2025-03-07 21:50:28,0,8,1,302
80321,2025-03-07 21:50:46,0,3,0,0
51666,2025-03-07 21:58:24,0,4,0,0
16552,2025-03-07 22:00:50,1,7,0,0
79042,2025-03-07 22:01:29,1,2,0,0
24047,2025-03-07 22:07:38,0,5,0,0
76584,2025-03-07 22:13:46,0,3,0,0
81727,2025-03-07 22:16:32,1,6,1,322
56219,2025-03-07 22:17:05,0,7,0,0
2447,2025-03-07 22:47:29,0,4,0,0
68299,2025-03-07 23:02:39,0,5,0,0
32140,2025-03-07 23:08:01,0,8,0,0
92016,2025-03-07 23:13:16,0,6,0,0
97436,2025-03-07 23:20:06,0,2,0,0
17068,2025-03-07 23:24:06,0,5,1,767
54168,2025-03-07 23:28:23,0,6,1,278
35216,2025-03-07 23:36:44,0,7,0,0
27775,2025-03-07 23:37:33,0,8,1,402
63866,2025-03-07 23:43:38,0,5,0,0
69199,2025-03-08 00:00:16,1,3,0,0
34272,2025-03-08 00:03:48,0,1,0,0
21000,2025-03-08 00:07:29,0,6,0,0
72006,2025-03-08 00:08:11,0,4,1,254
63133,2025-03-08 00:14:07,0,8,1,341
556,2025-03-08 00:25:02,0,7,1,210
43743,2025-03-08 00:55:28,1,6,0,0
33466,2025-03-08 01:03:00,0,3,0,0
40578,2025-03-08 01:23:36,0,5,1,337
77283,2025-03-08 01:31:26,0,11,0,0
38674,2025-03-08 01:39:55,0,4,0,0
83153,2025-03-08 01:45:18,0,8,0,0
14869,2025-03-08 01:46:45,0,9,0,0
53868,2025-03-08 01:58:30,1,3,0,0
20374,2025-03-08 02:04:26,0,5,1,275
93586,2025-03-08 02:13:03,0,8,0,0
85657,2025-03-08 02:16:57,1,18,1,556
5915,2025-03-08 02:41:41,1,8,0,0
78381,2025-03-08 02:43:17,0,4,1,259
36276,2025-03-08 02:56:38,0,1,0,0
55912,2025-03-08 03:29:41,0,6,1,146
84422,2025-03-08 03:35:27,0,9,0,0
29395,2025-03-08 03:36:00,0,9,1,483
48431,2025-03-08 03:39:28,1,7,0,0
50615,2025-03-08 03:43:06,0,7,0,0
19792,2025-03-08 03:52:41,0,8,0,0
71120,2025-03-08 04:06:33,0,4,0,0
49390,2025-03-08 04:13:12,0,7,0,0
76899,2025-03-08 04:20:36,1,8,0,0
76899,2025-03-08 04:26:11,0,5,0,0
78810,2025-03-08 04:30:21,0,8,1,529
5312,2025-03-08 04:38:37,0,5,0,0
21388,2025-03-08 04:53:11,0,6,0,0
9178,2025-03-08 04:57:54,1,5,0,0
92586,2025-03-08 05:01:48,0,8,1,455
3192,2025-03-08 05:12:39,0,4,0,0
23645,2025-03-08 05:15:08,1,5,1,698
7491,2025-03-08 05:17:31,0,6,1,331
63866,2025-03-08 05:19:34,1,3,1,342
36094,2025-03-08 05:37:56,0,3,0,0
45817,2025-03-08 05:59:13,0,8,1,130
10906,2025-03-08 06:37:59,0,11,1,614
89021,2025-03-08 07:00:04,1,4,1,387
87670,2025-03-08 07:05:51,1,4,0,0
87184,2025-03-08 07:07:02,0,6,0,0
42603,2025-03-08 08:01:41,0,7,0,0
81066,2025-03-08 08:06:59,1,8,0,0
33189,2025-03-08 08:07:49,1,6,0,0
52001,2025-03-08 08:10:46,0,8,1,224
18125,2025-03-08 08:15:12,0,6,1,470
51090,2025-03-08 08:25:03,0,6,1,337
32003,2025-03-08 08:35:23,1,3,0,0
2130,2025-03-08 08:45:40,0,5,0,0
96950,2025-03-08 08:45:41,0,5,0,0
38947,2025-03-08 09:04:39,1,5,1,665
20068,2025-03-08 09:06:00,0,4,1,331
79349,2025-03-08 09:07:02,0,14,0,0
65269,2025-03-08 09:08:36,1,5,0,0
38218,2025-03-08 09:14:01,0,6,0,0
17870,2025-03-08 09:26:34,0,6,0,0
54599,2025-03-08 09:26:45,0,8,0,0
89021,2025-03-08 09:27:15,0,6,0,0
8367,2025-03-08 09:28:57,0,7,1,268
3234,2025-03-08 09:29:55,0,5,0,0
34046,2025-03-08 09:34:45,1,3,0,0
91351,2025-03-08 09:40:42,0,7,0,0
27129,2025-03-08 09:48:57,0,6,1,284
11969,2025-03-08 09:49:27,1,5,0,0
13245,2025-03-08 09:49:49,0,9,1,467
18721,2025-03-08 10:00:27,0,10,0,0
55667,2025-03-08 10:01:46,1,5,0,0
46313,2025-03-08 10:12:16,1,7,0,0
88865,2025-03-08 10:16:09,0,9,1,489
5312,2025-03-08 10:18:52,0,4,0,0
19436,2025-03-08 10:22:20,0,4,0,0
19718,2025-03-08 10:29:37,0,12,1,440
59106,2025-03-08 10:29:57,1,7,0,0
63003,2025-03-08 10:45:42,0,5,0,0
17382,2025-03-08 10:46:48,0,11,0,0
43517,2025-03-08 11:12:24,0,11,0,0
25312,2025-03-08 11:17:13,0,2,1,410
4366,2025-03-08 11:18:32,1,3,0,0
13245,2025-03-08 11:22:22,0,4,1,335
41595,2025-03-08 11:39:57,0,5,0,0
48421,2025-03-08 11:52:52,0,5,0,0
67130,2025-03-08 12:05:53,1,4,0,0
67053,2025-03-08 12:09:13,0,4,1,253
79078,2025-03-08 12:16:37,1,11,0,0
9178,2025-03-08 12:19:25,1,5,1,324
43010,2025-03-08 12:34:46,0,2,0,0
8652,2025-03-08 12:39:25,0,5,0,0
84524,2025-03-08 12:44:47,0,0,1,654
14805,2025-03-08 12:48:56,0,2,1,487
51389,2025-03-08 12:53:45,1,5,1,220
68187,2025-03-08 12:58:08,0,6,1,606
81006,2025-03-08 12:59:53,1,9,0,0
73571,2025-03-08 13:04:03,0,8,0,0
99745,2025-03-08 13:14:47,0,4,1,358
22406,2025-03-08 13:18:38,1,6,0,0
3714,2025-03-08 13:28:23,1,6,1,332
10651,2025-03-08 13:36:43,0,4,1,317
86029,2025-03-08 13:43:22,0,7,0,0
86147,2025-03-08 13:48:40,0,5,0,0
29867,2025-03-08 13:50:35,0,1,1,336
72607,2025-03-08 14:03:47,0,5,0,0
98293,2025-03-08 14:06:16,1,4,0,0
77116,2025-03-08 14:06:49,1,7,1,665
25432,2025-03-08 14:12:33,0,3,0,0
43010,2025-03-08 14:20:17,0,5,0,0
56043,2025-03-08 14:27:20,0,9,1,273
43521,2025-03-08 14:29:48,0,5,1,355
11840,2025-03-08 14:43:51,0,8,1,697
89889,2025-03-08 15:03:34,0,6,0,0
17016,2025-03-08 15:17:37,1,8,1,275
2359,2025-03-08 15:32:35,0,7,0,0
18125,2025-03-08 15:35:57,1,5,1,313
97022,2025-03-08 15:42:34,1,6,0,0
60242,2025-03-08 15:49:06,1,5,0,0
36098,2025-03-08 15:58:57,0,10,0,0
43252,2025-03-08 15:59:02,0,4,0,0
3234,2025-03-08 16:01:06,1,11,1,325
56219,2025-03-08 16:11:01,0,7,1,457
72607,2025-03-08 16:18:31,0,5,0,0
30798,2025-03-08 16:22:06,1,10,0,0
85420,2025-03-08 16:22:07,0,5,0,0
45831,2025-03-08 16:28:22,1,3,0,0
29643,2025-03-08 16:34:20,0,1,1,235
26686,2025-03-08 16:36:15,0,4,0,0
77116,2025-03-08 16:37:08,0,11,0,0
73631,2025-03-08 16:41:25,1,10,0,0
78617,2025-03-08 16:42:55,0,2,0,0
35648,2025-03-08 16:57:50,0,7,1,284
81866,2025-03-08 17:00:42,0,3,0,0
80088,2025-03-08 17:01:07,0,3,1,246
93825,2025-03-08 17:04:43,0,5,0,0
72313,2025-03-08 17:06:02,1,8,0,0
97328,2025-03-08 17:17:41,1,8,0,0
51666,2025-03-08 17:23:23,0,5,0,0
56914,2025-03-08 17:25:35,0,6,0,0
72504,2025-03-08 17:38:51,0,9,0,0
99795,2025-03-08 17:41:04,0,6,1,381
12525,2025-03-08 17:41:54,1,3,1,326
20495,2025-03-08 17:49:09,0,10,0,0
77184,2025-03-08 18:01:52,0,7,0,0
36248,2025-03-08 18:06:42,0,11,0,0
46561,2025-03-08 18:15:12,0,2,1,372
55175,2025-03-08 18:29:51,0,5,0,0
80321,2025-03-08 18:31:46,0,5,0,0
19735,2025-03-08 18:34:16,1,9,0,0
53253,2025-03-08 18:54:19,0,8,0,0
53271,2025-03-08 18:58:00,1,6,1,629
63528,2025-03-08 18:58:29,0,5,0,0
51137,2025-03-08 19:00:19,0,6,1,411
49297,2025-03-08 19:03:41,0,12,1,362
50473,2025-03-08 19:07:43,0,10,0,0
6959,2025-03-08 19:10:35,0,6,0,0
87670,2025-03-08 19:11:15,0,4,0,0
8441,2025-03-08 19:11:54,0,6,1,274
76250,2025-03-08 19:24:08,0,3,0,0
53907,2025-03-08 19:31:27,1,5,0,0
44578,2025-03-08 19:50:41,0,12,1,469
3883,2025-03-08 19:55:41,0,4,0,0
15352,2025-03-08 20:11:40,1,4,0,0
73036,2025-03-08 20:13:43,0,4,0,0
31137,2025-03-08 20:15:19,0,3,1,563
64171,2025-03-08 20:15:23,0,3,1,267
51275,2025-03-08 20:20:06,0,7,0,0
64991,2025-03-08 20:27:28,0,5,1,212
97493,2025-03-08 20:34:57,1,4,1,431
59844,2025-03-08 20:39:22,0,7,1,362
82270,2025-03-08 20:42:29,0,6,0,0
34436,2025-03-08 20:45:35,0,4,0,0
67080,2025-03-08 20:49:18,0,5,1,458
24501,2025-03-08 20:52:37,0,3,0,0
36560,2025-03-08 20:53:23,0,3,0,0
85280,2025-03-08 21:12:24,1,4,1,360
26755,2025-03-08 21:22:16,0,6,0,0
59290,2025-03-08 21:25:31,1,5,0,0
58117,2025-03-08 21:31:50,1,7,0,0
92491,2025-03-08 21:46:20,1,6,1,282
56914,2025-03-08 21:56:55,0,5,1,223
16296,2025-03-08 21:57:59,0,7,1,134
63866,2025-03-08 22:00:53,0,6,1,304
59106,2025-03-08 22:03:13,1,9,0,0
44381,2025-03-08 22:09:42,1,7,0,0
73631,2025-03-08 22:13:06,1,3,0,0
44590,2025-03-08 22:19:09,0,6,0,0
38720,2025-03-08 22:19:48,0,9,1,344
25193,2025-03-08 22:22:02,0,5,0,0
94658,2025-03-08 22:31:59,0,3,0,0
60122,2025-03-08 22:34:16,0,5,1,349
29578,2025-03-08 22:42:54,0,9,0,0
4770,2025-03-08 22:43:00,0,6,0,0
60122,2025-03-08 22:50:34,1,7,0,0
58209,2025-03-08 22:53:38,0,9,1,225
70754,2025-03-08 22:54:39,0,6,0,0
12570,2025-03-08 23:00:23,1,11,1,207
26198,2025-03-08 23:10:22,0,7,0,0
82866,2025-03-08 23:31:41,0,7,1,236
8652,2025-03-08 23:47:04,0,5,0,0
59463,2025-03-08 23:52:43,0,5,0,0
79078,2025-03-08 23:59:44,0,2,0,0
27102,2025-03-09 00:02:51,0,6,0,0
43252,2025-03-09 00:10:44,0,6,1,331
77428,2025-03-09 00:16:53,0,9,0,0
86151,2025-03-09 00:26:15,0,4,1,616
35671,2025-03-09 00:29:51,1,5,1,274
58121,2025-03-09 00:35:33,0,5,0,0
92920,2025-03-09 00:52:34,1,7,0,0
6787,2025-03-09 01:01:00,0,6,0,0
4599,2025-03-09 01:03:18,1,4,1,236
97493,2025-03-09 01:09:31,1,4,1,293
61739,2025-03-09 01:13:34,1,3,1,174
2029,2025-03-09 02:08:39,1,7,0,0
50220,2025-03-09 03:15:25,0,3,0,0
32286,2025-03-09 03:25:48,0,3,0,0
89162,2025-03-09 03:35:44,0,3,0,0
73036,2025-03-09 03:38:20,0,7,0,0
99745,2025-03-09 03:44:22,0,5,0,0
15650,2025-03-09 04:04:57,1,9,0,0
42624,2025-03-09 04:32:24,0,1,0,0
29459,2025-03-09 04:37:07,0,4,1,154
81148,2025-03-09 04:38:46,0,5,0,0
86484,2025-03-09 04:38:57,1,10,0,0
36276,2025-03-09 04:40:17,0,3,1,329
96950,2025-03-09 04:46:05,1,3,0,0
13181,2025-03-09 04:49:17,1,7,1,441
73818,2025-03-09 04:57:04,1,3,0,0
18850,2025-03-09 05:02:17,1,11,0,0
96917,2025-03-09 05:03:01,0,5,0,0
86648,2025-03-09 05:17:00,1,6,0,0
73514,2025-03-09 05:45:18,1,3,0,0
20163,2025-03-09 05:56:47,1,2,0,0
89112,2025-03-09 06:27:30,0,2,1,173
31712,2025-03-09 06:30:42,0,4,0,0
54644,2025-03-09 06:31:04,1,13,1,330
77095,2025-03-09 06:42:06,1,6,1,270
73555,2025-03-09 06:46:38,0,6,0,0
26879,2025-03-09 06:47:42,1,5,0,0
78617,2025-03-09 07:36:34,1,5,1,308
81866,2025-03-09 08:04:15,0,6,1,437
95397,2025-03-09 08:27:51,0,10,0,0
18040,2025-03-09 08:27:55,1,8,0,0
57047,2025-03-09 08:30:37,0,5,1,468
25949,2025-03-09 08:34:42,0,7,1,416
99795,2025-03-09 08:36:46,0,7,1,227
60174,2025-03-09 08:39:05,0,6,0,0
54647,2025-03-09 08:41:43,0,11,0,0
15352,2025-03-09 08:49:57,0,7,0,0
64121,2025-03-09 08:53:10,0,4,1,505
45289,2025-03-09 08:53:31,0,8,0,0
5926,2025-03-09 08:58:21,0,4,1,388
99202,2025-03-09 08:58:41,1,5,0,0
6638,2025-03-09 08:59:05,0,13,1,617
33211,2025-03-09 08:59:25,1,11,1,382
94980,2025-03-09 09:01:12,1,3,0,0
93724,2025-03-09 09:06:02,1,4,0,0
97184,2025-03-09 09:07:53,0,8,0,0
18143,2025-03-09 09:10:02,0,6,1,138
38679,2025-03-09 09:13:42,0,6,0,0
43617,2025-03-09 09:24:12,0,8,0,0
26080,2025-03-09 09:26:23,0,7,1,218
32194,2025-03-09 09:29:42,0,8,1,401
40351,2025-03-09 09:34:22,0,1,0,0
20163,2025-03-09 09:35:33,0,7,1,372
84264,2025-03-09 09:59:41,0,5,1,174
66261,2025-03-09 10:05:48,1,11,1,418
55626,2025-03-09 10:38:33,0,4,0,0
4366,2025-03-09 10:44:41,0,8,0,0
75004,2025-03-09 10:49:50,0,8,0,0
6959,2025-03-09 10:50:30,0,7,1,307
64325,2025-03-09 10:54:12,1,8,0,0
65841,2025-03-09 10:56:55,0,5,1,280
15597,2025-03-09 11:00:51,0,6,0,0
68187,2025-03-09 11:15:26,0,5,1,323
1440,2025-03-09 11:20:39,1,2,0,0
32806,2025-03-09 11:20:44,0,5,1,235
22087,2025-03-09 11:23:47,1,6,0,0
50220,2025-03-09 11:27:04,0,10,1,427
77184,2025-03-09 11:31:25,0,3,0,0
23645,2025-03-09 11:54:58,0,4,0,0
22406,2025-03-09 11:56:17,0,6,0,0
40622,2025-03-09 12:02:58,0,5,0,0
6959,2025-03-09 12:03:09,1,5,0,0
77832,2025-03-09 12:03:59,0,2,0,0
70571,2025-03-09 12:08:04,0,6,1,338
74520,2025-03-09 12:09:52,1,4,1,351
92998,2025-03-09 12:10:13,0,4,1,314
91572,2025-03-09 12:12:08,0,7,1,166
84422,2025-03-09 12:13:21,1,9,0,0
26883,2025-03-09 12:16:03,0,11,0,0
26541,2025-03-09 12:19:41,0,3,0,0
68415,2025-03-09 12:23:27,0,8,0,0
77561,2025-03-09 12:36:13,1,9,0,0
89437,2025-03-09 12:52:54,1,2,0,0
97509,2025-03-09 12:54:24,0,5,0,0
9642,2025-03-09 12:54:34,0,13,0,0
21119,2025-03-09 12:56:26,0,3,0,0
21012,2025-03-09 13:03:15,1,4,1,380
42447,2025-03-09 13:05:08,0,9,0,0
77049,2025-03-09 13:06:26,0,5,0,0
27116,2025-03-09 13:11:38,0,9,0,0
12496,2025-03-09 13:15:10,0,0,0,0
51090,2025-03-09 13:19:48,0,9,0,0
52188,2025-03-09 13:27:19,1,5,1,487
92016,2025-03-09 13:30:12,0,2,0,0
32286,2025-03-09 13:30:32,1,3,1,177
2180,2025-03-09 13:33:08,0,7,0,0
12125,2025-03-09 13:42:34,0,8,1,217
17398,2025-03-09 13:50:21,0,7,1,192
99071,2025-03-09 13:57:30,1,8,0,0
2145,2025-03-09 14:07:04,1,7,0,0
86547,2025-03-09 14:13:06,0,5,0,0
13245,2025-03-09 14:16:25,0,9,0,0
80105,2025-03-09 14:22:27,0,13,1,340
57047,2025-03-09 14:29:56,0,5,1,324
77685,2025-03-09 14:30:30,0,5,0,0
63528,2025-03-09 14:34:32,0,6,0,0
24609,2025-03-09 14:46:24,0,4,0,0
80088,2025-03-09 14:56:13,0,7,0,0
36903,2025-03-09 15:18:02,0,7,1,316
12496,2025-03-09 15:24:28,0,6,1,416
17382,2025-03-09 15:29:43,1,5,0,0
97465,2025-03-09 15:35:47,0,7,0,0
4599,2025-03-09 16:01:43,1,5,0,0
17870,2025-03-09 16:16:44,0,4,1,374
26112,2025-03-09 16:34:03,0,7,1,195
77720,2025-03-09 16:35:22,0,8,0,0
77428,2025-03-09 16:47:52,1,4,1,538
99795,2025-03-09 16:51:10,0,8,0,0
9787,2025-03-09 17:11:12,1,6,1,195
4764,2025-03-09 17:20:38,1,4,1,342
77878,2025-03-09 17:31:00,0,8,0,0
68841,2025-03-09 17:31:11,0,2,0,0
53271,2025-03-09 17:31:12,0,5,0,0
61355,2025-03-09 17:33:07,0,8,0,0
45680,2025-03-09 17:34:21,0,5,0,0
4202,2025-03-09 17:34:44,1,6,0,0
78591,2025-03-09 17:34:48,0,6,0,0
24501,2025-03-09 17:41:15,0,8,1,282
1688,2025-03-09 17:54:26,1,12,0,0
84305,2025-03-09 18:01:21,0,6,0,0
81152,2025-03-09 18:03:52,0,10,1,278
6699,2025-03-09 18:15:43,0,9,0,0
1688,2025-03-09 18:20:07,0,6,0,0
67754,2025-03-09 18:26:09,0,7,0,0
99825,2025-03-09 18:31:19,0,8,0,0
10790,2025-03-09 18:35:22,1,4,0,0
24489,2025-03-09 18:39:14,1,5,0,0
84921,2025-03-09 18:42:54,1,8,1,265
78617,2025-03-09 18:45:10,0,8,0,0
18317,2025-03-09 19:01:55,0,7,0,0
38895,2025-03-09 19:04:20,1,2,0,0
85858,2025-03-09 19:20:29,0,5,0,0
60520,2025-03-09 19:23:09,0,2,0,0
8238,2025-03-09 19:23:29,1,4,0,0
64274,2025-03-09 19:29:52,0,5,1,429
82866,2025-03-09 19:34:52,1,6,0,0
86767,2025-03-09 19:36:08,1,5,0,0
16963,2025-03-09 19:42:30,0,4,1,291
69842,2025-03-09 19:49:51,0,3,0,0
30871,2025-03-09 20:01:07,1,2,0,0
81339,2025-03-09 20:22:05,1,9,0,0
4913,2025-03-09 20:23:45,0,9,0,0
10445,2025-03-09 20:28:46,0,5,0,0
29608,2025-03-09 20:34:14,0,4,0,0
17382,2025-03-09 20:36:30,0,9,1,582
63528,2025-03-09 20:45:22,1,4,0,0
25193,2025-03-09 20:47:32,0,5,1,265
71984,2025-03-09 20:51:48,1,8,1,206
32286,2025-03-09 21:08:34,0,6,0,0
60484,2025-03-09 21:21:56,1,9,1,531
71365,2025-03-09 21:50:23,0,5,0,0
63667,2025-03-09 21:54:54,1,5,0,0
14017,2025-03-09 21:54:56,0,3,0,0
56043,2025-03-09 22:00:46,1,9,1,471
52127,2025-03-09 22:03:31,0,5,1,275
70571,2025-03-09 22:10:48,0,10,0,0
61739,2025-03-09 22:33:02,1,8,0,0
90790,2025-03-09 22:43:40,0,5,0,0
7433,2025-03-09 22:49:42,1,4,0,0
31137,2025-03-09 22:51:17,0,6,0,0
3846,2025-03-09 22:51:24,1,5,1,489
43277,2025-03-09 22:52:15,0,3,0,0
4202,2025-03-09 22:52:26,1,8,1,239
14195,2025-03-09 22:58:55,0,4,0,0
6389,2025-03-09 22:59:11,0,7,1,449
72938,2025-03-09 23:02:23,0,10,1,207
96920,2025-03-09 23:09:16,1,2,1,187
59718,2025-03-09 23:14:30,0,12,0,0
82759,2025-03-09 23:15:33,0,7,0,0
40181,2025-03-09 23:29:27,1,8,0,0
45406,2025-03-09 23:36:34,0,5,0,0
18040,2025-03-09 23:38:47,1,1,1,591
60574,2025-03-09 23:58:32,0,5,1,622
94400,2025-03-10 00:13:37,1,6,1,438
43918,2025-03-10 00:20:24,0,7,1,222
96875,2025-03-10 00:59:23,0,8,0,0
57761,2025-03-10 01:02:06,0,9,0,0
69134,2025-03-10 01:08:47,0,6,1,188
67499,2025-03-10 01:10:24,1,3,0,0
68712,2025-03-10 01:31:16,1,9,1,250
13954,2025-03-10 01:55:11,0,4,0,0
69842,2025-03-10 01:57:18,1,4,0,0
68889,2025-03-10 01:59:44,0,8,0,0
97328,2025-03-10 02:05:22,0,4,0,0
71215,2025-03-10 02:08:54,0,6,0,0
24489,2025-03-10 02:21:58,0,5,1,376
56977,2025-03-10 02:27:27,0,8,0,0
43874,2025-03-10 02:37:23,1,6,0,0
2029,2025-03-10 02:49:58,1,4,0,0
8648,2025-03-10 02:53:48,0,2,0,0
31557,2025-03-10 02:58:01,1,7,1,298
25193,2025-03-10 03:08:35,0,3,0,0
56021,2025-03-10 03:08:47,0,3,0,0
16960,2025-03-10 03:13:51,0,6,1,451
89270,2025-03-10 04:15:00,0,8,0,0
88295,2025-03-10 04:24:09,1,3,0,0
29608,2025-03-10 04:28:16,0,8,0,0
73732,2025-03-10 04:31:39,0,8,0,0
73479,2025-03-10 04:56:08,1,7,0,0
46541,2025-03-10 04:58:47,0,4,0,0
46855,2025-03-10 05:10:26,0,7,1,486
70571,2025-03-10 05:19:29,0,6,1,658
2006,2025-03-10 05:38:17,1,10,0,0
13508,2025-03-10 06:04:02,0,9,1,239
55912,2025-03-10 06:15:22,0,6,0,0
96921,2025-03-10 06:33:15,0,8,1,236
30234,2025-03-10 06:46:05,0,8,0,0
85631,2025-03-10 06:49:47,0,11,0,0
86484,2025-03-10 07:04:57,0,8,0,0
24531,2025-03-10 07:12:04,0,5,0,0
30105,2025-03-10 07:19:13,0,5,0,0
85611,2025-03-10 07:28:34,1,6,0,0
92133,2025-03-10 07:33:34,1,7,1,377
92330,2025-03-10 07:33:55,1,6,1,470
76899,2025-03-10 07:51:56,1,5,1,460
89286,2025-03-10 08:10:40,0,10,0,0
70290,2025-03-10 08:13:45,0,10,0,0
52898,2025-03-10 08:13:55,0,3,0,0
43743,2025-03-10 08:21:07,1,4,0,0
52550,2025-03-10 08:51:18,0,8,1,234
96298,2025-03-10 08:54:36,0,9,1,456
16499,2025-03-10 08:54:47,0,8,1,273
99795,2025-03-10 09:01:45,0,8,0,0
80632,2025-03-10 09:05:57,1,7,0,0
78810,2025-03-10 09:08:18,0,6,1,443
43583,2025-03-10 09:23:11,0,9,0,0
77184,2025-03-10 09:30:39,0,6,0,0
63003,2025-03-10 09:31:54,0,3,0,0
51583,2025-03-10 09:42:51,0,10,0,0
6936,2025-03-10 09:45:51,0,5,1,263
72805,2025-03-10 09:48:07,1,9,1,297
86767,2025-03-10 10:12:48,0,5,0,0
67754,2025-03-10 10:20:52,0,4,0,0
29459,2025-03-10 10:26:40,0,10,1,219
87458,2025-03-10 10:29:12,0,6,1,497
45900,2025-03-10 10:31:33,0,2,1,232
57345,2025-03-10 10:32:55,1,4,1,668
96917,2025-03-10 10:43:37,1,7,0,0
20391,2025-03-10 10:52:24,0,9,0,0
99670,2025-03-10 11:00:23,0,4,0,0
92248,2025-03-10 11:04:35,0,1,0,0
17953,2025-03-10 11:24:06,0,5,0,0
5339,2025-03-10 11:37:13,1,5,0,0
21969,2025-03-10 11:44:21,1,5,1,474
64274,2025-03-10 11:50:48,0,7,1,307
64038,2025-03-10 11:57:59,1,7,1,316
65474,2025-03-10 12:07:25,0,4,0,0
24887,2025-03-10 12:07:28,0,7,1,289
24861,2025-03-10 12:08:13,0,10,0,0
58917,2025-03-10 12:08:58,0,11,0,0
13836,2025-03-10 12:09:28,1,8,0,0
81231,2025-03-10 12:29:10,0,3,0,0
24373,2025-03-10 12:34:18,1,4,0,0
23657,2025-03-10 12:34:42,0,4,0,0
18317,2025-03-10 12:39:55,0,4,1,429
64600,2025-03-10 12:42:37,0,2,0,0
45406,2025-03-10 12:47:16,0,2,0,0
30832,2025-03-10 12:51:51,1,6,1,376
40047,2025-03-10 12:59:38,0,7,0,0
79503,2025-03-10 13:01:52,0,5,0,0
99332,2025-03-10 13:13:37,0,9,0,0
86648,2025-03-10 13:16:04,1,5,1,316
31647,2025-03-10 13:19:17,1,8,1,320
4144,2025-03-10 13:22:32,0,7,0,0
20395,2025-03-10 13:23:11,0,9,0,0
71693,2025-03-10 13:24:44,0,6,0,0
29137,2025-03-10 13:44:10,0,2,0,0
31314,2025-03-10 14:05:44,0,7,0,0
87981,2025-03-10 14:12:07,0,4,0,0
86547,2025-03-10 14:17:15,0,7,0,0
72006,2025-03-10 14:21:44,0,5,0,0
71997,2025-03-10 14:22:41,1,4,1,195
8731,2025-03-10 14:33:02,0,4,0,0
73310,2025-03-10 14:33:13,1,6,0,0
21007,2025-03-10 14:36:17,1,6,0,0
80486,2025-03-10 14:45:35,0,7,0,0
87670,2025-03-10 14:58:08,0,2,1,353
49084,2025-03-10 15:20:04,1,6,1,220
16960,2025-03-10 15:20:44,0,4,0,0
87981,2025-03-10 15:21:13,0,6,1,347
83321,2025-03-10 15:28:37,0,7,1,219
18145,2025-03-10 15:38:53,0,9,1,331
31454,2025-03-10 15:43:16,1,4,0,0
8441,2025-03-10 15:47:19,0,4,0,0
92016,2025-03-10 15:48:38,0,7,0,0
556,2025-03-10 15:55:46,1,6,1,563
13836,2025-03-10 15:58:25,0,4,0,0
60210,2025-03-10 15:59:20,1,5,0,0
43918,2025-03-10 16:02:31,1,11,1,341
19119,2025-03-10 16:06:18,1,5,0,0
2800,2025-03-10 16:14:07,0,6,0,0
73189,2025-03-10 16:28:40,0,5,0,0
36276,2025-03-10 16:39:09,0,9,1,528
56647,2025-03-10 16:39:18,1,4,1,390
66555,2025-03-10 16:41:16,1,1,0,0
15325,2025-03-10 16:53:56,0,8,0,0
63458,2025-03-10 17:14:05,0,4,0,0
90378,2025-03-10 17:15:45,0,9,1,447
27765,2025-03-10 17:24:22,0,3,0,0
62646,2025-03-10 17:24:39,1,9,0,0
73692,2025-03-10 17:36:24,0,7,0,0
72805,2025-03-10 17:47:18,0,2,0,0
88295,2025-03-10 17:48:59,0,12,0,0
66599,2025-03-10 17:54:11,0,4,1,339
31746,2025-03-10 18:06:30,0,6,0,0
79066,2025-03-10 18:07:11,0,4,0,0
45680,2025-03-10 18:23:26,0,7,0,0
21119,2025-03-10 18:31:07,0,9,0,0
76944,2025-03-10 18:32:50,1,6,0,0
26595,2025-03-10 18:46:28,0,4,0,0
45824,2025-03-10 18:52:35,0,6,1,274
34425,2025-03-10 18:57:52,0,5,0,0
17953,2025-03-10 19:11:05,0,3,0,0
49615,2025-03-10 19:18:47,1,8,0,0
57047,2025-03-10 19:28:51,1,6,1,474
16188,2025-03-10 19:32:48,0,3,1,391
8894,2025-03-10 19:33:09,0,5,0,0
77049,2025-03-10 19:43:56,0,12,0,0
71811,2025-03-10 19:49:42,1,3,0,0
63344,2025-03-10 19:50:08,1,6,0,0
90162,2025-03-10 19:51:09,0,4,0,0
80632,2025-03-10 19:51:44,0,5,0,0
11905,2025-03-10 19:53:49,0,2,0,0
92586,2025-03-10 19:55:54,0,7,0,0
57964,2025-03-10 20:06:49,1,5,0,0
30542,2025-03-10 20:09:51,1,2,0,0
31557,2025-03-10 20:28:50,1,8,0,0
15650,2025-03-10 20:38:25,0,7,1,173
57896,2025-03-10 21:02:14,0,5,0,0
97022,2025-03-10 21:03:15,0,4,1,384
90378,2025-03-10 21:10:05,1,7,0,0
74604,2025-03-10 21:24:06,0,4,1,452
69842,2025-03-10 21:25:57,1,10,0,0
60574,2025-03-10 21:32:01,1,7,1,349
43874,2025-03-10 21:32:46,0,6,0,0
68610,2025-03-10 21:33:27,1,7,0,0
74656,2025-03-10 21:41:17,1,5,1,463
25826,2025-03-10 21:42:24,0,5,0,0
65518,2025-03-10 21:47:41,0,4,0,0
28644,2025-03-10 21:47:58,1,4,0,0
31225,2025-03-10 21:49:41,0,5,0,0
85042,2025-03-10 21:51:10,1,6,1,650
43354,2025-03-10 22:06:49,0,7,0,0
89889,2025-03-10 22:08:25,0,7,1,411
45064,2025-03-10 22:12:30,0,4,1,201
60712,2025-03-10 22:28:54,0,5,1,343
64100,2025-03-10 22:56:54,0,7,0,0
45289,2025-03-10 23:02:32,0,9,0,0
19119,2025-03-10 23:09:41,0,9,0,0
82866,2025-03-10 23:17:51,0,4,0,0
64516,2025-03-10 23:21:08,0,3,0,0
43568,2025-03-10 23:37:26,0,8,0,0
59290,2025-03-10 23:44:52,0,5,0,0
54599,2025-03-10 23:48:43,0,5,0,0
67503,2025-03-10 23:49:12,0,13,0,0
36133,2025-03-10 23:55:47,0,2,0,0
64137,2025-03-10 23:57:15,0,9,0,0
22329,2025-03-11 00:14:54,1,5,1,456
24356,2025-03-11 00:18:37,0,11,0,0
45680,2025-03-11 00:20:53,0,4,1,458
18290,2025-03-11 00:23:20,0,6,0,0
77954,2025-03-11 00:33:56,0,3,0,0
85914,2025-03-11 01:23:47,0,4,1,490
26362,2025-03-11 01:26:23,0,7,0,0
24430,2025-03-11 01:55:53,0,5,0,0
86680,2025-03-11 02:21:00,1,7,1,381
52127,2025-03-11 02:22:02,0,4,1,306
9138,2025-03-11 02:22:19,0,7,0,0
34125,2025-03-11 02:26:57,1,4,0,0
11853,2025-03-11 02:31:10,0,4,0,0
25193,2025-03-11 02:39:46,0,3,0,0
67053,2025-03-11 03:00:31,0,5,0,0
36903,2025-03-11 03:08:01,0,4,0,0
59954,2025-03-11 03:09:25,1,6,0,0
14547,2025-03-11 03:24:50,0,8,0,0
59954,2025-03-11 03:27:37,1,8,1,415
61160,2025-03-11 03:34:33,0,8,1,537
23803,2025-03-11 03:46:04,0,2,0,0
63133,2025-03-11 03:53:59,0,8,0,0
64936,2025-03-11 04:01:28,1,4,0,0
91784,2025-03-11 04:15:05,0,9,0,0
4247,2025-03-11 04:31:30,0,4,1,455
18011,2025-03-11 04:36:54,1,5,0,0
11969,2025-03-11 04:40:07,1,2,0,0
55526,2025-03-11 04:43:40,0,8,1,453
3973,2025-03-11 05:09:46,0,3,0,0
11489,2025-03-11 05:19:48,0,9,1,703
3234,2025-03-11 05:24:41,0,7,0,0
19718,2025-03-11 05:30:55,1,4,0,0
69930,2025-03-11 05:34:58,0,4,0,0
54024,2025-03-11 06:05:46,0,7,1,555
90935,2025-03-11 06:30:50,0,5,0,0
97605,2025-03-11 06:37:24,0,9,1,451
52127,2025-03-11 07:24:28,0,5,0,0
71048,2025-03-11 07:43:34,0,3,1,315
82791,2025-03-11 07:47:34,1,3,1,345
53616,2025-03-11 08:05:21,0,6,1,441
73908,2025-03-11 08:11:24,0,4,0,0
56219,2025-03-11 08:21:07,0,5,0,0
43093,2025-03-11 08:22:26,0,6,0,0
952,2025-03-11 08:29:46,0,7,0,0
1067,2025-03-11 08:31:41,0,5,0,0
85631,2025-03-11 08:35:00,0,4,1,498
5312,2025-03-11 08:41:56,0,6,0,0
83667,2025-03-11 08:42:10,1,9,0,0
67090,2025-03-11 08:50:24,1,8,0,0
21012,2025-03-11 08:57:43,0,4,0,0
99434,2025-03-11 09:14:11,0,9,1,254
61320,2025-03-11 09:18:19,0,4,1,267
71625,2025-03-11 09:19:15,1,10,1,362
29608,2025-03-11 09:34:27,0,7,1,540
77116,2025-03-11 09:40:55,0,4,0,0
68505,2025-03-11 09:59:34,0,7,0,0
35486,2025-03-11 10:18:09,1,6,1,619
31474,2025-03-11 10:33:08,1,5,1,400
92998,2025-03-11 10:35:40,0,2,0,0
61678,2025-03-11 10:38:53,0,7,1,309
71120,2025-03-11 10:47:27,0,8,0,0
24356,2025-03-11 11:16:47,1,3,0,0
68816,2025-03-11 11:20:01,0,6,0,0
36167,2025-03-11 11:38:50,0,7,0,0
75004,2025-03-11 11:49:07,0,6,1,351
47449,2025-03-11 11:52:09,0,4,0,0
10113,2025-03-11 11:55:25,1,6,0,0
38671,2025-03-11 11:58:53,1,7,0,0
53255,2025-03-11 12:06:56,0,3,0,0
8305,2025-03-11 12:17:14,0,5,0,0
28528,2025-03-11 12:29:59,0,5,1,480
70792,2025-03-11 12:32:28,0,7,0,0
9967,2025-03-11 12:35:46,0,7,0,0
4347,2025-03-11 12:39:35,1,6,1,527
40578,2025-03-11 12:48:00,0,8,1,473
47598,2025-03-11 12:52:44,1,10,0,0
77720,2025-03-11 13:01:00,0,9,0,0
13488,2025-03-11 13:01:41,1,8,0,0
77472,2025-03-11 13:07:04,0,9,1,659
66599,2025-03-11 13:13:24,0,13,0,0
78472,2025-03-11 13:14:39,0,14,0,0
83153,2025-03-11 13:17:55,0,5,0,0
69814,2025-03-11 13:30:07,1,8,1,393
23863,2025-03-11 13:47:14,0,4,0,0
1124,2025-03-11 13:52:03,0,5,0,0
92012,2025-03-11 13:57:10,1,4,0,0
35019,2025-03-11 14:12:54,1,1,1,404
95700,2025-03-11 14:14:27,1,8,1,260
17802,2025-03-11 14:19:38,1,5,0,0
96950,2025-03-11 14:31:50,0,7,0,0
24887,2025-03-11 14:39:20,1,3,0,0
38640,2025-03-11 14:47:33,0,1,0,0
86973,2025-03-11 14:48:33,0,8,0,0
17016,2025-03-11 14:54:19,1,3,0,0
28970,2025-03-11 15:02:59,1,8,0,0
33189,2025-03-11 15:09:29,0,6,0,0
58117,2025-03-11 15:11:56,0,7,1,404
18850,2025-03-11 15:18:23,0,9,0,0
83153,2025-03-11 15:27:37,0,6,0,0
67499,2025-03-11 15:33:17,0,8,1,496
95415,2025-03-11 15:39:43,0,9,0,0
80254,2025-03-11 15:43:54,0,4,0,0
95975,2025-03-11 15:48:55,0,10,0,0
51663,2025-03-11 15:50:28,1,8,0,0
50037,2025-03-11 16:05:08,0,8,1,215
21852,2025-03-11 16:06:37,0,4,1,171
6229,2025-03-11 16:14:57,0,6,1,365
46401,2025-03-11 16:43:40,1,7,0,0
3846,2025-03-11 16:44:40,0,3,0,0
26883,2025-03-11 16:49:08,0,9,0,0
69814,2025-03-11 16:57:37,0,3,0,0
55912,2025-03-11 17:11:05,0,7,0,0
39441,2025-03-11 17:16:14,0,7,1,320
45103,2025-03-11 17:28:13,1,9,0,0
43093,2025-03-11 17:28:46,0,5,0,0
45301,2025-03-11 17:35:49,0,8,0,0
45064,2025-03-11 17:51:31,0,5,0,0
84422,2025-03-11 17:57:37,1,5,0,0
31813,2025-03-11 18:08:25,0,9,0,0
88258,2025-03-11 18:14:14,0,5,0,0
55598,2025-03-11 18:33:17,0,6,0,0
68453,2025-03-11 18:37:16,0,5,0,0
85460,2025-03-11 18:41:22,0,9,0,0
48421,2025-03-11 18:52:13,1,5,1,179
71576,2025-03-11 18:55:31,0,1,0,0
92979,2025-03-11 19:11:58,1,5,0,0
46313,2025-03-11 19:22:45,0,7,0,0
92410,2025-03-11 19:23:15,0,4,0,0
31361,2025-03-11 19:28:48,0,1,0,0
27974,2025-03-11 19:30:51,1,2,0,0
13808,2025-03-11 19:38:49,0,8,0,0
4521,2025-03-11 19:47:01,0,6,1,402
23803,2025-03-11 19:51:46,0,8,0,0
41129,2025-03-11 19:55:54,0,8,1,213
66555,2025-03-11 20:37:10,0,4,1,386
32652,2025-03-11 20:40:22,0,3,1,326
27974,2025-03-11 20:45:02,0,8,0,0
89726,2025-03-11 20:56:52,0,7,0,0
1688,2025-03-11 21:02:23,0,7,0,0
27129,2025-03-11 21:02:35,1,9,1,256
26112,2025-03-11 21:15:15,1,5,0,0
13140,2025-03-11 21:22:23,1,6,0,0
95260,2025-03-11 21:25:01,0,7,0,0
79574,2025-03-11 21:34:13,0,8,1,180
13954,2025-03-11 21:54:30,0,2,1,379
22329,2025-03-11 22:02:48,0,8,1,330
59288,2025-03-11 22:15:46,0,6,0,0
77934,2025-03-11 22:19:51,0,7,1,325
77029,2025-03-11 22:28:59,0,6,0,0
92586,2025-03-11 22:34:27,0,9,0,0
77884,2025-03-11 22:34:40,0,5,1,313
71048,2025-03-11 22:41:43,1,5,0,0
10023,2025-03-11 22:52:03,1,10,1,539
61739,2025-03-11 22:53:54,0,5,0,0
80014,2025-03-11 22:56:55,1,12,0,0
14600,2025-03-11 23:04:55,1,7,1,185
38895,2025-03-11 23:06:24,0,9,1,296
74520,2025-03-11 23:08:41,1,9,1,323
46873,2025-03-11 23:12:22,1,3,1,167
68187,2025-03-11 23:14:08,0,9,0,0
35286,2025-03-11 23:23:03,0,5,0,0
26541,2025-03-11 23:32:52,1,5,0,0
63715,2025-03-11 23:34:24,0,4,0,0
13808,2025-03-11 23:39:14,0,7,1,327
45312,2025-03-11 23:39:47,0,8,0,0
31746,2025-03-11 23:40:33,0,6,1,146
79831,2025-03-11 23:55:48,1,5,0,0
85420,2025-03-12 00:18:59,1,5,0,0
85858,2025-03-12 00:33:49,0,8,0,0
7386,2025-03-12 00:33:56,0,4,0,0
24981,2025-03-12 01:01:02,0,4,0,0
29963,2025-03-12 01:21:13,0,5,0,0
36811,2025-03-12 01:22:08,1,8,0,0
45406,2025-03-12 01:32:12,1,5,0,0
46794,2025-03-12 01:47:59,0,6,0,0
86680,2025-03-12 01:49:11,0,5,0,0
15479,2025-03-12 02:03:28,0,4,1,291
24861,2025-03-12 02:21:27,0,7,0,0
22066,2025-03-12 02:40:54,0,6,0,0
23425,2025-03-12 02:49:45,0,5,1,286
77549,2025-03-12 03:55:48,1,3,1,649
1067,2025-03-12 03:56:48,1,4,1,302
6967,2025-03-12 04:17:22,0,6,0,0
31813,2025-03-12 04:19:45,1,2,0,0
44590,2025-03-12 04:39:48,0,7,0,0
34180,2025-03-12 04:41:54,0,2,0,0
90282,2025-03-12 05:08:51,0,5,1,262
14074,2025-03-12 05:20:18,1,3,1,789
31361,2025-03-12 05:31:20,1,6,0,0
45618,2025-03-12 05:41:50,0,6,0,0
71253,2025-03-12 05:44:04,0,4,0,0
34354,2025-03-12 06:00:16,0,4,0,0
44666,2025-03-12 06:22:02,0,2,1,334
77532,2025-03-12 06:23:42,1,7,0,0
56625,2025-03-12 06:24:11,1,5,1,241
59288,2025-03-12 06:35:00,0,9,1,378
63715,2025-03-12 06:35:55,1,2,0,0
60122,2025-03-12 06:41:59,0,5,1,256
54427,2025-03-12 07:23:43,0,4,0,0
36098,2025-03-12 07:38:17,0,5,0,0
89186,2025-03-12 07:49:33,0,8,0,0
27765,2025-03-12 08:01:51,0,7,1,603
60692,2025-03-12 08:05:21,1,8,0,0
55085,2025-03-12 08:11:47,0,9,0,0
56617,2025-03-12 08:18:34,0,11,0,0
76004,2025-03-12 08:31:56,1,8,1,513
22417,2025-03-12 08:47:25,1,5,0,0
88286,2025-03-12 08:52:51,1,4,0,0
38605,2025-03-12 08:54:36,0,10,1,350
1688,2025-03-12 08:55:15,0,7,0,0
77561,2025-03-12 08:57:38,1,9,1,240
46541,2025-03-12 08:59:23,1,7,1,313
57697,2025-03-12 09:00:58,0,5,0,0
21969,2025-03-12 09:01:39,0,7,1,389
18317,2025-03-12 09:24:00,1,3,0,0
7951,2025-03-12 09:25:52,1,8,0,0
42034,2025-03-12 09:32:39,0,6,0,0
3664,2025-03-12 09:38:35,0,8,0,0
75582,2025-03-12 09:51:31,0,6,0,0
24489,2025-03-12 10:05:43,0,8,0,0
78810,2025-03-12 10:06:44,1,3,0,0
36402,2025-03-12 10:17:59,0,5,1,126
40460,2025-03-12 10:28:54,1,8,0,0
1067,2025-03-12 10:48:01,0,4,0,0
7508,2025-03-12 10:48:24,0,5,1,214
43093,2025-03-12 10:54:16,0,3,0,0
56219,2025-03-12 10:56:43,0,6,1,470
61441,2025-03-12 11:11:18,0,5,0,0
55375,2025-03-12 11:15:32,0,3,0,0
67648,2025-03-12 11:15:35,0,4,0,0
14822,2025-03-12 11:33:20,0,4,0,0
81006,2025-03-12 11:34:43,0,13,1,142
34046,2025-03-12 11:38:12,0,4,1,471
65921,2025-03-12 11:50:55,1,7,1,266
17016,2025-03-12 11:56:04,0,8,0,0
48431,2025-03-12 12:05:52,0,7,1,385
55085,2025-03-12 12:19:56,0,11,0,0
24356,2025-03-12 12:23:11,0,10,0,0
31422,2025-03-12 12:34:07,0,3,1,327
40578,2025-03-12 12:36:55,0,6,1,425
63294,2025-03-12 12:41:11,0,4,0,0
85420,2025-03-12 12:42:17,0,10,1,391
62777,2025-03-12 12:57:25,1,4,0,0
93579,2025-03-12 13:03:01,0,6,0,0
57394,2025-03-12 13:03:52,1,3,0,0
62646,2025-03-12 13:04:00,1,7,0,0
5880,2025-03-12 13:27:28,0,5,0,0
11318,2025-03-12 13:37:53,0,2,0,0
76112,2025-03-12 13:42:13,0,4,0,0
11466,2025-03-12 13:50:47,1,3,0,0
3664,2025-03-12 13:53:11,1,5,0,0
17398,2025-03-12 13:53:59,0,8,0,0
47176,2025-03-12 13:55:01,0,8,1,200
3828,2025-03-12 13:57:38,1,6,0,0
4202,2025-03-12 14:03:21,0,9,0,0
92979,2025-03-12 14:05:04,0,3,0,0
80254,2025-03-12 14:07:06,0,6,0,0
32806,2025-03-12 14:15:25,1,8,1,241
76004,2025-03-12 14:17:10,1,9,0,0
4192,2025-03-12 14:27:35,0,7,1,324
47598,2025-03-12 14:33:03,0,9,0,0
95764,2025-03-12 14:45:11,0,9,0,0
87981,2025-03-12 14:49:41,0,6,0,0
88789,2025-03-12 14:53:20,1,4,0,0
67810,2025-03-12 15:03:50,1,12,0,0
45900,2025-03-12 15:18:43,0,4,0,0
79943,2025-03-12 15:23:56,0,4,0,0
34125,2025-03-12 15:26:09,0,6,0,0
51446,2025-03-12 15:36:25,0,7,1,870
44578,2025-03-12 15:46:56,0,1,1,427
26422,2025-03-12 15:49:06,0,6,1,459
57047,2025-03-12 15:49:12,0,7,0,0
87236,2025-03-12 15:50:14,1,2,1,200
10204,2025-03-12 15:51:20,1,7,0,0
89162,2025-03-12 15:54:43,0,3,0,0
67089,2025-03-12 16:03:28,0,10,0,0
93156,2025-03-12 16:04:30,0,3,0,0
17289,2025-03-12 16:18:46,1,9,0,0
61739,2025-03-12 16:24:54,0,9,0,0
66220,2025-03-12 16:31:40,0,6,1,247
78546,2025-03-12 16:32:09,1,4,0,0
6389,2025-03-12 16:32:40,0,5,1,333
90162,2025-03-12 16:34:14,0,7,0,0
67648,2025-03-12 16:47:13,0,5,0,0
46700,2025-03-12 16:52:26,1,4,1,406
85858,2025-03-12 16:53:28,0,4,1,268
69676,2025-03-12 17:06:15,0,9,0,0
9787,2025-03-12 17:15:12,0,5,0,0
14436,2025-03-12 17:19:17,0,7,0,0
83471,2025-03-12 17:38:28,1,9,0,0
71811,2025-03-12 17:39:51,0,5,1,432
56977,2025-03-12 17:51:24,0,5,0,0
96031,2025-03-12 17:53:20,0,7,0,0
6659,2025-03-12 17:56:21,0,7,0,0
48421,2025-03-12 18:11:56,1,3,1,365
44210,2025-03-12 18:16:08,0,6,0,0
58784,2025-03-12 18:24:03,0,6,0,0
64516,2025-03-12 18:33:16,0,4,1,349
14195,2025-03-12 18:38:28,1,7,0,0
64516,2025-03-12 18:42:13,0,9,0,0
1990,2025-03-12 18:42:50,0,6,0,0
30568,2025-03-12 18:43:26,0,10,0,0
24861,2025-03-12 18:52:19,0,6,0,0
96875,2025-03-12 18:52:43,0,9,1,198
75677,2025-03-12 18:54:06,0,12,0,0
91005,2025-03-12 18:59:40,1,3,0,0
13325,2025-03-12 19:06:29,0,5,0,0
9284,2025-03-12 19:16:48,0,4,1,459
93858,2025-03-12 19:25:53,0,6,0,0
32090,2025-03-12 19:46:04,1,11,1,282
2390,2025-03-12 19:46:53,1,4,0,0
70792,2025-03-12 20:08:28,1,5,0,0
70290,2025-03-12 20:18:06,1,7,0,0
47610,2025-03-12 20:35:29,0,3,1,288
80014,2025-03-12 21:12:19,0,4,0,0
48431,2025-03-12 21:12:26,0,10,0,0
90935,2025-03-12 21:15:55,1,4,0,0
24501,2025-03-12 21:17:47,1,4,0,0
14822,2025-03-12 21:27:32,0,5,0,0
63003,2025-03-12 21:36:45,0,1,0,0
53582,2025-03-12 21:40:26,1,5,0,0
72111,2025-03-12 21:41:29,1,4,1,302
91068,2025-03-12 21:43:31,0,4,0,0
67765,2025-03-12 21:56:28,1,1,0,0
32845,2025-03-12 21:57:03,1,4,0,0
85420,2025-03-12 22:06:21,0,5,0,0
40578,2025-03-12 22:24:11,1,7,0,0
52225,2025-03-12 22:26:43,0,9,0,0
1067,2025-03-12 22:28:12,1,7,0,0
91005,2025-03-12 22:31:29,0,5,0,0
13836,2025-03-12 22:39:42,0,6,0,0
77832,2025-03-12 22:51:30,0,6,1,438
72504,2025-03-12 22:52:52,1,5,1,241
45824,2025-03-12 23:09:21,0,6,0,0
61296,2025-03-12 23:10:26,0,9,1,318
38944,2025-03-12 23:15:38,0,5,0,0
27982,2025-03-12 23:21:44,0,5,1,268
32947,2025-03-12 23:23:44,0,9,0,0
39441,2025-03-12 23:31:54,0,7,0,0
63715,2025-03-12 23:35:39,1,9,0,0
43389,2025-03-12 23:46:21,0,13,0,0
29658,2025-03-12 23:46:41,0,3,1,523
61678,2025-03-12 23:54:25,0,5,1,559
98221,2025-03-13 00:15:02,0,10,0,0
97781,2025-03-13 00:19:18,0,5,0,0
94249,2025-03-13 00:24:40,0,5,1,404
48664,2025-03-13 00:24:56,0,3,0,0
21969,2025-03-13 00:59:31,0,8,0,0
60210,2025-03-13 01:12:18,0,6,0,0
71988,2025-03-13 01:24:28,0,8,1,213
24793,2025-03-13 01:36:54,0,5,0,0
6389,2025-03-13 01:39:28,0,5,1,279
96917,2025-03-13 01:43:52,0,8,0,0
24356,2025-03-13 02:03:56,0,8,0,0
39378,2025-03-13 02:16:23,0,2,0,0
13858,2025-03-13 02:21:02,1,11,1,331
4913,2025-03-13 02:32:22,0,10,0,0
12763,2025-03-13 02:57:34,0,10,0,0
92248,2025-03-13 03:12:28,1,3,0,0
81148,2025-03-13 03:27:03,0,5,0,0
78034,2025-03-13 03:39:28,0,7,0,0
3664,2025-03-13 03:44:10,0,4,0,0
65518,2025-03-13 04:06:12,1,3,0,0
98362,2025-03-13 04:19:11,1,3,0,0
96450,2025-03-13 04:26:06,0,4,0,0
10113,2025-03-13 04:50:23,0,9,0,0
24847,2025-03-13 04:58:57,1,4,0,0
77049,2025-03-13 05:07:37,1,3,0,0
11684,2025-03-13 05:17:21,0,9,0,0
44862,2025-03-13 05:29:20,1,7,0,0
40529,2025-03-13 05:37:25,0,4,0,0
42779,2025-03-13 06:03:19,0,11,0,0
23863,2025-03-13 06:17:19,0,6,0,0
53362,2025-03-13 06:34:36,0,4,0,0
79654,2025-03-13 07:11:32,0,3,1,213
53582,2025-03-13 07:11:45,0,8,1,514
23290,2025-03-13 07:16:19,1,8,0,0
72467,2025-03-13 07:29:33,1,5,0,0
8081,2025-03-13 08:01:53,0,7,1,392
63026,2025-03-13 08:09:25,1,2,0,0
62271,2025-03-13 08:13:52,1,3,0,0
81727,2025-03-13 08:14:46,0,10,1,332
13140,2025-03-13 08:16:09,0,4,0,0
3246,2025-03-13 08:18:02,0,8,1,664
36112,2025-03-13 08:19:55,0,4,1,677
38957,2025-03-13 08:20:55,0,3,0,0
67089,2025-03-13 08:23:02,0,5,0,0
38957,2025-03-13 08:27:56,1,7,1,373
41720,2025-03-13 08:30:23,0,6,0,0
49573,2025-03-13 08:32:04,0,8,1,218
10113,2025-03-13 08:38:37,0,8,0,0
56814,2025-03-13 08:41:42,1,4,0,0
65213,2025-03-13 08:43:14,0,7,0,0
93991,2025-03-13 08:46:30,0,6,0,0
86767,2025-03-13 08:50:22,0,3,1,254
2433,2025-03-13 08:54:28,0,5,0,0
3234,2025-03-13 08:57:12,0,2,1,197
8648,2025-03-13 09:05:17,0,6,1,237
44590,2025-03-13 09:13:33,0,7,1,570
50473,2025-03-13 09:14:39,0,2,0,0
92410,2025-03-13 09:15:10,0,3,0,0
25193,2025-03-13 09:17:11,0,7,0,0
56625,2025-03-13 09:17:16,0,6,0,0
67810,2025-03-13 09:29:50,0,7,0,0
38671,2025-03-13 09:32:11,0,6,1,402
67648,2025-03-13 09:41:22,1,5,0,0
9818,2025-03-13 09:51:45,1,11,0,0
32090,2025-03-13 10:01:00,0,2,1,406
89815,2025-03-13 10:12:02,0,3,0,0
77095,2025-03-13 10:13:02,1,2,0,0
24887,2025-03-13 10:38:00,0,1,0,0
58380,2025-03-13 10:43:10,1,5,1,283
26091,2025-03-13 10:44:19,0,8,0,0
17068,2025-03-13 10:54:09,1,9,1,285
14195,2025-03-13 11:02:49,0,6,0,0
92248,2025-03-13 11:09:31,0,6,0,0
99262,2025-03-13 11:17:14,0,4,0,0
43889,2025-03-13 11:20:07,1,6,0,0
28447,2025-03-13 11:21:34,0,9,1,388
14810,2025-03-13 11:21:46,1,6,1,253
21000,2025-03-13 11:22:47,1,6,1,366
90469,2025-03-13 11:33:38,1,6,0,0
73908,2025-03-13 11:36:59,0,12,0,0
32026,2025-03-13 11:39:26,0,4,0,0
47176,2025-03-13 11:57:29,0,5,0,0
81925,2025-03-13 12:02:37,0,6,0,0
51889,2025-03-13 12:15:39,0,2,1,412
47176,2025-03-13 12:20:03,1,8,0,0
3205,2025-03-13 12:29:07,0,4,0,0
6638,2025-03-13 12:30:12,0,7,0,0
70804,2025-03-13 12:33:35,0,4,1,433
42724,2025-03-13 12:38:56,1,3,0,0
70872,2025-03-13 12:51:24,0,8,0,0
85858,2025-03-13 12:52:01,0,9,0,0
64353,2025-03-13 12:54:28,0,8,0,0
76584,2025-03-13 13:02:53,0,14,0,0
64358,2025-03-13 13:19:24,0,6,0,0
62680,2025-03-13 13:24:26,1,6,0,0
24609,2025-03-13 13:26:32,0,5,1,242
1273,2025-03-13 13:27:39,0,4,0,0
58928,2025-03-13 13:30:29,1,6,1,240
73555,2025-03-13 13:33:06,0,8,0,0
9849,2025-03-13 13:47:14,0,9,0,0
68953,2025-03-13 13:54:23,0,5,1,233
94738,2025-03-13 14:01:16,0,4,1,280
85611,2025-03-13 14:02:42,0,3,1,258
68889,2025-03-13 14:06:42,0,13,0,0
39806,2025-03-13 14:08:43,1,7,0,0
93179,2025-03-13 14:15:36,1,4,1,624
18658,2025-03-13 14:19:43,0,5,0,0
42447,2025-03-13 14:21:45,1,6,0,0
50021,2025-03-13 14:30:47,0,5,1,289
79831,2025-03-13 14:34:22,0,6,1,225
6959,2025-03-13 14:41:20,0,8,0,0
44310,2025-03-13 14:44:37,0,4,0,0
82478,2025-03-13 14:44:42,1,5,0,0
85280,2025-03-13 14:51:51,0,8,0,0
66013,2025-03-13 14:59:01,1,6,1,245
46559,2025-03-13 15:02:03,0,2,1,287
63302,2025-03-13 15:13:59,1,8,0,0
22980,2025-03-13 15:19:09,0,3,1,291
42779,2025-03-13 15:19:27,0,7,0,0
58113,2025-03-13 15:21:57,0,8,0,0
56625,2025-03-13 15:23:21,0,7,1,339
32947,2025-03-13 15:27:01,0,6,0,0
57964,2025-03-13 15:30:44,0,7,1,484
18125,2025-03-13 15:30:47,0,7,0,0
29831,2025-03-13 15:32:07,0,7,0,0
78546,2025-03-13 15:33:40,1,5,0,0
74520,2025-03-13 15:51:13,0,8,1,301
99071,2025-03-13 15:52:45,1,14,0,0
2029,2025-03-13 15:55:19,1,8,0,0
21007,2025-03-13 15:58:31,0,7,0,0
92133,2025-03-13 15:59:39,0,2,0,0
11606,2025-03-13 15:59:46,0,7,0,0
78034,2025-03-13 16:05:35,1,7,0,0
6699,2025-03-13 16:07:00,1,9,0,0
42624,2025-03-13 16:50:01,1,4,1,187
20915,2025-03-13 17:00:34,0,4,0,0
89162,2025-03-13 17:01:17,1,6,0,0
96450,2025-03-13 17:16:06,0,9,0,0
96921,2025-03-13 17:20:53,0,10,0,0
36219,2025-03-13 17:22:38,0,8,0,0
22156,2025-03-13 17:25:01,0,12,1,215
26339,2025-03-13 17:33:21,1,8,0,0
24794,2025-03-13 17:40:53,0,7,1,274
90658,2025-03-13 17:49:07,0,6,0,0
92777,2025-03-13 18:04:47,1,8,0,0
57964,2025-03-13 18:10:48,1,9,1,209
94742,2025-03-13 18:13:36,1,9,1,227
9284,2025-03-13 18:14:48,0,5,1,264
85912,2025-03-13 18:15:22,1,9,0,0
6659,2025-03-13 18:23:02,0,6,0,0
31557,2025-03-13 18:31:24,1,6,0,0
96343,2025-03-13 18:31:40,1,7,0,0
71962,2025-03-13 18:36:33,0,5,1,244
85764,2025-03-13 18:42:43,0,8,0,0
46855,2025-03-13 18:46:06,0,8,0,0
16188,2025-03-13 18:46:53,0,5,1,228
33608,2025-03-13 18:48:07,1,6,1,230
48672,2025-03-13 18:52:01,0,6,0,0
89186,2025-03-13 18:52:51,0,4,1,426
16949,2025-03-13 19:01:28,0,6,1,407
76159,2025-03-13 19:16:40,0,5,0,0
82447,2025-03-13 19:21:21,0,8,1,202
96735,2025-03-13 19:22:01,0,6,0,0
88258,2025-03-13 19:28:50,1,9,0,0
71706,2025-03-13 19:50:11,1,10,0,0
78591,2025-03-13 20:01:04,0,8,0,0
14078,2025-03-13 20:01:10,0,6,0,0
89286,2025-03-13 20:02:47,1,5,0,0
73631,2025-03-13 20:08:09,0,2,0,0
55520,2025-03-13 20:19:05,0,4,0,0
67403,2025-03-13 20:39:48,0,8,0,0
6491,2025-03-13 20:50:27,0,6,0,0
31225,2025-03-13 20:52:08,0,10,0,0
20030,2025-03-13 21:04:20,0,5,0,0
76584,2025-03-13 21:09:41,1,8,0,0
92733,2025-03-13 21:17:33,1,5,0,0
68889,2025-03-13 21:34:19,0,7,0,0
17953,2025-03-13 21:37:59,1,6,0,0
8244,2025-03-13 21:38:14,0,3,0,0
68299,2025-03-13 21:46:50,0,7,1,338
99795,2025-03-13 21:52:09,1,7,0,0
77116,2025-03-13 21:54:55,1,15,0,0
56642,2025-03-13 22:06:16,1,4,0,0
59406,2025-03-13 22:09:38,1,8,1,210
79831,2025-03-13 22:11:04,1,6,0,0
58117,2025-03-13 22:51:06,1,7,0,0
61282,2025-03-13 22:51:58,0,6,0,0
79902,2025-03-13 22:56:32,1,7,1,614
76112,2025-03-13 22:58:12,0,7,1,232
36558,2025-03-13 22:59:55,1,4,1,306
39655,2025-03-13 23:00:41,0,6,0,0
9544,2025-03-13 23:18:41,1,6,0,0
92330,2025-03-13 23:30:46,0,6,0,0
8420,2025-03-13 23:31:46,0,6,0,0
60314,2025-03-13 23:40:08,0,6,1,276
93640,2025-03-13 23:49:30,0,3,0,0
6600,2025-03-13 23:53:02,0,6,1,309
54685,2025-03-13 23:56:30,0,5,0,0
87118,2025-03-13 23:57:45,0,2,0,0
64121,2025-03-13 23:57:46,1,8,1,530
20030,2025-03-13 23:59:14,1,3,1,364
31912,2025-03-14 00:17:55,1,9,0,0
96128,2025-03-14 00:23:06,0,5,0,0
22087,2025-03-14 00:56:03,0,4,0,0
19436,2025-03-14 01:08:34,1,6,0,0
3828,2025-03-14 01:12:03,0,7,0,0
15425,2025-03-14 01:13:44,0,4,0,0
81066,2025-03-14 01:24:43,0,8,1,458
67013,2025-03-14 01:40:05,0,6,0,0
77049,2025-03-14 01:54:54,0,9,0,0
13931,2025-03-14 01:58:23,0,4,0,0
58867,2025-03-14 02:00:11,1,4,1,530
18243,2025-03-14 02:11:17,0,4,0,0
60502,2025-03-14 02:30:27,1,7,0,0
63211,2025-03-14 02:56:33,0,9,0,0
81339,2025-03-14 02:58:35,0,9,0,0
82253,2025-03-14 03:13:11,0,4,0,0
95584,2025-03-14 03:22:27,0,7,0,0
32212,2025-03-14 03:22:59,1,8,1,278
71706,2025-03-14 03:24:58,0,6,0,0
45618,2025-03-14 03:34:03,0,6,1,236
89096,2025-03-14 03:59:43,0,6,1,248
9294,2025-03-14 04:11:06,1,5,0,0
40460,2025-03-14 04:16:16,0,4,1,243
58867,2025-03-14 04:18:17,0,3,0,0
96735,2025-03-14 04:18:59,1,3,1,173
32652,2025-03-14 04:19:21,0,5,0,0
6959,2025-03-14 04:36:05,0,5,1,207
43617,2025-03-14 04:43:15,1,4,1,304
43389,2025-03-14 04:48:35,0,9,0,0
16949,2025-03-14 04:56:13,0,7,1,283
87900,2025-03-14 05:01:20,1,7,1,508
14869,2025-03-14 05:23:45,0,8,0,0
43358,2025-03-14 05:36:00,0,3,0,0
36112,2025-03-14 05:36:41,0,11,0,0
55375,2025-03-14 05:38:26,0,7,0,0
20577,2025-03-14 06:01:50,0,7,1,252
18120,2025-03-14 06:19:15,0,4,1,305
36047,2025-03-14 06:25:45,0,4,1,213
7899,2025-03-14 06:39:01,0,3,0,0
30871,2025-03-14 06:52:03,0,9,1,334
3192,2025-03-14 06:52:40,1,8,1,255
39441,2025-03-14 07:02:00,0,11,1,322
68984,2025-03-14 07:03:49,0,5,0,0
63866,2025-03-14 07:05:52,0,5,0,0
96128,2025-03-14 07:24:56,0,6,1,203
9284,2025-03-14 07:36:58,0,7,0,0
60925,2025-03-14 08:01:22,0,7,0,0
22442,2025-03-14 08:08:29,0,6,0,0
77934,2025-03-14 08:11:34,1,4,0,0
66455,2025-03-14 08:15:58,0,5,0,0
60925,2025-03-14 08:21:27,0,6,0,0
46873,2025-03-14 08:22:19,0,9,1,256
27649,2025-03-14 08:34:32,0,9,0,0
91465,2025-03-14 08:56:07,0,7,0,0
83799,2025-03-14 09:15:17,0,4,0,0
93724,2025-03-14 09:19:46,1,6,0,0
60465,2025-03-14 09:28:49,0,7,0,0
74016,2025-03-14 09:40:22,0,9,1,403
26755,2025-03-14 09:53:49,1,10,1,475
34347,2025-03-14 09:54:42,0,3,0,0
15606,2025-03-14 10:01:40,1,5,0,0
79078,2025-03-14 10:02:46,0,8,1,350
55520,2025-03-14 10:11:34,0,5,0,0
94400,2025-03-14 10:12:29,0,1,0,0
42779,2025-03-14 10:13:32,0,7,0,0
70872,2025-03-14 10:17:50,1,4,0,0
37602,2025-03-14 10:20:10,0,10,1,156
93724,2025-03-14 10:29:53,0,2,0,0
61441,2025-03-14 10:32:15,1,0,0,0
89704,2025-03-14 10:32:41,0,5,0,0
49573,2025-03-14 10:35:08,0,10,1,160
64171,2025-03-14 10:40:41,1,8,0,0
9821,2025-03-14 10:42:49,1,8,1,203
95767,2025-03-14 10:48:21,0,5,1,422
41155,2025-03-14 10:49:14,0,4,0,0
70792,2025-03-14 11:03:33,0,9,1,458
2411,2025-03-14 11:11:45,1,4,0,0
25138,2025-03-14 11:11:56,0,9,0,0
99781,2025-03-14 11:25:26,0,8,0,0
64775,2025-03-14 11:30:36,0,10,0,0
49084,2025-03-14 11:34:17,1,6,0,0
79648,2025-03-14 11:35:19,0,5,0,0
3234,2025-03-14 11:35:40,0,4,1,239
93402,2025-03-14 12:05:15,0,7,1,309
82278,2025-03-14 12:09:19,0,6,0,0
32026,2025-03-14 12:09:46,0,4,0,0
21811,2025-03-14 12:24:15,0,4,0,0
97065,2025-03-14 12:28:19,1,2,0,0
3193,2025-03-14 12:31:55,0,5,0,0
86484,2025-03-14 12:33:09,1,7,0,0
11318,2025-03-14 12:41:22,0,2,0,0
99071,2025-03-14 12:42:08,0,6,1,272
34978,2025-03-14 12:43:25,0,9,1,612
93575,2025-03-14 12:46:51,0,9,0,0
59288,2025-03-14 12:54:29,0,5,1,260
14439,2025-03-14 13:03:39,0,7,1,260
13931,2025-03-14 13:16:10,0,5,0,0
83471,2025-03-14 13:25:03,1,2,0,0
90162,2025-03-14 13:25:55,1,8,0,0
69804,2025-03-14 13:39:25,0,6,0,0
35079,2025-03-14 13:41:48,0,8,1,331
32806,2025-03-14 13:43:18,1,4,1,162
9849,2025-03-14 13:46:47,0,6,0,0
63667,2025-03-14 13:53:15,1,3,0,0
36406,2025-03-14 13:53:17,0,6,0,0
99071,2025-03-14 13:58:03,0,7,0,0
93142,2025-03-14 14:02:58,1,4,1,285
16552,2025-03-14 14:07:40,0,7,1,269
59288,2025-03-14 14:08:45,0,8,1,344
76944,2025-03-14 14:10:24,1,5,1,263
79503,2025-03-14 14:19:26,0,4,0,0
70960,2025-03-14 14:25:36,0,8,0,0
21969,2025-03-14 14:29:02,0,4,1,353
93179,2025-03-14 14:37:16,0,8,0,0
94980,2025-03-14 14:39:42,0,2,0,0
88988,2025-03-14 14:48:37,0,8,0,0
82287,2025-03-14 14:52:16,1,5,0,0
20374,2025-03-14 15:03:54,1,7,0,0
11318,2025-03-14 15:04:48,1,5,1,615
29384,2025-03-14 15:05:26,1,3,1,111
22169,2025-03-14 15:14:14,0,3,0,0
88792,2025-03-14 15:19:38,0,8,1,223
10113,2025-03-14 15:29:13,0,10,0,0
54287,2025-03-14 15:29:33,1,4,1,380
21476,2025-03-14 15:31:06,0,6,1,771
38947,2025-03-14 15:37:56,0,11,0,0
8305,2025-03-14 15:40:55,0,5,0,0
21072,2025-03-14 15:41:05,0,7,0,0
97742,2025-03-14 15:42:36,0,8,0,0
39806,2025-03-14 15:43:43,0,4,1,226
39441,2025-03-14 15:48:10,0,4,1,248
26595,2025-03-14 15:55:06,0,8,0,0
73310,2025-03-14 15:56:30,1,3,0,0
29989,2025-03-14 16:05:34,0,6,0,0
70521,2025-03-14 16:11:44,0,14,0,0
20495,2025-03-14 16:14:56,1,2,1,300
87118,2025-03-14 16:15:13,1,5,0,0
26362,2025-03-14 16:16:32,0,5,1,328
12183,2025-03-14 16:26:15,0,6,1,362
6659,2025-03-14 16:35:55,1,9,0,0
58209,2025-03-14 16:36:34,0,7,1,413
10113,2025-03-14 16:40:46,1,5,0,0
60502,2025-03-14 17:08:15,0,5,0,0
60465,2025-03-14 17:18:36,0,4,1,147
17981,2025-03-14 17:19:01,0,5,0,0
61441,2025-03-14 17:30:32,0,4,0,0
31557,2025-03-14 17:38:16,1,5,1,282
72938,2025-03-14 17:39:30,0,4,0,0
83321,2025-03-14 17:41:23,0,5,0,0
96123,2025-03-14 17:42:16,0,9,0,0
68435,2025-03-14 17:44:09,0,7,0,0
5581,2025-03-14 17:53:00,0,3,0,0
44767,2025-03-14 17:55:32,0,6,0,0
80321,2025-03-14 17:57:21,0,6,1,184
65269,2025-03-14 17:57:41,1,7,0,0
48519,2025-03-14 18:00:24,1,4,0,0
14822,2025-03-14 18:12:38,0,7,0,0
56914,2025-03-14 18:17:16,0,9,0,0
97436,2025-03-14 18:20:18,1,8,0,0
73189,2025-03-14 18:24:20,1,5,0,0
72111,2025-03-14 18:33:04,0,7,0,0
22066,2025-03-14 18:37:52,0,9,0,0
73806,2025-03-14 18:40:13,0,5,0,0
77878,2025-03-14 18:43:50,0,3,1,510
9294,2025-03-14 18:45:21,0,8,1,210
89604,2025-03-14 18:52:09,0,6,0,0
70872,2025-03-14 18:54:59,0,5,0,0
41379,2025-03-14 19:00:25,0,3,1,199
62537,2025-03-14 19:01:07,0,6,0,0
40862,2025-03-14 19:08:35,1,4,0,0
89112,2025-03-14 19:09:59,0,6,0,0
44977,2025-03-14 19:11:51,0,7,0,0
77532,2025-03-14 19:13:36,0,7,0,0
50487,2025-03-14 19:23:08,0,5,0,0
9922,2025-03-14 19:34:51,0,7,1,379
15338,2025-03-14 19:44:43,0,3,1,492
60465,2025-03-14 19:45:32,0,4,0,0
86798,2025-03-14 19:57:44,1,5,0,0
19668,2025-03-14 20:25:55,0,6,1,238
40311,2025-03-14 20:57:37,0,3,0,0
13954,2025-03-14 21:05:06,0,7,0,0
13402,2025-03-14 21:06:02,0,6,0,0
65563,2025-03-14 21:09:21,1,5,0,0
6936,2025-03-14 21:09:35,1,6,0,0
71576,2025-03-14 21:14:28,0,9,1,254
21072,2025-03-14 21:21:35,1,4,0,0
29838,2025-03-14 21:41:40,0,2,0,0
36560,2025-03-14 21:55:39,0,2,0,0
38679,2025-03-14 22:01:50,1,5,0,0
87564,2025-03-14 22:09:22,0,2,0,0
57128,2025-03-14 22:16:49,0,7,1,271
73571,2025-03-14 22:20:38,0,10,1,613
37845,2025-03-14 22:32:10,0,4,0,0
10906,2025-03-14 22:39:22,1,7,1,183
27294,2025-03-14 22:41:46,0,5,0,0
20915,2025-03-14 22:47:01,0,5,0,0
27259,2025-03-14 22:49:04,0,8,1,302
4192,2025-03-14 22:49:11,0,5,0,0
63062,2025-03-14 22:56:35,0,5,0,0
73514,2025-03-14 22:58:06,0,7,0,0
89286,2025-03-14 23:07:45,0,9,0,0
42624,2025-03-14 23:16:32,0,8,0,0
52421,2025-03-14 23:22:33,0,7,1,330
88828,2025-03-14 23:27:07,0,6,0,0
20163,2025-03-14 23:27:10,0,8,0,0
25138,2025-03-14 23:27:18,0,4,0,0
86147,2025-03-14 23:28:41,0,7,1,282
68564,2025-03-14 23:38:39,0,8,1,170
38688,2025-03-14 23:42:18,0,5,1,234
9544,2025-03-14 23:52:00,0,4,0,0
92920,2025-03-15 00:00:38,0,5,1,454
25573,2025-03-15 00:07:31,0,4,1,230
45680,2025-03-15 00:10:14,1,3,1,162
90734,2025-03-15 00:17:54,1,5,0,0
69842,2025-03-15 00:27:08,0,5,1,437
67013,2025-03-15 01:01:32,0,8,1,270
86828,2025-03-15 01:19:38,0,5,1,252
67130,2025-03-15 01:30:48,1,4,1,369
40311,2025-03-15 01:59:35,1,7,1,523
20068,2025-03-15 02:00:03,1,3,0,0
79042,2025-03-15 02:02:27,0,10,0,0
29258,2025-03-15 02:02:56,0,7,1,463
36098,2025-03-15 02:37:35,0,6,1,413
82253,2025-03-15 02:43:04,0,6,0,0
39543,2025-03-15 03:03:27,0,2,0,0
94980,2025-03-15 03:10:18,0,6,1,216
57298,2025-03-15 03:12:57,0,8,0,0
56283,2025-03-15 03:14:16,0,3,0,0
8728,2025-03-15 03:27:14,0,4,0,0
24047,2025-03-15 03:28:27,0,6,0,0
51437,2025-03-15 04:15:17,0,7,0,0
2433,2025-03-15 04:55:20,0,5,0,0
68841,2025-03-15 05:12:48,0,0,1,523
17389,2025-03-15 05:16:57,0,2,0,0
46307,2025-03-15 05:17:05,0,10,0,0
56814,2025-03-15 05:27:47,0,3,0,0
36924,2025-03-15 05:55:20,1,12,0,0
27294,2025-03-15 06:00:53,1,5,0,0
87564,2025-03-15 06:16:09,0,10,1,275
62526,2025-03-15 06:39:43,0,9,0,0
62646,2025-03-15 06:51:00,0,6,1,224
50473,2025-03-15 07:27:27,1,6,0,0
22223,2025-03-15 07:34:35,0,10,0,0
27259,2025-03-15 07:44:15,0,5,1,181
69930,2025-03-15 08:10:54,1,9,0,0
79349,2025-03-15 08:11:55,0,6,0,0
12519,2025-03-15 08:14:36,0,5,1,261
72265,2025-03-15 08:22:04,1,12,1,366
48026,2025-03-15 08:24:33,1,7,1,281
93825,2025-03-15 08:24:58,0,3,1,324
83321,2025-03-15 08:37:01,0,7,0,0
38885,2025-03-15 08:39:09,1,9,1,280
93402,2025-03-15 08:48:06,0,4,1,179
27116,2025-03-15 08:59:01,0,7,0,0
43010,2025-03-15 09:05:48,0,6,1,244
15267,2025-03-15 09:18:19,0,3,1,482
76584,2025-03-15 09:20:35,1,2,1,249
64171,2025-03-15 09:26:19,1,9,0,0
65313,2025-03-15 09:34:09,0,2,0,0
19224,2025-03-15 09:44:47,0,10,1,754
54287,2025-03-15 10:04:17,0,6,0,0
70622,2025-03-15 10:11:27,0,5,0,0
67130,2025-03-15 10:17:39,1,7,1,201
30832,2025-03-15 10:22:06,0,6,0,0
44210,2025-03-15 10:23:34,0,3,1,179
63896,2025-03-15 10:28:14,1,0,1,283
35671,2025-03-15 10:29:17,1,3,0,0
25573,2025-03-15 10:31:01,0,1,0,0
33469,2025-03-15 10:38:44,0,12,0,0
99171,2025-03-15 10:46:58,0,2,0,0
49084,2025-03-15 10:52:45,0,3,0,0
8367,2025-03-15 10:54:44,0,3,0,0
81231,2025-03-15 10:58:52,0,8,0,0
73908,2025-03-15 11:02:40,1,7,0,0
92133,2025-03-15 11:04:56,1,4,1,461
18308,2025-03-15 11:15:39,1,11,0,0
81866,2025-03-15 11:27:32,1,6,1,261
32845,2025-03-15 11:28:24,1,7,1,302
81866,2025-03-15 11:34:46,1,7,0,0
63026,2025-03-15 11:35:32,0,4,1,223
35648,2025-03-15 11:37:42,0,6,0,0
43889,2025-03-15 11:38:56,1,2,1,375
45505,2025-03-15 11:39:46,0,5,1,542
92016,2025-03-15 11:46:17,1,6,1,214
15338,2025-03-15 12:02:15,1,9,1,615
97742,2025-03-15 12:22:20,1,10,0,0
8731,2025-03-15 12:28:27,0,8,1,480
18290,2025-03-15 12:43:23,0,2,0,0
74779,2025-03-15 12:54:00,0,6,0,0
90495,2025-03-15 13:03:32,1,6,0,0
943,2025-03-15 13:16:34,0,5,0,0
3192,2025-03-15 13:21:06,0,2,0,0
97515,2025-03-15 13:23:16,0,6,1,317
71811,2025-03-15 13:33:01,0,7,0,0
22864,2025-03-15 13:34:22,0,5,0,0
65921,2025-03-15 13:36:01,0,6,0,0
73555,2025-03-15 13:42:50,0,11,0,0
40047,2025-03-15 14:19:11,1,9,1,232
47449,2025-03-15 14:21:10,1,6,1,311
72718,2025-03-15 14:26:34,0,7,0,0
46205,2025-03-15 14:34:34,0,2,1,637
35447,2025-03-15 14:39:04,1,6,0,0
34180,2025-03-15 14:46:48,1,4,0,0
10906,2025-03-15 14:54:53,0,9,0,0
22169,2025-03-15 14:57:05,0,4,1,237
79201,2025-03-15 15:15:34,0,8,0,0
36924,2025-03-15 15:17:51,0,8,0,0
89186,2025-03-15 15:23:31,0,7,0,0
31171,2025-03-15 15:31:57,1,3,1,479
37603,2025-03-15 15:37:17,0,9,1,534
22223,2025-03-15 16:04:41,0,4,0,0
65180,2025-03-15 16:08:18,0,8,1,314
77233,2025-03-15 16:22:13,1,7,0,0
42619,2025-03-15 16:23:02,0,6,0,0
1440,2025-03-15 16:37:35,0,5,1,171
80203,2025-03-15 16:45:27,0,8,0,0
60314,2025-03-15 16:50:02,0,2,0,0
84264,2025-03-15 17:03:48,1,5,0,0
40529,2025-03-15 17:05:53,0,9,1,234
96917,2025-03-15 17:06:56,1,10,0,0
80607,2025-03-15 17:14:51,1,6,0,0
99012,2025-03-15 17:17:50,0,11,0,0
58192,2025-03-15 17:25:12,1,11,1,304
74604,2025-03-15 17:26:42,0,6,0,0
73172,2025-03-15 17:29:39,1,3,0,0
21019,2025-03-15 17:31:25,1,7,1,199
6638,2025-03-15 17:39:56,0,4,0,0
92248,2025-03-15 17:42:53,1,7,0,0
2029,2025-03-15 18:02:00,0,5,0,0
45525,2025-03-15 18:11:28,0,6,0,0
3883,2025-03-15 18:11:44,0,4,0,0
24609,2025-03-15 18:15:21,0,6,0,0
68453,2025-03-15 18:21:49,0,7,0,0
31361,2025-03-15 18:24:20,0,5,0,0
74520,2025-03-15 18:26:09,0,8,0,0
10906,2025-03-15 18:26:22,0,6,0,0
28731,2025-03-15 18:32:25,1,3,0,0
77283,2025-03-15 18:45:01,0,4,0,0
29384,2025-03-15 18:52:40,1,4,1,576
59494,2025-03-15 18:54:29,0,7,0,0
64176,2025-03-15 18:55:47,0,12,0,0
943,2025-03-15 19:02:09,0,8,0,0
8648,2025-03-15 19:03:50,0,6,0,0
94742,2025-03-15 19:07:53,0,5,0,0
42624,2025-03-15 19:11:48,1,3,0,0
72467,2025-03-15 19:12:12,0,3,0,0
27706,2025-03-15 19:20:36,0,4,0,0
89186,2025-03-15 19:22:33,0,8,1,191
50615,2025-03-15 19:23:13,0,6,1,439
31171,2025-03-15 19:32:11,1,5,1,360
85280,2025-03-15 19:35:51,1,3,1,205
97605,2025-03-15 20:13:12,0,4,0,0
83667,2025-03-15 20:32:05,0,2,1,139
90495,2025-03-15 20:32:57,1,4,0,0
60502,2025-03-15 20:38:22,0,3,1,341
72938,2025-03-15 20:40:51,1,6,1,238
85858,2025-03-15 20:43:40,0,8,1,382
21644,2025-03-15 20:52:46,0,5,1,475
81866,2025-03-15 21:00:37,0,5,1,329
47482,2025-03-15 21:08:38,1,8,0,0
37603,2025-03-15 21:09:18,0,12,0,0
45618,2025-03-15 21:11:10,0,5,1,372
23425,2025-03-15 21:14:03,0,3,0,0
79916,2025-03-15 21:29:04,0,7,1,225
71164,2025-03-15 21:41:30,0,3,1,302
27974,2025-03-15 21:42:52,0,5,1,286
32209,2025-03-15 21:45:31,0,7,0,0
75284,2025-03-15 21:46:01,1,7,0,0
86225,2025-03-15 22:05:49,0,8,0,0
31225,2025-03-15 22:14:39,0,2,0,0
43389,2025-03-15 22:23:23,0,0,0,0
56276,2025-03-15 22:31:33,0,7,0,0
17289,2025-03-15 22:32:42,1,9,0,0
25826,2025-03-15 22:33:18,0,6,1,289
50394,2025-03-15 22:33:45,0,3,0,0
56647,2025-03-15 22:40:34,1,5,0,0
8367,2025-03-15 22:55:36,0,3,0,0
40611,2025-03-15 22:57:51,1,8,0,0
40196,2025-03-15 22:59:48,0,5,0,0
87900,2025-03-15 23:16:54,0,5,0,0
40606,2025-03-15 23:18:51,0,5,1,672
31314,2025-03-15 23:22:51,0,6,0,0
61082,2025-03-15 23:23:00,0,6,0,0
6936,2025-03-15 23:26:19,1,6,0,0
87696,2025-03-15 23:30:28,0,5,0,0
30568,2025-03-15 23:31:39,0,9,0,0
16269,2025-03-15 23:33:52,0,6,1,354
93654,2025-03-15 23:35:42,1,6,1,200
81465,2025-03-15 23:54:37,0,3,0,0
58917,2025-03-15 23:55:32,1,7,1,315
18308,2025-03-16 00:08:53,0,7,1,439
79831,2025-03-16 00:17:30,1,8,1,409
45505,2025-03-16 00:26:16,0,5,0,0
18205,2025-03-16 01:01:28,0,10,1,319
25432,2025-03-16 01:07:48,1,5,1,224
56914,2025-03-16 01:13:47,0,4,0,0
18973,2025-03-16 01:17:24,1,7,0,0
67184,2025-03-16 01:21:34,1,3,0,0
55520,2025-03-16 01:28:55,1,2,0,0
36885,2025-03-16 01:40:13,0,3,1,220
97022,2025-03-16 01:41:47,0,3,0,0
35706,2025-03-16 01:56:10,0,6,1,214
67090,2025-03-16 02:04:04,1,4,0,0
48672,2025-03-16 02:10:15,0,11,0,0
4366,2025-03-16 02:40:25,0,6,0,0
61320,2025-03-16 02:53:38,0,7,0,0
3635,2025-03-16 02:59:07,0,5,0,0
10905,2025-03-16 03:14:20,1,5,1,184
22223,2025-03-16 04:02:21,1,6,0,0
36541,2025-03-16 04:05:32,0,8,0,0
54299,2025-03-16 04:42:06,0,8,0,0
2994,2025-03-16 05:36:08,0,7,0,0
64171,2025-03-16 06:00:20,0,5,1,361
50821,2025-03-16 06:05:02,1,4,1,278
27416,2025-03-16 06:29:53,0,5,1,201
45289,2025-03-16 06:30:01,0,8,1,383
9294,2025-03-16 06:41:20,1,3,1,281
38688,2025-03-16 07:10:37,0,8,0,0
74604,2025-03-16 07:53:29,0,4,0,0
46921,2025-03-16 07:53:50,0,5,1,330
98362,2025-03-16 07:58:53,1,7,0,0
88905,2025-03-16 08:02:15,0,9,0,0
64208,2025-03-16 08:05:14,0,7,0,0
85460,2025-03-16 08:17:51,1,8,1,145
64183,2025-03-16 08:18:44,0,6,0,0
50037,2025-03-16 08:31:25,0,2,1,268
62490,2025-03-16 08:36:11,0,5,1,270
64495,2025-03-16 08:41:24,1,5,1,275
34125,2025-03-16 08:43:40,0,6,0,0
64208,2025-03-16 08:54:55,1,7,0,0
14436,2025-03-16 08:56:40,0,6,1,384
76159,2025-03-16 09:09:17,0,4,0,0
53868,2025-03-16 09:13:32,0,4,0,0
19792,2025-03-16 09:32:43,0,9,0,0
43252,2025-03-16 09:36:22,0,4,1,489
16949,2025-03-16 09:54:13,1,5,0,0
33525,2025-03-16 10:01:33,0,5,0,0
52333,2025-03-16 10:06:53,0,6,0,0
23980,2025-03-16 10:51:19,1,0,0,0
57697,2025-03-16 11:01:52,0,8,0,0
42779,2025-03-16 11:03:06,0,4,1,206
22149,2025-03-16 11:06:21,1,8,0,0
61294,2025-03-16 11:08:53,1,9,1,130
27479,2025-03-16 11:14:00,0,6,0,0
64516,2025-03-16 11:25:51,1,6,0,0
46892,2025-03-16 11:26:28,1,6,1,234
59844,2025-03-16 11:30:29,1,7,0,0
33211,2025-03-16 11:35:15,0,5,0,0
70792,2025-03-16 11:35:58,0,8,0,0
60723,2025-03-16 11:43:49,1,5,0,0
56642,2025-03-16 11:57:38,0,8,0,0
16522,2025-03-16 12:11:20,0,9,1,490
63294,2025-03-16 12:19:14,1,6,0,0
68435,2025-03-16 12:37:03,0,4,0,0
99071,2025-03-16 12:37:24,1,4,1,207
27259,2025-03-16 12:42:20,0,11,1,183
68712,2025-03-16 12:43:04,0,7,1,294
84524,2025-03-16 12:54:37,0,6,1,205
38640,2025-03-16 12:56:49,1,3,0,0
31225,2025-03-16 12:59:13,0,5,0,0
23425,2025-03-16 13:00:48,0,9,1,239
63294,2025-03-16 13:05:25,0,4,1,112
85629,2025-03-16 13:26:07,0,2,1,276
8648,2025-03-16 13:36:48,0,9,0,0
35706,2025-03-16 13:42:29,0,1,0,0
44210,2025-03-16 14:24:13,0,8,0,0
1154,2025-03-16 14:25:41,0,4,0,0
15479,2025-03-16 14:30:46,0,10,0,0
22442,2025-03-16 14:35:14,1,6,0,0
11606,2025-03-16 14:43:37,0,8,0,0
91660,2025-03-16 14:44:03,1,8,1,578
95700,2025-03-16 15:09:53,0,2,0,0
20391,2025-03-16 15:14:00,0,5,0,0
40780,2025-03-16 15:21:49,0,7,1,264
35447,2025-03-16 15:26:09,0,8,0,0
32209,2025-03-16 15:47:56,0,6,1,382
99262,2025-03-16 15:49:35,1,6,0,0
74418,2025-03-16 15:52:44,0,5,0,0
56283,2025-03-16 15:53:59,0,3,0,0
65269,2025-03-16 15:54:00,0,4,0,0
99576,2025-03-16 15:54:58,0,6,0,0
82759,2025-03-16 15:57:31,0,9,1,307
7774,2025-03-16 16:03:31,0,10,1,263
93466,2025-03-16 16:03:31,0,7,0,0
11368,2025-03-16 16:09:39,0,8,0,0
41018,2025-03-16 16:18:37,1,7,0,0
2145,2025-03-16 16:20:15,0,8,0,0
65180,2025-03-16 16:21:47,0,1,0,0
49084,2025-03-16 16:22:01,0,9,1,235
6936,2025-03-16 16:23:49,0,5,1,442
28974,2025-03-16 16:40:33,0,6,0,0
26541,2025-03-16 16:53:37,0,4,1,230
66555,2025-03-16 17:03:35,0,2,1,470
59288,2025-03-16 17:16:48,0,12,0,0
81407,2025-03-16 17:31:40,1,5,0,0
92979,2025-03-16 17:50:04,1,4,0,0
74418,2025-03-16 17:50:20,0,9,1,207
61167,2025-03-16 17:52:36,0,4,0,0
74418,2025-03-16 17:58:24,1,3,0,0
9544,2025-03-16 17:58:34,0,3,0,0
62064,2025-03-16 18:03:52,0,10,1,209
63458,2025-03-16 18:05:19,0,6,0,0
78617,2025-03-16 18:12:51,1,6,0,0
12187,2025-03-16 18:23:24,1,6,1,629
37762,2025-03-16 18:27:00,0,2,0,0
38688,2025-03-16 18:28:02,0,4,0,0
68610,2025-03-16 18:31:45,1,7,1,230
84524,2025-03-16 18:35:15,0,5,1,310
38815,2025-03-16 18:44:23,0,8,0,0
15650,2025-03-16 18:45:26,0,2,1,396
13087,2025-03-16 18:47:37,0,6,0,0
21072,2025-03-16 18:48:32,0,10,0,0
40196,2025-03-16 18:50:45,0,8,0,0
84851,2025-03-16 18:53:19,0,7,0,0
46574,2025-03-16 18:55:43,0,7,1,569
87124,2025-03-16 18:56:45,0,10,1,391
49152,2025-03-16 18:59:28,0,10,0,0
11611,2025-03-16 19:13:26,0,4,1,126
61783,2025-03-16 19:22:22,0,8,0,0
19023,2025-03-16 19:31:27,0,4,1,306
66013,2025-03-16 19:35:28,0,2,1,167
77472,2025-03-16 19:48:20,1,4,0,0
10905,2025-03-16 19:54:45,1,6,0,0
82288,2025-03-16 20:04:23,0,10,0,0
53868,2025-03-16 20:06:48,0,5,0,0
24047,2025-03-16 20:11:20,0,5,0,0
29919,2025-03-16 20:23:07,0,4,1,298
25138,2025-03-16 20:34:23,1,11,0,0
570,2025-03-16 20:34:27,1,6,1,235
56276,2025-03-16 20:48:28,0,3,0,0
14547,2025-03-16 20:52:07,1,5,1,493
38640,2025-03-16 20:54:13,0,5,0,0
13087,2025-03-16 21:05:12,0,8,1,388
41859,2025-03-16 21:10:41,1,6,1,200
81066,2025-03-16 21:12:17,0,5,0,0
84921,2025-03-16 21:13:33,0,6,0,0
29658,2025-03-16 21:18:58,0,5,0,0
68415,2025-03-16 21:33:14,0,5,1,216
52139,2025-03-16 21:41:40,0,4,0,0
18439,2025-03-16 21:42:20,0,5,1,280
40685,2025-03-16 21:46:19,0,7,0,0
92410,2025-03-16 21:57:44,0,2,0,0
99937,2025-03-16 22:11:23,0,7,0,0
6967,2025-03-16 22:17:05,0,4,1,407
98170,2025-03-16 22:22:00,1,7,0,0
64600,2025-03-16 22:34:47,0,4,0,0
84524,2025-03-16 22:40:55,0,5,0,0
45900,2025-03-16 22:41:12,0,9,1,389
93654,2025-03-16 22:45:48,0,4,1,156
46612,2025-03-16 22:51:04,0,4,0,0
93858,2025-03-16 22:52:00,0,5,0,0
90162,2025-03-16 23:03:13,0,5,0,0
40311,2025-03-16 23:10:43,0,10,1,124
68953,2025-03-16 23:20:27,0,8,1,319
59796,2025-03-16 23:23:43,1,6,1,159
90282,2025-03-16 23:24:20,0,7,0,0
88678,2025-03-16 23:26:35,0,7,0,0
40529,2025-03-16 23:36:42,0,3,0,0
97137,2025-03-16 23:41:12,0,3,0,0
1688,2025-03-16 23:49:39,0,4,0,0
31003,2025-03-16 23:49:58,0,11,1,241
78870,2025-03-16 23:54:15,0,6,0,0
8599,2025-03-17 00:01:52,1,8,1,231
15597,2025-03-17 00:48:16,0,2,0,0
65474,2025-03-17 00:52:48,1,4,0,0
22198,2025-03-17 00:52:51,0,5,0,0
32471,2025-03-17 00:55:10,1,1,0,0
61294,2025-03-17 01:17:22,1,7,1,267
62938,2025-03-17 01:24:07,1,6,1,277
39527,2025-03-17 01:28:52,1,8,0,0
68453,2025-03-17 01:31:58,0,3,0,0
89604,2025-03-17 01:37:23,1,6,1,335
56353,2025-03-17 01:45:21,0,5,1,255
32140,2025-03-17 01:46:26,0,6,0,0
99434,2025-03-17 01:53:33,1,12,0,0
92920,2025-03-17 01:56:51,0,9,1,305
82270,2025-03-17 02:00:50,0,9,0,0
17261,2025-03-17 02:32:17,1,7,1,346
61705,2025-03-17 02:37:19,0,7,0,0
31361,2025-03-17 02:42:55,0,3,0,0
51889,2025-03-17 02:56:00,0,3,1,295
85280,2025-03-17 02:56:14,0,4,0,0
57976,2025-03-17 02:58:17,0,5,1,565
12210,2025-03-17 03:06:13,0,6,0,0
74023,2025-03-17 03:08:26,0,3,0,0
29164,2025-03-17 03:23:59,0,10,0,0
33170,2025-03-17 03:28:57,1,6,0,0
90127,2025-03-17 03:32:45,0,7,1,469
77472,2025-03-17 03:33:13,0,3,1,199
91465,2025-03-17 03:45:52,0,7,0,0
53159,2025-03-17 03:46:29,0,10,0,0
39715,2025-03-17 03:52:38,1,7,1,261
99744,2025-03-17 03:58:21,0,7,0,0
51446,2025-03-17 04:10:06,0,3,0,0
87458,2025-03-17 04:16:53,1,5,0,0
2800,2025-03-17 04:37:50,1,4,0,0
10271,2025-03-17 04:50:08,0,5,0,0
53868,2025-03-17 04:58:07,0,8,0,0
94379,2025-03-17 05:07:15,0,4,1,237
40611,2025-03-17 05:08:21,0,4,0,0
43889,2025-03-17 05:15:19,0,5,0,0
31446,2025-03-17 05:18:43,0,6,1,363
21510,2025-03-17 05:18:46,1,4,0,0
74356,2025-03-17 06:30:45,0,6,0,0
26686,2025-03-17 06:35:15,0,5,0,0
94155,2025-03-17 06:38:38,1,8,0,0
19096,2025-03-17 07:03:39,0,8,0,0
46401,2025-03-17 07:25:42,1,4,1,261
71962,2025-03-17 07:41:22,0,8,1,401
85280,2025-03-17 07:43:58,0,7,0,0
11318,2025-03-17 07:47:02,1,11,0,0
1688,2025-03-17 07:52:47,1,5,1,679
88828,2025-03-17 08:09:14,1,1,0,0
65313,2025-03-17 08:18:04,1,7,1,784
64516,2025-03-17 08:18:12,0,4,0,0
81006,2025-03-17 08:20:45,0,3,1,203
38605,2025-03-17 08:24:27,0,2,0,0
99952,2025-03-17 08:25:30,0,5,0,0
49379,2025-03-17 08:30:24,1,9,1,163
63896,2025-03-17 08:31:44,0,4,1,192
67503,2025-03-17 08:39:49,0,5,0,0
88828,2025-03-17 08:49:11,0,5,0,0
39806,2025-03-17 08:58:37,0,4,1,331
65474,2025-03-17 09:07:20,0,5,1,333
60975,2025-03-17 09:19:11,0,6,0,0
34347,2025-03-17 09:20:49,0,8,1,277
6389,2025-03-17 09:26:55,0,7,0,0
21338,2025-03-17 09:41:28,0,6,1,200
7226,2025-03-17 09:43:34,0,9,1,401
56353,2025-03-17 09:50:43,1,7,0,0
66774,2025-03-17 09:51:05,1,4,0,0
56392,2025-03-17 09:51:14,0,3,1,328
75925,2025-03-17 09:56:51,0,8,0,0
3978,2025-03-17 10:00:56,1,8,0,0
56283,2025-03-17 10:01:54,0,5,0,0
86973,2025-03-17 10:09:04,0,6,0,0
1165,2025-03-17 10:13:07,1,7,1,245
8731,2025-03-17 10:14:53,0,6,0,0
25522,2025-03-17 10:24:58,0,7,0,0
58645,2025-03-17 10:30:07,0,6,0,0
57298,2025-03-17 10:35:42,0,9,0,0
81447,2025-03-17 10:38:47,1,4,0,0
60568,2025-03-17 10:40:35,0,2,1,443
57394,2025-03-17 10:56:15,0,2,0,0
64038,2025-03-17 11:02:16,0,7,0,0
1477,2025-03-17 11:02:34,0,7,0,0
65037,2025-03-17 11:08:19,0,9,0,0
32471,2025-03-17 11:17:55,1,8,1,160
10856,2025-03-17 11:20:02,1,2,0,0
56647,2025-03-17 11:31:38,0,3,0,0
41720,2025-03-17 11:33:06,0,4,0,0
86225,2025-03-17 11:39:55,0,3,0,0
64275,2025-03-17 11:42:31,1,3,0,0
25592,2025-03-17 11:46:15,0,8,0,0
58867,2025-03-17 11:46:15,0,6,1,210
64122,2025-03-17 11:48:22,0,7,1,292
45103,2025-03-17 12:20:50,0,2,1,430
26362,2025-03-17 12:30:24,0,4,0,0
19096,2025-03-17 12:30:34,0,7,0,0
47812,2025-03-17 12:45:02,0,9,0,0
97401,2025-03-17 12:52:21,1,3,1,182
27982,2025-03-17 13:10:15,0,4,1,207
64516,2025-03-17 13:14:43,1,12,0,0
9544,2025-03-17 13:16:55,0,9,1,291
92330,2025-03-17 13:26:50,1,5,0,0
13187,2025-03-17 13:31:20,1,7,0,0
98942,2025-03-17 13:36:13,1,5,0,0
32026,2025-03-17 13:45:09,0,3,1,193
64811,2025-03-17 13:45:42,0,5,0,0
40780,2025-03-17 13:52:51,0,4,1,232
36098,2025-03-17 14:04:00,0,6,0,0
18243,2025-03-17 14:08:01,1,7,1,334
63211,2025-03-17 14:10:45,0,8,0,0
31557,2025-03-17 14:17:05,0,5,0,0
86102,2025-03-17 14:19:57,0,4,0,0
99795,2025-03-17 14:22:06,0,11,0,0
55198,2025-03-17 14:23:02,1,11,1,462
71164,2025-03-17 14:49:04,1,6,0,0
2145,2025-03-17 14:53:50,0,9,0,0
49390,2025-03-17 14:54:57,0,5,0,0
16960,2025-03-17 14:55:43,0,7,1,334
92491,2025-03-17 14:55:56,0,13,0,0
56914,2025-03-17 14:58:24,1,3,1,227
5566,2025-03-17 14:58:42,0,4,1,278
44081,2025-03-17 15:04:42,0,2,1,681
87184,2025-03-17 15:19:12,1,5,0,0
37924,2025-03-17 15:23:02,0,5,0,0
97401,2025-03-17 15:30:33,0,3,0,0
58209,2025-03-17 15:37:51,0,7,0,0
84921,2025-03-17 15:43:51,0,2,1,366
63294,2025-03-17 15:44:10,1,2,0,0
86798,2025-03-17 15:48:24,0,9,0,0
63438,2025-03-17 15:58:26,0,5,0,0
81626,2025-03-17 16:06:32,0,6,0,0
12763,2025-03-17 16:13:44,0,8,1,345
31826,2025-03-17 16:15:57,0,3,0,0
47127,2025-03-17 16:18:01,0,5,1,326
3714,2025-03-17 16:19:06,0,6,0,0
81866,2025-03-17 16:25:51,1,7,0,0
72805,2025-03-17 16:26:00,0,7,0,0
30234,2025-03-17 16:31:40,0,6,0,0
7774,2025-03-17 16:42:18,0,8,0,0
19718,2025-03-17 16:42:29,0,7,1,429
25420,2025-03-17 16:47:57,1,7,1,276
58867,2025-03-17 16:48:50,0,7,0,0
56276,2025-03-17 16:55:45,1,4,0,0
55520,2025-03-17 16:55:53,1,12,1,315
1124,2025-03-17 17:05:42,0,5,0,0
89270,2025-03-17 17:14:28,0,6,1,806
89648,2025-03-17 17:31:27,0,10,1,434
99171,2025-03-17 17:39:59,1,5,0,0
24688,2025-03-17 17:48:39,0,8,0,0
48258,2025-03-17 17:58:56,0,7,0,0
87458,2025-03-17 18:01:45,0,8,0,0
74687,2025-03-17 18:04:15,0,7,0,0
83124,2025-03-17 18:12:35,0,8,0,0
74081,2025-03-17 18:13:59,0,6,0,0
19436,2025-03-17 18:27:21,0,5,0,0
64425,2025-03-17 18:40:50,1,6,0,0
82287,2025-03-17 18:44:43,0,6,0,0
48622,2025-03-17 18:47:06,1,6,1,433
63026,2025-03-17 18:50:22,0,5,0,0
79321,2025-03-17 18:55:53,1,8,0,0
49084,2025-03-17 18:59:42,1,4,1,449
91660,2025-03-17 19:01:55,0,6,1,308
44592,2025-03-17 19:03:30,0,5,0,0
93825,2025-03-17 19:05:19,0,3,1,318
38674,2025-03-17 19:15:53,0,1,1,577
50037,2025-03-17 19:17:39,0,13,0,0
24304,2025-03-17 19:22:19,0,7,0,0
32755,2025-03-17 19:53:25,0,7,0,0
36406,2025-03-17 20:08:05,0,3,0,0
11611,2025-03-17 20:12:22,0,7,0,0
30542,2025-03-17 20:16:21,0,10,1,405
23425,2025-03-17 20:18:34,0,6,0,0
91068,2025-03-17 20:23:52,0,5,1,259
70571,2025-03-17 20:28:28,0,5,1,689
67431,2025-03-17 20:31:27,0,11,1,349
70521,2025-03-17 20:36:53,1,8,0,0
39748,2025-03-17 20:42:41,0,8,1,423
27259,2025-03-17 20:49:27,0,1,0,0
11905,2025-03-17 21:17:33,1,5,0,0
6659,2025-03-17 21:21:58,0,9,0,0
61488,2025-03-17 21:26:23,0,3,0,0
9103,2025-03-17 21:37:05,0,6,1,137
10204,2025-03-17 21:37:11,0,7,1,280
74016,2025-03-17 21:42:06,0,6,0,0
3946,2025-03-17 21:44:24,1,7,0,0
16269,2025-03-17 21:51:49,0,5,0,0
86151,2025-03-17 22:13:17,0,2,1,391
55175,2025-03-17 22:29:38,0,4,1,137
17981,2025-03-17 22:54:13,0,7,1,455
48519,2025-03-17 22:57:20,1,5,0,0
51337,2025-03-17 23:07:19,0,7,1,426
85460,2025-03-17 23:08:42,0,1,0,0
90935,2025-03-17 23:11:42,1,8,1,299
4144,2025-03-17 23:25:40,0,6,0,0
20068,2025-03-17 23:26:05,0,4,0,0
34436,2025-03-17 23:36:53,0,2,0,0
27649,2025-03-17 23:42:35,0,4,0,0
46401,2025-03-17 23:46:41,0,6,0,0
72111,2025-03-18 00:00:11,0,7,1,282
44081,2025-03-18 00:09:19,1,7,0,0
38942,2025-03-18 00:19:19,0,7,0,0
83799,2025-03-18 00:28:31,0,8,0,0
51769,2025-03-18 00:29:50,0,11,1,357
75304,2025-03-18 00:34:25,0,9,0,0
64495,2025-03-18 00:47:08,0,7,0,0
27649,2025-03-18 00:51:44,0,3,0,0
32140,2025-03-18 00:59:53,0,9,0,0
74687,2025-03-18 01:07:49,0,3,1,563
96031,2025-03-18 01:38:43,0,5,0,0
28731,2025-03-18 01:40:39,0,4,1,692
82288,2025-03-18 01:51:31,0,7,0,0
86322,2025-03-18 02:23:23,1,11,1,476
65213,2025-03-18 02:25:30,0,7,0,0
53255,2025-03-18 02:33:28,0,4,0,0
8648,2025-03-18 03:05:39,0,5,0,0
10204,2025-03-18 03:26:00,0,7,0,0
45525,2025-03-18 03:32:47,0,9,1,281
15352,2025-03-18 04:11:17,0,4,0,0
60358,2025-03-18 04:11:48,1,9,0,0
60314,2025-03-18 04:18:15,0,5,1,460
92998,2025-03-18 04:23:49,0,6,0,0
71253,2025-03-18 04:35:58,0,1,0,0
66928,2025-03-18 04:41:24,0,6,1,458
48622,2025-03-18 04:52:54,0,2,0,0
4907,2025-03-18 04:57:15,0,9,1,356
58784,2025-03-18 05:03:18,0,3,1,165
63327,2025-03-18 05:08:12,1,9,0,0
31137,2025-03-18 05:08:47,0,7,0,0
22417,2025-03-18 05:29:32,0,6,1,203
68889,2025-03-18 05:30:28,1,6,1,345
47433,2025-03-18 05:42:42,0,3,1,264
78546,2025-03-18 05:43:55,0,7,0,0
89162,2025-03-18 06:02:54,0,7,1,338
27974,2025-03-18 06:10:16,1,4,0,0
18721,2025-03-18 06:13:59,0,5,0,0
11443,2025-03-18 06:42:05,0,10,0,0
11827,2025-03-18 06:58:18,0,11,1,302
23797,2025-03-18 07:23:56,0,4,0,0
39422,2025-03-18 07:29:09,0,4,0,0
56914,2025-03-18 07:35:37,0,7,0,0
31474,2025-03-18 07:54:36,0,6,1,449
50312,2025-03-18 08:00:08,0,2,1,298
61718,2025-03-18 08:03:24,0,4,1,330
2207,2025-03-18 08:08:17,0,6,0,0
25592,2025-03-18 08:11:02,1,6,1,240
59796,2025-03-18 08:11:34,0,8,0,0
12183,2025-03-18 08:13:55,1,7,0,0
38024,2025-03-18 08:17:49,1,8,1,371
82999,2025-03-18 08:20:42,0,6,0,0
73692,2025-03-18 08:24:51,0,8,0,0
40644,2025-03-18 08:25:58,0,9,0,0
22417,2025-03-18 08:35:00,0,5,0,0
42377,2025-03-18 08:37:24,0,5,1,507
36811,2025-03-18 08:43:23,0,7,0,0
46773,2025-03-18 08:47:04,0,11,0,0
90935,2025-03-18 08:48:54,1,9,0,0
84440,2025-03-18 08:49:58,0,2,0,0
64325,2025-03-18 08:56:27,0,7,1,158
68187,2025-03-18 08:58:21,0,7,0,0
72938,2025-03-18 08:59:56,0,8,1,236
39363,2025-03-18 09:25:34,0,6,0,0
14822,2025-03-18 09:25:48,0,5,0,0
67648,2025-03-18 09:26:34,0,4,0,0
12442,2025-03-18 09:30:49,1,7,0,0
77115,2025-03-18 09:46:05,0,10,1,486
20536,2025-03-18 09:50:57,0,8,0,0
64171,2025-03-18 09:56:25,0,8,0,0
90446,2025-03-18 09:58:14,0,6,0,0
68889,2025-03-18 10:00:36,1,6,0,0
41271,2025-03-18 10:09:14,1,6,0,0
47127,2025-03-18 10:09:17,1,3,0,0
77692,2025-03-18 10:29:35,0,5,0,0
71253,2025-03-18 10:31:43,0,5,0,0
9103,2025-03-18 10:58:11,1,12,0,0
96031,2025-03-18 10:58:40,0,6,0,0
89252,2025-03-18 11:04:49,0,4,0,0
51402,2025-03-18 11:10:32,0,4,0,0
25549,2025-03-18 11:15:51,0,3,0,0
20284,2025-03-18 11:19:51,0,0,0,0
3141,2025-03-18 11:20:23,0,7,1,283
30148,2025-03-18 11:20:38,0,9,1,295
64516,2025-03-18 11:22:12,1,3,0,0
64100,2025-03-18 11:26:13,0,7,1,441
74779,2025-03-18 11:39:02,0,9,0,0
41035,2025-03-18 11:44:22,0,3,0,0
46205,2025-03-18 11:52:08,0,10,1,245
39543,2025-03-18 11:55:22,1,7,1,363
64509,2025-03-18 11:59:20,0,5,1,258
44815,2025-03-18 12:02:40,0,7,0,0
26595,2025-03-18 12:10:27,0,6,1,527
5338,2025-03-18 12:23:05,0,3,1,329
92012,2025-03-18 12:25:24,1,5,0,0
455,2025-03-18 12:30:27,0,7,1,292
66261,2025-03-18 12:32:22,1,8,0,0
46401,2025-03-18 12:41:20,1,4,0,0
36558,2025-03-18 12:59:26,0,5,0,0
2745,2025-03-18 13:04:38,0,8,1,316
48672,2025-03-18 13:08:44,0,0,1,383
61932,2025-03-18 13:14:07,1,12,1,268
9138,2025-03-18 13:31:13,0,5,0,0
73204,2025-03-18 13:36:35,1,3,0,0
69199,2025-03-18 13:42:26,0,5,0,0
80286,2025-03-18 13:50:07,0,9,1,257
14810,2025-03-18 13:54:22,0,1,1,266
6959,2025-03-18 14:03:34,0,3,0,0
65563,2025-03-18 14:04:04,0,12,0,0
7508,2025-03-18 14:15:27,0,5,0,0
33596,2025-03-18 14:21:04,0,3,1,638
49147,2025-03-18 14:26:52,1,7,0,0
13578,2025-03-18 14:43:18,0,7,0,0
21958,2025-03-18 14:43:45,0,9,0,0
86484,2025-03-18 14:44:25,1,8,0,0
71997,2025-03-18 14:56:05,0,8,1,370
90449,2025-03-18 14:56:49,0,9,1,223
15479,2025-03-18 15:01:20,0,9,1,434
58928,2025-03-18 15:03:12,0,9,0,0
7508,2025-03-18 15:04:04,0,6,0,0
87118,2025-03-18 15:06:02,0,5,0,0
99078,2025-03-18 15:09:27,0,2,1,637
72313,2025-03-18 15:10:47,0,7,0,0
85912,2025-03-18 15:13:01,1,7,1,461
32755,2025-03-18 15:18:27,1,4,0,0
3922,2025-03-18 15:39:28,0,7,0,0
51583,2025-03-18 15:41:28,0,6,1,604
13326,2025-03-18 15:54:50,0,4,1,468
36632,2025-03-18 16:05:17,0,6,0,0
7508,2025-03-18 16:07:59,1,5,0,0
36098,2025-03-18 16:10:31,0,9,1,356
62271,2025-03-18 16:20:05,0,4,0,0
63918,2025-03-18 16:24:43,0,11,0,0
32755,2025-03-18 16:28:45,0,6,1,240
51402,2025-03-18 16:41:51,0,6,0,0
97121,2025-03-18 16:56:34,0,4,1,325
78870,2025-03-18 16:58:33,1,5,0,0
77646,2025-03-18 16:59:07,0,1,0,0
91465,2025-03-18 17:06:14,0,3,0,0
60574,2025-03-18 17:07:09,0,10,0,0
89509,2025-03-18 17:07:22,0,9,0,0
80707,2025-03-18 17:09:45,0,6,0,0
27706,2025-03-18 17:10:22,1,7,1,255
28674,2025-03-18 17:21:35,0,3,1,403
35706,2025-03-18 17:38:52,1,7,0,0
99795,2025-03-18 17:45:47,0,9,0,0
9138,2025-03-18 17:58:44,0,5,0,0
21013,2025-03-18 18:05:01,0,5,0,0
5606,2025-03-18 18:06:03,1,7,0,0
44815,2025-03-18 18:07:16,0,9,0,0
24996,2025-03-18 18:11:14,1,10,1,396
17981,2025-03-18 18:19:44,1,8,0,0
81231,2025-03-18 18:25:45,0,7,0,0
1154,2025-03-18 18:29:09,0,5,0,0
59664,2025-03-18 18:29:54,0,2,0,0
87184,2025-03-18 18:33:59,0,10,0,0
27649,2025-03-18 18:40:01,0,10,1,664
89648,2025-03-18 18:42:54,1,7,0,0
6959,2025-03-18 18:43:36,1,4,1,880
78546,2025-03-18 18:47:29,1,2,1,392
83321,2025-03-18 18:58:50,1,5,1,292
97288,2025-03-18 18:59:54,0,7,0,0
85858,2025-03-18 19:07:36,0,6,0,0
12519,2025-03-18 19:15:46,1,1,0,0
79400,2025-03-18 19:16:56,0,4,1,620
4770,2025-03-18 19:26:26,1,10,0,0
80886,2025-03-18 19:46:48,0,5,0,0
94074,2025-03-18 19:56:50,0,4,0,0
47375,2025-03-18 19:57:35,1,2,0,0
86225,2025-03-18 20:02:59,0,8,1,242
20284,2025-03-18 20:07:21,0,10,0,0
22864,2025-03-18 20:11:57,0,11,1,248
38895,2025-03-18 20:18:00,0,6,1,198
77832,2025-03-18 20:32:18,0,5,0,0
36311,2025-03-18 20:42:44,0,4,1,514
18011,2025-03-18 20:48:44,0,4,0,0
18145,2025-03-18 21:04:36,1,7,1,203
33596,2025-03-18 21:11:33,0,7,0,0
31474,2025-03-18 21:12:58,0,5,0,0
44590,2025-03-18 21:43:31,1,8,0,0
69930,2025-03-18 21:54:10,0,4,1,234
61983,2025-03-18 22:02:12,0,8,0,0
15267,2025-03-18 22:09:54,0,8,1,342
24047,2025-03-18 22:25:23,1,4,0,0
25193,2025-03-18 22:27:57,1,6,0,0
73987,2025-03-18 22:28:24,0,5,0,0
6287,2025-03-18 22:28:42,0,11,0,0
15,2025-03-18 22:34:15,1,5,0,0
46773,2025-03-18 22:40:17,1,7,0,0
13434,2025-03-18 22:53:39,0,6,1,292
93466,2025-03-18 22:56:10,0,1,0,0
90734,2025-03-18 22:58:38,1,7,0,0
14040,2025-03-18 23:02:14,1,4,0,0
14439,2025-03-18 23:04:42,0,6,0,0
49070,2025-03-18 23:04:58,0,0,0,0
27367,2025-03-18 23:07:10,0,8,0,0
56814,2025-03-18 23:07:37,1,6,0,0
71747,2025-03-18 23:08:06,0,5,0,0
57399,2025-03-18 23:10:53,0,5,0,0
11853,2025-03-18 23:21:14,0,5,1,209
76004,2025-03-18 23:21:38,1,6,0,0
36811,2025-03-18 23:22:28,0,11,0,0
31912,2025-03-18 23:22:42,1,4,1,187
46541,2025-03-18 23:37:11,1,7,1,399
68415,2025-03-18 23:39:53,0,8,1,204
27974,2025-03-18 23:46:43,1,4,0,0
42151,2025-03-18 23:51:57,0,5,1,322
53253,2025-03-18 23:55:45,1,5,1,307
13326,2025-03-18 23:57:14,0,7,1,567
93825,2025-03-19 00:04:36,0,5,0,0
3396,2025-03-19 00:07:09,0,5,0,0
64274,2025-03-19 00:28:29,0,6,0,0
64220,2025-03-19 00:38:32,0,6,1,562
45312,2025-03-19 00:44:00,0,9,0,0
36903,2025-03-19 00:46:11,0,6,0,0
12210,2025-03-19 00:49:29,0,2,1,238
46178,2025-03-19 00:51:38,0,7,1,448
3922,2025-03-19 00:52:35,1,5,1,664
14017,2025-03-19 01:10:46,1,8,0,0
76944,2025-03-19 01:32:24,1,14,1,440
43710,2025-03-19 01:36:06,0,6,1,416
96343,2025-03-19 01:40:08,0,13,0,0
87023,2025-03-19 02:15:38,0,8,1,473
38121,2025-03-19 02:37:57,0,5,1,286
95700,2025-03-19 02:40:38,0,5,0,0
80203,2025-03-19 02:44:09,1,1,0,0
38987,2025-03-19 02:44:13,0,7,0,0
78870,2025-03-19 02:55:51,1,6,0,0
79066,2025-03-19 03:06:37,1,7,0,0
39378,2025-03-19 03:17:47,1,4,1,306
32500,2025-03-19 03:41:42,0,6,0,0
92973,2025-03-19 04:03:19,1,9,1,468
5338,2025-03-19 04:05:28,1,8,1,280
36328,2025-03-19 04:13:26,0,7,0,0
17389,2025-03-19 04:32:57,0,5,1,417
46773,2025-03-19 05:10:50,1,6,1,202
86553,2025-03-19 05:43:13,1,7,0,0
28731,2025-03-19 05:43:59,1,9,0,0
52225,2025-03-19 05:55:57,0,9,1,432
5606,2025-03-19 05:58:45,0,6,1,187
69814,2025-03-19 06:13:35,0,8,1,586
46873,2025-03-19 06:13:55,0,7,1,254
71576,2025-03-19 06:16:20,0,5,1,174
51332,2025-03-19 06:22:15,0,8,1,475
46574,2025-03-19 06:32:54,0,4,1,347
89648,2025-03-19 07:00:28,1,10,0,0
86147,2025-03-19 07:37:19,1,5,0,0
28528,2025-03-19 07:43:53,0,3,0,0
91405,2025-03-19 08:10:04,1,11,0,0
43568,2025-03-19 08:17:02,0,6,0,0
79831,2025-03-19 08:30:43,1,7,0,0
36219,2025-03-19 08:31:11,1,1,1,632
55175,2025-03-19 08:34:47,1,6,0,0
56214,2025-03-19 08:39:45,1,9,1,234
66013,2025-03-19 08:39:56,0,6,0,0
65518,2025-03-19 08:47:46,0,10,1,363
20391,2025-03-19 08:52:03,0,3,0,0
89864,2025-03-19 08:56:26,1,2,0,0
63327,2025-03-19 09:03:43,1,5,0,0
77283,2025-03-19 09:05:54,0,6,1,227
43750,2025-03-19 09:08:08,0,8,1,389
56276,2025-03-19 09:13:11,0,8,0,0
85379,2025-03-19 09:25:38,0,12,0,0
98170,2025-03-19 09:29:36,0,10,1,306
39806,2025-03-19 09:35:47,0,7,0,0
87981,2025-03-19 09:53:18,0,10,1,517
3973,2025-03-19 10:01:41,0,10,0,0
46802,2025-03-19 10:13:18,1,7,0,0
32755,2025-03-19 10:13:59,0,9,1,175
96343,2025-03-19 10:19:54,0,7,0,0
97401,2025-03-19 10:21:12,1,4,0,0
895,2025-03-19 10:23:08,1,3,0,0
17870,2025-03-19 10:23:46,1,3,1,398
64038,2025-03-19 10:30:21,0,7,0,0
48493,2025-03-19 10:48:57,1,5,0,0
4144,2025-03-19 10:49:37,1,6,0,0
77646,2025-03-19 10:55:06,0,8,0,0
93782,2025-03-19 11:01:43,0,9,1,155
3973,2025-03-19 11:19:26,0,4,0,0
65841,2025-03-19 11:23:01,0,4,0,0
3973,2025-03-19 11:33:01,1,2,0,0
9103,2025-03-19 11:33:47,0,7,1,377
19146,2025-03-19 11:37:35,0,6,0,0
66669,2025-03-19 11:38:47,1,4,1,289
44815,2025-03-19 11:48:08,1,1,0,0
14040,2025-03-19 11:48:39,0,7,0,0
89889,2025-03-19 11:56:30,0,3,1,305
76578,2025-03-19 12:00:07,1,4,0,0
70352,2025-03-19 12:01:42,0,5,0,0
26686,2025-03-19 12:05:40,0,9,1,195
97742,2025-03-19 12:11:05,0,4,0,0
65518,2025-03-19 12:17:15,0,6,0,0
10406,2025-03-19 12:20:12,1,6,1,377
71621,2025-03-19 12:30:07,1,6,1,253
70571,2025-03-19 12:30:26,0,3,0,0
9548,2025-03-19 12:41:48,0,4,1,676
76004,2025-03-19 13:02:56,0,7,0,0
75651,2025-03-19 13:03:24,1,4,0,0
22417,2025-03-19 13:06:11,0,7,0,0
13140,2025-03-19 13:09:25,1,7,0,0
69842,2025-03-19 13:10:31,0,8,0,0
74604,2025-03-19 13:13:23,1,4,1,543
79916,2025-03-19 13:17:18,0,5,0,0
74779,2025-03-19 13:22:29,0,4,1,574
21852,2025-03-19 13:25:55,0,5,0,0
64121,2025-03-19 13:37:15,0,5,0,0
85420,2025-03-19 13:44:58,0,9,0,0
60712,2025-03-19 13:47:58,0,3,0,0
57697,2025-03-19 13:53:00,1,5,0,0
51565,2025-03-19 13:54:18,0,4,1,290
12571,2025-03-19 13:54:23,1,5,1,360
71546,2025-03-19 14:06:34,0,4,0,0
25826,2025-03-19 14:13:18,0,7,0,0
89286,2025-03-19 14:20:03,1,13,0,0
94658,2025-03-19 14:26:27,0,6,0,0
71997,2025-03-19 14:31:37,0,1,1,178
82234,2025-03-19 14:53:08,0,4,0,0
58192,2025-03-19 15:07:26,0,4,1,225
25469,2025-03-19 15:15:53,0,5,0,0
24891,2025-03-19 15:16:47,0,5,0,0
80486,2025-03-19 15:19:30,0,7,0,0
24531,2025-03-19 15:20:41,0,4,0,0
18658,2025-03-19 15:21:54,0,6,1,488
71693,2025-03-19 15:45:48,1,12,0,0
72533,2025-03-19 16:08:54,0,5,1,258
73806,2025-03-19 16:13:37,0,6,0,0
57761,2025-03-19 16:26:55,0,10,0,0
94658,2025-03-19 16:38:40,0,4,0,0
99962,2025-03-19 16:44:28,0,4,0,0
43889,2025-03-19 16:45:42,1,7,0,0
20918,2025-03-19 16:49:55,0,7,0,0
81866,2025-03-19 16:57:20,0,5,1,361
34978,2025-03-19 17:14:52,0,3,0,0
22816,2025-03-19 17:21:22,0,5,0,0
5581,2025-03-19 17:23:10,1,6,0,0
55558,2025-03-19 17:25:56,0,10,1,823
93825,2025-03-19 17:30:26,0,4,1,427
79654,2025-03-19 17:42:03,0,7,1,503
20915,2025-03-19 18:00:15,0,3,0,0
97493,2025-03-19 18:31:46,0,4,1,256
58723,2025-03-19 18:54:41,0,12,1,200
31647,2025-03-19 19:05:55,0,9,0,0
55175,2025-03-19 19:20:49,1,6,1,172
43184,2025-03-19 19:27:24,1,3,0,0
45505,2025-03-19 19:31:37,1,6,1,389
4990,2025-03-19 19:32:22,0,6,0,0
36328,2025-03-19 19:40:10,0,6,1,234
76159,2025-03-19 19:47:35,1,5,1,361
29838,2025-03-19 19:55:28,1,2,0,0
70804,2025-03-19 20:06:51,0,7,0,0
37602,2025-03-19 20:07:31,1,4,0,0
56977,2025-03-19 20:09:09,0,5,1,491
13140,2025-03-19 20:15:21,0,8,0,0
54599,2025-03-19 20:27:20,1,3,0,0
48421,2025-03-19 20:36:04,0,8,0,0
20414,2025-03-19 20:39:08,0,8,0,0
72111,2025-03-19 20:43:53,0,10,0,0
61718,2025-03-19 20:44:55,0,7,1,255
30542,2025-03-19 20:47:41,1,6,0,0
86648,2025-03-19 20:54:33,0,4,1,450
6287,2025-03-19 21:30:17,1,3,1,432
37155,2025-03-19 21:43:43,0,8,0,0
64183,2025-03-19 21:54:29,0,6,0,0
69011,2025-03-19 22:13:48,0,8,1,313
54764,2025-03-19 22:20:21,1,5,0,0
40196,2025-03-19 22:29:23,0,4,0,0
68578,2025-03-19 22:36:44,1,6,0,0
21969,2025-03-19 22:55:41,0,5,1,252
42603,2025-03-19 23:01:51,0,5,0,0
17981,2025-03-19 23:03:27,1,8,1,387
54685,2025-03-19 23:10:27,0,5,0,0
13434,2025-03-19 23:19:21,0,4,1,260
53974,2025-03-19 23:21:28,1,5,0,0
71900,2025-03-19 23:25:39,0,5,0,0
85042,2025-03-19 23:33:35,1,1,0,0
31120,2025-03-19 23:40:23,0,8,1,216
68564,2025-03-19 23:58:31,0,7,0,0
70622,2025-03-19 23:59:21,0,7,1,266
87932,2025-03-19 23:59:22,0,5,0,0
87583,2025-03-19 23:59:38,1,9,0,0
71900,2025-03-20 00:05:34,1,3,0,0
24609,2025-03-20 00:05:35,0,4,1,439
16987,2025-03-20 00:17:45,0,7,0,0
23629,2025-03-20 00:32:56,1,7,0,0
38605,2025-03-20 00:36:53,0,5,1,270
35648,2025-03-20 00:37:54,0,5,1,173
2130,2025-03-20 00:52:06,0,9,0,0
12571,2025-03-20 00:59:31,1,11,0,0
77049,2025-03-20 01:16:33,0,6,0,0
33062,2025-03-20 01:19:09,1,13,0,0
53582,2025-03-20 01:26:41,0,7,0,0
75609,2025-03-20 01:34:37,0,2,0,0
32209,2025-03-20 01:44:08,1,8,0,0
42087,2025-03-20 02:00:52,0,8,0,0
65269,2025-03-20 02:24:55,0,10,1,180
13434,2025-03-20 02:35:27,1,10,1,590
25573,2025-03-20 02:44:17,0,7,0,0
62646,2025-03-20 02:47:51,1,5,0,0
79574,2025-03-20 02:48:54,0,4,0,0
26550,2025-03-20 02:50:35,0,6,0,0
45406,2025-03-20 03:16:45,0,5,1,286
20918,2025-03-20 03:19:59,1,6,0,0
38121,2025-03-20 03:33:03,1,8,1,644
20374,2025-03-20 03:35:20,0,7,0,0
97277,2025-03-20 03:47:00,0,8,0,0
24304,2025-03-20 03:54:22,1,3,0,0
8894,2025-03-20 04:09:38,0,10,0,0
83321,2025-03-20 04:22:15,0,7,0,0
75885,2025-03-20 04:23:31,1,10,0,0
6967,2025-03-20 04:25:43,0,12,0,0
8238,2025-03-20 04:29:36,1,6,0,0
71176,2025-03-20 04:36:15,1,3,0,0
84440,2025-03-20 04:37:33,0,8,1,210
36560,2025-03-20 04:44:04,0,7,1,157
51901,2025-03-20 05:03:20,0,5,0,0
74779,2025-03-20 05:41:43,1,8,1,594
28731,2025-03-20 05:43:49,0,4,1,306
46307,2025-03-20 05:59:54,0,6,0,0
3205,2025-03-20 06:11:24,0,7,0,0
51934,2025-03-20 06:14:37,0,5,0,0
92133,2025-03-20 06:17:35,0,4,1,140
25931,2025-03-20 06:18:04,0,6,0,0
22997,2025-03-20 06:24:28,1,4,1,427
80286,2025-03-20 06:26:10,0,3,0,0
61320,2025-03-20 06:34:22,0,4,1,399
3396,2025-03-20 06:43:53,0,6,0,0
79654,2025-03-20 07:01:56,0,7,0,0
56642,2025-03-20 07:14:57,0,3,0,0
51418,2025-03-20 07:21:01,1,4,0,0
56283,2025-03-20 07:22:32,0,6,0,0
16909,2025-03-20 07:40:10,0,5,0,0
35079,2025-03-20 07:45:45,1,10,1,146
99202,2025-03-20 07:46:49,0,9,0,0
11853,2025-03-20 08:05:13,1,3,0,0
16552,2025-03-20 08:34:45,1,8,0,0
64122,2025-03-20 08:36:31,1,6,0,0
40529,2025-03-20 08:40:18,1,3,1,250
87431,2025-03-20 08:48:18,0,5,0,0
57497,2025-03-20 08:51:50,0,7,1,338
90351,2025-03-20 08:52:22,0,5,0,0
91538,2025-03-20 08:53:54,0,2,0,0
65998,2025-03-20 08:59:02,1,4,0,0
73818,2025-03-20 09:00:20,0,7,0,0
21338,2025-03-20 09:07:47,0,7,0,0
7951,2025-03-20 09:11:28,0,7,0,0
55085,2025-03-20 09:12:12,0,3,0,0
58645,2025-03-20 09:14:48,0,6,0,0
41755,2025-03-20 09:16:14,0,4,1,649
46892,2025-03-20 09:25:35,0,4,0,0
39422,2025-03-20 09:43:30,0,8,0,0
21958,2025-03-20 09:44:20,0,7,0,0
67013,2025-03-20 09:46:54,0,8,1,264
77233,2025-03-20 09:51:52,1,8,0,0
76944,2025-03-20 09:52:18,1,8,1,217
23629,2025-03-20 10:10:17,1,5,0,0
69813,2025-03-20 10:10:48,0,6,0,0
97903,2025-03-20 10:33:32,1,7,1,186
51446,2025-03-20 11:06:49,0,1,0,0
6967,2025-03-20 11:07:16,0,7,1,168
20577,2025-03-20 11:14:21,0,4,0,0
62537,2025-03-20 11:18:35,0,4,1,226
80254,2025-03-20 11:20:03,1,9,0,0
92998,2025-03-20 11:20:58,0,8,0,0
77029,2025-03-20 11:23:25,1,6,0,0
68299,2025-03-20 11:23:28,0,7,0,0
54759,2025-03-20 11:43:30,0,7,1,264
25592,2025-03-20 11:57:39,0,4,0,0
47482,2025-03-20 12:03:58,0,7,0,0
65134,2025-03-20 12:04:38,0,9,1,343
53255,2025-03-20 12:05:57,0,5,0,0
39363,2025-03-20 12:08:41,1,2,1,282
73732,2025-03-20 12:20:02,0,2,0,0
31759,2025-03-20 12:21:53,1,5,0,0
73818,2025-03-20 12:23:53,0,9,0,0
2755,2025-03-20 12:27:20,1,6,0,0
6287,2025-03-20 12:29:12,0,6,1,428
9922,2025-03-20 12:37:21,0,5,1,583
79902,2025-03-20 12:40:21,0,6,0,0
33596,2025-03-20 12:49:20,0,5,0,0
8731,2025-03-20 13:03:04,0,4,0,0
73189,2025-03-20 13:07:58,0,4,0,0
70571,2025-03-20 13:09:52,1,4,0,0
29137,2025-03-20 13:20:15,1,10,0,0
94155,2025-03-20 13:20:59,0,5,0,0
32140,2025-03-20 13:24:18,0,8,1,485
73571,2025-03-20 13:28:18,0,6,1,280
38121,2025-03-20 13:31:54,0,12,1,364
60122,2025-03-20 13:58:01,1,4,1,327
17953,2025-03-20 13:58:40,0,4,0,0
58331,2025-03-20 14:02:41,0,6,1,295
87900,2025-03-20 14:13:06,1,5,1,416
30871,2025-03-20 14:14:42,0,4,0,0
95700,2025-03-20 14:20:05,0,5,1,460
45900,2025-03-20 14:22:45,0,5,1,323
24981,2025-03-20 14:25:23,0,4,0,0
62490,2025-03-20 14:26:17,0,7,0,0
44815,2025-03-20 14:27:05,0,6,0,0
73514,2025-03-20 14:28:10,0,9,0,0
33596,2025-03-20 14:30:47,0,3,1,389
40611,2025-03-20 14:35:56,0,8,0,0
24047,2025-03-20 14:38:49,0,1,1,330
8244,2025-03-20 14:39:12,0,5,0,0
64775,2025-03-20 14:39:25,0,5,1,571
38895,2025-03-20 14:41:47,1,4,0,0
44139,2025-03-20 14:41:55,0,12,0,0
45831,2025-03-20 14:45:28,1,5,0,0
73271,2025-03-20 14:55:06,1,8,0,0
70622,2025-03-20 14:56:13,1,6,0,0
73987,2025-03-20 14:57:59,0,8,0,0
23225,2025-03-20 15:00:31,0,7,1,362
63211,2025-03-20 15:01:29,0,8,0,0
6959,2025-03-20 15:20:35,1,7,1,380
11606,2025-03-20 15:35:15,0,4,0,0
26198,2025-03-20 15:49:10,0,8,1,350
16782,2025-03-20 15:52:24,1,9,1,315
4391,2025-03-20 15:54:44,0,8,0,0
96118,2025-03-20 15:58:02,1,5,0,0
63133,2025-03-20 16:01:51,0,7,0,0
94074,2025-03-20 16:07:48,0,9,0,0
46841,2025-03-20 16:20:14,0,4,0,0
8731,2025-03-20 16:25:08,0,10,0,0
63003,2025-03-20 16:27:04,0,8,1,214
40311,2025-03-20 16:45:46,1,7,0,0
76899,2025-03-20 16:51:16,0,1,1,490
64171,2025-03-20 16:53:01,0,6,1,261
65841,2025-03-20 16:56:45,0,5,1,513
36112,2025-03-20 16:58:27,0,4,1,406
14195,2025-03-20 17:00:54,1,4,0,0
64775,2025-03-20 17:03:29,0,6,0,0
37867,2025-03-20 17:22:21,0,8,0,0
13578,2025-03-20 17:23:50,0,7,0,0
88559,2025-03-20 17:23:54,0,3,1,344
36098,2025-03-20 17:27:49,0,6,1,419
72607,2025-03-20 18:08:12,0,8,0,0
60502,2025-03-20 18:18:39,1,4,0,0
24489,2025-03-20 18:26:31,0,4,0,0
9967,2025-03-20 18:27:27,0,4,1,232
19023,2025-03-20 18:31:17,0,7,0,0
26686,2025-03-20 18:38:21,1,7,0,0
99202,2025-03-20 18:43:52,1,7,0,0
8652,2025-03-20 18:48:03,0,10,0,0
63327,2025-03-20 18:57:48,0,8,0,0
8731,2025-03-20 18:58:17,0,10,1,293
38478,2025-03-20 19:06:19,0,9,1,540
8415,2025-03-20 19:19:02,0,4,1,284
1154,2025-03-20 19:30:09,0,7,0,0
6936,2025-03-20 19:39:14,1,3,1,185
34727,2025-03-20 19:47:53,0,8,1,232
61873,2025-03-20 19:50:00,0,4,1,938
58645,2025-03-20 19:54:11,0,4,1,339
39527,2025-03-20 19:56:53,0,4,0,0
14710,2025-03-20 20:02:35,0,8,1,276
64855,2025-03-20 20:44:31,0,5,1,339
3978,2025-03-20 20:46:39,1,2,0,0
66555,2025-03-20 20:52:15,0,7,0,0
65726,2025-03-20 20:56:49,0,5,0,0
95810,2025-03-20 20:59:48,0,9,0,0
33072,2025-03-20 21:04:06,1,5,0,0
71253,2025-03-20 21:08:24,0,5,1,504
72265,2025-03-20 21:34:07,1,9,1,571
71048,2025-03-20 21:41:18,0,3,0,0
6959,2025-03-20 21:42:47,0,9,1,546
27984,2025-03-20 21:44:44,0,4,0,0
6287,2025-03-20 21:56:20,0,7,0,0
51889,2025-03-20 22:05:35,1,10,0,0
14927,2025-03-20 22:07:24,0,6,0,0
71621,2025-03-20 22:16:38,1,5,1,310
26755,2025-03-20 22:17:19,0,3,0,0
85364,2025-03-20 22:20:50,0,10,0,0
895,2025-03-20 22:31:20,1,3,0,0
8415,2025-03-20 22:32:51,0,4,0,0
5027,2025-03-20 22:35:25,0,6,0,0
39655,2025-03-20 22:39:34,0,13,0,0
90127,2025-03-20 22:58:06,0,6,1,579
67777,2025-03-20 23:02:21,0,4,1,446
31314,2025-03-20 23:10:03,0,1,0,0
91068,2025-03-20 23:29:04,0,6,1,348
68610,2025-03-20 23:37:46,0,9,0,0
14864,2025-03-20 23:44:16,0,6,0,0
400,2025-03-20 23:44:40,0,3,1,211
20918,2025-03-20 23:45:11,1,3,1,355
20068,2025-03-20 23:47:49,0,8,0,0
99455,2025-03-20 23:56:29,0,8,1,147
33154,2025-03-20 23:59:45,1,6,1,436
33379,2025-03-21 00:09:50,0,3,0,0
40389,2025-03-21 00:11:49,0,7,0,0
80203,2025-03-21 00:28:40,0,2,0,0
50649,2025-03-21 00:28:56,0,10,0,0
19718,2025-03-21 00:30:55,1,9,0,0
20778,2025-03-21 00:33:29,0,7,1,305
40578,2025-03-21 00:38:36,0,7,0,0
74023,2025-03-21 01:27:11,1,7,0,0
61437,2025-03-21 01:41:07,0,4,0,0
5338,2025-03-21 01:52:02,1,5,0,0
79943,2025-03-21 01:56:34,0,4,0,0
14074,2025-03-21 02:37:07,0,3,0,0
8894,2025-03-21 02:56:08,1,10,0,0
24165,2025-03-21 03:13:03,1,5,0,0
43252,2025-03-21 03:22:34,0,9,0,0
26755,2025-03-21 03:23:17,0,7,1,266
84921,2025-03-21 03:33:51,0,8,0,0
58380,2025-03-21 03:39:12,1,7,0,0
80441,2025-03-21 03:39:27,0,8,1,245
82478,2025-03-21 03:40:40,1,5,0,0
70231,2025-03-21 03:53:04,1,6,1,312
29608,2025-03-21 03:56:56,0,9,0,0
47573,2025-03-21 04:21:26,0,8,0,0
556,2025-03-21 04:34:52,1,3,0,0
5,2025-03-21 04:43:37,0,7,0,0
57896,2025-03-21 04:45:08,0,3,0,0
34589,2025-03-21 04:55:24,0,5,0,0
30148,2025-03-21 05:00:26,0,6,0,0
65474,2025-03-21 05:06:23,0,5,1,237
19668,2025-03-21 05:24:18,0,7,1,276
13508,2025-03-21 05:32:37,0,6,0,0
9828,2025-03-21 05:50:58,0,7,0,0
54287,2025-03-21 05:54:34,0,2,0,0
20918,2025-03-21 05:57:03,0,9,0,0
36276,2025-03-21 06:05:45,1,4,0,0
31137,2025-03-21 06:12:44,0,8,0,0
54764,2025-03-21 06:16:24,0,3,1,252
26198,2025-03-21 06:33:36,0,9,1,363
54347,2025-03-21 06:35:54,0,7,1,303
22223,2025-03-21 07:15:30,0,3,0,0
32755,2025-03-21 07:20:42,0,5,1,373
71149,2025-03-21 07:34:01,1,5,0,0
31826,2025-03-21 07:34:05,1,8,0,0
78832,2025-03-21 08:13:43,1,3,1,468
69911,2025-03-21 08:20:43,0,6,1,272
82111,2025-03-21 08:20:46,1,9,0,0
91068,2025-03-21 08:41:29,1,4,0,0
67431,2025-03-21 08:43:34,1,6,0,0
51901,2025-03-21 09:00:20,0,5,1,253
25420,2025-03-21 09:12:44,0,6,0,0
58331,2025-03-21 09:20:57,1,3,1,262
22198,2025-03-21 09:27:14,1,9,1,269
64121,2025-03-21 09:32:48,1,5,0,0
6967,2025-03-21 09:33:57,0,7,0,0
91401,2025-03-21 09:43:45,0,7,0,0
14738,2025-03-21 10:00:43,0,9,0,0
25592,2025-03-21 10:15:18,0,5,1,274
15793,2025-03-21 10:20:32,0,4,1,581
30871,2025-03-21 10:20:49,1,11,0,0
2949,2025-03-21 10:25:54,0,5,1,391
8708,2025-03-21 10:28:46,0,5,1,303
14927,2025-03-21 10:32:36,0,7,0,0
64176,2025-03-21 10:33:10,0,3,0,0
67431,2025-03-21 10:35:27,0,8,1,378
14738,2025-03-21 10:35:35,1,4,0,0
23225,2025-03-21 10:42:20,1,8,0,0
59406,2025-03-21 10:43:13,0,7,0,0
28674,2025-03-21 10:46:11,1,6,0,0
1235,2025-03-21 10:47:25,0,8,0,0
22816,2025-03-21 10:51:35,0,4,0,0
95397,2025-03-21 10:53:18,0,4,0,0
68578,2025-03-21 11:02:20,0,7,0,0
18658,2025-03-21 11:03:13,0,4,1,258
79902,2025-03-21 11:03:27,0,4,1,206
33596,2025-03-21 11:08:55,0,6,0,0
55375,2025-03-21 11:14:16,0,5,1,417
11001,2025-03-21 11:23:12,0,8,0,0
58867,2025-03-21 11:31:00,0,8,0,0
14074,2025-03-21 11:38:22,0,6,0,0
58928,2025-03-21 11:43:59,0,4,0,0
67503,2025-03-21 11:49:27,0,8,0,0
75304,2025-03-21 11:50:11,0,7,0,0
8244,2025-03-21 12:06:41,1,3,0,0
51934,2025-03-21 12:17:19,1,7,0,0
66262,2025-03-21 12:17:22,0,8,0,0
74016,2025-03-21 12:26:27,0,6,1,483
10445,2025-03-21 12:30:26,1,7,0,0
64121,2025-03-21 12:41:56,0,3,0,0
16188,2025-03-21 12:42:35,1,1,0,0
3922,2025-03-21 12:42:40,0,11,0,0
78591,2025-03-21 12:45:57,0,5,0,0
80607,2025-03-21 12:47:59,0,5,1,259
14738,2025-03-21 12:58:51,1,5,1,180
34425,2025-03-21 13:01:46,0,8,1,378
25454,2025-03-21 13:15:47,0,9,0,0
96950,2025-03-21 13:18:10,0,1,1,374
44066,2025-03-21 13:30:02,0,4,1,279
25852,2025-03-21 13:31:13,0,5,0,0
13508,2025-03-21 13:37:38,1,8,0,0
42619,2025-03-21 13:39:01,0,4,1,367
17711,2025-03-21 13:53:02,0,4,0,0
81066,2025-03-21 14:01:54,0,11,0,0
9377,2025-03-21 14:03:10,0,4,0,0
59954,2025-03-21 14:10:52,1,9,0,0
88678,2025-03-21 14:27:22,0,3,1,358
75609,2025-03-21 14:43:50,1,6,1,251
27775,2025-03-21 14:55:30,1,6,0,0
84270,2025-03-21 15:01:31,0,3,1,340
60925,2025-03-21 15:13:13,0,8,0,0
64121,2025-03-21 15:17:02,0,4,1,734
2949,2025-03-21 15:20:23,0,5,0,0
89726,2025-03-21 15:20:43,0,6,0,0
23980,2025-03-21 15:25:31,1,7,0,0
43389,2025-03-21 15:29:52,0,4,0,0
93466,2025-03-21 15:40:40,0,5,1,370
20068,2025-03-21 15:42:20,1,10,1,185
44421,2025-03-21 15:51:38,0,10,0,0
88792,2025-03-21 16:05:55,1,2,0,0
95764,2025-03-21 16:07:49,0,5,1,261
75304,2025-03-21 16:07:55,0,10,1,397
21338,2025-03-21 16:10:54,0,7,0,0
92076,2025-03-21 16:12:14,0,8,0,0
63918,2025-03-21 16:18:43,1,4,1,201
24304,2025-03-21 16:21:31,1,2,1,339
86585,2025-03-21 16:22:18,0,6,0,0
7778,2025-03-21 16:24:22,0,4,0,0
72805,2025-03-21 16:26:21,0,7,1,191
8244,2025-03-21 16:31:42,1,8,1,373
62271,2025-03-21 16:37:03,0,6,1,179
91405,2025-03-21 16:38:57,0,3,0,0
43479,2025-03-21 16:39:16,1,2,0,0
55175,2025-03-21 16:46:49,0,10,0,0
21007,2025-03-21 17:01:28,0,13,1,390
46178,2025-03-21 17:04:41,0,7,0,0
98362,2025-03-21 17:07:17,0,7,0,0
43879,2025-03-21 17:13:10,0,4,1,403
51769,2025-03-21 17:15:58,1,7,1,600
92450,2025-03-21 17:20:16,0,12,0,0
53854,2025-03-21 17:26:54,1,4,0,0
66675,2025-03-21 17:38:58,1,6,0,0
3978,2025-03-21 17:42:50,0,13,0,0
95767,2025-03-21 17:52:58,0,5,0,0
8599,2025-03-21 17:59:56,1,3,0,0
5606,2025-03-21 18:28:02,0,4,0,0
69676,2025-03-21 18:32:27,1,8,1,261
32845,2025-03-21 18:42:05,0,6,1,247
12176,2025-03-21 18:43:20,1,3,0,0
98170,2025-03-21 18:44:14,0,7,0,0
69011,2025-03-21 18:51:28,0,8,0,0
22149,2025-03-21 18:52:35,1,5,0,0
65921,2025-03-21 18:52:43,1,3,1,239
34695,2025-03-21 18:59:40,0,7,0,0
455,2025-03-21 19:02:56,0,7,1,356
26439,2025-03-21 19:07:07,0,4,0,0
30148,2025-03-21 19:08:33,0,9,0,0
12513,2025-03-21 19:16:06,0,7,0,0
51163,2025-03-21 19:17:29,0,3,0,0
89864,2025-03-21 19:21:08,0,5,0,0
51663,2025-03-21 19:21:30,0,8,1,291
23803,2025-03-21 19:28:23,0,4,0,0
98762,2025-03-21 19:35:04,1,6,1,230
12570,2025-03-21 19:36:18,0,7,0,0
13589,2025-03-21 19:38:01,0,5,0,0
75609,2025-03-21 19:39:20,0,8,0,0
69773,2025-03-21 19:39:21,1,4,0,0
48421,2025-03-21 19:47:02,0,6,0,0
33525,2025-03-21 19:53:30,0,7,0,0
84848,2025-03-21 19:56:01,0,5,0,0
68427,2025-03-21 20:07:39,0,4,0,0
96610,2025-03-21 20:20:29,0,4,0,0
30245,2025-03-21 20:20:59,0,5,0,0
41379,2025-03-21 20:22:39,0,5,1,231
21958,2025-03-21 20:25:44,0,9,0,0
56111,2025-03-21 20:33:00,0,6,0,0
75651,2025-03-21 20:34:21,0,11,1,315
31120,2025-03-21 20:34:24,1,6,0,0
40644,2025-03-21 20:38:29,1,4,0,0
32140,2025-03-21 20:44:38,0,6,0,0
68564,2025-03-21 21:00:09,0,6,0,0
90658,2025-03-21 21:03:59,1,6,0,0
64274,2025-03-21 21:05:34,0,9,1,363
58723,2025-03-21 21:08:41,0,6,0,0
45573,2025-03-21 21:11:03,0,4,0,0
5338,2025-03-21 21:15:01,0,2,0,0
44977,2025-03-21 21:27:27,0,6,0,0
77692,2025-03-21 21:28:50,1,3,1,356
65726,2025-03-21 21:32:38,0,9,0,0
74850,2025-03-21 21:43:16,0,7,1,373
7226,2025-03-21 21:45:07,0,3,1,318
10271,2025-03-21 21:46:23,0,4,0,0
54158,2025-03-21 22:13:33,0,3,1,408
53974,2025-03-21 22:14:20,0,6,0,0
29137,2025-03-21 22:17:13,0,6,0,0
30568,2025-03-21 22:19:22,0,3,1,290
33608,2025-03-21 22:20:02,1,8,1,437
8367,2025-03-21 22:28:49,0,8,0,0
79902,2025-03-21 22:29:06,1,5,1,349
62646,2025-03-21 22:30:35,0,1,1,342
99171,2025-03-21 22:46:33,0,6,1,408
68816,2025-03-21 22:50:05,0,9,0,0
18290,2025-03-21 22:52:41,1,9,0,0
84440,2025-03-21 22:58:00,0,5,0,0
65180,2025-03-21 23:04:15,1,7,0,0
60210,2025-03-21 23:20:30,0,8,1,344
18575,2025-03-21 23:25:31,0,12,0,0
13434,2025-03-21 23:26:14,0,2,0,0
52225,2025-03-21 23:29:29,0,3,0,0
56914,2025-03-21 23:34:07,1,7,0,0
62526,2025-03-21 23:43:02,1,5,0,0
2616,2025-03-21 23:48:16,0,7,0,0
81626,2025-03-21 23:53:14,1,5,0,0
11318,2025-03-21 23:56:06,0,5,1,388
14944,2025-03-22 00:26:47,0,6,0,0
11318,2025-03-22 00:28:32,1,8,1,522
92133,2025-03-22 00:45:33,0,7,1,340
57563,2025-03-22 00:46:15,0,10,1,247
4907,2025-03-22 01:08:05,0,7,1,239
26595,2025-03-22 01:11:58,0,6,0,0
7491,2025-03-22 01:34:43,0,12,0,0
67431,2025-03-22 01:37:48,0,6,0,0
77233,2025-03-22 01:47:21,0,5,0,0
13840,2025-03-22 01:53:54,0,5,0,0
11853,2025-03-22 02:04:34,1,4,1,196
44139,2025-03-22 02:05:17,0,3,0,0
58577,2025-03-22 02:30:04,1,6,1,360
90850,2025-03-22 02:33:57,0,4,1,548
89648,2025-03-22 02:35:24,0,2,1,339
99332,2025-03-22 02:39:58,1,4,0,0
91559,2025-03-22 02:45:21,1,5,0,0
26091,2025-03-22 03:09:54,0,7,1,621
80286,2025-03-22 03:15:00,0,13,0,0
9548,2025-03-22 03:29:50,1,2,0,0
40780,2025-03-22 03:48:24,1,8,1,173
29658,2025-03-22 03:59:10,1,8,1,413
87266,2025-03-22 03:59:50,0,5,0,0
56213,2025-03-22 04:11:04,0,3,0,0
55675,2025-03-22 04:35:19,0,8,1,190
98762,2025-03-22 04:52:33,0,5,0,0
60502,2025-03-22 04:52:52,0,9,0,0
56647,2025-03-22 04:55:36,0,5,0,0
42779,2025-03-22 04:56:31,0,5,1,240
81066,2025-03-22 05:03:52,0,9,1,717
36903,2025-03-22 05:24:09,1,3,1,336
99576,2025-03-22 06:19:05,0,7,1,366
59718,2025-03-22 06:19:53,0,7,0,0
73814,2025-03-22 06:33:54,0,6,1,489
43879,2025-03-22 06:58:39,1,4,1,320
86973,2025-03-22 07:09:01,0,8,0,0
90469,2025-03-22 07:17:36,0,9,0,0
90282,2025-03-22 07:51:29,0,5,1,413
3193,2025-03-22 07:55:13,1,4,0,0
77029,2025-03-22 07:57:02,0,6,0,0
28528,2025-03-22 08:02:17,0,8,0,0
56463,2025-03-22 08:04:56,0,7,1,304
56213,2025-03-22 08:07:32,0,4,0,0
26105,2025-03-22 08:16:36,0,6,1,703
38640,2025-03-22 08:21:41,0,8,0,0
29658,2025-03-22 08:26:34,0,4,0,0
8415,2025-03-22 08:33:47,1,12,0,0
20778,2025-03-22 08:34:03,0,3,0,0
62635,2025-03-22 08:34:03,0,3,0,0
21510,2025-03-22 08:36:31,0,5,0,0
3922,2025-03-22 08:46:12,0,8,0,0
5566,2025-03-22 08:46:50,0,5,0,0
13508,2025-03-22 08:52:39,0,5,1,364
32286,2025-03-22 08:53:41,0,6,0,0
69633,2025-03-22 08:54:34,1,6,1,278
97288,2025-03-22 08:55:34,0,7,0,0
15479,2025-03-22 09:08:55,0,7,0,0
15479,2025-03-22 09:18:17,0,5,0,0
51332,2025-03-22 09:23:04,0,4,0,0
8731,2025-03-22 09:25:07,0,5,0,0
27023,2025-03-22 09:46:49,1,6,0,0
87458,2025-03-22 09:48:37,0,6,0,0
56392,2025-03-22 09:54:37,1,6,1,454
51446,2025-03-22 09:58:30,0,9,0,0
41766,2025-03-22 09:58:58,1,5,1,663
34727,2025-03-22 10:02:25,0,2,0,0
31225,2025-03-22 10:06:51,0,7,1,269
31712,2025-03-22 10:39:22,1,4,0,0
4770,2025-03-22 10:45:59,0,6,0,0
89864,2025-03-22 10:50:42,0,5,0,0
19224,2025-03-22 11:09:12,0,7,1,323
70231,2025-03-22 11:12:10,0,7,0,0
33608,2025-03-22 11:22:22,1,5,1,291
77049,2025-03-22 11:25:29,1,10,0,0
67648,2025-03-22 11:31:52,0,5,1,433
62938,2025-03-22 11:33:38,0,4,0,0
37602,2025-03-22 11:38:31,1,9,0,0
32140,2025-03-22 11:40:04,0,8,1,260
27367,2025-03-22 11:45:01,0,9,0,0
3512,2025-03-22 11:47:12,0,6,1,311
14822,2025-03-22 11:50:26,0,6,0,0
74046,2025-03-22 11:56:18,0,3,0,0
25931,2025-03-22 11:59:15,1,1,0,0
16987,2025-03-22 12:04:55,0,6,0,0
94901,2025-03-22 12:05:08,0,3,0,0
73789,2025-03-22 12:07:40,1,5,0,0
92248,2025-03-22 12:10:00,0,2,1,382
45406,2025-03-22 12:12:30,0,2,0,0
65998,2025-03-22 12:14:28,0,7,0,0
13508,2025-03-22 12:23:06,0,6,0,0
15425,2025-03-22 12:29:53,0,5,1,219
2994,2025-03-22 12:36:15,1,5,0,0
59406,2025-03-22 12:50:17,0,7,1,284
70666,2025-03-22 12:51:11,0,7,0,0
16960,2025-03-22 13:08:23,0,2,0,0
59463,2025-03-22 13:08:28,1,6,0,0
71253,2025-03-22 13:11:11,1,5,0,0
63528,2025-03-22 13:13:06,0,4,0,0
4907,2025-03-22 13:21:02,0,9,0,0
77233,2025-03-22 13:24:08,0,9,0,0
12513,2025-03-22 13:28:58,1,11,0,0
9212,2025-03-22 13:29:32,1,6,0,0
96118,2025-03-22 13:32:16,0,5,0,0
26595,2025-03-22 13:43:36,0,9,0,0
52225,2025-03-22 13:43:57,0,3,0,0
67810,2025-03-22 13:57:04,1,11,0,0
88994,2025-03-22 14:16:41,0,8,0,0
72467,2025-03-22 14:20:34,0,6,1,184
79574,2025-03-22 14:30:56,1,6,0,0
291,2025-03-22 14:53:00,0,9,0,0
68564,2025-03-22 14:57:31,0,5,0,0
63302,2025-03-22 15:07:43,1,9,0,0
8415,2025-03-22 15:11:27,0,6,1,193
92791,2025-03-22 15:14:15,0,5,0,0
55558,2025-03-22 15:33:18,1,6,0,0
82999,2025-03-22 15:34:22,0,8,0,0
89509,2025-03-22 15:38:12,0,7,1,234
49379,2025-03-22 15:41:07,0,9,0,0
60122,2025-03-22 15:41:16,0,8,0,0
3664,2025-03-22 15:46:23,0,7,0,0
74062,2025-03-22 15:47:57,0,6,0,0
72718,2025-03-22 15:53:54,0,3,0,0
16392,2025-03-22 15:55:10,0,5,1,233
64122,2025-03-22 15:57:09,0,8,0,0
16782,2025-03-22 16:01:20,0,2,0,0
25592,2025-03-22 16:09:13,0,7,0,0
31003,2025-03-22 16:17:33,0,8,0,0
23425,2025-03-22 16:19:10,0,4,1,292
80441,2025-03-22 16:23:15,1,8,1,291
66669,2025-03-22 16:27:04,0,9,0,0
90756,2025-03-22 16:31:02,0,6,0,0
43918,2025-03-22 16:35:11,0,5,1,313
7951,2025-03-22 16:35:35,1,4,1,438
53159,2025-03-22 16:45:53,0,8,0,0
45573,2025-03-22 16:46:36,0,10,0,0
60502,2025-03-22 16:49:37,1,1,0,0
18290,2025-03-22 16:58:46,0,5,1,134
60210,2025-03-22 16:59:58,0,8,1,218
9103,2025-03-22 17:00:09,0,5,1,366
43918,2025-03-22 17:06:25,0,2,0,0
13434,2025-03-22 17:10:54,0,5,0,0
80286,2025-03-22 17:16:07,0,7,0,0
24609,2025-03-22 17:17:10,0,6,0,0
15517,2025-03-22 17:20:05,1,7,0,0
94312,2025-03-22 17:33:39,1,4,0,0
48493,2025-03-22 17:42:23,0,8,0,0
18521,2025-03-22 17:43:02,1,5,1,360
58209,2025-03-22 17:49:06,0,9,0,0
27416,2025-03-22 17:50:09,1,9,0,0
71574,2025-03-22 18:00:13,0,11,0,0
79943,2025-03-22 18:05:03,0,4,1,376
291,2025-03-22 18:25:21,0,4,0,0
94155,2025-03-22 18:31:58,0,4,1,608
39748,2025-03-22 18:32:38,0,5,0,0
6659,2025-03-22 18:37:37,0,6,1,755
42619,2025-03-22 18:39:44,0,5,1,219
68187,2025-03-22 18:40:55,1,5,0,0
40898,2025-03-22 18:43:54,1,6,0,0
43617,2025-03-22 18:48:25,0,3,1,259
40952,2025-03-22 18:50:49,0,8,0,0
62938,2025-03-22 18:54:53,0,4,0,0
9642,2025-03-22 18:57:18,1,6,1,262
24373,2025-03-22 18:59:20,1,3,1,526
9377,2025-03-22 19:05:21,0,3,1,301
27700,2025-03-22 19:17:03,1,2,1,530
96030,2025-03-22 19:17:13,0,10,0,0
91405,2025-03-22 19:18:24,0,6,0,0
90469,2025-03-22 19:27:58,1,2,0,0
26794,2025-03-22 19:29:56,0,2,0,0
87485,2025-03-22 19:32:58,1,6,0,0
60925,2025-03-22 19:36:41,1,7,0,0
14710,2025-03-22 19:39:00,0,3,0,0
53255,2025-03-22 19:56:09,0,4,0,0
36558,2025-03-22 20:01:56,1,6,1,534
56276,2025-03-22 20:08:06,0,4,1,510
19023,2025-03-22 20:11:28,0,7,1,231
4599,2025-03-22 20:16:25,0,7,1,161
91538,2025-03-22 20:17:10,1,10,0,0
56604,2025-03-22 20:22:48,0,5,0,0
58192,2025-03-22 20:45:28,0,11,1,317
32862,2025-03-22 20:48:37,1,12,1,207
14195,2025-03-22 20:55:05,1,9,0,0
58209,2025-03-22 20:56:37,0,1,1,289
84918,2025-03-22 20:58:39,0,6,0,0
97465,2025-03-22 21:03:12,0,4,0,0
22689,2025-03-22 21:06:59,0,10,0,0
36276,2025-03-22 21:19:44,0,7,1,372
44977,2025-03-22 21:19:48,1,4,1,264
63026,2025-03-22 21:36:58,0,9,0,0
47375,2025-03-22 21:41:32,1,5,0,0
26595,2025-03-22 21:44:05,0,9,1,241
98932,2025-03-22 21:51:47,1,7,0,0
2029,2025-03-22 21:54:10,0,7,1,253
9284,2025-03-22 21:54:15,0,4,0,0
63211,2025-03-22 21:57:03,0,3,0,0
58192,2025-03-22 21:59:29,1,9,1,579
40952,2025-03-22 22:09:22,0,5,0,0
27775,2025-03-22 22:18:52,0,7,0,0
22442,2025-03-22 22:19:28,0,8,1,345
68141,2025-03-22 22:24:11,0,6,1,430
9828,2025-03-22 22:30:58,1,4,0,0
8244,2025-03-22 22:33:56,0,7,1,187
46873,2025-03-22 22:38:42,0,1,0,0
25617,2025-03-22 22:39:01,0,6,0,0
43595,2025-03-22 22:43:18,1,7,0,0
46892,2025-03-22 22:46:49,1,8,0,0
85144,2025-03-22 22:58:07,0,5,0,0
35648,2025-03-22 22:59:01,0,7,1,130
64183,2025-03-22 23:01:07,0,6,1,380
90127,2025-03-22 23:07:32,0,5,1,639
22169,2025-03-22 23:08:18,1,3,0,0
23803,2025-03-22 23:24:20,0,9,1,183
25138,2025-03-22 23:29:28,0,1,0,0
14710,2025-03-22 23:44:26,0,3,0,0
77646,2025-03-22 23:53:50,0,7,0,0
1990,2025-03-22 23:58:12,0,12,1,289
29444,2025-03-22 23:58:43,0,3,0,0
5126,2025-03-23 00:38:12,0,2,0,0
85128,2025-03-23 01:03:47,0,5,1,268
98362,2025-03-23 01:10:31,1,8,0,0
58192,2025-03-23 01:19:40,0,2,0,0
18205,2025-03-23 01:31:32,1,3,0,0
77095,2025-03-23 01:46:48,0,4,0,0
18738,2025-03-23 01:50:06,0,7,0,0
20778,2025-03-23 02:07:17,0,5,1,486
68889,2025-03-23 02:45:19,0,5,0,0
80707,2025-03-23 03:05:34,0,6,1,248
28552,2025-03-23 03:09:30,0,7,0,0
44421,2025-03-23 03:11:05,0,6,0,0
45505,2025-03-23 03:24:34,0,6,0,0
73271,2025-03-23 03:25:56,0,10,0,0
99962,2025-03-23 03:33:48,0,9,0,0
61705,2025-03-23 03:39:42,0,6,0,0
67089,2025-03-23 03:49:08,0,7,1,197
96950,2025-03-23 03:50:55,0,10,0,0
88792,2025-03-23 04:22:33,1,8,0,0
48762,2025-03-23 04:23:59,0,10,0,0
49573,2025-03-23 04:30:33,0,7,0,0
21852,2025-03-23 04:43:41,0,8,0,0
48529,2025-03-23 04:47:51,0,6,1,495
80441,2025-03-23 04:48:28,1,6,0,0
47812,2025-03-23 04:58:10,1,5,1,216
25931,2025-03-23 05:01:00,0,4,0,0
87118,2025-03-23 05:01:07,1,6,0,0
43568,2025-03-23 05:39:40,0,2,1,344
56800,2025-03-23 05:46:48,1,8,0,0
89286,2025-03-23 05:58:22,1,10,0,0
62212,2025-03-23 05:58:35,0,6,0,0
3883,2025-03-23 06:00:03,0,9,0,0
43995,2025-03-23 06:04:35,0,4,0,0
90156,2025-03-23 06:11:50,0,7,1,430
35216,2025-03-23 06:17:06,1,7,0,0
17981,2025-03-23 06:40:10,1,8,0,0
10458,2025-03-23 06:52:42,0,6,1,371
39412,2025-03-23 07:19:18,1,9,1,629
67655,2025-03-23 07:26:50,0,3,0,0
36094,2025-03-23 07:35:35,0,5,0,0
97436,2025-03-23 07:44:22,0,5,0,0
66555,2025-03-23 07:45:20,1,4,0,0
16987,2025-03-23 07:57:30,1,5,0,0
72148,2025-03-23 08:09:16,0,6,0,0
51389,2025-03-23 08:17:02,1,1,1,255
7491,2025-03-23 08:25:33,0,7,1,490
18197,2025-03-23 08:35:34,0,5,1,361
32806,2025-03-23 08:37:19,0,7,0,0
35185,2025-03-23 08:39:40,1,4,0,0
50428,2025-03-23 08:42:59,1,4,0,0
48564,2025-03-23 08:54:52,0,9,0,0
39412,2025-03-23 09:03:48,0,4,1,245
2447,2025-03-23 09:11:58,0,7,0,0
84524,2025-03-23 09:15:34,0,8,0,0
76514,2025-03-23 09:18:47,0,3,0,0
61082,2025-03-23 09:26:51,0,6,1,395
73204,2025-03-23 09:28:38,0,4,0,0
50907,2025-03-23 09:32:07,0,6,1,508
9477,2025-03-23 09:38:50,1,4,0,0
42603,2025-03-23 09:49:37,0,5,1,234
34259,2025-03-23 10:07:47,0,3,1,418
76514,2025-03-23 10:13:48,0,6,0,0
97401,2025-03-23 10:14:18,0,6,0,0
43001,2025-03-23 10:20:54,0,3,1,323
27700,2025-03-23 10:29:32,0,3,0,0
29486,2025-03-23 10:30:11,0,5,0,0
50821,2025-03-23 10:33:48,0,5,0,0
69773,2025-03-23 10:38:13,1,2,1,300
82111,2025-03-23 10:55:07,0,3,1,396
90756,2025-03-23 11:11:09,0,8,1,221
26102,2025-03-23 11:15:15,1,7,0,0
2949,2025-03-23 11:27:34,0,4,1,255
62848,2025-03-23 11:44:27,0,9,1,404
89889,2025-03-23 11:52:59,0,3,1,499
85420,2025-03-23 11:53:42,0,9,0,0
78472,2025-03-23 11:59:37,1,7,1,190
71811,2025-03-23 12:08:13,0,1,1,306
46612,2025-03-23 12:12:31,0,6,1,337
14954,2025-03-23 12:18:57,0,5,0,0
40952,2025-03-23 12:22:32,1,6,0,0
3141,2025-03-23 12:26:19,0,7,0,0
84848,2025-03-23 12:30:23,0,6,0,0
918,2025-03-23 12:31:14,0,10,1,317
13402,2025-03-23 12:34:43,0,5,0,0
13931,2025-03-23 12:34:53,0,3,1,411
13858,2025-03-23 12:46:46,1,8,1,445
62490,2025-03-23 12:47:50,1,8,1,333
36098,2025-03-23 12:51:43,0,4,0,0
13402,2025-03-23 12:56:26,0,6,0,0
17870,2025-03-23 12:56:27,0,10,1,673
27367,2025-03-23 13:14:14,1,3,0,0
99434,2025-03-23 13:18:11,1,10,0,0
79078,2025-03-23 13:24:00,1,7,1,540
25617,2025-03-23 13:34:07,0,6,1,385
41755,2025-03-23 13:35:00,1,6,0,0
67013,2025-03-23 13:37:56,0,7,0,0
26112,2025-03-23 13:39:17,0,6,0,0
97774,2025-03-23 13:40:34,1,4,0,0
16392,2025-03-23 13:41:12,1,3,0,0
80474,2025-03-23 13:42:05,0,10,1,240
68141,2025-03-23 13:46:56,1,9,1,407
78933,2025-03-23 13:51:43,0,9,1,163
48258,2025-03-23 13:53:05,0,10,1,215
59718,2025-03-23 13:55:12,0,5,0,0
13589,2025-03-23 14:09:54,0,4,1,423
73036,2025-03-23 14:10:22,0,6,1,965
41035,2025-03-23 14:15:03,0,10,0,0
26794,2025-03-23 14:22:12,0,7,0,0
58723,2025-03-23 14:24:28,1,7,0,0
44865,2025-03-23 14:32:55,0,3,1,267
98362,2025-03-23 14:41:09,0,4,0,0
51389,2025-03-23 14:48:20,0,4,0,0
63300,2025-03-23 14:57:52,0,7,1,244
79574,2025-03-23 15:01:17,0,5,0,0
6699,2025-03-23 15:05:54,0,3,0,0
24304,2025-03-23 15:06:04,0,5,0,0
92330,2025-03-23 15:15:47,1,5,0,0
71048,2025-03-23 15:24:00,0,11,1,524
95975,2025-03-23 15:37:14,0,8,1,271
97137,2025-03-23 15:44:48,0,7,0,0
68984,2025-03-23 15:49:32,0,5,1,236
92012,2025-03-23 15:59:26,1,7,1,691
51830,2025-03-23 16:03:08,1,4,0,0
57761,2025-03-23 16:17:13,1,12,1,424
8708,2025-03-23 16:18:40,0,7,0,0
64137,2025-03-23 16:27:45,1,7,0,0
92979,2025-03-23 16:31:22,1,4,0,0
94155,2025-03-23 16:49:03,1,6,1,674
13836,2025-03-23 16:53:46,1,5,1,232
67777,2025-03-23 17:04:00,1,4,0,0
16153,2025-03-23 17:04:34,0,8,0,0
69948,2025-03-23 17:04:47,0,5,0,0
97465,2025-03-23 17:17:37,0,5,0,0
38369,2025-03-23 17:26:22,0,3,1,319
69084,2025-03-23 17:30:56,0,8,1,690
89736,2025-03-23 17:40:47,1,6,0,0
72006,2025-03-23 17:41:14,0,5,1,565
65518,2025-03-23 17:43:18,1,3,0,0
82478,2025-03-23 17:50:04,0,10,1,328
62777,2025-03-23 17:51:41,0,7,0,0
64353,2025-03-23 17:53:01,0,7,0,0
13954,2025-03-23 17:54:44,0,4,0,0
99434,2025-03-23 17:59:09,0,4,1,367
43750,2025-03-23 18:16:36,0,8,1,332
29052,2025-03-23 18:20:57,0,6,1,191
75651,2025-03-23 18:21:13,1,6,1,259
21007,2025-03-23 18:27:53,0,6,0,0
74046,2025-03-23 18:32:24,0,3,0,0
25617,2025-03-23 18:53:59,1,10,1,314
6501,2025-03-23 18:54:09,1,7,0,0
36402,2025-03-23 19:05:00,0,3,0,0
68415,2025-03-23 19:05:35,0,8,0,0
36541,2025-03-23 19:20:36,0,6,0,0
27765,2025-03-23 19:22:02,0,2,0,0
30105,2025-03-23 19:29:29,0,7,0,0
550,2025-03-23 19:30:00,1,5,0,0
26198,2025-03-23 19:32:04,0,3,0,0
90935,2025-03-23 19:38:41,0,9,1,345
96450,2025-03-23 19:44:01,1,6,1,310
67754,2025-03-23 20:00:31,0,5,0,0
90608,2025-03-23 20:10:23,0,6,0,0
13578,2025-03-23 20:20:33,0,8,1,292
48431,2025-03-23 20:44:04,0,3,0,0
87696,2025-03-23 20:46:29,0,3,0,0
68816,2025-03-23 20:55:44,0,5,1,234
25173,2025-03-23 20:59:38,0,4,1,368
29867,2025-03-23 21:19:48,0,4,0,0
60925,2025-03-23 21:21:44,0,5,1,246
43497,2025-03-23 21:21:58,1,8,0,0
5,2025-03-23 21:25:16,0,4,1,319
33210,2025-03-23 21:26:50,1,10,0,0
13836,2025-03-23 21:29:12,0,9,0,0
37082,2025-03-23 21:30:52,0,5,0,0
8708,2025-03-23 21:31:19,0,5,0,0
29486,2025-03-23 21:36:00,0,5,0,0
27984,2025-03-23 21:38:19,0,5,0,0
2954,2025-03-23 21:40:07,0,5,0,0
78933,2025-03-23 21:51:37,0,3,1,300
47812,2025-03-23 21:55:28,1,9,0,0
20030,2025-03-23 22:00:54,0,4,0,0
38688,2025-03-23 22:03:03,1,11,1,286
77233,2025-03-23 22:09:38,1,3,0,0
10445,2025-03-23 22:11:39,1,6,0,0
71574,2025-03-23 22:12:00,0,5,0,0
65578,2025-03-23 22:13:29,0,8,1,213
88994,2025-03-23 22:16:29,0,4,0,0
98298,2025-03-23 22:20:22,1,4,1,250
72313,2025-03-23 22:22:22,0,7,0,0
57866,2025-03-23 22:30:32,0,3,0,0
13488,2025-03-23 22:31:49,0,9,0,0
64991,2025-03-23 22:31:50,0,3,1,373
14738,2025-03-23 22:38:35,1,5,0,0
29784,2025-03-23 22:39:33,0,9,1,339
74850,2025-03-23 22:44:36,0,2,0,0
60712,2025-03-23 22:45:12,0,13,0,0
9828,2025-03-23 23:09:44,1,9,0,0
63211,2025-03-23 23:10:01,0,5,1,180
69948,2025-03-23 23:10:38,1,8,1,148
79916,2025-03-23 23:14:13,0,7,1,201
40804,2025-03-23 23:41:46,1,8,0,0
2994,2025-03-23 23:44:31,0,3,0,0
13840,2025-03-23 23:46:51,1,5,1,182
44143,2025-03-24 00:08:44,0,1,1,346
2207,2025-03-24 00:14:46,0,9,1,505
13326,2025-03-24 00:16:16,0,7,0,0
3883,2025-03-24 00:38:17,1,10,1,128
51437,2025-03-24 00:46:18,0,2,0,0
9922,2025-03-24 00:51:09,0,10,0,0
28674,2025-03-24 00:56:16,0,6,1,253
27984,2025-03-24 01:03:06,0,6,0,0
7491,2025-03-24 01:12:02,0,8,0,0
11012,2025-03-24 01:12:25,0,3,0,0
18125,2025-03-24 01:36:25,0,4,0,0
99455,2025-03-24 02:09:10,0,6,0,0
68427,2025-03-24 02:29:54,0,11,0,0
59683,2025-03-24 02:48:24,0,6,0,0
96950,2025-03-24 02:54:50,0,7,0,0
21476,2025-03-24 03:01:16,1,6,0,0
42668,2025-03-24 03:07:37,0,7,0,0
64183,2025-03-24 03:11:08,0,6,0,0
97742,2025-03-24 03:27:18,1,5,0,0
74023,2025-03-24 03:49:26,0,5,1,351
65563,2025-03-24 03:54:18,1,6,0,0
94980,2025-03-24 04:26:37,0,11,1,355
39778,2025-03-24 04:28:17,1,2,0,0
15425,2025-03-24 04:33:18,1,3,1,567
72718,2025-03-24 04:58:58,0,6,1,164
27023,2025-03-24 05:13:15,1,12,0,0
66882,2025-03-24 05:14:56,0,2,1,350
43277,2025-03-24 05:26:19,0,8,0,0
24373,2025-03-24 05:33:14,0,5,0,0
35486,2025-03-24 05:36:06,0,5,0,0
99312,2025-03-24 05:52:33,0,10,0,0
17981,2025-03-24 05:58:45,1,9,0,0
85775,2025-03-24 06:14:48,0,12,0,0
31647,2025-03-24 06:28:55,0,8,1,208
44977,2025-03-24 06:39:36,1,7,0,0
11489,2025-03-24 07:17:36,0,13,0,0
32471,2025-03-24 07:21:32,1,7,0,0
38674,2025-03-24 07:33:01,1,7,0,0
72805,2025-03-24 07:34:19,0,3,0,0
12570,2025-03-24 07:56:26,0,5,1,137
86553,2025-03-24 08:02:05,0,6,0,0
73271,2025-03-24 08:08:08,0,7,0,0
41237,2025-03-24 08:16:37,0,6,0,0
50649,2025-03-24 08:19:00,0,7,1,295
61160,2025-03-24 08:20:08,0,10,1,700
42619,2025-03-24 08:38:20,0,2,0,0
81866,2025-03-24 08:41:03,0,9,0,0
72533,2025-03-24 08:41:45,1,5,1,313
23184,2025-03-24 08:46:57,1,4,1,336
97569,2025-03-24 08:47:23,0,8,0,0
27129,2025-03-24 08:51:29,0,8,0,0
34259,2025-03-24 08:52:14,1,8,1,193
79066,2025-03-24 08:57:39,1,8,0,0
92791,2025-03-24 09:06:20,0,13,1,413
97137,2025-03-24 09:14:20,0,4,0,0
80886,2025-03-24 09:15:36,0,7,0,0
8238,2025-03-24 09:17:53,0,7,0,0
65536,2025-03-24 09:34:12,1,6,0,0
76514,2025-03-24 09:37:05,1,4,1,223
53582,2025-03-24 09:44:42,1,4,0,0
31454,2025-03-24 09:49:53,0,7,1,447
3973,2025-03-24 09:54:41,0,5,1,264
2447,2025-03-24 09:56:19,0,6,0,0
17870,2025-03-24 10:04:02,0,3,1,556
24794,2025-03-24 10:11:08,0,8,0,0
20391,2025-03-24 10:13:04,0,5,0,0
76899,2025-03-24 10:15:27,0,7,1,416
99312,2025-03-24 10:16:18,0,3,0,0
25432,2025-03-24 10:21:17,0,6,1,193
18308,2025-03-24 10:27:27,0,8,1,260
76514,2025-03-24 10:32:22,0,2,0,0
60662,2025-03-24 10:43:58,0,2,1,453
27479,2025-03-24 10:44:17,1,5,0,0
12763,2025-03-24 10:44:25,1,9,1,233
46401,2025-03-24 10:54:23,1,6,1,212
81876,2025-03-24 10:56:28,0,7,0,0
21698,2025-03-24 10:57:45,1,10,0,0
99202,2025-03-24 11:00:58,0,7,0,0
51402,2025-03-24 11:12:55,1,4,0,0
55598,2025-03-24 11:20:07,0,12,0,0
83738,2025-03-24 11:20:22,1,1,0,0
20414,2025-03-24 11:20:56,0,3,0,0
22066,2025-03-24 11:25:34,1,5,0,0
13478,2025-03-24 11:32:17,0,3,1,337
85364,2025-03-24 11:41:50,0,4,0,0
67603,2025-03-24 11:42:14,0,6,0,0
47375,2025-03-24 11:56:49,0,4,0,0
71900,2025-03-24 12:08:43,0,7,0,0
44081,2025-03-24 12:12:49,0,5,0,0
20577,2025-03-24 12:12:51,0,7,0,0
64122,2025-03-24 12:21:01,0,7,0,0
87184,2025-03-24 12:23:17,0,4,0,0
56276,2025-03-24 12:30:16,0,4,1,290
65474,2025-03-24 12:35:03,0,3,0,0
79694,2025-03-24 12:38:08,1,8,0,0
97848,2025-03-24 12:40:46,0,7,0,0
76899,2025-03-24 12:42:14,0,6,1,452
55602,2025-03-24 12:45:01,0,6,0,0
71574,2025-03-24 13:01:13,0,3,0,0
9548,2025-03-24 13:02:51,1,6,0,0
27416,2025-03-24 13:04:53,0,6,1,372
43568,2025-03-24 13:10:02,0,6,0,0
570,2025-03-24 13:10:28,0,4,0,0
6328,2025-03-24 13:17:21,1,9,0,0
51889,2025-03-24 13:17:29,0,7,1,223
56021,2025-03-24 13:25:43,0,6,0,0
26091,2025-03-24 13:34:17,0,10,0,0
95810,2025-03-24 13:41:18,0,2,0,0
11840,2025-03-24 13:47:30,1,5,0,0
63458,2025-03-24 13:50:36,0,6,0,0
97720,2025-03-24 13:50:51,0,3,0,0
52898,2025-03-24 14:00:22,0,7,0,0
15606,2025-03-24 14:04:38,1,6,1,456
63300,2025-03-24 14:05:10,0,1,1,380
556,2025-03-24 14:08:16,0,5,1,322
8305,2025-03-24 14:14:22,1,7,1,281
31712,2025-03-24 14:17:25,0,6,0,0
45573,2025-03-24 14:19:19,0,6,0,0
94074,2025-03-24 14:21:27,0,5,0,0
21013,2025-03-24 14:21:29,0,2,0,0
24609,2025-03-24 14:24:34,0,11,0,0
9828,2025-03-24 14:33:04,1,6,1,411
88678,2025-03-24 14:35:39,1,3,1,627
92791,2025-03-24 14:50:20,0,9,0,0
77689,2025-03-24 14:55:56,0,7,0,0
82067,2025-03-24 15:01:00,1,5,0,0
67503,2025-03-24 15:02:08,1,11,1,612
25592,2025-03-24 15:03:18,0,4,1,338
51706,2025-03-24 15:05:25,1,5,1,873
17647,2025-03-24 15:09:07,1,7,1,261
13402,2025-03-24 15:16:23,1,6,0,0
2411,2025-03-24 15:20:02,0,10,1,320
26080,2025-03-24 15:21:23,1,8,0,0
40611,2025-03-24 15:31:49,0,6,0,0
36451,2025-03-24 15:38:47,0,4,1,424
52188,2025-03-24 15:50:49,1,5,0,0
82287,2025-03-24 15:51:57,1,4,0,0
27649,2025-03-24 15:55:08,0,6,1,308
69450,2025-03-24 15:56:10,0,8,0,0
73908,2025-03-24 16:08:50,0,9,1,549
20778,2025-03-24 16:17:33,0,4,0,0
1000,2025-03-24 16:19:55,0,5,0,0
22156,2025-03-24 16:27:26,0,5,0,0
75885,2025-03-24 16:33:37,0,4,0,0
77184,2025-03-24 16:34:36,0,8,0,0
2994,2025-03-24 16:34:59,0,3,0,0
58192,2025-03-24 16:50:03,0,7,1,216
42668,2025-03-24 16:58:01,0,3,1,666
32194,2025-03-24 17:01:12,1,5,0,0
46892,2025-03-24 17:03:44,0,6,0,0
18205,2025-03-24 17:09:38,1,3,1,377
85128,2025-03-24 17:16:25,0,6,0,0
69676,2025-03-24 17:16:44,0,6,1,132
5,2025-03-24 17:28:13,1,5,0,0
28552,2025-03-24 17:30:21,0,6,0,0
84921,2025-03-24 17:33:25,0,2,1,654
85364,2025-03-24 17:37:50,1,5,0,0
39795,2025-03-24 17:41:39,0,16,1,237
9544,2025-03-24 17:42:45,1,8,0,0
82759,2025-03-24 17:42:58,0,4,0,0
55198,2025-03-24 17:46:44,0,8,0,0
63003,2025-03-24 17:50:37,1,10,0,0
3883,2025-03-24 17:59:59,1,9,0,0
76159,2025-03-24 18:07:31,0,10,0,0
26439,2025-03-24 18:09:06,0,5,0,0
14710,2025-03-24 18:12:42,0,5,1,230
52550,2025-03-24 18:30:44,1,5,0,0
10367,2025-03-24 18:34:48,0,7,1,436
35447,2025-03-24 18:36:50,1,6,1,403
64600,2025-03-24 18:40:32,0,10,0,0
53065,2025-03-24 18:41:06,0,5,1,567
40264,2025-03-24 18:46:07,0,7,1,263
36098,2025-03-24 19:21:23,1,10,0,0
44645,2025-03-24 19:24:10,0,4,1,317
3635,2025-03-24 19:31:18,0,3,1,336
40952,2025-03-24 19:31:56,1,4,0,0
98298,2025-03-24 19:32:37,0,11,0,0
99670,2025-03-24 19:34:41,1,10,1,755
14040,2025-03-24 19:35:33,1,11,0,0
43565,2025-03-24 19:40:45,0,4,1,345
55085,2025-03-24 19:46:55,1,5,0,0
79574,2025-03-24 19:52:37,0,3,0,0
77934,2025-03-24 20:04:33,0,10,0,0
84918,2025-03-24 20:11:29,0,4,0,0
74447,2025-03-24 20:20:08,0,2,1,237
20756,2025-03-24 20:24:21,0,4,1,367
66013,2025-03-24 20:37:16,0,11,1,280
96917,2025-03-24 20:38:18,0,5,0,0
89815,2025-03-24 20:42:00,0,4,1,481
96128,2025-03-24 20:45:22,0,7,0,0
7951,2025-03-24 21:04:13,0,9,1,275
9849,2025-03-24 21:11:07,1,4,1,415
25173,2025-03-24 21:17:16,1,7,1,392
26794,2025-03-24 21:17:21,0,4,0,0
77941,2025-03-24 21:21:13,0,4,1,357
34259,2025-03-24 21:27:40,1,3,1,252
31712,2025-03-24 21:30:32,0,6,1,452
21714,2025-03-24 21:35:05,1,2,0,0
41595,2025-03-24 21:38:13,1,7,1,232
99455,2025-03-24 21:42:53,0,5,1,193
27700,2025-03-24 21:46:40,0,7,0,0
38941,2025-03-24 21:50:18,0,4,0,0
70523,2025-03-24 21:52:48,0,7,1,271
9212,2025-03-24 21:56:12,0,7,0,0
44268,2025-03-24 21:57:02,0,9,1,252
9548,2025-03-24 22:01:01,1,7,1,273
41666,2025-03-24 22:05:12,1,3,1,305
90127,2025-03-24 22:10:14,0,6,0,0
82631,2025-03-24 22:15:12,1,2,0,0
55198,2025-03-24 22:16:57,0,6,0,0
72006,2025-03-24 22:27:31,0,6,0,0
27649,2025-03-24 22:33:21,0,5,0,0
9377,2025-03-24 22:37:41,0,8,0,0
12519,2025-03-24 22:42:02,1,5,0,0
96030,2025-03-24 22:43:00,0,4,0,0
72119,2025-03-24 23:00:09,1,6,0,0
22329,2025-03-24 23:03:16,0,4,1,391
44590,2025-03-24 23:04:06,0,3,1,387
98213,2025-03-24 23:07:52,0,6,0,0
47616,2025-03-24 23:08:19,0,4,0,0
30105,2025-03-24 23:14:34,0,3,0,0
19436,2025-03-24 23:16:50,0,14,0,0
60712,2025-03-24 23:38:09,1,5,0,0
56617,2025-03-24 23:51:48,0,4,0,0
9642,2025-03-24 23:52:28,1,8,0,0
64100,2025-03-24 23:53:21,1,6,1,192
27984,2025-03-24 23:59:26,0,5,1,446
82759,2025-03-25 00:00:12,1,11,0,0
43001,2025-03-25 00:07:24,1,5,1,541
50009,2025-03-25 01:25:15,1,7,1,182
3512,2025-03-25 01:41:32,0,7,1,296
31878,2025-03-25 02:03:07,0,11,0,0
21969,2025-03-25 02:05:35,1,6,1,193
81083,2025-03-25 02:34:19,0,7,0,0
76584,2025-03-25 02:34:58,0,9,0,0
43995,2025-03-25 02:39:24,0,7,0,0
4347,2025-03-25 02:44:02,0,5,1,418
63294,2025-03-25 02:46:23,0,7,0,0
20163,2025-03-25 03:03:01,0,5,0,0
77049,2025-03-25 03:10:06,0,3,0,0
86837,2025-03-25 03:16:31,1,1,0,0
81407,2025-03-25 03:54:53,0,5,0,0
69709,2025-03-25 03:56:29,1,2,0,0
99670,2025-03-25 04:46:37,1,7,1,393
41155,2025-03-25 05:28:22,0,10,1,217
26405,2025-03-25 06:13:30,1,5,1,517
5687,2025-03-25 06:21:11,0,4,0,0
83538,2025-03-25 06:39:10,0,4,0,0
87236,2025-03-25 06:50:37,0,6,0,0
82631,2025-03-25 06:59:08,0,10,0,0
78554,2025-03-25 07:06:58,0,12,0,0
74356,2025-03-25 07:31:13,1,4,0,0
10905,2025-03-25 07:48:43,0,5,0,0
5027,2025-03-25 08:03:13,1,3,0,0
81027,2025-03-25 08:09:06,1,5,0,0
16960,2025-03-25 08:09:19,1,5,0,0
26347,2025-03-25 08:11:54,0,6,0,0
20391,2025-03-25 08:15:53,0,9,0,0
85629,2025-03-25 08:20:06,0,9,1,440
12570,2025-03-25 08:24:45,1,4,0,0
6439,2025-03-25 08:28:57,0,2,0,0
6439,2025-03-25 08:32:11,0,5,0,0
77233,2025-03-25 08:41:06,1,8,0,0
94286,2025-03-25 08:41:58,1,4,0,0
80228,2025-03-25 08:42:41,0,7,0,0
41018,2025-03-25 08:44:40,0,7,1,422
94194,2025-03-25 08:48:37,0,3,1,379
16377,2025-03-25 08:51:14,0,3,0,0
96950,2025-03-25 09:04:25,1,2,1,335
89162,2025-03-25 09:07:12,0,4,0,0
90175,2025-03-25 09:13:18,0,6,1,573
33062,2025-03-25 09:24:37,0,9,0,0
5622,2025-03-25 09:26:31,1,5,0,0
16949,2025-03-25 09:27:39,1,3,1,408
1088,2025-03-25 09:28:24,0,3,0,0
23803,2025-03-25 09:35:25,1,12,0,0
58380,2025-03-25 09:41:42,1,6,0,0
41755,2025-03-25 09:43:32,0,3,1,668
45817,2025-03-25 09:55:30,0,5,1,235
47616,2025-03-25 10:04:33,1,2,0,0
85420,2025-03-25 10:05:39,0,6,0,0
16728,2025-03-25 10:06:06,0,10,0,0
40622,2025-03-25 10:07:01,0,13,1,366
36276,2025-03-25 10:10:08,1,2,0,0
58419,2025-03-25 10:15:48,0,4,0,0
67184,2025-03-25 10:17:13,0,5,1,238
36072,2025-03-25 10:17:22,0,8,1,476
58917,2025-03-25 10:18:25,1,6,0,0
97137,2025-03-25 10:20:38,0,2,0,0
78546,2025-03-25 10:20:54,1,8,0,0
11611,2025-03-25 10:28:47,0,12,1,330
58577,2025-03-25 10:32:32,0,12,0,0
85042,2025-03-25 10:44:04,0,11,0,0
38941,2025-03-25 10:56:10,0,4,0,0
67130,2025-03-25 11:00:40,1,13,0,0
93179,2025-03-25 11:04:24,1,6,1,234
93202,2025-03-25 11:18:29,0,8,1,604
77720,2025-03-25 11:21:04,0,5,0,0
39588,2025-03-25 11:21:21,0,5,1,341
81066,2025-03-25 11:24:13,1,7,0,0
16960,2025-03-25 11:25:33,0,10,0,0
40389,2025-03-25 11:29:54,0,2,0,0
85775,2025-03-25 11:31:09,0,4,0,0
22816,2025-03-25 11:31:37,0,1,1,176
57976,2025-03-25 11:59:26,1,7,1,327
66555,2025-03-25 11:59:28,1,8,0,0
45573,2025-03-25 12:00:31,0,9,1,348
74046,2025-03-25 12:00:38,1,9,0,0
16377,2025-03-25 12:14:46,0,7,0,0
61883,2025-03-25 12:19:42,1,4,0,0
87157,2025-03-25 12:20:22,0,1,0,0
8652,2025-03-25 12:28:17,0,6,1,267
1088,2025-03-25 12:31:04,1,10,1,330
99781,2025-03-25 12:34:45,1,6,0,0
3192,2025-03-25 12:38:31,0,6,0,0
71662,2025-03-25 12:40:14,0,6,0,0
48431,2025-03-25 12:53:40,0,5,0,0
79694,2025-03-25 12:57:43,1,4,0,0
51769,2025-03-25 13:09:42,0,3,0,0
41379,2025-03-25 13:19:08,0,4,1,674
41595,2025-03-25 13:40:35,0,4,1,468
22149,2025-03-25 13:41:27,0,10,1,399
36374,2025-03-25 13:46:16,0,7,0,0
19109,2025-03-25 14:05:37,0,3,0,0
47482,2025-03-25 14:12:13,0,7,0,0
60242,2025-03-25 14:21:48,0,3,0,0
90935,2025-03-25 14:37:33,1,4,0,0
71164,2025-03-25 14:39:45,0,5,1,244
6501,2025-03-25 14:53:43,0,6,1,381
70622,2025-03-25 14:56:21,0,5,0,0
86837,2025-03-25 15:20:13,0,5,0,0
62064,2025-03-25 15:26:16,1,3,1,311
94194,2025-03-25 15:32:34,1,4,0,0
43879,2025-03-25 15:35:17,1,4,1,241
38815,2025-03-25 15:41:22,1,8,1,548
82943,2025-03-25 15:42:07,0,6,0,0
85364,2025-03-25 15:58:26,0,7,0,0
77233,2025-03-25 16:00:24,0,3,0,0
54862,2025-03-25 16:01:10,0,3,0,0
45817,2025-03-25 16:02:13,0,6,0,0
21072,2025-03-25 16:07:02,1,7,0,0
61320,2025-03-25 16:10:48,0,9,0,0
40529,2025-03-25 16:17:14,0,4,1,299
52139,2025-03-25 16:19:51,0,6,0,0
79591,2025-03-25 16:20:02,0,8,0,0
56647,2025-03-25 16:22:15,0,9,0,0
80707,2025-03-25 16:40:10,1,1,0,0
53362,2025-03-25 16:59:54,1,2,0,0
92012,2025-03-25 17:10:33,1,4,0,0
74023,2025-03-25 17:43:35,0,3,0,0
85364,2025-03-25 17:44:02,0,4,0,0
46574,2025-03-25 17:56:08,1,5,0,0
15606,2025-03-25 18:03:47,0,4,0,0
10367,2025-03-25 18:05:00,1,7,1,277
13867,2025-03-25 18:08:10,0,5,0,0
90838,2025-03-25 18:22:33,0,5,0,0
55912,2025-03-25 18:23:07,0,9,0,0
45525,2025-03-25 18:23:17,0,6,0,0
95707,2025-03-25 18:23:44,0,12,0,0
75304,2025-03-25 18:24:50,0,7,0,0
97137,2025-03-25 18:34:08,0,2,0,0
60167,2025-03-25 18:36:36,0,9,1,444
26541,2025-03-25 18:41:02,1,5,1,340
37762,2025-03-25 18:57:51,0,9,0,0
89096,2025-03-25 19:08:59,1,5,0,0
58117,2025-03-25 19:26:48,0,6,0,0
66004,2025-03-25 19:30:05,0,5,0,0
918,2025-03-25 19:30:40,0,5,0,0
65269,2025-03-25 19:33:44,1,4,1,204
41755,2025-03-25 19:36:18,0,12,0,0
81940,2025-03-25 19:38:20,0,3,0,0
19668,2025-03-25 19:48:31,0,8,0,0
88678,2025-03-25 19:51:23,0,6,1,269
74023,2025-03-25 19:54:38,0,6,0,0
90495,2025-03-25 19:56:05,0,5,1,233
90935,2025-03-25 19:57:46,0,9,0,0
23980,2025-03-25 19:59:46,0,7,0,0
32755,2025-03-25 20:05:13,0,3,0,0
73571,2025-03-25 20:05:39,1,6,0,0
8305,2025-03-25 20:14:47,1,9,0,0
62646,2025-03-25 20:20:00,0,7,0,0
73814,2025-03-25 20:21:12,1,7,0,0
97493,2025-03-25 20:24:36,1,5,1,471
62635,2025-03-25 20:33:55,0,8,0,0
5622,2025-03-25 20:35:47,0,3,1,283
37867,2025-03-25 20:43:25,0,7,0,0
73514,2025-03-25 20:44:44,0,8,0,0
88678,2025-03-25 20:46:25,0,9,0,0
11318,2025-03-25 20:48:03,1,8,0,0
58917,2025-03-25 20:48:22,0,9,0,0
97270,2025-03-25 20:59:04,0,4,0,0
25469,2025-03-25 21:00:55,1,4,1,236
2611,2025-03-25 21:16:20,0,9,0,0
71120,2025-03-25 21:17:52,0,5,1,198
89648,2025-03-25 21:22:43,1,6,1,346
42377,2025-03-25 21:29:57,1,4,1,348
61167,2025-03-25 21:32:10,0,8,0,0
38815,2025-03-25 21:47:09,0,8,0,0
14600,2025-03-25 21:47:18,1,7,0,0
5338,2025-03-25 21:54:14,0,3,0,0
85128,2025-03-25 21:56:43,0,9,0,0
33607,2025-03-25 21:59:42,0,7,1,226
14547,2025-03-25 22:21:43,0,5,0,0
64516,2025-03-25 22:26:34,1,5,0,0
39715,2025-03-25 22:33:23,1,11,0,0
10271,2025-03-25 22:57:46,0,9,0,0
30105,2025-03-25 23:20:23,0,4,0,0
54068,2025-03-25 23:29:02,0,1,1,279
24981,2025-03-25 23:37:13,0,4,0,0
97606,2025-03-25 23:39:45,0,8,1,300
65563,2025-03-25 23:54:55,1,3,0,0
95700,2025-03-25 23:55:58,0,5,1,641
89112,2025-03-26 00:04:21,1,7,1,225
43497,2025-03-26 00:16:59,1,5,0,0
43277,2025-03-26 00:59:46,0,8,0,0
19445,2025-03-26 01:19:10,0,10,0,0
7899,2025-03-26 01:20:52,0,4,0,0
37141,2025-03-26 01:22:57,1,4,0,0
46529,2025-03-26 02:06:08,0,4,0,0
67499,2025-03-26 02:08:13,0,7,1,267
52156,2025-03-26 02:23:59,0,8,0,0
67053,2025-03-26 02:28:31,0,6,0,0
60314,2025-03-26 02:34:10,1,4,0,0
26198,2025-03-26 02:44:19,0,6,0,0
65313,2025-03-26 02:51:26,0,6,1,384
73987,2025-03-26 03:16:02,0,3,1,353
17647,2025-03-26 03:21:42,1,4,0,0
2616,2025-03-26 03:34:45,1,9,0,0
895,2025-03-26 03:35:22,0,8,0,0
42151,2025-03-26 03:43:12,0,6,0,0
43521,2025-03-26 03:46:25,0,5,0,0
73271,2025-03-26 03:50:06,0,1,0,0
58723,2025-03-26 03:59:39,0,9,0,0
93640,2025-03-26 04:09:35,0,7,0,0
13858,2025-03-26 04:15:33,1,13,1,459
92733,2025-03-26 04:31:55,1,5,0,0
64230,2025-03-26 04:51:21,1,6,0,0
51121,2025-03-26 04:57:43,0,6,1,298
37867,2025-03-26 05:09:39,0,3,1,644
76899,2025-03-26 05:19:14,0,4,1,591
26347,2025-03-26 05:19:25,0,13,1,293
71139,2025-03-26 05:58:45,1,0,1,431
3512,2025-03-26 06:19:56,1,7,0,0
35019,2025-03-26 06:45:17,0,6,1,296
81027,2025-03-26 06:46:36,1,12,0,0
43192,2025-03-26 06:46:58,1,4,1,571
36276,2025-03-26 06:47:26,0,3,0,0
48189,2025-03-26 07:03:26,0,6,1,402
23629,2025-03-26 07:14:26,0,7,0,0
64208,2025-03-26 07:17:30,0,5,1,425
21007,2025-03-26 07:24:48,1,4,1,443
60122,2025-03-26 07:47:15,1,4,0,0
62848,2025-03-26 07:52:16,0,2,0,0
65841,2025-03-26 08:02:18,0,4,1,234
46612,2025-03-26 08:03:21,0,2,0,0
90848,2025-03-26 08:18:07,0,6,0,0
44268,2025-03-26 08:19:56,0,4,0,0
6287,2025-03-26 08:21:57,0,3,1,243
63667,2025-03-26 08:25:10,0,8,0,0
97774,2025-03-26 08:27:18,1,6,1,213
49446,2025-03-26 08:33:49,0,7,0,0
18973,2025-03-26 08:37:47,1,6,1,372
60723,2025-03-26 09:14:33,0,6,1,293
60210,2025-03-26 09:21:35,0,7,0,0
76514,2025-03-26 09:25:08,0,3,0,0
26112,2025-03-26 09:26:19,0,8,0,0
33525,2025-03-26 09:29:55,1,7,1,262
33072,2025-03-26 09:30:51,0,1,1,186
29643,2025-03-26 09:39:23,0,2,1,373
49446,2025-03-26 09:46:30,1,3,0,0
90838,2025-03-26 09:48:37,0,6,0,0
48762,2025-03-26 09:54:42,1,4,0,0
72718,2025-03-26 09:57:08,0,5,0,0
16960,2025-03-26 10:04:09,0,4,1,260
48622,2025-03-26 10:30:19,1,6,0,0
3973,2025-03-26 10:31:51,1,7,0,0
77115,2025-03-26 10:35:30,1,3,0,0
56617,2025-03-26 10:35:42,0,7,0,0
81940,2025-03-26 10:36:08,1,5,1,260
72148,2025-03-26 10:49:17,0,7,0,0
69363,2025-03-26 10:59:25,1,7,1,340
92940,2025-03-26 11:06:24,0,7,0,0
63026,2025-03-26 11:08:36,0,11,0,0
54158,2025-03-26 11:26:08,0,10,1,477
16728,2025-03-26 11:30:58,1,7,0,0
51934,2025-03-26 11:33:44,0,8,0,0
61762,2025-03-26 11:34:23,1,9,0,0
43743,2025-03-26 11:34:54,1,8,0,0
72805,2025-03-26 11:35:50,1,9,1,900
33607,2025-03-26 11:41:17,0,5,0,0
25931,2025-03-26 11:41:24,0,6,0,0
67754,2025-03-26 11:44:10,0,7,0,0
36690,2025-03-26 11:45:42,0,9,0,0
4144,2025-03-26 11:48:50,1,8,0,0
94994,2025-03-26 11:49:59,0,6,0,0
60502,2025-03-26 11:54:34,0,6,1,456
65474,2025-03-26 11:55:26,0,8,1,436
16552,2025-03-26 11:56:22,0,1,0,0
78591,2025-03-26 11:56:35,0,7,1,269
26347,2025-03-26 11:59:56,0,5,0,0
86147,2025-03-26 12:04:29,0,5,0,0
47117,2025-03-26 12:06:52,1,9,0,0
51556,2025-03-26 12:14:36,1,5,0,0
1990,2025-03-26 12:16:24,0,3,1,1004
56463,2025-03-26 12:23:19,1,6,0,0
47375,2025-03-26 12:24:02,0,10,1,237
36451,2025-03-26 12:24:56,1,9,1,256
17953,2025-03-26 12:37:27,0,1,0,0
39806,2025-03-26 12:39:17,0,6,0,0
81876,2025-03-26 12:59:52,0,5,1,306
17981,2025-03-26 13:02:55,0,6,0,0
11012,2025-03-26 13:08:25,0,8,0,0
20577,2025-03-26 13:11:08,0,9,1,407
25573,2025-03-26 13:17:09,0,6,1,92
63133,2025-03-26 13:17:20,1,9,1,333
32755,2025-03-26 13:20:17,0,7,0,0
85775,2025-03-26 13:34:05,0,4,0,0
40952,2025-03-26 13:42:09,0,8,0,0
58784,2025-03-26 13:55:11,0,8,0,0
18392,2025-03-26 14:04:19,0,3,1,625
20414,2025-03-26 14:06:17,0,7,0,0
84104,2025-03-26 14:06:47,1,5,0,0
85914,2025-03-26 14:14:07,1,5,1,194
5338,2025-03-26 14:28:32,1,1,0,0
6287,2025-03-26 14:33:16,1,2,1,348
8652,2025-03-26 14:41:43,0,3,0,0
73818,2025-03-26 14:48:45,0,5,0,0
42087,2025-03-26 14:49:21,1,3,0,0
49446,2025-03-26 14:51:45,0,8,1,303
53253,2025-03-26 14:54:29,0,8,0,0
13088,2025-03-26 15:00:04,1,9,0,0
43001,2025-03-26 15:00:17,0,3,1,328
73806,2025-03-26 15:05:10,0,12,1,210
66455,2025-03-26 15:06:32,1,7,1,248
13088,2025-03-26 15:08:19,0,5,0,0
80779,2025-03-26 15:30:23,0,4,0,0
12187,2025-03-26 15:42:57,0,10,1,608
43479,2025-03-26 15:46:34,0,14,0,0
95707,2025-03-26 16:01:59,0,6,1,319
92012,2025-03-26 16:08:41,1,4,0,0
56153,2025-03-26 16:24:10,1,3,1,424
38121,2025-03-26 16:25:53,0,8,0,0
46323,2025-03-26 16:31:10,0,6,0,0
73036,2025-03-26 16:32:21,0,6,1,238
13087,2025-03-26 16:42:05,0,6,0,0
26347,2025-03-26 16:43:09,0,7,0,0
77689,2025-03-26 16:46:18,0,5,1,221
80886,2025-03-26 16:55:10,0,12,1,375
94742,2025-03-26 17:01:58,0,1,1,157
86553,2025-03-26 17:04:20,0,2,0,0
47573,2025-03-26 17:04:40,1,8,0,0
45817,2025-03-26 17:05:06,1,7,0,0
63302,2025-03-26 17:18:39,0,6,1,303
40047,2025-03-26 17:22:51,0,6,0,0
46205,2025-03-26 17:25:51,0,5,0,0
85730,2025-03-26 17:38:07,0,2,1,221
68433,2025-03-26 17:46:43,1,10,0,0
39777,2025-03-26 17:50:57,0,7,0,0
84918,2025-03-26 17:52:13,0,3,1,229
60379,2025-03-26 18:04:41,0,4,1,197
17330,2025-03-26 18:04:45,0,4,0,0
65862,2025-03-26 18:05:01,0,6,1,512
8305,2025-03-26 18:11:01,0,2,0,0
13085,2025-03-26 18:16:43,0,11,0,0
52225,2025-03-26 18:22:20,0,10,0,0
56977,2025-03-26 18:26:04,0,2,0,0
74687,2025-03-26 18:26:35,0,8,1,431
77561,2025-03-26 18:32:35,0,11,1,197
32140,2025-03-26 18:42:56,0,6,0,0
96240,2025-03-26 19:01:07,0,2,1,419
73204,2025-03-26 19:12:50,0,2,0,0
51830,2025-03-26 19:37:58,0,4,0,0
9328,2025-03-26 19:52:53,1,6,0,0
10917,2025-03-26 19:58:46,0,6,0,0
5566,2025-03-26 19:59:08,0,9,0,0
60379,2025-03-26 20:27:53,1,7,1,338
58645,2025-03-26 20:46:58,0,6,1,134
51090,2025-03-26 20:56:53,1,4,0,0
32862,2025-03-26 20:59:14,0,9,1,253
29384,2025-03-26 21:21:19,0,9,0,0
53300,2025-03-26 21:30:48,0,7,0,0
61783,2025-03-26 21:33:14,1,7,0,0
98298,2025-03-26 21:39:33,0,8,0,0
80286,2025-03-26 21:41:38,0,6,1,438
63300,2025-03-26 22:11:17,0,6,0,0
74016,2025-03-26 22:31:34,1,7,0,0
64509,2025-03-26 22:47:19,1,10,1,439
91465,2025-03-26 22:49:24,0,5,0,0
41595,2025-03-26 22:59:09,0,10,1,247
99312,2025-03-26 23:00:54,0,7,1,346
64952,2025-03-26 23:06:06,1,4,0,0
78832,2025-03-26 23:07:22,1,3,0,0
41755,2025-03-26 23:11:02,0,8,0,0
96949,2025-03-26 23:12:19,0,10,0,0
43277,2025-03-26 23:19:27,0,5,1,454
64208,2025-03-26 23:22:50,1,6,1,253
10917,2025-03-26 23:41:35,1,4,0,0
54287,2025-03-27 00:11:45,0,8,0,0
35486,2025-03-27 00:16:37,1,8,0,0
25949,2025-03-27 00:16:49,0,9,1,347
46873,2025-03-27 00:53:41,1,4,1,417
67053,2025-03-27 01:18:26,0,5,0,0
2594,2025-03-27 01:22:37,1,3,1,221
39560,2025-03-27 01:40:58,1,6,0,0
75925,2025-03-27 01:44:24,1,6,0,0
52550,2025-03-27 01:51:29,1,6,0,0
6229,2025-03-27 02:40:09,0,6,0,0
35671,2025-03-27 02:41:09,0,5,0,0
25549,2025-03-27 03:28:20,0,7,0,0
34006,2025-03-27 03:45:45,0,11,0,0
39806,2025-03-27 04:03:00,0,8,1,306
26102,2025-03-27 04:07:01,1,5,1,223
45505,2025-03-27 04:08:48,0,4,0,0
7491,2025-03-27 04:22:44,1,6,0,0
25193,2025-03-27 04:29:17,1,4,0,0
66455,2025-03-27 04:38:06,0,6,1,364
22442,2025-03-27 05:35:32,0,7,0,0
20756,2025-03-27 05:41:08,0,6,0,0
40264,2025-03-27 06:02:36,1,6,0,0
29578,2025-03-27 06:23:24,0,8,0,0
47980,2025-03-27 06:26:10,0,5,0,0
64495,2025-03-27 06:43:35,0,9,0,0
20163,2025-03-27 06:50:24,1,4,1,286
63026,2025-03-27 06:52:04,1,5,0,0
53065,2025-03-27 06:53:34,0,1,0,0
69084,2025-03-27 07:03:16,0,3,0,0
27834,2025-03-27 07:16:14,1,4,0,0
86413,2025-03-27 07:21:29,1,8,0,0
9818,2025-03-27 07:29:37,1,9,0,0
8415,2025-03-27 07:55:35,0,3,0,0
5126,2025-03-27 08:02:44,1,3,0,0
51389,2025-03-27 08:05:11,0,6,0,0
45224,2025-03-27 08:10:51,0,8,0,0
97682,2025-03-27 08:32:06,1,7,1,470
8599,2025-03-27 08:32:46,0,4,0,0
43497,2025-03-27 08:34:56,1,4,0,0
26112,2025-03-27 08:35:25,0,7,0,0
46104,2025-03-27 08:45:07,0,7,0,0
150,2025-03-27 08:48:25,0,6,0,0
76520,2025-03-27 08:49:34,1,8,0,0
17663,2025-03-27 08:52:23,0,5,0,0
60210,2025-03-27 09:02:26,0,4,0,0
47375,2025-03-27 09:04:28,1,7,1,170
65313,2025-03-27 09:10:40,0,4,0,0
40578,2025-03-27 09:13:50,1,8,0,0
51082,2025-03-27 09:24:08,0,8,0,0
74060,2025-03-27 09:35:31,0,5,0,0
93202,2025-03-27 09:36:19,1,6,0,0
64230,2025-03-27 09:37:42,1,7,1,441
59094,2025-03-27 09:49:09,1,4,0,0
85730,2025-03-27 09:55:31,0,5,0,0
48515,2025-03-27 10:02:20,0,4,0,0
81876,2025-03-27 10:11:08,1,7,0,0
73271,2025-03-27 10:20:26,0,10,0,0
45498,2025-03-27 10:23:00,0,0,1,244
25420,2025-03-27 10:24:07,0,4,0,0
66455,2025-03-27 10:38:04,0,1,0,0
76810,2025-03-27 10:43:11,0,11,1,289
92016,2025-03-27 10:47:28,0,2,1,270
66004,2025-03-27 11:01:19,0,4,0,0
64811,2025-03-27 11:08:23,0,4,0,0
73814,2025-03-27 11:10:40,0,9,1,504
81866,2025-03-27 11:13:41,0,5,0,0
13187,2025-03-27 11:16:17,1,5,0,0
15338,2025-03-27 11:25:30,0,3,0,0
90154,2025-03-27 11:37:52,0,7,1,331
28644,2025-03-27 11:38:47,0,5,0,0
16728,2025-03-27 11:40:09,1,5,1,284
39778,2025-03-27 11:45:24,0,7,0,0
41193,2025-03-27 11:47:53,1,5,0,0
2029,2025-03-27 11:52:57,0,5,0,0
67754,2025-03-27 11:56:47,0,5,0,0
80886,2025-03-27 12:04:00,0,3,1,261
40862,2025-03-27 12:13:35,1,6,1,407
7899,2025-03-27 12:16:46,0,4,0,0
93579,2025-03-27 12:24:45,0,9,1,208
40780,2025-03-27 12:32:12,0,5,0,0
9849,2025-03-27 12:45:27,0,7,0,0
90154,2025-03-27 12:47:14,0,6,1,121
570,2025-03-27 13:01:05,0,11,1,310
21969,2025-03-27 13:07:35,1,6,1,435
38563,2025-03-27 13:07:50,1,8,0,0
65536,2025-03-27 13:18:14,0,2,0,0
49147,2025-03-27 13:59:42,0,2,1,250
53065,2025-03-27 14:08:32,1,6,1,245
97277,2025-03-27 14:08:57,0,1,0,0
38121,2025-03-27 14:25:25,0,3,1,307
38121,2025-03-27 14:28:06,0,3,0,0
19361,2025-03-27 14:37:33,0,11,0,0
54158,2025-03-27 14:48:19,0,4,0,0
87124,2025-03-27 14:54:52,0,5,0,0
82460,2025-03-27 15:01:36,0,3,0,0
72148,2025-03-27 15:09:37,0,3,0,0
43479,2025-03-27 15:14:53,0,8,0,0
77689,2025-03-27 15:17:23,1,4,0,0
4770,2025-03-27 15:23:50,0,5,0,0
32212,2025-03-27 15:30:14,1,5,0,0
90156,2025-03-27 15:43:38,0,6,0,0
31474,2025-03-27 15:47:05,0,6,0,0
32209,2025-03-27 15:51:31,0,9,0,0
38944,2025-03-27 15:53:09,0,10,1,791
34727,2025-03-27 15:53:10,0,6,0,0
69930,2025-03-27 15:59:25,0,3,0,0
89648,2025-03-27 16:11:24,0,5,0,0
27102,2025-03-27 16:12:08,0,4,0,0
79078,2025-03-27 16:17:13,1,8,1,144
99795,2025-03-27 16:19:21,0,7,1,297
65037,2025-03-27 16:19:24,0,5,0,0
38478,2025-03-27 16:20:55,0,6,0,0
61762,2025-03-27 16:23:31,0,12,0,0
99937,2025-03-27 16:26:01,0,6,1,504
95767,2025-03-27 16:26:03,0,7,0,0
24239,2025-03-27 16:31:34,1,3,1,456
24239,2025-03-27 16:34:55,1,7,0,0
8652,2025-03-27 16:38:55,0,3,0,0
84104,2025-03-27 16:41:21,0,7,0,0
15793,2025-03-27 16:43:51,0,5,0,0
91465,2025-03-27 16:53:49,0,7,0,0
67810,2025-03-27 16:59:17,0,5,0,0
48277,2025-03-27 17:05:36,0,5,0,0
87993,2025-03-27 17:10:43,0,5,1,358
95258,2025-03-27 17:16:07,0,13,0,0
24847,2025-03-27 17:35:58,1,8,0,0
80286,2025-03-27 17:37:44,1,5,0,0
9429,2025-03-27 17:56:38,0,6,0,0
71621,2025-03-27 17:57:02,0,9,0,0
32286,2025-03-27 18:14:24,0,9,0,0
47375,2025-03-27 18:17:01,1,5,1,178
74910,2025-03-27 18:22:31,0,2,0,0
5032,2025-03-27 18:33:52,0,7,1,273
31003,2025-03-27 18:45:27,0,3,1,406
10917,2025-03-27 18:46:33,0,8,0,0
64171,2025-03-27 18:50:55,0,7,0,0
79785,2025-03-27 18:52:48,1,4,0,0
57563,2025-03-27 18:55:22,0,7,1,275
77941,2025-03-27 18:59:03,1,7,0,0
67053,2025-03-27 19:11:07,0,6,0,0
62777,2025-03-27 19:13:00,0,8,0,0
85128,2025-03-27 19:25:14,0,6,0,0
4192,2025-03-27 19:27:22,1,5,1,188
11489,2025-03-27 19:27:23,0,9,1,408
70963,2025-03-27 19:29:23,0,2,0,0
85611,2025-03-27 19:29:46,0,6,0,0
68292,2025-03-27 19:33:06,1,1,0,0
48258,2025-03-27 19:33:41,0,7,1,203
21072,2025-03-27 19:33:59,0,7,0,0
88540,2025-03-27 19:34:59,0,8,0,0
42405,2025-03-27 19:50:43,1,7,0,0
28674,2025-03-27 19:50:55,1,10,0,0
29137,2025-03-27 20:03:17,1,4,0,0
60314,2025-03-27 20:07:07,0,5,0,0
78416,2025-03-27 20:19:06,1,8,1,554
42377,2025-03-27 20:26:31,0,5,1,214
22198,2025-03-27 20:31:43,0,10,0,0
76004,2025-03-27 20:32:28,0,5,1,237
77233,2025-03-27 20:41:52,0,2,0,0
3234,2025-03-27 20:43:00,1,8,0,0
5032,2025-03-27 20:51:16,0,3,0,0
95258,2025-03-27 21:09:58,0,7,0,0
44590,2025-03-27 21:10:06,0,6,1,380
66882,2025-03-27 21:12:36,1,7,0,0
20216,2025-03-27 21:14:42,0,5,0,0
74418,2025-03-27 21:15:08,1,5,0,0
69773,2025-03-27 21:16:45,0,4,0,0
94286,2025-03-27 21:48:27,1,10,0,0
37938,2025-03-27 21:56:51,0,4,1,288
71149,2025-03-27 21:59:27,1,6,0,0
39748,2025-03-27 22:00:49,0,9,1,740
95767,2025-03-27 22:05:52,1,3,1,269
63211,2025-03-27 22:18:22,0,5,0,0
895,2025-03-27 22:30:07,1,5,0,0
57345,2025-03-27 22:35:56,1,7,1,521
30905,2025-03-27 22:39:39,0,7,0,0
6446,2025-03-27 22:43:15,1,4,1,326
28731,2025-03-27 22:43:34,0,7,0,0
88994,2025-03-27 22:46:15,1,8,0,0
85730,2025-03-27 22:52:39,1,4,0,0
6959,2025-03-27 22:58:24,1,6,0,0
71215,2025-03-27 23:02:06,0,3,0,0
80700,2025-03-27 23:04:10,0,1,0,0
80203,2025-03-27 23:05:45,1,7,0,0
90175,2025-03-27 23:10:40,1,4,1,437
36374,2025-03-27 23:19:12,0,6,0,0
88905,2025-03-27 23:19:14,0,4,0,0
87564,2025-03-27 23:23:54,0,10,1,275
81940,2025-03-27 23:25:40,0,6,0,0
12259,2025-03-27 23:29:09,1,8,0,0
7349,2025-03-27 23:32:58,0,10,1,234
84471,2025-03-27 23:42:06,0,12,0,0
86124,2025-03-27 23:44:31,1,8,0,0
68433,2025-03-27 23:51:26,0,8,0,0
12513,2025-03-28 00:00:22,0,9,0,0
35019,2025-03-28 00:14:26,0,8,0,0
98170,2025-03-28 00:27:51,0,5,0,0
50473,2025-03-28 01:12:03,1,7,0,0
47165,2025-03-28 01:32:35,1,3,1,679
94658,2025-03-28 01:53:41,0,3,0,0
2447,2025-03-28 02:17:21,1,10,0,0
64208,2025-03-28 02:20:20,1,8,0,0
2994,2025-03-28 02:30:22,0,3,0,0
16188,2025-03-28 02:36:19,0,3,0,0
85420,2025-03-28 02:38:27,0,6,0,0
64275,2025-03-28 02:41:31,0,7,0,0
96343,2025-03-28 02:50:25,0,4,0,0
76430,2025-03-28 03:01:19,1,4,0,0
62938,2025-03-28 03:07:34,1,9,0,0
64038,2025-03-28 03:09:04,1,7,0,0
41379,2025-03-28 03:21:23,1,9,0,0
77689,2025-03-28 03:23:39,0,6,1,263
62526,2025-03-28 03:26:44,0,3,0,0
39806,2025-03-28 03:33:07,1,4,0,0
11001,2025-03-28 03:52:50,0,10,0,0
91340,2025-03-28 03:53:13,0,8,0,0
35648,2025-03-28 03:58:01,0,4,0,0
85611,2025-03-28 04:09:55,0,6,0,0
82999,2025-03-28 04:11:43,1,6,0,0
78617,2025-03-28 04:31:20,0,8,0,0
51583,2025-03-28 04:33:42,0,1,0,0
32500,2025-03-28 04:36:44,0,9,1,209
51706,2025-03-28 04:44:56,0,8,0,0
3205,2025-03-28 04:45:26,0,7,0,0
97720,2025-03-28 04:53:11,1,12,1,341
45320,2025-03-28 04:54:54,1,8,0,0
69011,2025-03-28 04:55:48,1,8,0,0
81231,2025-03-28 05:01:01,0,10,0,0
12259,2025-03-28 05:09:16,0,4,1,330
80228,2025-03-28 05:25:36,0,7,0,0
84848,2025-03-28 05:44:48,0,7,0,0
4366,2025-03-28 05:47:08,0,5,0,0
70622,2025-03-28 06:08:50,0,3,0,0
2616,2025-03-28 06:10:45,0,4,0,0
89993,2025-03-28 06:48:56,0,3,0,0
53729,2025-03-28 06:53:38,1,3,0,0
74656,2025-03-28 06:54:36,0,5,0,0
43995,2025-03-28 07:02:18,0,4,1,365
77236,2025-03-28 07:11:50,1,8,0,0
2594,2025-03-28 07:15:59,1,5,0,0
22156,2025-03-28 07:15:59,1,5,0,0
81940,2025-03-28 08:01:06,1,6,0,0
31712,2025-03-28 08:27:12,0,9,1,301
42779,2025-03-28 08:35:40,0,5,0,0
77689,2025-03-28 08:44:14,0,4,0,0
33210,2025-03-28 08:48:15,0,4,1,337
15517,2025-03-28 08:48:43,0,7,0,0
11318,2025-03-28 09:00:27,1,10,1,347
550,2025-03-28 09:05:00,0,5,0,0
70666,2025-03-28 09:07:35,1,5,0,0
20915,2025-03-28 09:08:11,0,6,0,0
95904,2025-03-28 09:08:45,0,5,1,279
59029,2025-03-28 09:11:47,0,3,0,0
8238,2025-03-28 09:16:11,0,7,1,183
20030,2025-03-28 09:25:27,0,4,0,0
54347,2025-03-28 09:27:50,1,3,1,270
85128,2025-03-28 09:36:56,0,4,0,0
1948,2025-03-28 09:38:52,0,7,0,0
26686,2025-03-28 09:39:42,0,9,1,482
36220,2025-03-28 09:46:43,0,11,0,0
45679,2025-03-28 09:48:38,0,6,0,0
39422,2025-03-28 09:52:27,0,3,1,337
78546,2025-03-28 09:58:07,0,12,1,368
26091,2025-03-28 10:00:27,1,3,1,548
18575,2025-03-28 10:04:39,0,4,1,282
51437,2025-03-28 10:17:46,1,3,0,0
91572,2025-03-28 10:17:51,1,2,1,328
9328,2025-03-28 10:34:51,1,8,0,0
31474,2025-03-28 10:41:14,0,7,0,0
2611,2025-03-28 10:43:34,0,3,0,0
64176,2025-03-28 10:46:02,1,4,0,0
11001,2025-03-28 10:50:03,1,11,0,0
26080,2025-03-28 10:52:59,0,8,0,0
46574,2025-03-28 10:58:45,0,9,0,0
57221,2025-03-28 10:59:39,0,6,0,0
41379,2025-03-28 11:11:14,0,4,1,536
47010,2025-03-28 11:13:16,1,3,1,280
83312,2025-03-28 11:14:02,0,6,1,398
8894,2025-03-28 11:18:23,0,7,0,0
41280,2025-03-28 11:24:10,0,8,0,0
74060,2025-03-28 11:24:28,1,5,0,0
72692,2025-03-28 11:27:08,0,10,1,400
24373,2025-03-28 11:30:10,0,7,0,0
89736,2025-03-28 11:30:30,0,7,1,495
2207,2025-03-28 11:34:59,0,5,1,488
65368,2025-03-28 11:44:35,0,5,0,0
39527,2025-03-28 11:53:25,0,6,1,186
58928,2025-03-28 11:54:41,1,6,0,0
57761,2025-03-28 11:56:19,1,6,0,0
10946,2025-03-28 11:57:46,0,4,0,0
95898,2025-03-28 12:08:51,0,7,1,290
38121,2025-03-28 12:12:17,0,6,0,0
36877,2025-03-28 12:13:28,0,4,0,0
74850,2025-03-28 12:21:25,1,6,1,427
38679,2025-03-28 12:22:28,0,5,1,202
87458,2025-03-28 12:32:08,0,7,1,574
17261,2025-03-28 12:49:11,1,6,0,0
89993,2025-03-28 12:50:07,1,8,0,0
26755,2025-03-28 12:54:42,1,6,1,486
68578,2025-03-28 13:18:45,1,6,1,271
51583,2025-03-28 13:20:46,0,9,0,0
21000,2025-03-28 13:24:17,0,6,0,0
37602,2025-03-28 13:33:09,1,9,1,373
53300,2025-03-28 13:37:36,1,8,0,0
22149,2025-03-28 13:39:24,1,6,0,0
85611,2025-03-28 13:42:51,1,8,1,337
13445,2025-03-28 13:48:55,0,3,1,297
87564,2025-03-28 13:52:44,0,9,0,0
92979,2025-03-28 14:00:07,1,6,0,0
94312,2025-03-28 14:26:47,0,8,0,0
38265,2025-03-28 14:42:15,0,3,1,486
90495,2025-03-28 14:44:04,0,12,0,0
24373,2025-03-28 14:52:49,0,4,1,272
95810,2025-03-28 14:57:40,1,6,1,303
33154,2025-03-28 15:07:07,0,3,0,0
50473,2025-03-28 15:11:12,1,6,1,745
10458,2025-03-28 15:12:17,0,5,0,0
57761,2025-03-28 15:17:49,0,5,1,290
89864,2025-03-28 15:23:19,0,4,1,306
45498,2025-03-28 15:24:15,0,8,1,294
87696,2025-03-28 15:25:25,1,11,0,0
64121,2025-03-28 15:26:41,0,7,0,0
25573,2025-03-28 15:30:44,0,7,0,0
61488,2025-03-28 15:31:53,0,4,0,0
82999,2025-03-28 15:40:41,0,5,0,0
34125,2025-03-28 15:41:02,0,6,1,396
9377,2025-03-28 15:45:22,0,6,0,0
4990,2025-03-28 15:56:03,0,6,0,0
26116,2025-03-28 16:04:03,0,5,0,0
65563,2025-03-28 16:05:09,1,4,1,308
14897,2025-03-28 16:17:20,1,6,0,0
92450,2025-03-28 16:36:33,0,8,0,0
81100,2025-03-28 16:38:31,0,5,1,210
21000,2025-03-28 16:40:35,0,6,0,0
38895,2025-03-28 16:43:33,0,5,1,332
16522,2025-03-28 16:48:27,0,9,0,0
88943,2025-03-28 16:48:43,0,6,0,0
20391,2025-03-28 16:57:45,0,5,0,0
15267,2025-03-28 17:03:57,1,5,0,0
32026,2025-03-28 17:06:08,1,6,0,0
87993,2025-03-28 17:06:51,1,4,1,292
6553,2025-03-28 17:16:20,0,5,1,394
40862,2025-03-28 17:17:35,1,2,0,0
5338,2025-03-28 17:21:03,0,4,0,0
87124,2025-03-28 17:25:12,1,8,0,0
87431,2025-03-28 17:26:08,0,2,1,307
64171,2025-03-28 17:26:20,0,6,1,466
68578,2025-03-28 17:33:31,0,6,0,0
50398,2025-03-28 17:46:00,0,5,0,0
92076,2025-03-28 17:49:05,1,8,0,0
64811,2025-03-28 17:51:52,0,3,0,0
1115,2025-03-28 17:54:42,0,3,1,222
55520,2025-03-28 18:10:01,0,5,0,0
42377,2025-03-28 18:17:16,0,6,1,531
92012,2025-03-28 18:19:04,0,4,0,0
15425,2025-03-28 18:21:35,0,10,1,534
63294,2025-03-28 18:21:58,0,5,0,0
15606,2025-03-28 18:34:58,0,5,0,0
38369,2025-03-28 18:35:33,0,6,1,656
51402,2025-03-28 18:44:27,1,9,0,0
41155,2025-03-28 18:51:43,0,4,1,217
51663,2025-03-28 18:52:59,0,5,0,0
42405,2025-03-28 18:53:46,0,8,1,399
42722,2025-03-28 19:00:11,0,8,1,266
66496,2025-03-28 19:03:16,1,7,1,194
66013,2025-03-28 19:06:53,0,6,0,0
93179,2025-03-28 19:14:50,0,3,0,0
85101,2025-03-28 19:25:03,0,13,1,270
16180,2025-03-28 19:31:09,0,6,0,0
11443,2025-03-28 19:47:53,0,8,1,322
34006,2025-03-28 19:57:14,0,8,0,0
10445,2025-03-28 20:09:21,0,4,0,0
69911,2025-03-28 20:12:14,1,3,0,0
11611,2025-03-28 20:16:07,0,5,0,0
99444,2025-03-28 20:21:15,0,2,0,0
26091,2025-03-28 20:26:38,0,3,1,522
40047,2025-03-28 20:35:26,1,5,0,0
92998,2025-03-28 20:36:36,1,6,0,0
64952,2025-03-28 20:37:53,0,6,1,383
59094,2025-03-28 20:48:29,1,10,0,0
78746,2025-03-28 20:57:04,0,3,0,0
49660,2025-03-28 21:23:47,1,6,0,0
25852,2025-03-28 21:24:44,1,3,1,406
47610,2025-03-28 21:26:36,0,8,1,277
55175,2025-03-28 21:39:23,0,7,1,447
12763,2025-03-28 21:53:40,0,8,1,197
42778,2025-03-28 21:56:19,0,4,0,0
47482,2025-03-28 22:03:38,1,2,0,0
49147,2025-03-28 22:27:11,0,3,0,0
67013,2025-03-28 22:30:56,0,5,1,402
80398,2025-03-28 22:36:24,0,4,0,0
32500,2025-03-28 23:00:33,1,3,0,0
15606,2025-03-28 23:12:46,0,3,0,0
27765,2025-03-28 23:16:04,0,5,1,224
16522,2025-03-28 23:34:33,0,3,1,502
38944,2025-03-28 23:38:48,0,5,0,0
90469,2025-03-28 23:39:33,0,5,1,126
4663,2025-03-28 23:39:38,0,4,0,0
85611,2025-03-28 23:48:12,0,6,1,222
90378,2025-03-28 23:49:58,1,7,1,639
46529,2025-03-28 23:51:42,0,9,0,0
61983,2025-03-28 23:52:20,0,5,1,328
10906,2025-03-28 23:54:12,0,5,0,0
43277,2025-03-29 00:00:10,1,3,0,0
74062,2025-03-29 00:12:56,0,8,0,0
99444,2025-03-29 00:17:29,1,4,0,0
24206,2025-03-29 00:42:53,1,6,1,482
8832,2025-03-29 01:27:58,0,2,0,0
36878,2025-03-29 01:39:38,0,7,1,412
49379,2025-03-29 01:51:49,0,6,1,290
73514,2025-03-29 02:04:20,0,1,1,232
4291,2025-03-29 02:31:26,0,5,0,0
27416,2025-03-29 02:34:36,0,8,1,428
55654,2025-03-29 02:35:04,0,7,0,0
90378,2025-03-29 02:50:12,0,4,0,0
84471,2025-03-29 02:57:36,0,8,1,298
66288,2025-03-29 02:58:26,0,10,1,261
53253,2025-03-29 03:10:01,1,8,0,0
65578,2025-03-29 04:09:59,0,5,1,622
95810,2025-03-29 04:40:33,0,7,1,176
59844,2025-03-29 05:38:05,1,5,1,253
68578,2025-03-29 05:38:19,0,11,0,0
17981,2025-03-29 05:42:43,1,7,1,329
99825,2025-03-29 05:45:02,0,10,0,0
72467,2025-03-29 05:59:40,0,10,0,0
60662,2025-03-29 06:13:49,0,7,0,0
81006,2025-03-29 06:16:56,0,8,1,267
7951,2025-03-29 06:25:42,1,3,0,0
91405,2025-03-29 06:27:30,0,5,0,0
71576,2025-03-29 06:43:18,1,10,0,0
36098,2025-03-29 06:44:05,0,3,1,507
51082,2025-03-29 06:47:34,0,7,1,592
46478,2025-03-29 07:02:50,0,5,0,0
85101,2025-03-29 07:11:21,0,2,0,0
99202,2025-03-29 07:11:54,1,2,1,428
39806,2025-03-29 07:15:59,1,9,0,0
89736,2025-03-29 08:00:41,1,8,1,699
13187,2025-03-29 08:03:01,1,3,0,0
30871,2025-03-29 08:14:36,1,6,1,212
78746,2025-03-29 08:20:26,0,5,0,0
76578,2025-03-29 08:36:32,0,5,1,336
26755,2025-03-29 08:42:30,0,6,0,0
76810,2025-03-29 08:44:20,1,4,0,0
96343,2025-03-29 08:56:48,0,5,0,0
68578,2025-03-29 09:23:47,0,7,1,342
63667,2025-03-29 09:26:00,0,9,0,0
66882,2025-03-29 09:28:21,0,5,0,0
35671,2025-03-29 09:31:10,0,5,0,0
77581,2025-03-29 09:33:25,0,11,0,0
54287,2025-03-29 09:42:07,0,2,0,0
86124,2025-03-29 09:44:18,0,8,0,0
8398,2025-03-29 09:57:43,0,6,0,0
30234,2025-03-29 10:00:35,0,6,0,0
82791,2025-03-29 10:02:28,0,6,0,0
21698,2025-03-29 10:04:15,0,6,0,0
59718,2025-03-29 10:09:03,1,8,1,287
24373,2025-03-29 10:23:48,0,5,1,237
54599,2025-03-29 10:27:12,1,10,0,0
14017,2025-03-29 10:27:24,0,6,1,233
31878,2025-03-29 10:27:50,0,6,0,0
60379,2025-03-29 10:31:58,0,3,0,0
7719,2025-03-29 10:32:55,0,8,1,279
92133,2025-03-29 10:33:05,0,7,0,0
71811,2025-03-29 10:41:23,0,4,0,0
56814,2025-03-29 10:48:18,0,5,0,0
56647,2025-03-29 10:50:22,0,7,0,0
61586,2025-03-29 11:10:53,0,2,1,235
57314,2025-03-29 11:17:38,0,9,0,0
59670,2025-03-29 11:37:11,0,2,0,0
71662,2025-03-29 11:44:44,1,5,0,0
37924,2025-03-29 11:55:43,0,8,0,0
97606,2025-03-29 11:59:21,0,5,0,0
71576,2025-03-29 12:18:00,0,8,1,455
67804,2025-03-29 12:18:55,0,7,0,0
65037,2025-03-29 12:20:03,0,6,0,0
56977,2025-03-29 12:21:47,0,5,0,0
7822,2025-03-29 12:26:53,0,5,1,270
13311,2025-03-29 12:28:42,1,10,0,0
78437,2025-03-29 12:31:40,0,7,0,0
51082,2025-03-29 12:42:12,0,7,0,0
41909,2025-03-29 12:48:32,0,14,1,303
21013,2025-03-29 12:50:09,1,7,0,0
51663,2025-03-29 12:50:33,1,10,0,0
22864,2025-03-29 12:55:15,0,6,0,0
78832,2025-03-29 13:06:00,0,5,1,353
87458,2025-03-29 13:17:48,1,10,1,545
81083,2025-03-29 13:23:09,0,7,1,351
87981,2025-03-29 13:29:59,0,8,0,0
89936,2025-03-29 13:37:57,0,7,0,0
89096,2025-03-29 13:40:12,0,6,1,358
85858,2025-03-29 13:47:54,1,6,1,229
2092,2025-03-29 13:52:29,0,8,1,255
62635,2025-03-29 14:07:09,0,3,0,0
44577,2025-03-29 14:16:55,0,7,0,0
3714,2025-03-29 14:30:57,1,9,0,0
37938,2025-03-29 14:45:23,0,2,0,0
66455,2025-03-29 14:56:11,1,5,0,0
43497,2025-03-29 15:01:29,0,9,0,0
17330,2025-03-29 15:05:54,0,7,1,523
36811,2025-03-29 15:06:02,1,4,0,0
29444,2025-03-29 15:19:06,0,4,1,293
66882,2025-03-29 15:25:15,0,8,0,0
67777,2025-03-29 15:37:43,0,8,1,394
61160,2025-03-29 15:58:33,1,4,1,315
71546,2025-03-29 15:59:02,0,11,1,257
79134,2025-03-29 16:08:13,0,4,0,0
41018,2025-03-29 16:15:53,0,5,0,0
78546,2025-03-29 16:17:31,0,6,1,406
21969,2025-03-29 16:18:08,1,2,0,0
96950,2025-03-29 16:20:13,0,9,1,259
36560,2025-03-29 16:25:43,1,6,0,0
89604,2025-03-29 16:26:24,0,2,0,0
87993,2025-03-29 16:38:57,0,11,0,0
7099,2025-03-29 16:39:19,1,8,0,0
64569,2025-03-29 16:42:41,1,4,0,0
62671,2025-03-29 16:58:06,0,6,0,0
42447,2025-03-29 17:00:04,1,7,0,0
36098,2025-03-29 17:09:23,0,9,1,331
99198,2025-03-29 17:10:54,0,7,0,0
31178,2025-03-29 17:15:52,1,10,1,350
84440,2025-03-29 17:19:41,0,3,0,0
38941,2025-03-29 17:23:22,1,6,0,0
24794,2025-03-29 17:29:36,1,4,1,196
2594,2025-03-29 17:40:00,0,5,0,0
92979,2025-03-29 17:41:22,0,11,0,0
56153,2025-03-29 17:44:17,1,4,0,0
87236,2025-03-29 17:49:57,0,10,1,236
56283,2025-03-29 17:59:26,0,3,0,0
89736,2025-03-29 18:08:36,0,8,0,0
33062,2025-03-29 18:18:29,1,6,0,0
37924,2025-03-29 18:22:39,0,5,1,165
22821,2025-03-29 18:24:04,1,6,0,0
86976,2025-03-29 18:28:22,1,8,1,432
23797,2025-03-29 18:28:27,1,6,0,0
13187,2025-03-29 18:32:23,0,4,1,297
85629,2025-03-29 18:39:41,1,11,1,267
45320,2025-03-29 18:42:33,0,3,0,0
23797,2025-03-29 18:46:02,1,8,0,0
70222,2025-03-29 18:55:06,0,5,0,0
60242,2025-03-29 18:56:16,1,10,0,0
41595,2025-03-29 18:57:39,1,7,1,235
57221,2025-03-29 18:59:57,0,4,1,502
60662,2025-03-29 19:16:06,0,4,0,0
48278,2025-03-29 19:18:11,1,2,0,0
43277,2025-03-29 19:22:12,0,5,1,367
92133,2025-03-29 19:24:22,1,2,1,274
61705,2025-03-29 19:25:25,0,10,0,0
78832,2025-03-29 19:28:57,0,6,1,339
90495,2025-03-29 19:37:31,1,4,0,0
90850,2025-03-29 19:48:46,0,3,0,0
25788,2025-03-29 19:49:56,0,5,1,976
15267,2025-03-29 19:50:49,1,5,1,205
21072,2025-03-29 19:58:00,0,7,1,962
15305,2025-03-29 20:03:29,0,6,1,366
25573,2025-03-29 20:15:33,0,4,0,0
2949,2025-03-29 20:19:47,0,5,1,367
54287,2025-03-29 20:20:43,1,5,0,0
13840,2025-03-29 20:20:55,0,2,0,0
36098,2025-03-29 20:21:41,0,8,0,0
73659,2025-03-29 20:28:48,1,2,0,0
34436,2025-03-29 20:31:36,0,12,0,0
3327,2025-03-29 20:37:15,0,7,0,0
75037,2025-03-29 20:37:28,1,5,1,426
45562,2025-03-29 20:48:57,0,4,0,0
82631,2025-03-29 20:53:37,0,8,0,0
71988,2025-03-29 21:03:20,0,5,0,0
84524,2025-03-29 21:07:15,0,5,0,0
36690,2025-03-29 21:18:07,0,5,0,0
44865,2025-03-29 21:25:30,0,6,0,0
13088,2025-03-29 21:29:40,0,9,0,0
93991,2025-03-29 21:33:11,0,6,0,0
61441,2025-03-29 21:33:21,1,7,0,0
83235,2025-03-29 21:46:48,0,11,0,0
26553,2025-03-29 21:49:49,0,9,0,0
22417,2025-03-29 21:51:16,1,9,0,0
37867,2025-03-29 21:55:26,1,5,0,0
23980,2025-03-29 21:59:01,1,5,0,0
67661,2025-03-29 22:08:53,1,7,0,0
6389,2025-03-29 22:12:05,0,3,1,253
97682,2025-03-29 22:26:43,1,8,1,265
91005,2025-03-29 22:37:12,0,9,1,269
72607,2025-03-29 22:41:32,1,3,1,203
48515,2025-03-29 22:45:29,0,4,0,0
90446,2025-03-29 22:51:06,1,4,0,0
11001,2025-03-29 22:55:17,0,4,1,342
14320,2025-03-29 22:56:36,0,9,0,0
14869,2025-03-29 23:01:08,1,10,1,245
95707,2025-03-29 23:15:54,1,2,1,418
61488,2025-03-29 23:18:02,0,3,0,0
30148,2025-03-29 23:18:42,0,6,0,0
98331,2025-03-29 23:19:50,0,10,1,268
13311,2025-03-29 23:20:14,0,9,1,498
14954,2025-03-29 23:27:57,1,5,1,367
9286,2025-03-29 23:32:43,0,5,1,319
60925,2025-03-29 23:42:23,0,9,0,0
77283,2025-03-29 23:45:52,0,7,0,0
27416,2025-03-29 23:53:35,1,8,1,201
34727,2025-03-29 23:57:50,0,7,0,0
91425,2025-03-29 23:58:58,0,6,0,0
39778,2025-03-30 00:41:46,1,5,1,290
30832,2025-03-30 01:23:11,0,7,0,0
97022,2025-03-30 01:30:11,1,9,1,363
90154,2025-03-30 01:50:46,1,7,0,0
48509,2025-03-30 01:53:48,0,7,1,491
41297,2025-03-30 02:07:23,0,5,0,0
55376,2025-03-30 02:11:03,0,4,1,186
73514,2025-03-30 02:19:07,0,7,0,0
54759,2025-03-30 02:20:48,0,5,0,0
92375,2025-03-30 02:30:51,1,13,0,0
78832,2025-03-30 02:32:49,0,4,0,0
8415,2025-03-30 02:37:10,1,12,0,0
48564,2025-03-30 02:37:14,0,3,0,0
86124,2025-03-30 02:39:37,0,3,1,187
71621,2025-03-30 03:11:42,0,5,0,0
51830,2025-03-30 03:12:50,0,7,1,224
65037,2025-03-30 03:16:40,0,5,1,254
39363,2025-03-30 03:29:24,1,6,1,253
17278,2025-03-30 03:48:11,0,8,1,581
79591,2025-03-30 03:55:10,1,6,0,0
66298,2025-03-30 04:15:49,1,5,0,0
86413,2025-03-30 04:21:14,1,7,0,0
44081,2025-03-30 04:24:36,0,5,0,0
41666,2025-03-30 04:35:03,1,6,1,391
80779,2025-03-30 04:39:12,0,11,1,548
66455,2025-03-30 05:12:11,0,6,0,0
45525,2025-03-30 05:33:52,1,7,0,0
33608,2025-03-30 06:05:11,1,7,0,0
87596,2025-03-30 06:13:33,0,4,1,593
45400,2025-03-30 06:32:23,1,1,0,0
77689,2025-03-30 06:40:37,0,8,0,0
99825,2025-03-30 06:48:03,1,5,0,0
11606,2025-03-30 06:55:40,0,8,0,0
10458,2025-03-30 06:57:49,0,9,0,0
82460,2025-03-30 06:58:38,0,5,0,0
69934,2025-03-30 07:08:32,0,7,0,0
31416,2025-03-30 07:12:15,0,4,0,0
44143,2025-03-30 07:12:19,1,6,1,342
62777,2025-03-30 07:42:57,0,4,0,0
77720,2025-03-30 08:00:29,0,12,0,0
43311,2025-03-30 08:01:32,0,4,1,339
15338,2025-03-30 08:12:53,0,8,0,0
50398,2025-03-30 08:14:56,1,7,1,219
62986,2025-03-30 08:19:51,1,5,1,434
77283,2025-03-30 08:21:32,0,5,0,0
15352,2025-03-30 08:29:48,1,7,0,0
90175,2025-03-30 08:31:18,0,7,0,0
63026,2025-03-30 08:36:20,0,7,0,0
92076,2025-03-30 08:38:04,1,5,0,0
99671,2025-03-30 08:45:55,1,5,0,0
29052,2025-03-30 08:50:11,1,4,1,300
1313,2025-03-30 09:04:47,1,7,0,0
67184,2025-03-30 09:21:37,1,10,0,0
15352,2025-03-30 09:23:24,1,6,0,0
7774,2025-03-30 09:43:45,1,6,1,455
74645,2025-03-30 09:56:39,0,10,1,640
18197,2025-03-30 09:57:09,0,4,1,195
47573,2025-03-30 10:00:02,0,5,0,0
87157,2025-03-30 10:11:41,0,6,0,0
61932,2025-03-30 10:12:32,0,4,1,338
23354,2025-03-30 10:18:56,0,8,0,0
49573,2025-03-30 10:21:51,0,6,0,0
64358,2025-03-30 10:30:01,0,6,0,0
80286,2025-03-30 10:44:37,0,6,1,335
66298,2025-03-30 10:52:49,0,10,0,0
67804,2025-03-30 10:54:53,1,3,1,402
44210,2025-03-30 10:55:05,0,4,0,0
51033,2025-03-30 10:55:26,1,3,1,455
9286,2025-03-30 11:02:57,0,4,0,0
90127,2025-03-30 11:03:59,0,11,1,265
85042,2025-03-30 11:04:18,0,7,1,226
78472,2025-03-30 11:05:51,0,7,0,0
29084,2025-03-30 11:06:10,0,7,0,0
51889,2025-03-30 11:10:52,1,4,0,0
315,2025-03-30 11:12:15,0,2,0,0
71139,2025-03-30 11:17:33,0,7,0,0
63667,2025-03-30 11:18:51,1,8,0,0
7778,2025-03-30 11:21:58,1,6,0,0
79902,2025-03-30 11:24:47,0,7,0,0
4347,2025-03-30 11:30:14,0,8,0,0
396,2025-03-30 11:58:41,0,9,1,403
63667,2025-03-30 12:21:33,0,7,0,0
64230,2025-03-30 12:47:57,0,9,0,0
53159,2025-03-30 12:51:02,0,4,0,0
96009,2025-03-30 12:54:17,1,7,0,0
28644,2025-03-30 13:13:30,1,6,1,468
81876,2025-03-30 13:21:25,0,8,1,273
16728,2025-03-30 13:28:05,1,2,0,0
44143,2025-03-30 13:33:32,1,6,1,179
73036,2025-03-30 13:35:09,1,7,0,0
77716,2025-03-30 13:39:04,0,8,1,213
40311,2025-03-30 13:45:33,0,12,0,0
57345,2025-03-30 13:47:20,0,8,0,0
91465,2025-03-30 13:51:39,1,5,0,0
39588,2025-03-30 13:52:17,0,8,1,342
18040,2025-03-30 14:02:05,1,2,1,192
7822,2025-03-30 14:06:36,0,4,0,0
22997,2025-03-30 14:09:47,0,2,1,350
97569,2025-03-30 14:18:17,0,5,1,242
13808,2025-03-30 14:19:38,0,7,0,0
81369,2025-03-30 14:27:55,0,4,0,0
4192,2025-03-30 14:28:40,0,6,1,326
8708,2025-03-30 14:37:56,0,9,0,0
60242,2025-03-30 14:38:29,1,6,0,0
34125,2025-03-30 14:39:59,0,7,0,0
14320,2025-03-30 14:52:03,0,11,1,266
92733,2025-03-30 15:07:33,1,3,0,0
63458,2025-03-30 15:26:20,0,6,0,0
71164,2025-03-30 15:30:54,0,5,1,418
91660,2025-03-30 15:33:17,0,9,1,439
6389,2025-03-30 15:39:50,1,5,0,0
15479,2025-03-30 15:47:18,1,2,0,0
54158,2025-03-30 15:50:12,0,4,0,0
77646,2025-03-30 15:56:32,0,7,0,0
14320,2025-03-30 15:56:59,0,2,1,216
48515,2025-03-30 16:01:40,0,5,0,0
33154,2025-03-30 16:02:22,1,6,0,0
5622,2025-03-30 16:11:57,0,7,0,0
76852,2025-03-30 16:25:37,0,5,1,457
4913,2025-03-30 16:28:11,1,4,1,529
5032,2025-03-30 16:49:17,0,5,0,0
37690,2025-03-30 16:57:27,0,7,1,344
21000,2025-03-30 17:07:07,0,8,0,0
59463,2025-03-30 17:07:28,0,6,1,195
44094,2025-03-30 17:18:25,0,3,0,0
14436,2025-03-30 17:20:36,0,4,0,0
66262,2025-03-30 17:27:31,0,7,0,0
95218,2025-03-30 17:33:52,0,4,0,0
72133,2025-03-30 17:38:03,0,3,0,0
88943,2025-03-30 17:39:37,0,5,1,375
56977,2025-03-30 17:46:56,1,14,0,0
77233,2025-03-30 17:59:18,0,3,0,0
32212,2025-03-30 18:01:23,0,7,0,0
5285,2025-03-30 18:07:10,0,8,0,0
25949,2025-03-30 18:43:00,0,6,0,0
61488,2025-03-30 19:09:49,0,3,0,0
14410,2025-03-30 19:11:10,0,7,1,321
26794,2025-03-30 19:16:15,0,8,0,0
46323,2025-03-30 19:16:37,0,5,0,0
36878,2025-03-30 19:28:31,1,8,1,506
66262,2025-03-30 19:30:33,0,7,0,0
94074,2025-03-30 19:39:02,0,10,1,282
72805,2025-03-30 19:46:06,0,4,0,0
24917,2025-03-30 19:54:33,0,8,1,376
41155,2025-03-30 19:55:31,1,6,0,0
3396,2025-03-30 20:01:09,0,10,0,0
79134,2025-03-30 20:03:00,0,3,1,515
47290,2025-03-30 20:04:18,0,10,0,0
99670,2025-03-30 20:04:27,0,7,0,0
24981,2025-03-30 20:07:08,1,4,0,0
70960,2025-03-30 20:17:08,0,7,1,380
68841,2025-03-30 20:17:19,0,8,0,0
55520,2025-03-30 20:22:12,0,7,0,0
81066,2025-03-30 20:23:05,0,11,0,0
63918,2025-03-30 20:28:46,0,8,0,0
25826,2025-03-30 20:43:03,0,6,0,0
29084,2025-03-30 20:46:50,1,5,0,0
71120,2025-03-30 20:48:46,0,3,0,0
45400,2025-03-30 20:58:10,0,7,0,0
55602,2025-03-30 21:00:33,0,3,0,0
8081,2025-03-30 21:04:45,1,6,0,0
87485,2025-03-30 21:11:16,0,6,0,0
54068,2025-03-30 21:11:34,0,7,1,262
60743,2025-03-30 21:14:35,1,3,1,389
94901,2025-03-30 21:18:57,1,12,0,0
31878,2025-03-30 21:25:49,1,2,0,0
31712,2025-03-30 21:26:52,0,7,0,0
94312,2025-03-30 21:30:46,0,6,1,403
28970,2025-03-30 21:31:46,0,6,0,0
34125,2025-03-30 21:32:53,0,11,1,348
45831,2025-03-30 21:38:59,0,3,0,0
58209,2025-03-30 21:42:09,1,4,1,324
85101,2025-03-30 21:47:05,1,5,0,0
60167,2025-03-30 22:02:41,1,4,1,609
81148,2025-03-30 22:05:13,0,6,1,227
67184,2025-03-30 22:12:28,1,9,0,0
93782,2025-03-30 22:16:30,1,9,1,184
67130,2025-03-30 22:22:14,0,6,0,0
31712,2025-03-30 22:22:25,1,3,1,380
37845,2025-03-30 22:23:21,1,3,0,0
97356,2025-03-30 22:28:35,1,4,0,0
59494,2025-03-30 22:46:25,0,6,0,0
85377,2025-03-30 22:47:02,0,6,1,313
21495,2025-03-30 22:47:54,0,10,0,0
40685,2025-03-30 22:51:14,1,4,0,0
64230,2025-03-30 22:53:13,0,6,0,0
46574,2025-03-30 23:01:52,0,4,0,0
9212,2025-03-30 23:05:08,0,4,1,492
1165,2025-03-30 23:12:29,1,9,0,0
26080,2025-03-30 23:13:29,0,7,0,0
31120,2025-03-30 23:13:58,0,4,0,0
13445,2025-03-30 23:27:03,0,8,0,0
42724,2025-03-30 23:42:05,1,3,0,0
40529,2025-03-30 23:51:25,0,11,0,0
45817,2025-03-31 00:06:49,1,4,0,0
45224,2025-03-31 00:08:47,0,8,1,320
97465,2025-03-31 00:15:05,1,1,0,0
92733,2025-03-31 00:15:40,0,8,1,297
19668,2025-03-31 00:27:44,1,9,0,0
71625,2025-03-31 00:31:05,0,4,0,0
29838,2025-03-31 00:50:09,0,5,0,0
28674,2025-03-31 01:22:02,0,6,0,0
40460,2025-03-31 01:30:09,0,3,1,168
97682,2025-03-31 02:11:09,0,6,1,428
67781,2025-03-31 02:32:06,0,8,0,0
33596,2025-03-31 02:32:45,0,4,1,327
80474,2025-03-31 02:49:42,0,3,1,363
77233,2025-03-31 02:53:26,1,9,0,0
14436,2025-03-31 03:05:05,0,12,0,0
33608,2025-03-31 03:08:15,0,10,1,575
79400,2025-03-31 03:09:17,0,6,1,553
96610,2025-03-31 03:10:03,0,5,0,0
45831,2025-03-31 03:19:22,1,5,1,197
2029,2025-03-31 03:28:47,0,9,1,340
44268,2025-03-31 03:46:20,0,6,1,382
43311,2025-03-31 03:48:42,0,9,0,0
33062,2025-03-31 04:02:19,0,5,0,0
60712,2025-03-31 04:37:20,1,7,0,0
25826,2025-03-31 05:00:20,1,8,0,0
24981,2025-03-31 05:07:02,0,11,1,589
67661,2025-03-31 05:13:56,1,12,1,343
70222,2025-03-31 05:48:12,0,4,0,0
88792,2025-03-31 05:50:30,0,12,0,0
38944,2025-03-31 05:57:14,0,6,0,0
47812,2025-03-31 06:57:29,0,8,1,177
81866,2025-03-31 06:59:06,0,6,1,455
8081,2025-03-31 07:06:46,0,5,0,0
28722,2025-03-31 07:19:41,0,4,1,387
54759,2025-03-31 07:23:12,0,5,0,0
4907,2025-03-31 07:23:46,0,9,1,250
14710,2025-03-31 07:45:58,0,6,0,0
64775,2025-03-31 07:46:45,0,8,1,326
36276,2025-03-31 07:49:52,0,7,0,0
96950,2025-03-31 07:53:16,0,6,1,361
69450,2025-03-31 07:56:08,0,4,0,0
7774,2025-03-31 08:00:45,0,5,1,256
1235,2025-03-31 08:01:04,1,4,0,0
93159,2025-03-31 08:20:43,0,6,0,0
4770,2025-03-31 08:21:19,1,4,0,0
66298,2025-03-31 08:25:36,1,7,0,0
86973,2025-03-31 08:27:11,1,13,1,211
86837,2025-03-31 08:27:22,0,7,1,236
85364,2025-03-31 08:28:53,1,5,0,0
14040,2025-03-31 08:30:46,0,7,0,0
6757,2025-03-31 08:35:10,0,4,1,331
14944,2025-03-31 08:36:25,1,8,0,0
55602,2025-03-31 08:45:15,0,4,0,0
89889,2025-03-31 08:45:33,0,9,0,0
64100,2025-03-31 08:54:06,1,4,1,407
43889,2025-03-31 08:59:37,0,5,0,0
98212,2025-03-31 08:59:49,0,7,0,0
46921,2025-03-31 09:07:20,0,1,1,283
36276,2025-03-31 09:10:34,0,3,1,327
34727,2025-03-31 09:12:54,1,6,0,0
18392,2025-03-31 09:27:47,1,4,1,383
39195,2025-03-31 09:48:46,0,8,0,0
64176,2025-03-31 09:53:21,0,5,1,243
43252,2025-03-31 10:05:44,0,4,0,0
81369,2025-03-31 10:06:45,1,2,0,0
21388,2025-03-31 10:08:31,1,6,0,0
93579,2025-03-31 10:15:40,1,1,1,320
93579,2025-03-31 10:16:03,1,6,0,0
36885,2025-03-31 10:35:10,0,5,0,0
77954,2025-03-31 10:38:34,1,4,1,435
31484,2025-03-31 10:50:59,0,5,0,0
74940,2025-03-31 10:53:36,1,10,0,0
26794,2025-03-31 11:06:07,1,4,1,667
56111,2025-03-31 11:10:13,0,3,0,0
90495,2025-03-31 11:15:30,0,7,0,0
8708,2025-03-31 11:15:58,0,2,1,366
95402,2025-03-31 11:16:22,0,7,0,0
95904,2025-03-31 11:17:31,1,3,0,0
99312,2025-03-31 11:22:13,0,8,0,0
38815,2025-03-31 11:24:09,0,4,1,312
98762,2025-03-31 11:25:06,0,3,0,0
1115,2025-03-31 11:34:18,0,14,1,310
2594,2025-03-31 11:38:26,1,6,1,256
25788,2025-03-31 11:42:05,0,6,0,0
91005,2025-03-31 11:42:13,0,6,1,377
54427,2025-03-31 11:52:49,1,11,1,686
31446,2025-03-31 11:54:52,1,4,0,0
73204,2025-03-31 11:58:49,0,6,0,0
75700,2025-03-31 12:00:36,0,2,1,302
30148,2025-03-31 12:03:20,0,8,0,0
68302,2025-03-31 12:04:59,1,7,0,0
35785,2025-03-31 12:10:41,1,5,0,0
86585,2025-03-31 12:11:41,0,9,1,261
64509,2025-03-31 12:25:24,1,6,0,0
35648,2025-03-31 12:28:24,0,9,0,0
90935,2025-03-31 12:29:25,1,4,0,0
63458,2025-03-31 12:36:09,1,2,1,345
26091,2025-03-31 13:08:05,0,3,0,0
37100,2025-03-31 13:08:32,1,7,0,0
40952,2025-03-31 13:10:30,0,7,0,0
55912,2025-03-31 13:12:06,0,8,0,0
7719,2025-03-31 13:19:50,0,10,0,0
57495,2025-03-31 13:33:54,1,8,0,0
54261,2025-03-31 13:40:21,1,9,0,0
76469,2025-03-31 13:46:01,1,10,0,0
84524,2025-03-31 13:48:08,0,3,0,0
11489,2025-03-31 13:51:34,0,6,0,0
51889,2025-03-31 13:52:08,1,3,0,0
4076,2025-03-31 13:58:54,1,4,0,0
71546,2025-03-31 14:05:25,0,5,1,260
45824,2025-03-31 14:11:55,0,5,0,0
19735,2025-03-31 14:12:46,1,5,0,0
17278,2025-03-31 14:14:37,1,5,1,228
38478,2025-03-31 14:17:59,0,3,0,0
91425,2025-03-31 14:25:02,1,6,0,0
21019,2025-03-31 14:30:25,0,10,0,0
315,2025-03-31 14:30:51,1,6,0,0
51769,2025-03-31 14:40:15,1,6,0,0
93402,2025-03-31 14:44:33,1,5,1,325
10367,2025-03-31 14:54:20,0,10,1,406
23803,2025-03-31 14:55:13,0,3,1,193
36098,2025-03-31 14:57:18,0,5,1,294
84237,2025-03-31 14:59:55,0,7,0,0
57399,2025-03-31 15:03:26,0,6,1,358
21714,2025-03-31 15:19:45,0,9,0,0
36885,2025-03-31 15:19:46,0,8,0,0
88988,2025-03-31 15:22:48,0,5,0,0
46612,2025-03-31 15:25:33,1,6,1,159
70804,2025-03-31 15:43:21,0,4,1,505
51446,2025-03-31 15:45:10,0,6,0,0
65213,2025-03-31 15:46:02,0,9,0,0
52534,2025-03-31 15:50:49,0,12,0,0
79785,2025-03-31 15:53:53,1,5,0,0
31446,2025-03-31 16:04:59,0,5,1,268
26290,2025-03-31 16:10:46,1,8,1,272
51583,2025-03-31 16:23:43,0,4,0,0
57866,2025-03-31 16:57:22,1,4,0,0
32286,2025-03-31 17:02:47,0,5,0,0
5622,2025-03-31 17:13:30,0,6,0,0
4599,2025-03-31 17:15:36,1,8,0,0
76584,2025-03-31 17:24:21,0,9,0,0
45855,2025-03-31 17:24:50,0,9,0,0
23803,2025-03-31 17:25:56,0,5,1,250
66298,2025-03-31 17:34:51,0,6,0,0
55654,2025-03-31 17:36:37,0,7,1,729
42603,2025-03-31 17:36:55,1,7,0,0
16552,2025-03-31 17:53:18,1,8,0,0
99670,2025-03-31 17:56:53,0,6,0,0
14410,2025-03-31 18:04:12,1,8,0,0
22997,2025-03-31 18:09:52,0,3,0,0
46323,2025-03-31 18:13:26,1,9,0,0
20030,2025-03-31 18:15:37,0,3,0,0
74604,2025-03-31 18:19:07,0,8,1,471
18125,2025-03-31 18:20:36,0,3,0,0
51706,2025-03-31 18:20:51,1,6,1,588
43389,2025-03-31 18:27:50,1,4,1,247
39777,2025-03-31 18:31:46,1,4,0,0
13402,2025-03-31 18:33:53,1,3,0,0
55598,2025-03-31 18:40:31,0,12,0,0
55375,2025-03-31 18:52:16,1,5,1,354
86322,2025-03-31 18:53:22,0,2,1,502
17981,2025-03-31 18:54:06,1,5,0,0
3978,2025-03-31 19:00:11,0,4,1,674
30871,2025-03-31 19:00:39,0,6,0,0
68578,2025-03-31 19:03:57,0,4,1,285
60484,2025-03-31 19:16:10,0,6,0,0
66298,2025-03-31 19:19:48,1,6,0,0
93850,2025-03-31 19:19:49,0,7,0,0
85912,2025-03-31 19:22:51,0,5,0,0
41297,2025-03-31 19:27:41,1,4,0,0
3396,2025-03-31 19:38:20,0,7,1,384
64775,2025-03-31 19:38:44,0,9,1,444
65149,2025-03-31 19:41:08,0,4,1,231
20395,2025-03-31 19:50:04,0,1,0,0
25193,2025-03-31 19:51:47,1,4,1,218
50615,2025-03-31 19:56:27,0,5,1,266
19792,2025-03-31 20:00:07,1,5,1,240
90935,2025-03-31 20:02:08,0,10,0,0
66928,2025-03-31 20:10:37,0,8,1,218
36374,2025-03-31 20:13:11,1,7,0,0
51718,2025-03-31 20:14:47,1,5,0,0
43032,2025-03-31 20:22:24,0,5,1,384
26541,2025-03-31 20:29:28,0,7,0,0
30932,2025-03-31 20:32:13,0,4,1,269
96118,2025-03-31 20:56:33,0,3,1,237
84524,2025-03-31 21:00:18,0,7,0,0
21013,2025-03-31 21:18:24,0,2,0,0
85914,2025-03-31 21:22:21,0,8,0,0
78617,2025-03-31 21:22:22,0,8,0,0
41882,2025-03-31 21:24:41,1,11,0,0
92224,2025-03-31 21:27:04,0,6,0,0
12176,2025-03-31 21:41:15,1,6,0,0
14600,2025-03-31 21:41:36,0,5,1,285
55359,2025-03-31 21:47:00,0,4,0,0
11905,2025-03-31 21:57:16,1,2,0,0
39422,2025-03-31 22:06:30,0,5,0,0
56276,2025-03-31 22:10:58,1,7,0,0
29164,2025-03-31 22:11:11,0,6,0,0
24794,2025-03-31 22:14:31,0,10,0,0
65335,2025-03-31 22:18:24,0,4,0,0
38987,2025-03-31 22:25:27,1,5,0,0
11489,2025-03-31 22:26:07,0,1,0,0
59683,2025-03-31 22:29:14,0,5,0,0
99744,2025-03-31 22:38:07,1,5,0,0
80398,2025-03-31 22:41:59,0,5,1,290
97436,2025-03-31 22:51:29,0,4,0,0
62271,2025-03-31 22:57:50,1,8,1,218
26755,2025-03-31 23:20:24,1,7,0,0
88678,2025-03-31 23:21:39,1,5,0,0
30932,2025-03-31 23:22:14,0,8,0,0
87458,2025-03-31 23:41:45,0,4,1,356
73036,2025-03-31 23:53:08,1,8,0,0
31647,2025-03-31 23:55:20,0,1,0,0
58645,2025-03-31 23:58:55,0,3,0,0
