user_id,session_start_dttm,desktop_flag,session_duration_min,purchase_flag,purchase_amount_rub
65376,2024-10-01 00:41:01,0,5,0,0
48608,2024-10-01 00:57:09,0,2,0,0
47775,2024-10-01 01:11:10,0,2,1,256
36616,2024-10-01 01:13:17,0,5,0,0
42241,2024-10-01 01:16:51,1,4,0,0
36191,2024-10-01 01:42:20,1,4,1,239
31912,2024-10-01 02:12:09,0,11,1,311
64253,2024-10-01 02:13:33,1,4,1,272
72345,2024-10-01 02:15:15,1,8,0,0
74963,2024-10-01 02:18:29,0,10,0,0
10395,2024-10-01 02:24:51,0,1,0,0
9557,2024-10-01 02:30:39,0,6,0,0
12115,2024-10-01 02:38:36,1,9,0,0
52632,2024-10-01 02:43:53,1,4,0,0
26989,2024-10-01 02:46:09,0,3,0,0
10079,2024-10-01 02:47:50,0,8,0,0
21019,2024-10-01 03:05:49,1,4,0,0
80859,2024-10-01 03:47:38,0,7,1,415
24422,2024-10-01 03:48:02,0,2,0,0
38971,2024-10-01 03:50:23,0,7,1,242
50177,2024-10-01 03:59:50,0,4,0,0
65362,2024-10-01 05:05:39,1,4,0,0
47165,2024-10-01 05:23:16,1,6,0,0
41926,2024-10-01 05:47:32,0,8,0,0
13913,2024-10-01 07:00:32,0,4,0,0
44709,2024-10-01 07:03:33,1,4,0,0
66262,2024-10-01 07:09:23,1,5,0,0
97240,2024-10-01 07:36:49,0,5,0,0
6167,2024-10-01 07:37:09,1,10,0,0
86271,2024-10-01 08:26:43,0,2,0,0
36959,2024-10-01 08:44:23,0,9,1,266
42423,2024-10-01 08:53:43,0,6,0,0
93928,2024-10-01 09:08:48,0,4,0,0
11427,2024-10-01 09:09:14,0,1,0,0
26165,2024-10-01 09:10:40,1,8,0,0
21924,2024-10-01 09:17:32,1,4,1,806
23304,2024-10-01 09:19:11,0,4,0,0
75781,2024-10-01 09:21:45,1,10,0,0
9056,2024-10-01 09:26:51,0,6,1,552
23806,2024-10-01 09:27:23,0,4,1,329
27984,2024-10-01 09:31:28,0,7,0,0
23339,2024-10-01 10:01:23,0,11,1,281
79748,2024-10-01 10:02:01,1,7,0,0
92790,2024-10-01 10:05:46,0,0,0,0
4990,2024-10-01 10:09:20,0,8,0,0
78375,2024-10-01 10:15:24,1,5,1,366
29124,2024-10-01 10:30:32,0,4,0,0
35505,2024-10-01 10:33:45,0,6,0,0
58723,2024-10-01 10:40:51,0,5,1,236
64305,2024-10-01 10:42:54,0,4,0,0
26458,2024-10-01 10:43:03,1,4,1,303
90298,2024-10-01 10:49:36,0,14,1,357
98080,2024-10-01 10:51:18,1,6,0,0
58723,2024-10-01 10:51:20,0,6,0,0
75677,2024-10-01 11:08:30,0,3,0,0
87530,2024-10-01 11:08:34,1,9,0,0
42912,2024-10-01 11:26:45,0,11,1,310
65907,2024-10-01 11:32:21,1,8,0,0
6061,2024-10-01 12:00:22,1,5,0,0
51901,2024-10-01 12:08:28,0,8,0,0
16979,2024-10-01 12:14:35,0,9,0,0
9557,2024-10-01 12:45:15,0,3,0,0
86070,2024-10-01 12:47:13,0,4,0,0
29124,2024-10-01 12:55:47,0,3,0,0
27038,2024-10-01 13:01:39,0,3,0,0
57972,2024-10-01 13:03:41,0,9,0,0
4394,2024-10-01 13:05:28,0,1,1,462
2806,2024-10-01 13:14:51,0,10,0,0
31636,2024-10-01 13:16:45,0,4,0,0
21131,2024-10-01 13:50:03,1,5,0,0
88110,2024-10-01 13:57:10,0,7,1,515
96009,2024-10-01 13:57:59,0,6,1,278
88295,2024-10-01 14:03:04,1,10,0,0
91167,2024-10-01 14:08:15,0,8,0,0
60975,2024-10-01 14:14:23,0,6,0,0
42142,2024-10-01 14:29:32,0,3,0,0
22423,2024-10-01 14:49:09,1,6,1,307
99105,2024-10-01 14:50:30,0,8,1,155
55107,2024-10-01 14:51:27,0,7,1,188
61971,2024-10-01 14:53:57,0,5,0,0
89437,2024-10-01 14:56:36,0,9,0,0
25617,2024-10-01 15:08:21,0,10,0,0
63079,2024-10-01 15:20:02,0,6,1,558
19073,2024-10-01 15:48:17,0,5,0,0
98213,2024-10-01 16:25:17,1,7,0,0
45618,2024-10-01 16:28:47,0,7,0,0
79093,2024-10-01 16:32:10,1,4,0,0
58723,2024-10-01 16:38:28,0,5,0,0
67063,2024-10-01 16:38:33,0,6,0,0
21285,2024-10-01 16:43:18,0,6,0,0
90813,2024-10-01 16:45:12,0,4,0,0
11776,2024-10-01 16:50:31,0,5,1,312
29815,2024-10-01 16:56:39,0,5,1,230
73031,2024-10-01 16:57:20,0,8,0,0
31430,2024-10-01 16:59:42,0,6,1,547
61817,2024-10-01 17:20:29,0,3,0,0
83406,2024-10-01 17:33:51,0,1,1,395
78381,2024-10-01 17:39:22,0,5,0,0
93959,2024-10-01 17:42:33,0,8,0,0
19562,2024-10-01 17:45:17,0,7,0,0
14345,2024-10-01 17:50:04,0,3,0,0
55539,2024-10-01 17:50:16,0,1,1,498
30632,2024-10-01 17:51:30,0,5,0,0
60921,2024-10-01 17:58:32,1,5,1,337
26105,2024-10-01 17:58:46,0,7,1,359
31182,2024-10-01 18:02:46,1,5,0,0
38671,2024-10-01 18:07:06,1,4,0,0
95218,2024-10-01 18:09:11,0,2,0,0
21811,2024-10-01 18:14:54,0,6,0,0
13285,2024-10-01 19:20:16,1,2,0,0
60242,2024-10-01 19:30:33,0,9,1,268
90603,2024-10-01 19:36:01,0,8,0,0
17015,2024-10-01 19:36:26,0,10,0,0
77970,2024-10-01 19:39:09,0,6,1,215
15512,2024-10-01 19:39:29,1,4,1,404
72393,2024-10-01 19:40:58,0,5,0,0
26690,2024-10-01 19:46:42,0,6,0,0
77970,2024-10-01 20:11:12,0,2,1,200
17261,2024-10-01 20:43:03,1,9,0,0
18840,2024-10-01 20:59:44,0,9,0,0
6373,2024-10-01 21:09:47,0,5,1,470
73615,2024-10-01 21:14:41,0,4,0,0
26422,2024-10-01 21:15:51,0,6,0,0
87507,2024-10-01 21:15:59,0,4,0,0
68197,2024-10-01 21:16:24,0,9,0,0
16025,2024-10-01 21:18:31,0,3,0,0
95904,2024-10-01 21:24:53,0,8,1,388
1892,2024-10-01 21:29:03,1,6,1,620
17,2024-10-01 21:50:42,1,6,0,0
45406,2024-10-01 21:51:44,1,5,0,0
86973,2024-10-01 22:06:06,0,6,0,0
12570,2024-10-01 22:36:23,0,6,0,0
39874,2024-10-01 22:44:12,0,5,0,0
19562,2024-10-01 22:44:42,0,4,1,278
93664,2024-10-01 22:45:38,1,5,0,0
71817,2024-10-01 22:47:43,0,3,0,0
95414,2024-10-01 22:49:28,1,10,0,0
1892,2024-10-01 23:05:12,0,10,0,0
62856,2024-10-01 23:11:57,0,6,1,219
88110,2024-10-01 23:19:39,0,5,0,0
67063,2024-10-01 23:23:42,1,6,1,452
15376,2024-10-01 23:28:23,0,8,0,0
4173,2024-10-01 23:33:51,0,5,0,0
39874,2024-10-01 23:41:46,1,4,1,302
93928,2024-10-01 23:43:04,0,8,0,0
4565,2024-10-01 23:43:19,1,4,1,555
66354,2024-10-01 23:47:11,0,8,1,354
38679,2024-10-01 23:47:12,0,6,0,0
56763,2024-10-01 23:58:56,0,4,1,354
60242,2024-10-02 00:05:09,1,7,1,274
1599,2024-10-02 00:06:21,0,6,1,340
36560,2024-10-02 00:19:13,0,9,1,240
20467,2024-10-02 00:21:00,1,6,0,0
15512,2024-10-02 00:26:51,0,8,0,0
29815,2024-10-02 00:53:44,0,6,0,0
80185,2024-10-02 01:04:42,0,6,0,0
35785,2024-10-02 01:10:39,0,5,0,0
30685,2024-10-02 01:19:27,1,6,1,375
48852,2024-10-02 01:28:49,0,6,0,0
46205,2024-10-02 01:33:59,1,2,1,154
96950,2024-10-02 01:59:23,0,4,1,377
28688,2024-10-02 02:43:43,0,10,0,0
13464,2024-10-02 02:54:18,0,10,1,136
89358,2024-10-02 02:58:23,0,8,0,0
34151,2024-10-02 03:08:26,1,5,0,0
47692,2024-10-02 03:46:30,0,5,1,360
55538,2024-10-02 03:49:27,0,6,0,0
58567,2024-10-02 03:49:43,1,6,1,277
42056,2024-10-02 04:00:15,1,1,0,0
43743,2024-10-02 04:07:14,0,4,0,0
37428,2024-10-02 04:30:22,0,4,0,0
11776,2024-10-02 04:37:55,1,3,0,0
31250,2024-10-02 04:50:25,0,10,1,323
66354,2024-10-02 04:50:39,1,7,0,0
91071,2024-10-02 04:55:02,0,6,0,0
52407,2024-10-02 04:55:27,1,4,1,322
74073,2024-10-02 05:17:16,0,6,0,0
95515,2024-10-02 05:21:44,1,4,0,0
54205,2024-10-02 05:29:04,0,6,0,0
48541,2024-10-02 05:59:09,0,7,0,0
41432,2024-10-02 06:14:17,0,10,1,814
95397,2024-10-02 06:14:45,0,5,1,424
48608,2024-10-02 06:20:26,0,6,0,0
92586,2024-10-02 06:36:51,0,6,1,382
82478,2024-10-02 06:43:58,0,5,1,243
38241,2024-10-02 07:08:01,0,4,0,0
81288,2024-10-02 07:15:37,1,6,0,0
4732,2024-10-02 07:48:31,1,2,1,259
79545,2024-10-02 08:00:49,1,6,1,418
68889,2024-10-02 08:09:32,0,6,1,438
24425,2024-10-02 08:31:21,0,4,0,0
79530,2024-10-02 08:37:46,0,8,1,206
19990,2024-10-02 08:48:24,0,8,1,263
25646,2024-10-02 08:54:20,0,6,1,370
68292,2024-10-02 08:59:56,1,10,0,0
39261,2024-10-02 09:08:31,0,9,0,0
59158,2024-10-02 09:15:04,0,7,0,0
8531,2024-10-02 09:16:14,0,6,0,0
51250,2024-10-02 09:33:19,0,5,0,0
75548,2024-10-02 09:33:49,0,8,0,0
81398,2024-10-02 09:39:22,0,10,0,0
967,2024-10-02 09:48:05,1,8,0,0
66807,2024-10-02 09:51:05,0,3,1,197
51901,2024-10-02 09:51:09,0,6,0,0
32424,2024-10-02 09:51:32,0,5,0,0
25232,2024-10-02 10:05:47,0,7,1,293
62856,2024-10-02 10:09:31,0,3,0,0
5125,2024-10-02 10:10:31,1,10,0,0
6212,2024-10-02 10:10:59,1,9,0,0
32026,2024-10-02 10:16:35,0,2,0,0
25698,2024-10-02 10:23:07,1,11,0,0
30700,2024-10-02 10:23:58,0,3,1,194
49983,2024-10-02 10:28:16,1,7,1,272
48608,2024-10-02 11:22:38,1,7,0,0
64253,2024-10-02 11:31:35,1,10,0,0
9040,2024-10-02 11:58:59,0,7,1,159
86271,2024-10-02 12:03:25,0,10,1,270
51481,2024-10-02 12:28:35,0,8,0,0
7040,2024-10-02 12:35:30,1,5,1,767
85500,2024-10-02 12:48:35,1,6,0,0
26422,2024-10-02 13:13:16,0,9,0,0
25203,2024-10-02 13:17:25,0,9,1,312
44310,2024-10-02 13:20:49,0,7,0,0
96014,2024-10-02 13:28:40,0,6,0,0
16722,2024-10-02 13:34:44,0,3,0,0
31881,2024-10-02 13:42:22,1,7,0,0
38663,2024-10-02 14:01:24,0,6,0,0
26458,2024-10-02 14:32:00,0,6,1,453
37924,2024-10-02 14:39:22,0,6,0,0
97475,2024-10-02 14:39:22,0,6,0,0
14290,2024-10-02 14:51:28,0,5,0,0
18744,2024-10-02 14:52:00,0,6,0,0
82791,2024-10-02 14:56:59,1,10,0,0
85573,2024-10-02 15:02:53,0,3,1,333
79339,2024-10-02 15:03:41,0,6,1,441
24844,2024-10-02 15:05:15,0,11,0,0
83556,2024-10-02 15:06:54,1,7,0,0
95986,2024-10-02 15:08:46,0,5,0,0
83530,2024-10-02 15:14:18,0,7,0,0
27116,2024-10-02 15:15:02,1,4,1,263
66236,2024-10-02 15:15:32,0,0,0,0
94738,2024-10-02 15:16:13,1,6,0,0
4482,2024-10-02 15:24:20,0,6,1,534
21806,2024-10-02 15:36:33,0,7,0,0
74770,2024-10-02 15:40:45,0,5,1,446
73439,2024-10-02 15:41:12,0,9,0,0
23752,2024-10-02 15:43:34,0,5,0,0
93720,2024-10-02 15:45:37,0,10,1,115
12291,2024-10-02 15:53:57,0,14,0,0
79537,2024-10-02 15:56:26,0,7,1,358
11840,2024-10-02 16:32:30,0,8,0,0
45989,2024-10-02 16:36:47,1,7,0,0
10475,2024-10-02 16:41:37,1,4,0,0
28887,2024-10-02 16:53:02,0,6,1,304
13867,2024-10-02 16:55:16,0,6,0,0
60723,2024-10-02 17:02:57,1,11,0,0
38798,2024-10-02 17:08:37,0,4,0,0
11629,2024-10-02 17:13:05,0,3,0,0
92586,2024-10-02 17:24:55,0,8,0,0
44194,2024-10-02 17:25:54,1,4,0,0
68889,2024-10-02 17:44:03,0,4,1,313
19562,2024-10-02 17:47:19,1,8,0,0
4136,2024-10-02 17:48:15,0,15,0,0
85912,2024-10-02 17:48:44,0,9,0,0
11826,2024-10-02 17:55:10,0,5,0,0
68467,2024-10-02 18:01:05,0,4,1,325
88308,2024-10-02 18:05:58,0,1,1,329
43497,2024-10-02 18:16:10,0,7,0,0
72718,2024-10-02 18:25:12,0,10,0,0
92559,2024-10-02 18:37:56,0,6,1,281
38246,2024-10-02 18:38:04,0,8,0,0
54261,2024-10-02 18:40:19,0,4,1,264
82634,2024-10-02 18:42:27,1,5,0,0
18097,2024-10-02 18:43:59,0,5,0,0
87710,2024-10-02 18:44:39,0,6,0,0
32424,2024-10-02 18:44:41,1,7,1,263
23122,2024-10-02 19:13:46,0,3,0,0
43995,2024-10-02 19:15:59,0,5,0,0
24844,2024-10-02 19:28:06,1,2,0,0
80441,2024-10-02 19:33:19,0,1,0,0
68222,2024-10-02 19:44:21,0,9,1,668
89938,2024-10-02 19:48:03,1,5,1,408
23556,2024-10-02 19:55:15,1,6,1,140
49852,2024-10-02 19:57:48,1,6,0,0
81486,2024-10-02 19:59:13,1,7,0,0
79748,2024-10-02 20:07:50,0,11,0,0
97240,2024-10-02 20:17:20,0,3,1,348
74707,2024-10-02 20:20:28,0,6,1,405
46873,2024-10-02 20:23:02,1,5,0,0
55577,2024-10-02 20:27:38,0,10,0,0
84211,2024-10-02 20:32:18,0,4,1,294
13285,2024-10-02 20:43:52,0,4,0,0
19260,2024-10-02 20:47:23,0,6,0,0
55605,2024-10-02 20:48:02,1,7,0,0
51250,2024-10-02 20:52:43,0,11,1,221
94161,2024-10-02 20:58:49,1,6,0,0
73789,2024-10-02 21:01:57,1,13,1,404
73439,2024-10-02 21:34:12,0,1,0,0
67656,2024-10-02 21:52:20,1,5,1,225
91465,2024-10-02 21:52:24,0,7,0,0
53191,2024-10-02 22:05:30,1,2,1,321
65180,2024-10-02 22:05:43,1,6,1,448
62167,2024-10-02 22:20:22,1,9,1,172
22904,2024-10-02 22:34:29,0,3,1,256
29627,2024-10-02 22:53:08,0,4,0,0
6185,2024-10-02 22:58:14,0,7,0,0
10336,2024-10-02 23:05:34,0,5,0,0
11826,2024-10-02 23:09:55,0,5,1,225
967,2024-10-02 23:12:26,0,6,0,0
68572,2024-10-02 23:19:52,0,6,0,0
76237,2024-10-02 23:21:42,1,5,0,0
37995,2024-10-02 23:24:43,0,4,0,0
85667,2024-10-02 23:25:43,0,6,0,0
55973,2024-10-02 23:37:31,0,8,0,0
39677,2024-10-02 23:38:57,1,5,0,0
77884,2024-10-02 23:49:41,0,1,0,0
41655,2024-10-02 23:56:02,0,4,0,0
52822,2024-10-03 00:18:32,1,5,0,0
81225,2024-10-03 00:40:34,0,4,1,335
81129,2024-10-03 00:45:09,1,6,0,0
37793,2024-10-03 00:55:24,0,8,0,0
5991,2024-10-03 01:04:13,0,7,1,162
3778,2024-10-03 01:08:57,0,6,0,0
60295,2024-10-03 01:39:34,0,4,0,0
14345,2024-10-03 01:39:45,1,7,0,0
59443,2024-10-03 01:52:28,0,5,0,0
21584,2024-10-03 02:19:36,0,4,0,0
93524,2024-10-03 02:26:06,0,7,0,0
69966,2024-10-03 02:41:49,1,4,0,0
57942,2024-10-03 02:43:58,1,3,0,0
22066,2024-10-03 03:32:48,0,2,1,418
81519,2024-10-03 04:17:50,1,3,0,0
9258,2024-10-03 04:17:56,0,6,1,612
80681,2024-10-03 04:19:01,1,4,0,0
6185,2024-10-03 04:20:51,0,2,0,0
494,2024-10-03 04:45:00,0,6,1,388
47165,2024-10-03 04:48:09,0,5,0,0
75502,2024-10-03 04:55:06,0,4,1,185
36959,2024-10-03 04:57:20,0,6,1,235
73031,2024-10-03 05:16:20,1,11,0,0
99937,2024-10-03 05:21:09,1,8,1,326
55415,2024-10-03 05:21:39,1,5,1,413
74620,2024-10-03 05:42:21,0,2,0,0
24165,2024-10-03 05:50:50,0,4,1,271
69216,2024-10-03 06:07:39,0,9,0,0
78369,2024-10-03 06:10:37,0,5,1,498
69804,2024-10-03 06:26:09,0,8,0,0
20712,2024-10-03 06:38:06,0,8,0,0
52566,2024-10-03 07:16:58,1,11,1,336
80632,2024-10-03 07:24:24,0,6,1,183
268,2024-10-03 07:24:39,0,8,1,268
38885,2024-10-03 07:39:13,1,6,0,0
37710,2024-10-03 08:10:15,1,10,1,428
63160,2024-10-03 08:14:53,0,6,1,256
10271,2024-10-03 08:16:01,0,4,0,0
61437,2024-10-03 08:20:58,0,3,0,0
64105,2024-10-03 08:22:26,0,9,0,0
74038,2024-10-03 08:24:24,0,4,0,0
44345,2024-10-03 08:29:36,1,3,0,0
17097,2024-10-03 08:33:55,0,8,1,250
67253,2024-10-03 08:34:23,0,6,1,227
49049,2024-10-03 08:40:51,1,5,0,0
33548,2024-10-03 08:41:52,0,10,1,201
15950,2024-10-03 08:47:56,0,8,0,0
5125,2024-10-03 08:51:29,0,3,1,699
42056,2024-10-03 08:57:44,1,6,0,0
10475,2024-10-03 09:08:02,0,6,0,0
65362,2024-10-03 09:25:27,0,10,0,0
26501,2024-10-03 09:33:46,1,6,0,0
36191,2024-10-03 09:33:54,1,5,1,346
60631,2024-10-03 09:35:41,0,7,1,302
94773,2024-10-03 09:48:39,0,1,1,412
76274,2024-10-03 10:03:49,1,2,0,0
74707,2024-10-03 10:07:21,0,8,0,0
62820,2024-10-03 10:07:39,0,5,0,0
93524,2024-10-03 10:08:54,0,6,0,0
12454,2024-10-03 10:13:44,0,10,0,0
57740,2024-10-03 10:19:06,0,10,0,0
27038,2024-10-03 10:25:30,0,7,0,0
80029,2024-10-03 10:36:27,1,4,0,0
62898,2024-10-03 10:44:41,0,7,0,0
69887,2024-10-03 11:00:51,1,13,0,0
62181,2024-10-03 11:07:15,0,3,1,404
71128,2024-10-03 11:08:46,1,7,0,0
59345,2024-10-03 11:10:30,0,3,0,0
71817,2024-10-03 11:28:00,0,4,0,0
51250,2024-10-03 11:28:52,0,3,1,471
85500,2024-10-03 11:36:17,1,8,1,317
16499,2024-10-03 11:48:42,0,3,1,158
4990,2024-10-03 11:59:47,1,8,0,0
81358,2024-10-03 12:02:33,0,3,1,196
67655,2024-10-03 12:14:17,0,6,0,0
52632,2024-10-03 12:19:23,0,8,1,389
46672,2024-10-03 12:19:28,0,7,1,178
83383,2024-10-03 12:20:30,0,4,0,0
84767,2024-10-03 12:24:29,0,6,0,0
96014,2024-10-03 12:41:46,0,5,1,249
49643,2024-10-03 13:05:59,1,7,1,477
24239,2024-10-03 13:16:07,1,6,0,0
67933,2024-10-03 13:16:14,0,7,0,0
82634,2024-10-03 13:17:30,1,5,1,398
97297,2024-10-03 13:17:47,1,8,0,0
46891,2024-10-03 13:19:56,0,10,1,209
79791,2024-10-03 13:23:59,1,8,0,0
85144,2024-10-03 13:34:47,0,6,0,0
70923,2024-10-03 13:38:51,1,7,1,501
95947,2024-10-03 13:58:15,0,5,0,0
76237,2024-10-03 14:07:07,0,5,0,0
68222,2024-10-03 14:25:39,0,10,0,0
19717,2024-10-03 14:27:35,1,6,0,0
17,2024-10-03 14:34:28,0,3,0,0
33035,2024-10-03 14:35:34,0,7,0,0
73076,2024-10-03 14:39:23,1,8,0,0
14961,2024-10-03 14:40:19,0,3,1,304
67020,2024-10-03 14:52:23,0,8,1,540
10070,2024-10-03 15:02:02,0,5,0,0
11826,2024-10-03 15:27:03,0,6,0,0
15376,2024-10-03 15:34:39,0,6,0,0
21576,2024-10-03 15:44:50,0,6,0,0
45259,2024-10-03 15:53:29,1,7,1,214
21019,2024-10-03 16:05:55,0,5,0,0
79537,2024-10-03 16:07:36,0,7,0,0
74963,2024-10-03 16:10:16,0,4,1,221
38720,2024-10-03 16:11:04,0,7,1,548
69804,2024-10-03 16:14:49,0,5,0,0
54197,2024-10-03 16:20:16,0,6,1,304
23648,2024-10-03 16:26:21,0,5,1,484
45761,2024-10-03 16:38:02,0,7,0,0
12163,2024-10-03 16:40:37,1,5,0,0
69804,2024-10-03 16:48:17,1,4,1,200
76784,2024-10-03 16:55:12,1,2,0,0
22294,2024-10-03 17:00:25,0,9,0,0
26257,2024-10-03 17:00:47,1,8,0,0
84750,2024-10-03 17:05:21,0,5,1,309
23290,2024-10-03 17:15:48,1,3,0,0
44614,2024-10-03 17:22:14,0,6,1,305
73400,2024-10-03 17:25:08,1,8,1,428
84767,2024-10-03 17:31:36,0,7,0,0
75524,2024-10-03 17:40:48,0,11,1,625
63327,2024-10-03 17:52:15,0,5,0,0
92586,2024-10-03 17:54:39,1,5,0,0
46323,2024-10-03 17:56:06,1,8,0,0
85193,2024-10-03 17:58:32,0,6,0,0
3408,2024-10-03 18:00:59,1,7,0,0
37015,2024-10-03 18:08:02,0,10,0,0
80632,2024-10-03 18:16:27,1,10,1,331
27765,2024-10-03 18:25:19,1,10,0,0
57740,2024-10-03 18:27:45,0,5,0,0
38663,2024-10-03 18:43:49,0,11,0,0
70872,2024-10-03 18:44:57,0,5,0,0
3396,2024-10-03 18:45:39,1,12,1,430
87403,2024-10-03 18:54:40,0,8,1,352
52632,2024-10-03 19:06:30,0,7,0,0
67656,2024-10-03 19:07:38,0,4,1,207
46541,2024-10-03 19:07:41,0,6,0,0
14290,2024-10-03 19:26:48,0,5,0,0
51250,2024-10-03 19:29:45,0,7,0,0
66262,2024-10-03 19:31:43,1,9,0,0
91906,2024-10-03 19:52:32,0,7,1,475
21539,2024-10-03 20:06:00,0,2,0,0
9040,2024-10-03 20:10:24,0,11,0,0
51262,2024-10-03 20:10:37,1,7,0,0
49362,2024-10-03 20:50:45,1,7,0,0
51507,2024-10-03 20:51:02,0,5,0,0
86618,2024-10-03 21:18:28,0,3,1,444
46628,2024-10-03 21:25:27,0,10,1,306
90708,2024-10-03 22:12:06,0,7,1,349
71664,2024-10-03 22:13:39,0,7,1,427
83556,2024-10-03 22:14:49,1,7,1,325
90658,2024-10-03 22:16:39,0,5,0,0
43202,2024-10-03 22:30:57,1,3,0,0
52188,2024-10-03 22:49:25,1,6,1,298
32575,2024-10-03 22:58:38,0,6,0,0
51809,2024-10-03 23:04:06,0,6,0,0
43743,2024-10-03 23:04:16,0,6,1,362
4173,2024-10-03 23:14:39,0,13,0,0
89871,2024-10-03 23:15:33,0,9,1,407
20395,2024-10-03 23:16:25,0,8,0,0
90910,2024-10-03 23:18:31,0,9,0,0
7878,2024-10-03 23:29:07,1,6,0,0
98080,2024-10-03 23:30:07,0,6,1,281
21013,2024-10-03 23:41:21,1,5,1,379
95904,2024-10-03 23:42:40,0,3,1,324
46891,2024-10-03 23:48:40,0,3,0,0
63294,2024-10-03 23:49:29,0,6,0,0
10936,2024-10-04 00:22:12,1,5,0,0
52566,2024-10-04 00:43:41,0,3,1,279
46402,2024-10-04 00:50:52,1,7,0,0
10453,2024-10-04 00:52:52,0,4,0,0
45824,2024-10-04 01:09:49,0,8,0,0
58196,2024-10-04 01:17:58,0,6,0,0
86403,2024-10-04 01:35:37,0,6,0,0
11316,2024-10-04 01:51:21,0,4,0,0
17844,2024-10-04 02:08:42,0,6,0,0
43995,2024-10-04 02:11:15,0,9,1,513
6491,2024-10-04 02:14:18,0,4,0,0
73036,2024-10-04 02:34:08,1,2,0,0
18614,2024-10-04 02:48:46,0,14,0,0
83556,2024-10-04 02:53:18,0,6,0,0
1439,2024-10-04 02:59:22,0,5,0,0
17892,2024-10-04 03:02:53,0,4,1,308
69887,2024-10-04 03:03:42,1,4,1,341
93455,2024-10-04 03:08:06,1,5,0,0
61131,2024-10-04 03:24:33,1,3,1,409
84101,2024-10-04 03:27:42,0,9,1,553
95260,2024-10-04 03:28:37,1,4,0,0
5339,2024-10-04 03:40:56,0,4,0,0
72387,2024-10-04 04:02:36,0,10,0,0
66265,2024-10-04 04:23:41,0,3,1,347
20068,2024-10-04 04:29:50,1,10,0,0
21131,2024-10-04 04:40:41,1,8,0,0
71811,2024-10-04 04:44:40,0,5,0,0
40470,2024-10-04 04:45:43,1,4,0,0
62343,2024-10-04 04:54:16,0,6,0,0
71811,2024-10-04 05:46:30,0,5,0,0
31912,2024-10-04 06:02:06,0,7,0,0
72522,2024-10-04 06:08:42,0,5,0,0
50009,2024-10-04 06:11:31,0,5,0,0
65335,2024-10-04 07:25:15,0,4,0,0
81129,2024-10-04 07:38:21,0,6,0,0
22305,2024-10-04 07:47:15,1,6,0,0
91034,2024-10-04 07:49:40,1,6,0,0
82634,2024-10-04 07:57:36,0,5,0,0
46205,2024-10-04 07:59:33,0,5,0,0
45406,2024-10-04 08:26:51,0,3,0,0
22305,2024-10-04 08:29:30,0,5,0,0
21013,2024-10-04 08:39:08,0,9,1,186
82082,2024-10-04 08:40:23,1,5,0,0
63294,2024-10-04 08:54:42,0,8,0,0
86059,2024-10-04 08:54:50,0,5,0,0
8894,2024-10-04 08:55:01,0,4,1,685
43470,2024-10-04 09:01:51,0,3,0,0
67020,2024-10-04 09:33:13,0,7,1,244
27285,2024-10-04 09:34:59,0,12,0,0
47775,2024-10-04 09:41:36,0,4,0,0
16234,2024-10-04 09:43:12,0,4,1,389
27285,2024-10-04 09:47:19,0,9,0,0
36959,2024-10-04 09:47:32,0,6,0,0
85824,2024-10-04 09:52:49,1,17,0,0
88935,2024-10-04 09:59:07,0,9,0,0
12163,2024-10-04 10:02:14,0,5,0,0
46855,2024-10-04 10:03:23,0,4,1,473
96221,2024-10-04 10:07:32,0,9,0,0
35134,2024-10-04 10:10:17,1,8,1,336
12513,2024-10-04 10:18:56,0,6,0,0
46401,2024-10-04 10:26:16,1,4,0,0
64202,2024-10-04 10:40:29,0,6,1,159
11907,2024-10-04 10:49:47,0,4,1,539
23122,2024-10-04 10:55:15,0,2,0,0
616,2024-10-04 11:03:28,1,2,0,0
63344,2024-10-04 11:12:52,0,7,0,0
85193,2024-10-04 11:17:20,0,7,0,0
45316,2024-10-04 11:25:13,0,8,0,0
77445,2024-10-04 11:35:56,1,9,1,211
6373,2024-10-04 11:38:14,0,9,0,0
58339,2024-10-04 11:44:48,1,11,0,0
43478,2024-10-04 12:17:06,0,3,0,0
75384,2024-10-04 12:22:30,0,5,0,0
40470,2024-10-04 12:23:36,0,9,1,399
74060,2024-10-04 12:43:31,0,4,1,351
75284,2024-10-04 12:45:04,1,9,1,454
76706,2024-10-04 13:00:36,1,8,1,225
79881,2024-10-04 13:06:31,0,6,0,0
39943,2024-10-04 13:11:16,0,5,1,294
82132,2024-10-04 13:22:03,0,5,1,705
83406,2024-10-04 13:22:59,1,5,0,0
31422,2024-10-04 13:23:24,0,5,0,0
80859,2024-10-04 13:35:35,0,4,0,0
92586,2024-10-04 13:49:59,1,6,0,0
93959,2024-10-04 13:56:52,0,4,1,548
92559,2024-10-04 13:59:05,0,5,0,0
89182,2024-10-04 13:59:53,0,4,0,0
84211,2024-10-04 14:12:17,0,3,0,0
66236,2024-10-04 14:26:03,0,6,0,0
38885,2024-10-04 14:32:04,1,4,0,0
24165,2024-10-04 14:37:10,0,4,1,605
40622,2024-10-04 14:45:35,0,4,0,0
2104,2024-10-04 14:55:20,0,10,0,0
72989,2024-10-04 14:55:31,0,9,1,350
29838,2024-10-04 14:55:47,0,3,1,285
60036,2024-10-04 15:31:53,0,6,0,0
56150,2024-10-04 15:32:03,0,9,0,0
27765,2024-10-04 15:33:37,1,7,0,0
55526,2024-10-04 15:34:21,0,7,0,0
65201,2024-10-04 15:43:54,0,8,0,0
9110,2024-10-04 15:44:24,0,1,0,0
68467,2024-10-04 16:04:24,0,8,0,0
69887,2024-10-04 16:04:35,1,5,1,273
45238,2024-10-04 16:09:14,1,5,1,237
45521,2024-10-04 16:09:36,0,4,1,211
29024,2024-10-04 16:19:21,0,10,0,0
63227,2024-10-04 16:19:47,1,2,1,294
77150,2024-10-04 16:21:06,0,3,0,0
75037,2024-10-04 16:26:55,0,2,0,0
15074,2024-10-04 16:28:44,1,8,0,0
89358,2024-10-04 16:40:40,1,6,0,0
46401,2024-10-04 16:41:55,1,3,0,0
46205,2024-10-04 17:04:35,1,8,1,388
50721,2024-10-04 17:11:59,0,5,1,364
29815,2024-10-04 17:13:36,0,4,0,0
25646,2024-10-04 17:25:26,0,5,0,0
82082,2024-10-04 17:28:46,0,11,1,441
26690,2024-10-04 17:31:38,1,7,0,0
91097,2024-10-04 17:40:39,1,7,1,207
315,2024-10-04 17:41:01,0,4,1,230
89358,2024-10-04 17:59:13,0,5,0,0
47335,2024-10-04 18:07:18,1,16,1,258
67655,2024-10-04 18:10:50,0,9,0,0
76581,2024-10-04 18:16:57,0,3,1,226
69778,2024-10-04 18:20:51,1,4,0,0
5491,2024-10-04 18:30:22,0,6,0,0
40181,2024-10-04 18:35:33,0,4,1,243
37428,2024-10-04 18:36:38,1,6,1,316
69879,2024-10-04 18:43:40,1,4,0,0
5491,2024-10-04 18:46:30,1,4,1,371
91764,2024-10-04 18:50:09,0,8,0,0
21541,2024-10-04 18:50:28,0,9,0,0
58337,2024-10-04 18:54:58,0,5,1,280
7040,2024-10-04 18:58:13,1,3,0,0
96950,2024-10-04 19:00:26,0,6,0,0
94686,2024-10-04 19:13:31,1,5,0,0
1552,2024-10-04 19:13:32,1,3,1,169
47777,2024-10-04 19:27:08,0,8,0,0
94686,2024-10-04 19:30:38,0,6,0,0
47801,2024-10-04 20:10:39,0,10,0,0
2104,2024-10-04 20:20:13,0,4,0,0
99141,2024-10-04 20:25:27,0,4,0,0
81486,2024-10-04 20:30:22,0,6,1,237
61418,2024-10-04 20:33:47,0,5,1,349
35134,2024-10-04 20:34:09,0,7,0,0
32575,2024-10-04 20:36:43,0,4,0,0
46841,2024-10-04 20:37:01,0,10,0,0
14905,2024-10-04 20:55:36,1,7,1,511
12498,2024-10-04 21:03:41,0,7,0,0
91510,2024-10-04 21:18:15,0,4,0,0
37995,2024-10-04 21:20:29,0,6,0,0
63873,2024-10-04 21:24:14,0,10,1,443
80587,2024-10-04 21:34:40,1,5,1,163
23752,2024-10-04 21:42:03,1,4,1,305
60712,2024-10-04 22:01:42,0,7,0,0
52188,2024-10-04 22:09:03,0,7,0,0
47335,2024-10-04 22:21:05,0,5,1,243
74870,2024-10-04 22:23:19,0,5,0,0
15872,2024-10-04 22:31:38,1,7,0,0
75284,2024-10-04 22:37:13,0,2,0,0
96223,2024-10-04 22:49:48,1,1,0,0
61437,2024-10-04 22:51:10,0,5,0,0
60314,2024-10-04 22:59:30,0,5,0,0
5949,2024-10-04 23:01:00,0,9,0,0
50584,2024-10-04 23:29:21,1,3,0,0
30700,2024-10-04 23:38:00,0,8,1,457
81413,2024-10-04 23:45:39,0,1,1,230
46841,2024-10-05 00:12:51,0,5,0,0
89182,2024-10-05 00:26:38,0,12,0,0
11776,2024-10-05 00:45:53,0,9,1,239
86102,2024-10-05 01:06:10,0,3,0,0
84440,2024-10-05 01:08:29,0,7,0,0
68222,2024-10-05 01:27:34,0,10,0,0
51250,2024-10-05 01:59:48,1,5,0,0
67235,2024-10-05 02:00:48,1,4,0,0
2806,2024-10-05 02:06:28,0,4,0,0
46672,2024-10-05 02:51:06,1,8,1,315
64987,2024-10-05 03:10:43,0,6,0,0
77509,2024-10-05 03:28:32,1,4,0,0
45690,2024-10-05 03:37:33,0,3,0,0
86788,2024-10-05 04:38:06,0,6,0,0
43191,2024-10-05 04:46:51,0,3,0,0
38663,2024-10-05 04:49:33,0,3,0,0
37812,2024-10-05 04:54:10,0,7,0,0
83556,2024-10-05 05:18:00,0,7,0,0
20190,2024-10-05 05:23:12,1,11,0,0
46873,2024-10-05 05:25:14,1,3,1,207
68572,2024-10-05 05:37:33,1,6,0,0
66236,2024-10-05 05:40:26,0,5,1,414
51342,2024-10-05 05:45:20,1,8,1,438
98080,2024-10-05 05:58:04,0,6,0,0
59443,2024-10-05 06:03:51,1,10,0,0
2104,2024-10-05 06:46:07,1,5,0,0
95414,2024-10-05 07:04:44,0,6,0,0
75417,2024-10-05 07:18:13,1,4,0,0
14547,2024-10-05 07:21:38,0,7,1,281
36825,2024-10-05 07:50:51,0,11,0,0
37995,2024-10-05 07:58:54,0,0,0,0
89938,2024-10-05 08:09:20,0,8,1,431
98213,2024-10-05 08:27:02,0,5,0,0
88295,2024-10-05 08:29:41,1,4,1,356
38663,2024-10-05 08:40:54,0,3,0,0
64993,2024-10-05 08:50:51,1,6,0,0
56972,2024-10-05 08:53:13,1,5,0,0
11096,2024-10-05 08:53:51,1,8,0,0
84440,2024-10-05 09:03:30,0,8,1,281
77445,2024-10-05 09:09:09,0,8,0,0
8708,2024-10-05 09:13:39,0,2,1,439
91519,2024-10-05 09:26:54,0,4,1,237
17839,2024-10-05 09:28:44,0,5,1,442
47775,2024-10-05 09:29:36,0,6,1,242
79850,2024-10-05 09:30:31,0,6,0,0
20712,2024-10-05 09:33:02,0,11,0,0
66807,2024-10-05 10:14:50,0,4,0,0
315,2024-10-05 10:15:53,1,6,0,0
55577,2024-10-05 10:24:43,1,9,1,303
86124,2024-10-05 10:36:01,0,5,1,296
69035,2024-10-05 10:36:04,0,7,1,270
95397,2024-10-05 10:40:21,0,5,1,229
45259,2024-10-05 10:43:57,0,5,0,0
78251,2024-10-05 10:48:46,0,1,0,0
82347,2024-10-05 10:52:14,0,12,0,0
21972,2024-10-05 10:54:18,1,8,0,0
11096,2024-10-05 10:56:13,0,4,0,0
79527,2024-10-05 10:58:59,0,7,1,116
14345,2024-10-05 11:04:30,1,7,0,0
68572,2024-10-05 11:09:47,1,8,0,0
65376,2024-10-05 11:11:06,0,5,0,0
50009,2024-10-05 11:13:34,0,2,0,0
19012,2024-10-05 11:20:22,0,4,1,208
67253,2024-10-05 11:21:30,0,2,1,372
14734,2024-10-05 11:34:51,0,2,1,347
42534,2024-10-05 11:36:10,0,7,0,0
23803,2024-10-05 11:47:06,1,9,0,0
40876,2024-10-05 11:54:14,1,5,0,0
60445,2024-10-05 12:00:20,1,6,0,0
67235,2024-10-05 12:04:15,0,8,0,0
91723,2024-10-05 12:06:51,0,4,0,0
5679,2024-10-05 12:11:56,0,9,0,0
42686,2024-10-05 12:19:54,0,6,0,0
35081,2024-10-05 12:26:49,1,5,1,331
82225,2024-10-05 12:30:16,0,9,0,0
50442,2024-10-05 12:59:12,0,7,0,0
74073,2024-10-05 13:51:13,1,7,0,0
73439,2024-10-05 13:54:19,0,5,0,0
19134,2024-10-05 14:10:00,0,8,0,0
15407,2024-10-05 14:16:19,0,4,1,237
18125,2024-10-05 14:24:08,1,4,0,0
43478,2024-10-05 14:48:09,1,9,1,359
89736,2024-10-05 14:54:02,0,5,0,0
59718,2024-10-05 14:58:51,0,7,1,412
36560,2024-10-05 15:01:59,0,6,0,0
64851,2024-10-05 15:10:11,1,8,1,410
64851,2024-10-05 15:10:58,0,8,1,250
17,2024-10-05 15:13:03,1,6,0,0
44707,2024-10-05 15:16:45,0,4,0,0
91018,2024-10-05 15:18:45,0,10,1,287
11427,2024-10-05 15:22:27,0,8,0,0
43568,2024-10-05 15:33:49,1,9,0,0
83383,2024-10-05 15:38:26,1,4,0,0
63079,2024-10-05 15:59:52,0,3,0,0
51901,2024-10-05 16:04:27,0,5,0,0
16353,2024-10-05 16:06:40,0,1,0,0
81129,2024-10-05 16:10:50,0,5,0,0
80029,2024-10-05 16:20:20,0,5,0,0
65033,2024-10-05 16:30:08,0,3,0,0
47010,2024-10-05 16:38:17,0,2,1,339
86648,2024-10-05 16:50:06,1,2,0,0
71128,2024-10-05 16:59:51,0,1,1,470
25568,2024-10-05 17:05:03,0,4,0,0
87066,2024-10-05 17:12:11,0,5,0,0
99141,2024-10-05 17:14:33,0,5,0,0
55263,2024-10-05 17:15:17,1,6,0,0
44066,2024-10-05 17:18:50,1,13,0,0
4052,2024-10-05 17:32:29,0,4,1,208
85193,2024-10-05 17:34:17,0,2,1,437
80185,2024-10-05 17:42:25,0,5,0,0
10395,2024-10-05 17:42:59,0,5,1,308
967,2024-10-05 17:56:44,0,4,1,262
31178,2024-10-05 17:58:36,0,2,0,0
85827,2024-10-05 18:16:08,0,2,0,0
29363,2024-10-05 18:20:47,1,8,0,0
93986,2024-10-05 18:20:48,0,6,0,0
84440,2024-10-05 18:28:32,0,8,1,388
38241,2024-10-05 18:31:33,0,4,0,0
69804,2024-10-05 18:32:59,0,4,0,0
97240,2024-10-05 18:33:10,0,7,0,0
1979,2024-10-05 18:48:15,0,10,1,349
87171,2024-10-05 18:48:56,0,8,0,0
20712,2024-10-05 18:55:00,0,7,0,0
45544,2024-10-05 19:09:39,0,9,1,356
60295,2024-10-05 19:09:50,0,5,1,236
16722,2024-10-05 19:11:54,0,7,0,0
77150,2024-10-05 19:38:24,0,6,0,0
15407,2024-10-05 19:38:43,0,8,0,0
63873,2024-10-05 19:50:49,0,8,0,0
19134,2024-10-05 19:58:43,1,9,0,0
16234,2024-10-05 20:01:42,0,4,0,0
32805,2024-10-05 20:05:49,0,7,1,145
21924,2024-10-05 20:09:07,1,8,1,306
41655,2024-10-05 20:11:06,1,4,0,0
44751,2024-10-05 20:12:03,0,8,0,0
56647,2024-10-05 20:16:43,0,5,1,378
4215,2024-10-05 20:26:02,0,7,0,0
77970,2024-10-05 20:41:56,0,10,1,485
1440,2024-10-05 20:49:43,0,7,0,0
5949,2024-10-05 20:50:44,0,8,0,0
51901,2024-10-05 20:56:26,0,3,1,300
32755,2024-10-05 21:19:12,0,8,0,0
41601,2024-10-05 21:21:01,1,2,1,144
2104,2024-10-05 21:22:13,0,4,1,528
70790,2024-10-05 21:27:01,0,7,0,0
16425,2024-10-05 21:32:48,0,4,1,556
72110,2024-10-05 21:36:06,0,7,1,404
67013,2024-10-05 21:38:39,1,3,0,0
56647,2024-10-05 21:39:50,0,7,0,0
28887,2024-10-05 21:40:51,0,6,0,0
77445,2024-10-05 21:44:29,0,3,1,318
79244,2024-10-05 21:56:33,0,9,0,0
80632,2024-10-05 22:00:49,0,10,1,231
80185,2024-10-05 22:04:03,1,7,0,0
20030,2024-10-05 22:04:45,0,6,0,0
33584,2024-10-05 22:20:35,0,13,0,0
93455,2024-10-05 22:36:42,0,9,0,0
34695,2024-10-05 22:37:31,0,6,1,168
80182,2024-10-05 22:47:48,1,1,0,0
50442,2024-10-05 23:00:39,0,4,0,0
80801,2024-10-05 23:04:32,0,4,0,0
32575,2024-10-05 23:08:22,0,5,0,0
88106,2024-10-05 23:16:12,0,6,0,0
68400,2024-10-05 23:21:43,0,6,1,355
11776,2024-10-05 23:33:28,0,8,0,0
61418,2024-10-05 23:44:15,0,8,0,0
74060,2024-10-05 23:45:28,0,5,0,0
21019,2024-10-05 23:47:43,0,6,0,0
95218,2024-10-05 23:59:34,0,8,0,0
22242,2024-10-06 00:07:45,0,11,0,0
34009,2024-10-06 00:15:07,0,11,1,260
49852,2024-10-06 00:32:48,0,5,1,560
23425,2024-10-06 00:44:31,0,6,0,0
28970,2024-10-06 01:01:43,0,7,1,315
48711,2024-10-06 01:17:10,0,9,0,0
44891,2024-10-06 01:24:29,1,2,0,0
11099,2024-10-06 01:26:41,0,4,0,0
70790,2024-10-06 01:29:27,0,2,1,365
43472,2024-10-06 01:32:37,0,10,0,0
13464,2024-10-06 01:59:22,1,7,0,0
29784,2024-10-06 02:09:12,0,6,0,0
37924,2024-10-06 02:19:27,0,6,1,415
59540,2024-10-06 02:59:34,0,9,0,0
69966,2024-10-06 03:33:52,0,8,0,0
79878,2024-10-06 04:22:12,1,5,0,0
11831,2024-10-06 04:22:27,1,5,0,0
31445,2024-10-06 04:33:06,0,2,1,444
14561,2024-10-06 04:36:49,0,6,0,0
43976,2024-10-06 04:39:07,0,10,0,0
47801,2024-10-06 04:42:22,0,9,0,0
17,2024-10-06 05:04:52,0,4,0,0
53102,2024-10-06 05:08:05,0,3,0,0
56498,2024-10-06 05:12:46,1,9,0,0
53405,2024-10-06 05:36:33,1,7,0,0
44345,2024-10-06 05:42:28,1,3,1,269
49715,2024-10-06 05:45:58,0,7,1,379
36959,2024-10-06 05:49:05,0,13,0,0
39108,2024-10-06 06:06:59,0,5,0,0
1757,2024-10-06 06:10:06,0,8,0,0
93586,2024-10-06 06:15:30,0,5,1,322
14547,2024-10-06 06:18:53,0,5,1,186
16960,2024-10-06 06:40:13,1,3,1,370
78381,2024-10-06 06:52:46,1,6,1,153
62560,2024-10-06 06:55:45,0,6,0,0
47433,2024-10-06 08:10:03,0,6,0,0
50540,2024-10-06 08:24:44,0,6,0,0
39107,2024-10-06 08:30:01,0,1,0,0
98362,2024-10-06 08:31:17,0,6,0,0
92973,2024-10-06 08:35:52,0,7,0,0
34170,2024-10-06 08:36:13,0,11,0,0
82067,2024-10-06 08:38:16,1,5,1,331
5281,2024-10-06 08:48:24,0,4,1,184
28004,2024-10-06 08:49:27,0,4,1,364
5,2024-10-06 08:53:08,1,5,1,262
87218,2024-10-06 08:56:12,0,9,0,0
12498,2024-10-06 09:03:21,1,5,1,362
2690,2024-10-06 09:26:40,0,5,1,233
52763,2024-10-06 09:32:19,0,8,0,0
58339,2024-10-06 09:57:01,0,7,0,0
94702,2024-10-06 09:58:43,0,7,0,0
15950,2024-10-06 10:02:40,0,9,0,0
18831,2024-10-06 10:20:12,1,6,0,0
79244,2024-10-06 10:22:53,1,7,1,260
93928,2024-10-06 10:24:52,0,10,0,0
26504,2024-10-06 10:40:50,1,8,0,0
38083,2024-10-06 10:53:27,0,1,1,420
26257,2024-10-06 10:55:02,0,8,0,0
67804,2024-10-06 10:57:24,0,4,0,0
36541,2024-10-06 11:02:40,1,6,0,0
46672,2024-10-06 11:02:45,0,5,0,0
4394,2024-10-06 11:03:10,1,11,0,0
71811,2024-10-06 11:12:46,0,7,0,0
84575,2024-10-06 11:13:36,0,5,0,0
9613,2024-10-06 11:17:01,0,4,1,330
60036,2024-10-06 11:37:51,1,8,1,194
96901,2024-10-06 11:40:25,0,5,0,0
33548,2024-10-06 11:59:11,0,7,0,0
75325,2024-10-06 12:12:07,0,6,0,0
4173,2024-10-06 12:17:52,0,3,1,212
72387,2024-10-06 12:25:02,0,6,1,251
55263,2024-10-06 12:25:30,0,10,0,0
62723,2024-10-06 12:29:07,1,9,0,0
91011,2024-10-06 12:32:33,0,10,0,0
67804,2024-10-06 12:34:10,0,5,1,241
61418,2024-10-06 12:41:06,1,5,0,0
3672,2024-10-06 12:44:40,0,13,0,0
31558,2024-10-06 12:53:08,0,6,0,0
44367,2024-10-06 12:53:19,1,4,1,176
79527,2024-10-06 13:06:23,0,6,0,0
23339,2024-10-06 13:09:25,0,8,0,0
9110,2024-10-06 13:11:00,0,13,0,0
95793,2024-10-06 13:18:30,0,10,1,153
21019,2024-10-06 13:23:08,1,4,0,0
36541,2024-10-06 13:32:04,0,8,0,0
38947,2024-10-06 13:38:27,0,5,0,0
62656,2024-10-06 13:43:50,1,6,1,163
60712,2024-10-06 13:53:40,0,6,0,0
79545,2024-10-06 13:55:38,0,4,1,435
90813,2024-10-06 14:10:04,0,6,0,0
5665,2024-10-06 14:10:23,0,4,0,0
79881,2024-10-06 14:19:25,1,8,0,0
91519,2024-10-06 14:21:11,1,2,0,0
96291,2024-10-06 14:30:23,0,9,1,269
75665,2024-10-06 14:37:43,0,7,1,357
18011,2024-10-06 14:42:11,0,9,0,0
69035,2024-10-06 14:50:17,0,3,0,0
42241,2024-10-06 14:52:36,0,6,0,0
5606,2024-10-06 14:53:45,0,7,1,157
83921,2024-10-06 14:55:00,0,11,0,0
60184,2024-10-06 14:57:18,1,4,0,0
21811,2024-10-06 15:05:16,0,6,0,0
86973,2024-10-06 15:08:24,1,3,0,0
67457,2024-10-06 15:19:41,0,8,0,0
59443,2024-10-06 15:21:01,0,7,0,0
20030,2024-10-06 15:37:42,0,5,0,0
96950,2024-10-06 15:48:34,1,4,0,0
79791,2024-10-06 16:11:11,0,4,1,191
90319,2024-10-06 16:19:04,0,11,0,0
53683,2024-10-06 16:19:52,0,5,0,0
23425,2024-10-06 16:39:54,1,7,0,0
77080,2024-10-06 16:40:31,0,2,0,0
26109,2024-10-06 16:41:57,0,4,0,0
90319,2024-10-06 17:02:30,1,7,0,0
69611,2024-10-06 17:14:13,0,9,0,0
17849,2024-10-06 17:22:01,0,5,1,261
43743,2024-10-06 17:31:50,0,7,0,0
80091,2024-10-06 17:35:22,0,6,0,0
79713,2024-10-06 17:44:27,1,3,1,192
69216,2024-10-06 17:44:47,1,2,0,0
36133,2024-10-06 17:50:23,0,10,1,402
42321,2024-10-06 17:51:38,1,6,1,223
37626,2024-10-06 17:57:16,1,8,0,0
36191,2024-10-06 18:00:18,0,8,0,0
45690,2024-10-06 18:01:55,0,4,0,0
63344,2024-10-06 18:10:10,0,7,0,0
96291,2024-10-06 18:15:09,0,5,0,0
50857,2024-10-06 18:17:03,1,3,0,0
17398,2024-10-06 18:19:16,0,9,1,234
34102,2024-10-06 18:31:18,0,11,1,290
64993,2024-10-06 18:37:49,1,2,0,0
34170,2024-10-06 18:48:47,0,8,0,0
86507,2024-10-06 18:55:30,1,4,1,465
47692,2024-10-06 18:58:00,1,5,1,330
20190,2024-10-06 19:07:59,0,5,1,230
86070,2024-10-06 19:08:43,0,10,0,0
46672,2024-10-06 19:12:08,0,8,0,0
60382,2024-10-06 19:16:38,0,4,0,0
38141,2024-10-06 19:27:27,0,7,0,0
92405,2024-10-06 19:37:04,0,5,0,0
82787,2024-10-06 19:40:14,0,11,1,399
82082,2024-10-06 19:57:31,0,3,0,0
84600,2024-10-06 20:01:34,0,5,0,0
13709,2024-10-06 20:02:56,0,3,1,221
56625,2024-10-06 20:05:46,0,3,1,659
85100,2024-10-06 20:11:12,0,5,1,142
82188,2024-10-06 20:13:56,1,7,0,0
92973,2024-10-06 20:18:02,0,5,0,0
87463,2024-10-06 20:21:16,1,5,0,0
1057,2024-10-06 20:28:48,0,8,0,0
68222,2024-10-06 20:34:55,0,5,0,0
98421,2024-10-06 20:42:08,0,11,0,0
3778,2024-10-06 20:43:46,1,9,0,0
315,2024-10-06 20:50:23,0,5,0,0
3846,2024-10-06 20:53:30,0,5,0,0
81413,2024-10-06 21:08:00,0,11,1,298
38083,2024-10-06 21:16:21,1,7,0,0
88104,2024-10-06 21:25:35,1,7,1,259
9040,2024-10-06 21:45:21,0,6,1,321
18097,2024-10-06 21:51:12,0,8,1,389
19260,2024-10-06 21:58:15,0,1,0,0
33548,2024-10-06 22:10:06,0,8,0,0
37812,2024-10-06 22:13:54,0,8,0,0
71554,2024-10-06 22:23:10,0,4,0,0
99937,2024-10-06 22:31:28,0,5,0,0
15517,2024-10-06 22:34:54,1,6,0,0
51412,2024-10-06 22:35:48,1,8,0,0
93959,2024-10-06 22:39:56,0,6,0,0
72919,2024-10-06 22:42:32,0,7,1,295
94379,2024-10-06 23:09:42,0,6,0,0
43010,2024-10-06 23:15:03,0,5,1,294
10291,2024-10-06 23:19:16,1,5,0,0
79850,2024-10-06 23:24:56,0,5,0,0
74060,2024-10-06 23:59:47,0,3,0,0
42047,2024-10-07 01:07:04,1,3,0,0
83921,2024-10-07 01:08:32,0,8,0,0
67403,2024-10-07 01:22:44,0,12,1,211
39677,2024-10-07 01:25:07,1,6,0,0
59623,2024-10-07 01:52:48,0,4,0,0
26969,2024-10-07 02:11:39,0,4,1,497
29363,2024-10-07 02:28:18,0,2,0,0
72387,2024-10-07 02:51:46,1,2,1,253
37995,2024-10-07 03:46:38,1,6,0,0
43010,2024-10-07 03:47:44,0,8,1,200
58939,2024-10-07 03:53:21,1,2,1,250
67656,2024-10-07 03:55:45,1,6,0,0
91906,2024-10-07 04:14:44,0,11,0,0
88066,2024-10-07 04:50:31,1,5,0,0
95998,2024-10-07 05:08:08,1,9,0,0
23290,2024-10-07 05:25:36,0,9,0,0
24806,2024-10-07 05:33:42,0,10,0,0
91071,2024-10-07 05:40:02,0,2,0,0
15872,2024-10-07 05:41:29,1,3,0,0
5665,2024-10-07 06:00:37,0,12,0,0
7605,2024-10-07 06:20:07,0,6,0,0
88828,2024-10-07 06:52:11,0,2,0,0
4907,2024-10-07 07:06:41,1,5,1,571
87925,2024-10-07 07:24:55,0,4,0,0
44891,2024-10-07 07:51:02,0,5,0,0
21811,2024-10-07 08:02:43,1,8,1,383
72989,2024-10-07 08:04:33,0,7,1,534
65463,2024-10-07 08:13:51,0,3,0,0
29552,2024-10-07 08:19:39,0,10,0,0
17109,2024-10-07 08:20:45,0,4,0,0
61817,2024-10-07 08:38:29,1,9,0,0
50721,2024-10-07 09:09:14,0,1,0,0
21257,2024-10-07 09:09:36,1,6,1,372
85667,2024-10-07 09:24:41,0,5,0,0
9286,2024-10-07 09:26:03,1,6,1,246
72393,2024-10-07 09:29:30,0,6,1,255
20623,2024-10-07 09:40:15,0,5,0,0
12570,2024-10-07 09:40:17,1,6,0,0
16499,2024-10-07 09:51:19,0,6,0,0
70804,2024-10-07 09:59:19,0,9,0,0
88935,2024-10-07 10:00:37,0,4,1,206
5144,2024-10-07 10:14:27,0,5,0,0
68889,2024-10-07 10:16:48,0,7,0,0
47010,2024-10-07 10:35:47,0,3,0,0
58939,2024-10-07 10:45:32,1,5,1,451
53405,2024-10-07 10:51:47,1,11,1,271
86585,2024-10-07 11:01:24,1,6,0,0
36959,2024-10-07 11:14:07,0,8,0,0
89871,2024-10-07 11:20:13,1,4,1,357
23752,2024-10-07 11:32:09,0,3,1,218
32003,2024-10-07 11:32:35,0,4,1,302
21131,2024-10-07 11:47:37,1,4,1,358
30542,2024-10-07 11:48:32,1,4,1,224
20030,2024-10-07 12:00:38,0,6,0,0
98421,2024-10-07 12:09:24,0,5,0,0
86585,2024-10-07 12:14:00,0,6,1,266
19256,2024-10-07 12:28:21,0,12,0,0
19256,2024-10-07 12:43:22,0,4,0,0
31382,2024-10-07 12:51:53,0,6,1,216
15512,2024-10-07 13:10:11,0,4,1,309
32495,2024-10-07 13:14:36,0,11,1,421
65254,2024-10-07 13:44:43,0,5,0,0
92405,2024-10-07 13:54:38,1,2,0,0
60888,2024-10-07 14:07:48,0,9,1,366
83471,2024-10-07 14:08:40,0,7,0,0
61160,2024-10-07 14:19:53,0,6,0,0
50721,2024-10-07 14:22:04,1,8,1,179
72111,2024-10-07 14:22:33,0,6,1,170
9407,2024-10-07 14:32:03,0,6,0,0
63070,2024-10-07 14:46:00,1,6,1,285
53405,2024-10-07 14:46:21,0,6,0,0
4173,2024-10-07 15:06:00,0,9,0,0
60723,2024-10-07 15:07:04,0,6,0,0
19990,2024-10-07 15:08:27,0,6,0,0
85730,2024-10-07 15:11:40,0,8,0,0
91906,2024-10-07 15:20:10,1,8,0,0
63079,2024-10-07 15:23:03,0,4,0,0
36685,2024-10-07 15:25:10,1,5,0,0
92410,2024-10-07 15:51:53,0,2,0,0
24425,2024-10-07 16:05:12,0,4,0,0
51321,2024-10-07 16:06:49,1,6,0,0
87925,2024-10-07 16:08:38,0,3,1,329
51507,2024-10-07 16:16:07,0,7,1,493
11140,2024-10-07 16:37:16,0,7,0,0
74073,2024-10-07 16:42:34,0,7,1,353
67253,2024-10-07 17:07:13,1,5,1,263
1948,2024-10-07 17:11:36,1,4,0,0
52632,2024-10-07 17:17:26,0,7,0,0
16234,2024-10-07 17:22:09,0,8,1,207
43743,2024-10-07 17:28:55,0,7,0,0
80042,2024-10-07 17:30:14,0,6,1,423
68825,2024-10-07 17:37:25,0,10,0,0
55539,2024-10-07 17:43:18,1,4,0,0
5,2024-10-07 17:52:25,0,6,0,0
85667,2024-10-07 18:16:18,1,4,1,341
95489,2024-10-07 18:22:41,0,8,0,0
55526,2024-10-07 18:30:58,1,6,0,0
49553,2024-10-07 18:40:37,0,4,1,297
90298,2024-10-07 18:40:51,1,8,1,330
19134,2024-10-07 18:42:05,0,0,1,233
69879,2024-10-07 19:13:47,0,6,0,0
57158,2024-10-07 19:29:07,0,5,0,0
17068,2024-10-07 19:31:24,1,0,0,0
10070,2024-10-07 19:31:57,1,5,1,512
32424,2024-10-07 19:40:20,0,5,0,0
51342,2024-10-07 19:51:14,0,7,1,672
22294,2024-10-07 20:04:17,0,3,0,0
5281,2024-10-07 20:07:33,1,11,1,228
37428,2024-10-07 20:29:11,0,8,1,319
46074,2024-10-07 20:32:48,0,4,1,227
68467,2024-10-07 20:53:08,0,3,0,0
46074,2024-10-07 20:56:34,0,6,1,201
61437,2024-10-07 21:23:53,0,3,1,239
4729,2024-10-07 21:33:15,0,5,1,114
75325,2024-10-07 22:02:11,0,3,0,0
3778,2024-10-07 22:27:26,0,5,0,0
62856,2024-10-07 22:35:59,1,9,0,0
38663,2024-10-07 22:39:24,0,9,0,0
65376,2024-10-07 23:10:17,0,4,0,0
49983,2024-10-07 23:21:54,0,5,0,0
87925,2024-10-07 23:26:18,0,7,0,0
12183,2024-10-07 23:46:20,1,8,1,168
425,2024-10-07 23:49:28,0,9,0,0
95725,2024-10-08 00:00:02,0,11,1,291
56162,2024-10-08 00:06:59,0,3,0,0
92973,2024-10-08 00:11:34,1,4,0,0
56647,2024-10-08 00:22:21,0,7,0,0
25646,2024-10-08 00:28:30,1,6,0,0
64087,2024-10-08 00:30:32,0,4,0,0
1768,2024-10-08 00:34:44,0,7,0,0
15872,2024-10-08 00:43:31,0,9,0,0
86484,2024-10-08 00:44:15,0,4,1,516
41655,2024-10-08 00:46:49,1,1,0,0
97774,2024-10-08 00:47:15,0,9,1,192
3778,2024-10-08 00:56:10,0,11,1,272
84575,2024-10-08 01:13:36,0,4,0,0
60921,2024-10-08 01:27:39,0,2,1,192
22305,2024-10-08 01:44:30,0,7,0,0
98385,2024-10-08 01:54:59,0,15,0,0
73076,2024-10-08 01:59:55,0,4,0,0
12361,2024-10-08 02:14:25,1,5,0,0
99063,2024-10-08 02:19:10,0,9,0,0
12291,2024-10-08 02:29:03,1,7,1,169
5125,2024-10-08 02:40:50,0,8,0,0
81396,2024-10-08 02:41:10,1,6,0,0
55557,2024-10-08 02:54:00,1,5,1,586
66262,2024-10-08 03:27:57,0,1,0,0
60631,2024-10-08 04:06:05,1,3,1,266
92733,2024-10-08 04:36:01,0,5,1,343
37015,2024-10-08 05:12:01,0,4,0,0
46406,2024-10-08 05:15:39,0,4,0,0
76706,2024-10-08 06:12:46,0,8,1,246
46074,2024-10-08 06:27:31,0,8,1,261
82067,2024-10-08 06:38:51,0,5,0,0
13285,2024-10-08 06:45:28,0,14,0,0
62656,2024-10-08 06:54:55,1,6,0,0
17231,2024-10-08 07:08:24,0,3,1,360
18614,2024-10-08 07:09:40,0,5,0,0
57127,2024-10-08 07:27:02,0,10,0,0
77509,2024-10-08 07:33:36,0,7,0,0
73400,2024-10-08 07:48:19,0,7,1,315
81398,2024-10-08 08:01:22,0,5,0,0
44707,2024-10-08 08:05:35,0,7,0,0
94379,2024-10-08 08:06:56,0,5,0,0
25232,2024-10-08 08:21:27,0,6,1,252
87925,2024-10-08 08:23:53,1,9,0,0
5763,2024-10-08 08:38:41,1,1,1,490
52407,2024-10-08 08:48:33,0,8,0,0
54197,2024-10-08 08:52:05,1,9,0,0
85500,2024-10-08 08:54:36,1,6,1,313
24422,2024-10-08 08:59:26,1,5,0,0
47485,2024-10-08 09:11:14,0,6,1,340
31786,2024-10-08 09:19:01,0,7,0,0
19364,2024-10-08 09:22:41,1,9,0,0
1552,2024-10-08 09:23:59,0,6,0,0
7818,2024-10-08 09:29:32,0,6,0,0
10453,2024-10-08 09:36:15,0,2,0,0
58272,2024-10-08 09:41:49,0,10,0,0
69887,2024-10-08 09:48:41,1,7,1,392
84600,2024-10-08 09:48:42,1,5,1,425
28465,2024-10-08 09:49:19,0,2,0,0
29863,2024-10-08 10:12:57,1,6,1,267
10087,2024-10-08 10:14:18,0,4,1,360
44976,2024-10-08 10:20:26,0,9,1,238
21576,2024-10-08 10:40:14,1,7,0,0
15074,2024-10-08 10:43:04,0,7,1,238
81398,2024-10-08 11:05:10,0,5,0,0
52550,2024-10-08 11:19:34,0,3,0,0
64253,2024-10-08 11:20:18,0,7,0,0
44891,2024-10-08 11:31:19,1,5,0,0
22169,2024-10-08 11:33:04,1,6,0,0
60382,2024-10-08 11:42:41,1,8,1,634
4347,2024-10-08 11:47:11,0,4,1,688
45761,2024-10-08 11:55:24,1,11,0,0
87062,2024-10-08 12:03:29,0,2,1,284
4469,2024-10-08 12:12:30,1,3,0,0
8469,2024-10-08 12:13:00,1,9,0,0
97141,2024-10-08 12:16:07,1,5,0,0
70622,2024-10-08 12:17:47,0,9,0,0
42142,2024-10-08 12:26:53,0,3,0,0
35785,2024-10-08 12:31:11,0,5,0,0
55538,2024-10-08 12:36:53,0,2,0,0
40561,2024-10-08 12:38:22,0,1,0,0
38573,2024-10-08 12:40:47,0,4,0,0
58567,2024-10-08 12:41:24,0,5,0,0
81519,2024-10-08 12:45:28,1,8,1,295
25170,2024-10-08 12:54:03,0,9,0,0
13709,2024-10-08 13:02:54,0,5,0,0
80721,2024-10-08 13:16:30,1,8,0,0
22537,2024-10-08 13:54:47,0,12,1,308
78635,2024-10-08 14:30:13,1,5,0,0
94556,2024-10-08 14:33:20,0,3,0,0
87214,2024-10-08 14:33:22,1,8,0,0
43479,2024-10-08 14:42:36,1,4,1,330
69915,2024-10-08 14:54:00,0,9,0,0
29552,2024-10-08 15:02:57,1,7,1,238
96108,2024-10-08 15:17:30,0,8,0,0
41505,2024-10-08 15:19:14,0,7,0,0
21941,2024-10-08 15:21:16,1,10,0,0
5491,2024-10-08 15:23:17,0,8,0,0
8894,2024-10-08 15:25:06,0,4,0,0
40698,2024-10-08 15:27:53,0,7,0,0
64208,2024-10-08 15:28:19,0,9,0,0
11140,2024-10-08 15:32:55,0,3,0,0
74645,2024-10-08 15:34:54,1,5,0,0
83539,2024-10-08 15:48:22,0,7,1,375
10453,2024-10-08 16:00:42,0,5,1,278
49553,2024-10-08 16:17:44,1,4,0,0
71048,2024-10-08 16:27:56,0,5,1,373
6061,2024-10-08 17:06:59,1,7,0,0
42686,2024-10-08 17:07:53,1,5,0,0
88501,2024-10-08 17:17:14,0,5,0,0
76826,2024-10-08 17:23:41,1,9,1,274
37568,2024-10-08 17:32:25,0,8,0,0
95218,2024-10-08 17:33:38,1,5,0,0
4729,2024-10-08 17:54:10,1,5,0,0
71132,2024-10-08 18:01:00,0,4,1,383
40470,2024-10-08 18:01:58,0,6,0,0
18818,2024-10-08 18:02:51,0,6,0,0
47176,2024-10-08 18:08:53,0,7,0,0
84046,2024-10-08 18:16:33,0,8,0,0
20845,2024-10-08 18:25:33,1,5,0,0
60498,2024-10-08 18:27:45,1,7,0,0
93664,2024-10-08 18:31:07,0,2,0,0
9286,2024-10-08 18:36:29,0,5,0,0
57189,2024-10-08 18:43:00,0,9,0,0
79540,2024-10-08 18:45:47,1,8,0,0
72585,2024-10-08 18:47:53,0,9,0,0
89871,2024-10-08 18:54:06,1,7,1,365
9286,2024-10-08 19:03:45,0,6,0,0
43617,2024-10-08 19:07:33,1,6,0,0
60888,2024-10-08 19:14:20,0,6,0,0
14149,2024-10-08 19:23:46,0,6,1,273
87507,2024-10-08 19:26:43,1,7,0,0
63395,2024-10-08 19:28:05,0,5,0,0
32495,2024-10-08 19:31:31,1,2,1,439
86484,2024-10-08 19:35:44,0,1,1,525
87737,2024-10-08 19:39:14,1,6,0,0
50857,2024-10-08 19:59:09,1,6,0,0
62856,2024-10-08 19:59:17,0,9,1,226
86297,2024-10-08 19:59:50,1,6,1,389
98756,2024-10-08 20:00:04,1,8,1,132
85730,2024-10-08 20:03:05,1,7,0,0
69930,2024-10-08 20:11:28,0,6,0,0
42423,2024-10-08 20:18:11,1,6,1,253
51481,2024-10-08 20:21:11,0,2,1,608
23916,2024-10-08 20:22:25,0,5,0,0
23806,2024-10-08 20:24:48,0,5,1,644
46672,2024-10-08 20:27:21,1,7,1,402
4521,2024-10-08 20:39:35,1,6,0,0
71554,2024-10-08 21:01:00,1,12,1,651
12163,2024-10-08 21:02:13,0,8,0,0
93664,2024-10-08 21:15:56,0,6,0,0
55300,2024-10-08 21:20:29,1,9,1,300
19562,2024-10-08 21:30:27,0,9,0,0
86484,2024-10-08 21:35:06,0,4,0,0
96015,2024-10-08 21:44:13,0,9,1,285
92733,2024-10-08 21:48:36,1,4,0,0
88935,2024-10-08 21:57:22,0,3,1,464
25745,2024-10-08 21:59:12,0,10,0,0
18125,2024-10-08 22:00:34,1,7,0,0
68197,2024-10-08 22:09:55,0,3,0,0
52632,2024-10-08 22:17:27,0,6,0,0
26774,2024-10-08 22:25:43,1,8,0,0
64987,2024-10-08 22:27:57,0,6,1,244
55539,2024-10-08 22:30:04,0,5,0,0
95793,2024-10-08 22:31:32,0,13,0,0
84524,2024-10-08 22:33:11,0,5,0,0
20960,2024-10-08 22:39:58,0,2,0,0
9557,2024-10-08 22:51:29,0,5,1,683
47616,2024-10-08 22:51:29,0,5,0,0
65254,2024-10-08 23:18:30,1,7,1,368
87066,2024-10-08 23:20:03,0,6,1,401
80859,2024-10-08 23:40:47,0,1,0,0
96221,2024-10-08 23:42:26,0,2,1,394
59167,2024-10-09 00:03:00,0,4,0,0
47176,2024-10-09 00:11:16,0,10,0,0
49084,2024-10-09 00:12:40,0,6,1,289
53102,2024-10-09 00:14:45,1,5,0,0
58196,2024-10-09 00:15:59,0,4,0,0
54831,2024-10-09 00:19:10,1,6,0,0
29863,2024-10-09 00:55:29,0,10,0,0
50220,2024-10-09 01:03:57,0,6,0,0
67020,2024-10-09 01:20:09,1,7,0,0
58587,2024-10-09 01:23:22,0,3,0,0
81129,2024-10-09 02:12:49,1,7,1,298
38265,2024-10-09 02:18:50,0,2,0,0
87542,2024-10-09 02:49:08,1,12,0,0
24239,2024-10-09 02:49:31,1,8,1,398
94156,2024-10-09 03:00:31,1,9,0,0
26257,2024-10-09 03:23:01,0,4,0,0
61378,2024-10-09 03:28:59,0,7,0,0
86645,2024-10-09 03:58:44,1,4,0,0
87737,2024-10-09 04:07:05,0,6,1,460
91723,2024-10-09 04:19:58,1,10,1,443
91519,2024-10-09 04:21:54,1,4,1,157
1677,2024-10-09 04:29:35,0,7,0,0
19709,2024-10-09 04:32:04,1,8,0,0
7079,2024-10-09 04:42:15,1,9,1,395
18831,2024-10-09 04:52:20,0,8,0,0
1677,2024-10-09 05:02:42,0,5,1,341
60295,2024-10-09 05:08:06,0,8,0,0
55605,2024-10-09 05:20:36,0,10,0,0
45151,2024-10-09 05:42:33,1,3,0,0
1677,2024-10-09 05:45:44,0,9,0,0
43976,2024-10-09 06:57:06,1,10,0,0
80441,2024-10-09 07:06:57,0,7,1,242
5281,2024-10-09 07:10:53,0,7,1,298
43478,2024-10-09 07:26:44,1,4,1,493
28261,2024-10-09 07:48:39,1,8,0,0
12243,2024-10-09 07:55:47,0,5,0,0
43751,2024-10-09 08:03:22,0,9,1,388
99351,2024-10-09 08:07:48,0,8,0,0
16050,2024-10-09 08:22:34,0,3,0,0
268,2024-10-09 08:44:04,1,8,0,0
17068,2024-10-09 08:46:48,0,7,0,0
51809,2024-10-09 08:51:48,0,5,0,0
45618,2024-10-09 08:54:45,0,7,0,0
36136,2024-10-09 08:58:57,0,7,0,0
56972,2024-10-09 09:01:03,0,7,0,0
76276,2024-10-09 09:08:38,1,11,0,0
33548,2024-10-09 09:14:23,0,4,1,257
64993,2024-10-09 09:24:42,0,5,0,0
89938,2024-10-09 09:33:05,0,1,0,0
27077,2024-10-09 09:52:42,0,4,0,0
46841,2024-10-09 09:58:04,0,5,1,263
91071,2024-10-09 10:07:40,1,6,0,0
67403,2024-10-09 10:08:10,0,10,0,0
81250,2024-10-09 10:09:57,0,2,0,0
65362,2024-10-09 10:27:47,1,6,0,0
7079,2024-10-09 10:37:47,0,9,0,0
83952,2024-10-09 10:39:36,1,6,0,0
80029,2024-10-09 10:40:17,0,11,0,0
24817,2024-10-09 10:44:18,0,8,1,429
26623,2024-10-09 10:47:06,1,5,0,0
41432,2024-10-09 10:51:23,1,8,0,0
47165,2024-10-09 10:51:46,0,11,0,0
8295,2024-10-09 10:52:42,0,3,1,317
14710,2024-10-09 11:01:25,1,6,0,0
26458,2024-10-09 11:08:22,1,9,0,0
81225,2024-10-09 11:15:06,1,7,0,0
23806,2024-10-09 11:16:30,1,5,0,0
23900,2024-10-09 11:19:59,0,7,0,0
79986,2024-10-09 11:21:02,0,11,0,0
16963,2024-10-09 11:24:00,0,5,1,199
80801,2024-10-09 11:38:00,0,10,0,0
8470,2024-10-09 11:38:04,0,6,0,0
5339,2024-10-09 11:40:22,0,2,0,0
67777,2024-10-09 11:45:41,1,7,0,0
44310,2024-10-09 11:47:43,0,7,1,269
83383,2024-10-09 11:49:51,0,7,0,0
66691,2024-10-09 11:58:54,1,4,0,0
17844,2024-10-09 12:00:59,0,5,0,0
57189,2024-10-09 12:06:29,1,10,1,300
34373,2024-10-09 12:11:54,0,5,0,0
52156,2024-10-09 12:12:36,0,1,1,304
20190,2024-10-09 12:18:39,0,3,1,552
48711,2024-10-09 12:20:10,0,4,1,251
38947,2024-10-09 12:21:04,1,3,0,0
33189,2024-10-09 12:30:42,0,5,0,0
6167,2024-10-09 12:32:14,1,7,0,0
967,2024-10-09 12:33:24,1,5,0,0
65213,2024-10-09 12:36:17,0,3,0,0
74707,2024-10-09 12:37:03,0,10,0,0
9824,2024-10-09 12:40:39,0,6,0,0
40212,2024-10-09 12:55:21,1,5,1,369
492,2024-10-09 12:58:30,0,4,0,0
87458,2024-10-09 13:08:19,0,2,1,711
52153,2024-10-09 13:21:22,0,8,0,0
19990,2024-10-09 13:22:01,0,4,0,0
29124,2024-10-09 13:48:41,0,9,1,392
23122,2024-10-09 13:50:04,1,4,1,285
61131,2024-10-09 13:50:25,0,10,0,0
29552,2024-10-09 13:51:21,0,7,0,0
27400,2024-10-09 13:51:28,1,4,0,0
54414,2024-10-09 13:56:00,0,7,0,0
81486,2024-10-09 13:56:43,0,7,0,0
75384,2024-10-09 14:05:02,0,9,0,0
20571,2024-10-09 14:19:07,1,5,0,0
14990,2024-10-09 14:30:27,0,6,0,0
95986,2024-10-09 14:39:40,0,10,1,409
34360,2024-10-09 14:59:45,0,8,0,0
77509,2024-10-09 15:04:37,0,3,1,253
79469,2024-10-09 15:10:23,0,3,0,0
84237,2024-10-09 15:13:35,0,7,1,219
50576,2024-10-09 15:13:56,1,5,0,0
41432,2024-10-09 15:28:12,0,4,0,0
28465,2024-10-09 15:32:44,0,6,0,0
37793,2024-10-09 15:34:37,0,5,0,0
27342,2024-10-09 15:42:45,0,5,0,0
184,2024-10-09 15:43:10,0,7,0,0
46855,2024-10-09 15:48:14,0,3,1,475
51262,2024-10-09 15:50:10,0,4,0,0
51830,2024-10-09 15:54:48,1,5,1,490
96031,2024-10-09 15:58:46,1,1,0,0
31430,2024-10-09 16:00:12,0,6,0,0
72873,2024-10-09 16:00:24,1,9,0,0
51796,2024-10-09 16:03:12,1,6,0,0
5606,2024-10-09 16:18:03,1,4,0,0
56392,2024-10-09 16:19:45,0,7,0,0
29784,2024-10-09 16:28:17,0,3,0,0
45151,2024-10-09 16:34:59,1,6,0,0
84524,2024-10-09 16:39:15,0,4,0,0
11969,2024-10-09 16:39:18,1,8,1,221
21806,2024-10-09 16:45:05,0,10,1,200
74073,2024-10-09 16:48:40,0,10,0,0
67262,2024-10-09 16:59:55,1,4,1,353
68299,2024-10-09 17:09:34,0,7,0,0
80042,2024-10-09 17:14:20,0,7,1,270
65335,2024-10-09 17:25:19,0,4,0,0
84600,2024-10-09 17:32:36,1,8,1,341
41926,2024-10-09 17:33:21,1,4,1,234
99739,2024-10-09 17:39:01,0,8,1,351
63070,2024-10-09 17:43:07,0,5,0,0
81398,2024-10-09 17:52:57,0,5,0,0
67235,2024-10-09 18:02:23,1,6,0,0
52156,2024-10-09 18:08:32,0,8,0,0
75502,2024-10-09 18:17:13,0,6,0,0
92777,2024-10-09 18:28:06,0,4,0,0
73439,2024-10-09 18:39:08,0,7,1,172
48810,2024-10-09 18:44:25,1,7,0,0
5763,2024-10-09 18:56:39,0,7,1,340
19256,2024-10-09 19:02:54,0,5,0,0
32424,2024-10-09 19:16:41,0,5,1,340
53102,2024-10-09 19:19:36,0,3,0,0
51855,2024-10-09 19:23:24,0,2,0,0
22904,2024-10-09 19:33:57,1,4,1,361
90156,2024-10-09 19:35:12,0,9,0,0
36616,2024-10-09 19:40:33,1,6,1,336
54261,2024-10-09 19:42:41,1,5,1,473
82478,2024-10-09 19:53:03,1,1,1,230
97418,2024-10-09 19:59:41,0,4,0,0
88110,2024-10-09 20:01:37,0,7,0,0
26422,2024-10-09 20:02:15,0,4,0,0
70339,2024-10-09 20:07:40,0,6,0,0
72873,2024-10-09 20:11:52,0,5,1,218
81974,2024-10-09 20:15:10,0,6,0,0
84101,2024-10-09 20:19:49,0,6,0,0
71360,2024-10-09 20:21:30,1,3,1,277
60888,2024-10-09 20:28:50,0,7,1,233
74620,2024-10-09 20:30:41,1,6,0,0
63175,2024-10-09 20:33:06,0,5,0,0
64208,2024-10-09 20:33:52,0,7,0,0
79850,2024-10-09 20:57:35,0,6,0,0
24165,2024-10-09 21:02:51,0,7,0,0
16381,2024-10-09 21:17:00,0,10,0,0
54875,2024-10-09 21:30:07,0,10,0,0
27400,2024-10-09 21:30:46,1,4,0,0
24304,2024-10-09 21:33:08,0,3,0,0
95260,2024-10-09 21:34:01,0,8,1,261
41432,2024-10-09 21:35:34,1,7,1,542
45855,2024-10-09 21:37:15,1,6,0,0
84101,2024-10-09 21:39:46,0,10,0,0
80681,2024-10-09 21:45:22,0,7,1,255
80420,2024-10-09 21:48:15,0,4,0,0
46406,2024-10-09 22:00:28,0,1,1,291
77896,2024-10-09 22:17:25,0,5,1,238
29658,2024-10-09 22:26:23,0,8,1,322
21811,2024-10-09 22:29:10,1,8,0,0
68467,2024-10-09 22:50:26,0,6,0,0
54980,2024-10-09 22:52:09,0,5,1,459
10465,2024-10-09 23:00:36,1,10,0,0
11235,2024-10-09 23:18:24,0,3,0,0
36685,2024-10-09 23:18:29,1,3,0,0
96965,2024-10-09 23:24:54,1,7,1,318
23695,2024-10-09 23:32:10,1,8,1,319
73165,2024-10-09 23:40:05,1,6,0,0
65907,2024-10-09 23:43:29,1,1,1,379
61873,2024-10-09 23:52:06,0,3,0,0
96965,2024-10-10 00:02:28,0,7,0,0
57290,2024-10-10 00:35:21,0,6,1,332
72111,2024-10-10 00:37:14,0,4,0,0
18614,2024-10-10 00:44:24,0,6,0,0
92973,2024-10-10 01:00:29,0,8,0,0
1552,2024-10-10 01:03:33,0,7,1,564
51262,2024-10-10 01:16:11,0,4,0,0
17723,2024-10-10 01:20:17,0,5,1,303
69105,2024-10-10 02:02:30,1,5,0,0
88849,2024-10-10 02:02:52,0,5,0,0
16782,2024-10-10 02:17:00,1,7,0,0
41237,2024-10-10 02:17:10,1,4,0,0
31558,2024-10-10 02:21:19,0,9,0,0
51481,2024-10-10 02:28:30,1,7,1,330
65180,2024-10-10 02:32:00,1,7,0,0
79986,2024-10-10 02:33:37,1,4,0,0
76116,2024-10-10 02:35:55,1,6,1,306
87507,2024-10-10 03:00:20,0,7,1,181
64987,2024-10-10 03:45:37,1,3,1,462
85193,2024-10-10 03:51:07,0,8,0,0
52599,2024-10-10 04:11:03,0,7,1,229
88110,2024-10-10 04:12:13,0,7,1,258
44277,2024-10-10 04:14:08,0,6,1,272
31422,2024-10-10 04:14:44,1,7,0,0
30360,2024-10-10 04:18:14,0,4,1,241
23556,2024-10-10 04:30:22,0,8,0,0
681,2024-10-10 04:33:09,0,9,0,0
60921,2024-10-10 04:43:22,0,3,1,230
96947,2024-10-10 04:50:37,0,9,0,0
69611,2024-10-10 05:19:00,0,4,1,378
56869,2024-10-10 05:19:27,0,7,0,0
54032,2024-10-10 05:26:08,0,7,0,0
23339,2024-10-10 05:52:15,0,3,0,0
98586,2024-10-10 05:57:16,0,7,1,233
68467,2024-10-10 06:06:42,0,7,0,0
69678,2024-10-10 06:16:22,0,3,1,227
59934,2024-10-10 06:35:56,0,9,1,211
95515,2024-10-10 07:03:35,1,5,0,0
53102,2024-10-10 07:05:32,0,3,1,259
56642,2024-10-10 07:06:16,0,5,0,0
10087,2024-10-10 07:29:59,0,5,0,0
24817,2024-10-10 07:39:39,1,12,0,0
18818,2024-10-10 07:42:27,1,6,0,0
8778,2024-10-10 08:01:21,0,5,0,0
57399,2024-10-10 08:28:32,0,10,0,0
52333,2024-10-10 08:37:24,0,10,0,0
67403,2024-10-10 08:45:35,0,5,0,0
61160,2024-10-10 08:54:37,0,5,1,478
55667,2024-10-10 08:58:22,0,11,1,404
88540,2024-10-10 09:04:31,0,6,0,0
48852,2024-10-10 09:07:30,0,11,0,0
53073,2024-10-10 09:13:41,0,10,1,330
87218,2024-10-10 09:22:55,1,8,0,0
56647,2024-10-10 09:27:08,1,4,1,1030
76429,2024-10-10 09:32:42,0,10,0,0
46891,2024-10-10 09:37:08,0,3,0,0
21539,2024-10-10 09:40:33,0,8,0,0
91405,2024-10-10 09:49:39,0,8,0,0
42028,2024-10-10 09:53:00,1,4,1,163
76116,2024-10-10 09:54:56,1,6,1,252
54205,2024-10-10 10:02:01,1,2,0,0
23425,2024-10-10 10:05:13,0,6,1,259
38173,2024-10-10 10:16:16,1,5,0,0
20571,2024-10-10 10:18:30,0,4,1,278
88542,2024-10-10 10:19:47,0,5,0,0
49446,2024-10-10 10:24:05,1,9,0,0
91559,2024-10-10 10:24:48,1,5,0,0
79325,2024-10-10 10:35:03,1,7,0,0
18427,2024-10-10 10:39:56,0,10,0,0
65591,2024-10-10 10:52:24,0,11,1,238
31881,2024-10-10 10:54:29,1,7,0,0
89358,2024-10-10 10:57:45,0,1,0,0
55359,2024-10-10 11:07:21,1,3,0,0
69930,2024-10-10 11:12:02,1,3,0,0
90708,2024-10-10 11:12:34,1,9,1,317
63160,2024-10-10 11:17:10,0,5,1,284
50584,2024-10-10 11:19:54,1,15,0,0
86645,2024-10-10 11:24:01,1,5,0,0
1552,2024-10-10 11:26:23,0,7,0,0
2705,2024-10-10 11:29:19,0,5,0,0
49553,2024-10-10 11:51:14,1,3,0,0
68316,2024-10-10 11:56:23,0,6,1,338
95218,2024-10-10 12:07:23,0,6,0,0
70339,2024-10-10 12:13:18,1,6,1,264
47616,2024-10-10 12:28:33,0,9,0,0
78369,2024-10-10 12:31:11,1,5,0,0
92791,2024-10-10 12:34:43,0,5,0,0
36133,2024-10-10 12:37:31,0,8,1,266
79878,2024-10-10 12:50:34,0,6,0,0
13556,2024-10-10 12:58:08,0,6,1,437
81974,2024-10-10 13:11:19,1,9,1,459
93167,2024-10-10 13:18:22,1,3,0,0
87877,2024-10-10 13:19:53,0,7,0,0
37761,2024-10-10 13:39:37,0,4,0,0
45618,2024-10-10 13:44:12,0,4,0,0
5281,2024-10-10 13:54:26,1,4,0,0
62723,2024-10-10 14:05:26,1,4,0,0
39874,2024-10-10 14:06:08,0,6,0,0
93586,2024-10-10 14:12:41,0,3,0,0
16234,2024-10-10 14:14:03,0,11,0,0
51121,2024-10-10 14:16:38,1,6,1,223
83406,2024-10-10 14:19:22,0,8,0,0
52333,2024-10-10 14:20:00,0,7,0,0
60888,2024-10-10 14:20:24,0,5,0,0
64105,2024-10-10 14:20:55,0,3,0,0
30700,2024-10-10 14:27:12,0,7,0,0
25617,2024-10-10 14:28:29,0,4,1,431
96517,2024-10-10 14:32:41,0,2,0,0
33154,2024-10-10 14:37:04,1,6,0,0
98708,2024-10-10 14:39:37,0,4,0,0
85144,2024-10-10 14:45:13,1,4,0,0
54414,2024-10-10 14:50:39,1,7,0,0
99352,2024-10-10 14:51:12,0,3,0,0
45165,2024-10-10 15:04:15,1,6,1,500
9298,2024-10-10 15:07:56,0,4,1,334
15407,2024-10-10 15:10:00,0,5,0,0
60122,2024-10-10 15:11:41,0,10,0,0
20467,2024-10-10 15:17:40,0,5,1,305
11826,2024-10-10 15:27:59,0,5,0,0
92733,2024-10-10 15:31:57,0,7,1,398
26116,2024-10-10 15:37:59,0,9,1,334
60122,2024-10-10 15:38:08,0,9,0,0
79797,2024-10-10 15:45:46,0,7,0,0
5020,2024-10-10 15:47:59,0,11,1,244
36481,2024-10-10 16:21:04,0,5,1,454
17089,2024-10-10 16:22:16,0,6,1,306
3908,2024-10-10 16:26:53,0,6,1,169
37793,2024-10-10 17:00:51,0,5,0,0
12498,2024-10-10 17:09:08,1,5,1,205
72393,2024-10-10 17:16:40,0,10,1,174
11427,2024-10-10 17:33:03,0,6,0,0
31881,2024-10-10 17:33:42,0,3,0,0
24425,2024-10-10 17:42:26,1,2,0,0
39943,2024-10-10 17:43:25,0,8,0,0
68222,2024-10-10 17:53:09,0,6,0,0
27023,2024-10-10 17:59:16,1,6,0,0
64253,2024-10-10 17:59:53,0,7,1,341
13420,2024-10-10 18:10:12,1,4,0,0
75548,2024-10-10 18:10:47,0,6,0,0
56625,2024-10-10 18:26:47,0,4,0,0
56869,2024-10-10 18:28:18,0,4,0,0
26347,2024-10-10 18:32:02,0,3,0,0
21972,2024-10-10 18:34:23,0,5,1,319
43470,2024-10-10 18:40:46,1,10,1,313
72585,2024-10-10 18:42:44,1,5,0,0
12903,2024-10-10 18:43:54,1,6,0,0
93720,2024-10-10 18:45:35,0,7,1,355
82634,2024-10-10 18:46:50,0,3,1,267
83340,2024-10-10 18:50:02,0,7,0,0
17663,2024-10-10 18:53:07,1,6,0,0
54875,2024-10-10 19:00:56,0,4,0,0
5144,2024-10-10 19:17:28,0,9,0,0
94556,2024-10-10 19:24:17,1,3,1,346
67262,2024-10-10 19:37:33,0,4,1,234
83340,2024-10-10 19:42:17,0,10,0,0
370,2024-10-10 19:44:29,0,3,0,0
38246,2024-10-10 19:50:13,0,5,1,587
60445,2024-10-10 19:51:33,0,7,0,0
91948,2024-10-10 20:06:17,0,3,0,0
6111,2024-10-10 20:14:22,0,8,1,225
98211,2024-10-10 20:14:29,0,4,0,0
72718,2024-10-10 20:20:12,0,6,1,303
69883,2024-10-10 20:26:54,1,5,0,0
68467,2024-10-10 20:29:04,1,9,0,0
22522,2024-10-10 20:35:08,0,6,0,0
1677,2024-10-10 20:41:25,0,7,0,0
52599,2024-10-10 20:48:20,0,2,0,0
23556,2024-10-10 20:58:07,0,3,0,0
2962,2024-10-10 21:03:01,0,5,1,321
24825,2024-10-10 21:15:27,0,8,1,242
94023,2024-10-10 21:38:42,0,5,1,413
4990,2024-10-10 21:40:06,0,5,0,0
86973,2024-10-10 21:51:18,0,6,1,248
25138,2024-10-10 22:04:25,1,3,0,0
54414,2024-10-10 22:13:51,0,6,0,0
13285,2024-10-10 22:26:12,0,5,0,0
93986,2024-10-10 22:33:48,1,2,0,0
41926,2024-10-10 22:44:04,0,4,0,0
7881,2024-10-10 22:57:21,1,5,1,299
11880,2024-10-10 23:03:37,0,4,1,304
16960,2024-10-10 23:06:09,0,8,0,0
43568,2024-10-10 23:06:42,0,11,0,0
66265,2024-10-10 23:14:49,0,3,0,0
69377,2024-10-10 23:17:32,1,6,1,120
8885,2024-10-10 23:18:23,1,4,1,204
21539,2024-10-10 23:21:27,0,6,0,0
94026,2024-10-10 23:21:53,0,9,0,0
28031,2024-10-10 23:29:01,1,7,0,0
62063,2024-10-10 23:33:02,0,4,0,0
66460,2024-10-10 23:35:47,0,6,0,0
22169,2024-10-10 23:39:42,1,3,0,0
29552,2024-10-10 23:42:02,1,4,0,0
16301,2024-10-11 00:22:00,1,9,1,308
64987,2024-10-11 00:50:58,1,4,1,607
30632,2024-10-11 01:00:47,1,8,1,205
2106,2024-10-11 01:20:01,0,3,1,282
68299,2024-10-11 01:34:30,0,4,0,0
12903,2024-10-11 01:37:19,0,7,1,144
75502,2024-10-11 01:44:18,1,11,1,323
89182,2024-10-11 01:48:29,0,3,0,0
8470,2024-10-11 01:56:42,0,6,0,0
43478,2024-10-11 02:15:26,0,7,0,0
50721,2024-10-11 02:43:25,0,8,0,0
75678,2024-10-11 02:44:28,0,7,1,467
58141,2024-10-11 02:58:00,0,3,0,0
85827,2024-10-11 03:15:28,1,8,0,0
24825,2024-10-11 03:23:27,0,6,0,0
84237,2024-10-11 03:45:20,1,9,0,0
16473,2024-10-11 03:50:57,1,5,0,0
87214,2024-10-11 04:07:08,1,8,1,500
26623,2024-10-11 04:09:23,0,7,0,0
80118,2024-10-11 04:39:24,0,5,1,203
11053,2024-10-11 04:55:40,0,8,0,0
55667,2024-10-11 05:23:26,1,3,1,329
94427,2024-10-11 05:28:05,0,7,1,367
79540,2024-10-11 05:42:21,0,6,0,0
50293,2024-10-11 05:46:18,0,2,0,0
27031,2024-10-11 05:49:44,0,4,0,0
33003,2024-10-11 06:02:42,0,2,0,0
80869,2024-10-11 06:07:13,1,5,0,0
75677,2024-10-11 06:55:14,0,7,0,0
11009,2024-10-11 07:15:22,0,6,0,0
31250,2024-10-11 07:20:43,0,8,0,0
75084,2024-10-11 07:55:13,1,9,0,0
60295,2024-10-11 08:08:14,0,6,0,0
14710,2024-10-11 08:16:04,0,9,0,0
79530,2024-10-11 08:26:28,1,6,1,547
14290,2024-10-11 08:36:37,0,6,1,289
45824,2024-10-11 08:37:52,1,7,1,250
9407,2024-10-11 08:39:52,0,7,1,150
967,2024-10-11 08:46:45,0,7,0,0
60184,2024-10-11 08:47:24,0,7,0,0
24262,2024-10-11 08:48:53,1,5,1,267
76826,2024-10-11 08:52:00,0,3,0,0
10453,2024-10-11 08:54:36,0,3,0,0
11009,2024-10-11 09:08:28,0,5,1,325
44194,2024-10-11 09:11:03,0,7,0,0
23425,2024-10-11 09:40:10,0,4,1,358
65350,2024-10-11 09:45:49,0,11,0,0
60921,2024-10-11 09:56:34,0,8,0,0
27928,2024-10-11 10:07:59,0,6,0,0
3246,2024-10-11 10:09:26,1,5,1,217
87218,2024-10-11 10:12:58,1,8,1,231
97093,2024-10-11 10:15:32,0,5,0,0
95260,2024-10-11 10:16:52,1,4,0,0
80392,2024-10-11 10:34:39,0,3,0,0
65350,2024-10-11 10:49:27,0,6,1,204
72585,2024-10-11 10:51:36,0,7,1,669
57127,2024-10-11 11:02:59,0,5,0,0
90101,2024-10-11 11:07:26,0,8,0,0
45089,2024-10-11 11:13:55,1,6,1,144
36136,2024-10-11 11:15:06,0,4,0,0
95125,2024-10-11 11:20:41,1,2,0,0
11235,2024-10-11 11:22:43,0,4,1,370
96517,2024-10-11 11:32:08,1,6,1,262
81487,2024-10-11 11:33:46,0,5,0,0
53683,2024-10-11 11:38:36,1,7,0,0
86456,2024-10-11 11:43:15,1,6,0,0
9284,2024-10-11 12:06:27,0,6,1,252
50151,2024-10-11 12:12:40,0,8,1,174
80869,2024-10-11 12:14:26,0,11,0,0
9500,2024-10-11 12:17:02,0,4,1,228
82634,2024-10-11 12:18:27,0,3,0,0
58577,2024-10-11 12:25:43,0,3,1,271
62820,2024-10-11 12:25:59,0,9,1,370
72585,2024-10-11 12:31:03,1,6,0,0
46237,2024-10-11 12:34:32,0,6,0,0
95986,2024-10-11 12:48:33,1,9,0,0
88066,2024-10-11 13:05:38,1,4,0,0
76276,2024-10-11 13:21:16,0,9,0,0
42142,2024-10-11 13:22:48,0,10,1,331
17398,2024-10-11 13:33:52,0,3,1,159
76276,2024-10-11 13:41:02,1,8,0,0
18831,2024-10-11 13:42:50,0,4,0,0
85427,2024-10-11 13:43:11,1,6,0,0
59623,2024-10-11 13:48:19,0,7,0,0
95998,2024-10-11 13:49:14,0,5,0,0
94023,2024-10-11 13:49:44,1,5,1,372
48633,2024-10-11 14:02:05,0,9,0,0
98421,2024-10-11 14:07:55,0,4,0,0
93906,2024-10-11 14:10:48,0,5,0,0
29263,2024-10-11 14:15:32,0,9,0,0
96123,2024-10-11 14:19:40,0,7,0,0
21019,2024-10-11 14:25:02,0,6,0,0
72354,2024-10-11 14:30:37,0,6,0,0
31082,2024-10-11 14:47:40,0,10,1,673
32495,2024-10-11 15:04:57,1,6,1,729
66691,2024-10-11 15:09:39,0,10,0,0
3408,2024-10-11 15:11:07,0,4,0,0
7818,2024-10-11 15:25:22,1,10,1,378
51507,2024-10-11 15:30:26,0,7,1,291
64202,2024-10-11 15:43:19,1,4,0,0
73642,2024-10-11 15:50:24,0,6,0,0
69966,2024-10-11 15:55:07,0,11,0,0
96901,2024-10-11 16:07:23,0,7,0,0
52763,2024-10-11 16:12:06,0,4,1,245
94026,2024-10-11 16:15:45,0,7,1,754
80420,2024-10-11 16:16:12,0,6,1,217
66855,2024-10-11 16:17:41,0,9,0,0
86585,2024-10-11 16:20:47,1,0,1,306
18614,2024-10-11 16:32:02,0,8,0,0
26347,2024-10-11 16:34:15,0,4,0,0
52632,2024-10-11 16:37:56,0,7,0,0
60392,2024-10-11 16:42:08,1,5,0,0
1440,2024-10-11 16:50:20,0,9,1,281
97475,2024-10-11 16:59:19,1,9,0,0
86585,2024-10-11 17:13:34,1,6,0,0
20329,2024-10-11 17:16:39,0,8,0,0
10906,2024-10-11 17:27:44,0,2,0,0
62181,2024-10-11 17:28:08,0,8,0,0
23916,2024-10-11 17:32:07,0,4,0,0
54261,2024-10-11 17:42:41,0,6,0,0
63327,2024-10-11 17:51:28,0,5,0,0
34009,2024-10-11 18:01:11,0,5,0,0
95125,2024-10-11 18:03:26,0,4,0,0
57964,2024-10-11 18:04:10,0,10,0,0
55577,2024-10-11 18:05:53,0,5,1,666
87737,2024-10-11 18:14:25,0,6,1,370
61437,2024-10-11 18:29:25,0,10,0,0
58723,2024-10-11 18:29:35,0,3,1,550
54980,2024-10-11 18:29:45,1,7,1,196
32424,2024-10-11 18:35:56,0,6,0,0
967,2024-10-11 18:40:13,0,6,0,0
10936,2024-10-11 18:50:18,0,9,0,0
62181,2024-10-11 18:54:38,1,5,0,0
87463,2024-10-11 19:07:00,0,7,0,0
32424,2024-10-11 19:26:30,0,4,1,513
90658,2024-10-11 19:46:23,1,3,1,164
59540,2024-10-11 19:47:06,1,5,1,264
75716,2024-10-11 19:49:50,1,4,0,0
18616,2024-10-11 19:59:25,1,4,1,339
68977,2024-10-11 20:01:43,1,7,1,311
21972,2024-10-11 20:06:20,1,9,0,0
17849,2024-10-11 20:08:22,0,8,1,399
19562,2024-10-11 20:10:17,0,5,1,680
9284,2024-10-11 20:46:35,0,4,0,0
28465,2024-10-11 21:05:15,0,7,0,0
25138,2024-10-11 21:17:15,0,11,1,256
20960,2024-10-11 21:19:10,0,9,0,0
67262,2024-10-11 21:27:38,1,5,0,0
11831,2024-10-11 21:30:02,0,7,1,442
895,2024-10-11 21:38:20,0,4,0,0
49199,2024-10-11 21:58:19,0,8,0,0
83952,2024-10-11 22:05:05,0,9,0,0
967,2024-10-11 22:08:01,1,4,1,272
79325,2024-10-11 22:08:33,0,8,1,380
46891,2024-10-11 22:12:35,0,10,0,0
59540,2024-10-11 22:17:04,0,8,1,230
26504,2024-10-11 22:18:43,0,5,0,0
31382,2024-10-11 22:31:08,0,4,1,541
48541,2024-10-11 22:33:36,1,6,1,391
85500,2024-10-11 22:35:05,1,3,1,270
62063,2024-10-11 22:39:06,0,3,1,290
71048,2024-10-11 22:39:41,0,6,0,0
65205,2024-10-11 22:40:20,1,4,0,0
36959,2024-10-11 22:50:06,0,7,1,227
45761,2024-10-11 22:51:30,0,7,1,257
65205,2024-10-11 23:02:45,0,3,0,0
99063,2024-10-11 23:02:52,0,6,1,254
63344,2024-10-11 23:11:16,0,7,0,0
2806,2024-10-11 23:25:48,0,2,0,0
6491,2024-10-11 23:34:37,0,6,0,0
56432,2024-10-11 23:37:23,1,6,0,0
36629,2024-10-11 23:42:14,1,7,0,0
21285,2024-10-11 23:45:55,1,6,1,280
56392,2024-10-11 23:51:53,1,7,0,0
10007,2024-10-11 23:53:25,0,3,1,490
51919,2024-10-12 00:21:42,1,6,0,0
81225,2024-10-12 00:35:35,1,5,1,254
42241,2024-10-12 00:43:44,0,6,0,0
89437,2024-10-12 01:23:50,1,7,0,0
37793,2024-10-12 01:35:44,0,9,0,0
27342,2024-10-12 01:57:44,1,10,1,285
87171,2024-10-12 02:02:06,0,3,0,0
71811,2024-10-12 02:05:31,0,2,1,460
93586,2024-10-12 02:25:52,1,3,1,528
87463,2024-10-12 02:43:47,1,5,0,0
21803,2024-10-12 02:47:06,0,5,1,215
44381,2024-10-12 03:22:01,0,10,0,0
22169,2024-10-12 03:51:01,0,5,0,0
65033,2024-10-12 04:03:57,1,5,0,0
21335,2024-10-12 04:32:17,0,5,0,0
28112,2024-10-12 05:01:48,0,8,1,349
62820,2024-10-12 05:13:13,1,6,0,0
31912,2024-10-12 05:51:21,0,3,1,130
29263,2024-10-12 06:09:39,0,9,1,274
14290,2024-10-12 06:20:35,0,2,0,0
70947,2024-10-12 06:39:21,1,6,0,0
93928,2024-10-12 06:50:44,0,4,0,0
90194,2024-10-12 06:53:59,0,3,1,271
68222,2024-10-12 07:03:06,0,7,0,0
86124,2024-10-12 07:31:51,1,6,0,0
60888,2024-10-12 07:34:27,1,5,0,0
9110,2024-10-12 07:36:32,0,5,0,0
30947,2024-10-12 07:37:23,1,8,0,0
5,2024-10-12 08:06:45,0,6,0,0
93415,2024-10-12 08:11:56,1,4,0,0
29552,2024-10-12 08:13:58,0,5,1,407
51769,2024-10-12 08:20:48,0,7,1,423
94738,2024-10-12 08:27:49,0,4,1,225
29124,2024-10-12 08:33:40,0,8,0,0
5763,2024-10-12 08:43:43,0,7,1,496
93724,2024-10-12 08:44:53,0,4,0,0
81974,2024-10-12 08:55:42,1,4,1,536
19648,2024-10-12 08:57:32,1,9,1,266
14078,2024-10-12 09:03:03,0,7,1,410
96901,2024-10-12 09:03:45,1,8,0,0
38798,2024-10-12 09:08:55,1,6,0,0
60445,2024-10-12 09:11:33,1,4,0,0
93720,2024-10-12 09:26:10,0,4,0,0
81396,2024-10-12 09:40:56,1,4,0,0
68825,2024-10-12 09:42:26,0,4,1,212
18831,2024-10-12 09:43:53,1,13,1,266
67804,2024-10-12 09:47:36,0,2,1,759
16577,2024-10-12 09:48:00,0,6,0,0
85236,2024-10-12 09:49:17,0,8,0,0
14290,2024-10-12 09:52:48,1,4,0,0
49277,2024-10-12 09:56:13,1,6,1,437
8469,2024-10-12 09:56:57,1,8,0,0
11886,2024-10-12 10:09:14,0,2,0,0
96950,2024-10-12 10:16:53,0,5,0,0
59540,2024-10-12 10:24:45,0,2,0,0
80403,2024-10-12 10:25:34,0,12,1,252
33003,2024-10-12 10:27:32,1,5,0,0
75691,2024-10-12 10:27:49,1,9,1,413
95125,2024-10-12 10:32:01,0,6,0,0
79540,2024-10-12 10:33:29,1,7,1,887
49983,2024-10-12 10:37:36,1,7,0,0
14990,2024-10-12 10:47:36,0,7,1,327
10906,2024-10-12 10:56:22,0,9,0,0
75678,2024-10-12 10:59:04,0,3,0,0
64253,2024-10-12 11:08:34,0,6,1,198
45824,2024-10-12 11:08:47,1,6,0,0
78972,2024-10-12 11:10:04,1,5,0,0
85193,2024-10-12 11:13:27,0,7,0,0
11780,2024-10-12 11:15:42,0,5,0,0
70071,2024-10-12 11:22:53,0,5,0,0
92375,2024-10-12 11:42:06,0,13,0,0
38720,2024-10-12 11:48:50,1,5,0,0
57382,2024-10-12 12:03:30,0,7,0,0
21576,2024-10-12 12:04:56,0,10,0,0
22788,2024-10-12 12:20:13,0,7,0,0
93928,2024-10-12 12:27:30,1,11,1,260
45259,2024-10-12 12:30:47,0,11,0,0
77896,2024-10-12 12:35:37,1,4,0,0
9284,2024-10-12 12:51:52,0,5,0,0
42321,2024-10-12 12:53:43,0,7,0,0
28261,2024-10-12 12:57:37,0,1,0,0
39108,2024-10-12 13:00:28,1,6,1,445
9573,2024-10-12 13:28:38,0,7,0,0
19717,2024-10-12 13:44:37,1,8,1,165
72646,2024-10-12 13:52:01,1,5,1,151
29263,2024-10-12 14:02:30,1,2,0,0
61378,2024-10-12 14:07:24,0,2,1,354
21131,2024-10-12 14:16:34,0,5,0,0
63160,2024-10-12 14:27:58,0,4,0,0
18616,2024-10-12 14:32:38,0,8,0,0
38679,2024-10-12 14:33:39,0,6,0,0
61378,2024-10-12 14:34:27,0,7,1,437
59718,2024-10-12 14:44:33,1,8,0,0
56625,2024-10-12 14:44:41,0,2,0,0
95998,2024-10-12 14:54:42,1,3,1,406
65213,2024-10-12 15:04:17,1,8,0,0
79301,2024-10-12 15:11:36,0,6,0,0
27400,2024-10-12 15:12:25,0,2,0,0
13464,2024-10-12 15:23:04,0,8,0,0
95414,2024-10-12 15:29:02,1,4,0,0
79324,2024-10-12 15:29:24,0,8,0,0
62820,2024-10-12 15:33:39,0,10,0,0
98708,2024-10-12 15:35:45,1,5,0,0
26458,2024-10-12 15:44:15,0,6,0,0
31636,2024-10-12 15:46:36,1,6,1,287
67656,2024-10-12 15:54:56,0,5,1,337
96108,2024-10-12 16:02:53,0,6,0,0
88460,2024-10-12 16:04:40,1,5,0,0
72645,2024-10-12 16:06:16,0,5,0,0
81153,2024-10-12 16:13:15,0,4,1,205
370,2024-10-12 16:23:00,0,4,0,0
48819,2024-10-12 16:27:43,1,4,0,0
61131,2024-10-12 16:45:55,1,6,0,0
15512,2024-10-12 16:48:52,0,6,0,0
59345,2024-10-12 16:50:59,1,4,1,607
27031,2024-10-12 17:01:23,0,7,0,0
895,2024-10-12 17:01:34,1,11,0,0
80587,2024-10-12 17:08:14,0,5,0,0
72645,2024-10-12 17:13:02,0,11,0,0
43335,2024-10-12 17:38:44,0,3,1,532
97309,2024-10-12 17:43:13,0,6,0,0
37995,2024-10-12 17:48:12,1,8,1,341
22242,2024-10-12 17:53:39,0,4,0,0
73304,2024-10-12 18:09:57,0,6,1,254
2705,2024-10-12 18:17:13,0,6,0,0
98362,2024-10-12 18:17:48,0,4,1,221
28031,2024-10-12 18:27:47,1,3,1,226
42241,2024-10-12 18:31:39,0,7,0,0
56162,2024-10-12 18:45:31,1,8,0,0
31422,2024-10-12 18:53:08,0,3,1,281
91906,2024-10-12 18:56:12,0,6,0,0
67603,2024-10-12 18:57:50,0,5,0,0
43751,2024-10-12 18:57:54,0,4,0,0
36959,2024-10-12 18:59:19,1,1,1,158
97069,2024-10-12 19:09:03,0,9,0,0
30632,2024-10-12 19:11:31,0,8,0,0
5054,2024-10-12 19:21:12,0,3,0,0
32424,2024-10-12 19:25:11,0,5,0,0
79244,2024-10-12 19:31:50,0,5,0,0
25042,2024-10-12 19:45:41,1,5,1,351
73036,2024-10-12 19:49:35,0,4,1,356
37832,2024-10-12 19:53:56,0,6,0,0
36541,2024-10-12 19:56:23,1,2,0,0
20068,2024-10-12 19:57:14,0,7,1,316
19709,2024-10-12 20:01:08,0,4,0,0
22423,2024-10-12 20:07:40,0,6,1,427
94773,2024-10-12 20:08:09,0,5,0,0
22223,2024-10-12 20:09:50,0,7,0,0
64558,2024-10-12 20:23:38,0,9,0,0
48711,2024-10-12 20:27:59,0,9,0,0
62490,2024-10-12 20:32:18,1,6,0,0
73076,2024-10-12 20:40:41,1,6,0,0
10465,2024-10-12 20:43:24,0,5,1,418
85236,2024-10-12 21:19:08,0,3,1,610
97401,2024-10-12 21:22:00,0,8,0,0
99455,2024-10-12 21:55:00,0,4,0,0
19709,2024-10-12 22:21:58,0,10,0,0
56498,2024-10-12 22:27:06,0,7,0,0
37761,2024-10-12 22:41:52,0,7,1,227
43470,2024-10-12 22:42:12,0,8,0,0
14822,2024-10-12 22:51:42,0,5,1,546
27974,2024-10-12 22:55:10,0,7,0,0
6856,2024-10-12 22:59:31,1,8,1,428
69035,2024-10-12 23:09:15,1,6,1,410
34360,2024-10-12 23:16:29,1,5,1,183
92733,2024-10-12 23:24:49,0,4,0,0
17109,2024-10-12 23:28:18,1,13,0,0
89251,2024-10-12 23:37:37,0,7,0,0
75417,2024-10-12 23:52:27,0,7,0,0
62490,2024-10-12 23:52:32,0,5,0,0
77840,2024-10-12 23:53:05,0,7,0,0
28236,2024-10-12 23:59:37,0,7,0,0
67655,2024-10-13 00:03:18,0,6,1,300
11947,2024-10-13 00:19:38,1,5,0,0
55107,2024-10-13 00:44:21,1,6,1,375
53683,2024-10-13 00:45:42,1,8,0,0
89303,2024-10-13 00:45:49,0,4,0,0
11831,2024-10-13 00:46:10,0,10,0,0
82364,2024-10-13 00:59:47,1,5,0,0
90708,2024-10-13 01:05:05,0,10,1,346
76514,2024-10-13 01:50:57,1,5,1,224
38173,2024-10-13 02:29:50,0,8,1,309
97489,2024-10-13 03:00:36,0,4,0,0
79325,2024-10-13 03:06:07,0,5,0,0
10336,2024-10-13 03:17:19,1,4,1,289
15407,2024-10-13 03:31:43,0,6,1,589
75678,2024-10-13 03:49:34,0,9,0,0
40181,2024-10-13 03:52:23,0,5,0,0
98213,2024-10-13 04:16:48,0,4,0,0
51250,2024-10-13 04:34:25,1,10,0,0
99937,2024-10-13 04:56:32,0,5,1,258
52566,2024-10-13 05:05:25,1,6,1,333
32755,2024-10-13 05:34:19,1,2,0,0
65350,2024-10-13 05:50:38,0,6,0,0
45761,2024-10-13 06:45:16,0,5,0,0
36133,2024-10-13 06:56:02,1,3,0,0
66144,2024-10-13 07:03:15,1,6,0,0
32575,2024-10-13 07:08:49,0,6,0,0
58567,2024-10-13 07:12:57,1,6,0,0
72522,2024-10-13 07:25:14,1,1,1,288
25944,2024-10-13 07:27:03,0,9,0,0
14710,2024-10-13 07:28:13,0,8,0,0
31359,2024-10-13 07:29:39,0,7,1,360
79339,2024-10-13 07:39:31,1,7,1,246
38141,2024-10-13 07:39:52,0,4,0,0
11427,2024-10-13 07:49:32,0,8,0,0
29784,2024-10-13 08:07:34,0,6,0,0
21584,2024-10-13 08:17:49,1,6,0,0
44707,2024-10-13 08:20:41,1,7,0,0
268,2024-10-13 08:33:11,0,4,1,290
42534,2024-10-13 08:39:47,0,3,0,0
19583,2024-10-13 08:44:24,0,5,0,0
63458,2024-10-13 08:49:06,0,6,1,203
21019,2024-10-13 09:04:18,0,4,1,285
50395,2024-10-13 09:09:26,1,6,0,0
65313,2024-10-13 09:11:52,0,7,0,0
81153,2024-10-13 09:25:42,1,2,1,369
20467,2024-10-13 09:27:30,0,8,1,504
56972,2024-10-13 09:37:07,0,12,1,329
99198,2024-10-13 09:48:22,1,9,0,0
75700,2024-10-13 09:50:25,0,10,0,0
4729,2024-10-13 09:53:19,1,5,0,0
36825,2024-10-13 09:56:09,0,5,0,0
57382,2024-10-13 10:04:53,0,7,0,0
95599,2024-10-13 10:06:30,0,4,1,329
4907,2024-10-13 10:10:48,1,8,1,326
44066,2024-10-13 10:13:41,0,5,0,0
52153,2024-10-13 10:20:12,0,6,0,0
93959,2024-10-13 10:29:24,1,7,1,350
3246,2024-10-13 10:30:03,1,5,1,166
27023,2024-10-13 10:39:33,0,10,1,283
97451,2024-10-13 10:40:25,0,3,0,0
11826,2024-10-13 10:46:56,0,7,0,0
12243,2024-10-13 10:48:31,0,6,0,0
2104,2024-10-13 10:48:51,0,6,0,0
72111,2024-10-13 10:51:39,0,7,0,0
94738,2024-10-13 10:58:24,0,10,1,310
94738,2024-10-13 11:00:09,1,5,0,0
12361,2024-10-13 11:06:06,1,9,0,0
57290,2024-10-13 11:23:23,0,5,0,0
17849,2024-10-13 11:33:07,0,7,0,0
43010,2024-10-13 11:33:33,0,4,0,0
91510,2024-10-13 11:34:01,0,7,1,321
92405,2024-10-13 11:45:53,0,5,0,0
11053,2024-10-13 12:01:51,0,12,0,0
97141,2024-10-13 12:05:39,0,5,0,0
13420,2024-10-13 12:19:15,0,1,0,0
32495,2024-10-13 12:20:46,0,7,0,0
36191,2024-10-13 12:32:08,0,5,0,0
39874,2024-10-13 12:36:55,1,3,0,0
17844,2024-10-13 12:45:32,0,6,0,0
26807,2024-10-13 12:45:35,1,6,0,0
29263,2024-10-13 12:48:27,0,7,1,300
19364,2024-10-13 12:51:08,0,6,0,0
3408,2024-10-13 12:53:16,1,4,1,228
64087,2024-10-13 12:58:51,0,8,1,486
38265,2024-10-13 13:00:41,1,12,0,0
80091,2024-10-13 13:14:00,0,8,1,414
57275,2024-10-13 13:14:17,1,5,0,0
5020,2024-10-13 13:15:29,0,5,1,272
57127,2024-10-13 13:34:15,0,7,1,357
69804,2024-10-13 13:44:30,0,10,0,0
31558,2024-10-13 13:49:38,0,5,1,240
86648,2024-10-13 13:59:57,1,6,0,0
67656,2024-10-13 14:07:36,1,3,1,274
39677,2024-10-13 14:12:16,1,7,0,0
96223,2024-10-13 14:14:06,1,7,1,460
57869,2024-10-13 14:24:06,1,2,0,0
65694,2024-10-13 14:25:02,0,6,0,0
11096,2024-10-13 14:26:48,1,5,0,0
22904,2024-10-13 14:31:18,0,2,1,252
28004,2024-10-13 14:36:48,1,7,1,375
36191,2024-10-13 14:37:41,0,9,0,0
73036,2024-10-13 14:38:38,1,6,1,1180
23466,2024-10-13 14:39:39,0,5,1,166
65201,2024-10-13 14:42:26,0,4,1,426
67248,2024-10-13 14:53:16,0,6,1,315
89245,2024-10-13 14:54:24,1,6,0,0
59844,2024-10-13 14:59:38,0,5,0,0
65180,2024-10-13 15:01:13,1,3,1,333
24425,2024-10-13 15:03:30,0,6,1,355
38663,2024-10-13 15:17:45,0,9,0,0
32026,2024-10-13 15:37:35,0,6,1,396
58577,2024-10-13 15:38:42,1,5,0,0
36685,2024-10-13 15:39:35,0,6,0,0
61752,2024-10-13 15:42:29,0,5,1,365
10007,2024-10-13 15:55:52,0,8,0,0
74060,2024-10-13 16:11:26,0,2,0,0
81398,2024-10-13 16:22:55,1,6,1,316
73165,2024-10-13 16:28:39,1,11,0,0
31343,2024-10-13 16:28:42,0,5,0,0
5975,2024-10-13 16:30:47,1,9,0,0
47556,2024-10-13 16:32:27,0,8,1,522
24817,2024-10-13 16:39:53,0,5,1,654
20947,2024-10-13 16:40:22,0,6,0,0
35505,2024-10-13 16:43:05,1,3,0,0
36133,2024-10-13 16:50:20,0,4,1,378
59345,2024-10-13 16:55:26,0,7,0,0
55263,2024-10-13 17:01:41,0,7,0,0
68012,2024-10-13 17:07:23,0,7,0,0
64278,2024-10-13 17:09:30,0,3,0,0
26300,2024-10-13 17:31:36,1,6,0,0
71360,2024-10-13 17:55:25,0,7,1,289
20068,2024-10-13 17:56:43,0,6,0,0
80441,2024-10-13 18:02:00,1,5,0,0
30621,2024-10-13 18:03:32,1,9,0,0
23339,2024-10-13 18:06:21,0,6,0,0
10465,2024-10-13 18:23:48,1,4,1,152
21541,2024-10-13 18:26:39,1,2,0,0
32026,2024-10-13 18:29:08,0,6,0,0
59610,2024-10-13 18:33:11,0,3,0,0
98385,2024-10-13 18:37:56,1,9,0,0
79511,2024-10-13 18:41:43,0,5,1,324
60723,2024-10-13 18:44:35,1,6,1,405
23290,2024-10-13 18:47:56,0,3,0,0
82782,2024-10-13 18:50:29,0,7,1,476
11776,2024-10-13 18:54:02,0,3,0,0
87618,2024-10-13 18:54:17,0,2,1,292
2778,2024-10-13 19:01:59,0,7,1,513
84046,2024-10-13 19:07:24,1,8,0,0
95986,2024-10-13 19:17:38,0,6,0,0
75524,2024-10-13 19:37:14,1,5,0,0
21576,2024-10-13 19:50:19,0,5,0,0
23916,2024-10-13 19:51:06,1,7,1,237
25580,2024-10-13 19:51:40,0,5,0,0
18831,2024-10-13 19:54:37,0,8,0,0
66774,2024-10-13 19:55:00,0,4,0,0
55605,2024-10-13 19:57:32,0,11,1,285
52153,2024-10-13 20:05:22,0,7,0,0
77184,2024-10-13 20:12:48,0,5,0,0
93180,2024-10-13 20:21:21,1,7,1,222
12903,2024-10-13 20:27:02,1,3,0,0
38265,2024-10-13 20:50:01,0,6,1,294
59683,2024-10-13 20:54:16,0,3,1,245
55170,2024-10-13 21:12:24,0,10,0,0
34360,2024-10-13 21:18:18,0,4,0,0
5054,2024-10-13 21:18:51,0,7,0,0
23840,2024-10-13 21:33:56,0,7,1,486
70071,2024-10-13 21:38:41,0,4,1,267
98586,2024-10-13 21:39:54,0,7,0,0
69678,2024-10-13 21:50:32,1,5,0,0
47556,2024-10-13 21:52:02,1,7,1,362
31343,2024-10-13 21:52:57,0,6,0,0
43470,2024-10-13 22:15:42,0,5,0,0
97176,2024-10-13 22:16:28,1,10,1,327
92973,2024-10-13 22:18:19,0,6,0,0
22305,2024-10-13 22:22:13,0,6,0,0
76116,2024-10-13 22:23:05,1,7,0,0
29124,2024-10-13 22:34:05,0,5,1,321
56972,2024-10-13 22:34:34,0,6,0,0
41649,2024-10-13 22:36:01,0,3,0,0
61721,2024-10-13 22:45:12,0,5,0,0
2411,2024-10-13 22:58:42,1,8,0,0
18744,2024-10-13 23:02:02,0,2,0,0
74418,2024-10-13 23:07:41,1,7,0,0
20298,2024-10-13 23:26:05,1,11,1,250
39332,2024-10-13 23:26:33,0,6,0,0
31430,2024-10-13 23:35:54,0,3,0,0
13117,2024-10-13 23:42:42,1,8,0,0
90156,2024-10-13 23:53:18,0,3,1,486
9500,2024-10-14 00:14:03,1,8,1,360
1599,2024-10-14 00:24:00,1,7,0,0
58196,2024-10-14 00:30:01,0,5,0,0
68977,2024-10-14 01:01:21,0,3,1,289
45406,2024-10-14 01:07:38,0,4,0,0
87877,2024-10-14 01:19:24,0,4,0,0
895,2024-10-14 01:26:53,1,5,0,0
14547,2024-10-14 01:30:30,0,1,1,341
68292,2024-10-14 01:46:32,1,3,0,0
59844,2024-10-14 02:08:34,0,4,0,0
96221,2024-10-14 02:15:30,0,3,0,0
60122,2024-10-14 02:27:30,0,4,1,222
38246,2024-10-14 02:34:55,0,6,1,326
62181,2024-10-14 02:36:54,0,8,1,204
80441,2024-10-14 03:17:03,1,7,1,563
22423,2024-10-14 03:51:41,0,5,0,0
85420,2024-10-14 04:06:34,1,5,1,287
52333,2024-10-14 04:10:10,1,5,0,0
60888,2024-10-14 04:15:24,0,7,0,0
78369,2024-10-14 04:35:20,0,5,0,0
31422,2024-10-14 05:03:08,0,4,1,253
24262,2024-10-14 05:12:47,0,5,1,402
46237,2024-10-14 05:26:37,0,5,0,0
87463,2024-10-14 05:38:42,1,6,0,0
71128,2024-10-14 05:54:15,0,5,0,0
75718,2024-10-14 06:01:38,0,5,1,168
96291,2024-10-14 06:01:38,1,5,1,275
52127,2024-10-14 06:03:05,0,10,0,0
93652,2024-10-14 06:24:50,0,7,0,0
24430,2024-10-14 06:30:36,0,9,0,0
22169,2024-10-14 07:05:26,0,4,1,192
96031,2024-10-14 07:08:00,1,9,0,0
26109,2024-10-14 07:08:52,0,5,0,0
94427,2024-10-14 07:11:01,1,5,0,0
59288,2024-10-14 07:17:59,0,8,1,316
92733,2024-10-14 07:20:49,0,7,0,0
65180,2024-10-14 07:50:41,0,4,1,344
86124,2024-10-14 08:03:27,1,5,0,0
53683,2024-10-14 08:18:03,0,4,0,0
90802,2024-10-14 08:23:58,0,9,0,0
18831,2024-10-14 08:26:23,1,7,0,0
75285,2024-10-14 08:32:47,0,8,0,0
59610,2024-10-14 08:37:11,1,5,0,0
84524,2024-10-14 08:38:57,0,5,0,0
68825,2024-10-14 08:51:31,1,8,1,227
54261,2024-10-14 08:54:21,1,4,0,0
43453,2024-10-14 08:55:58,1,8,0,0
70804,2024-10-14 08:56:46,0,5,0,0
13709,2024-10-14 09:00:59,0,5,0,0
91559,2024-10-14 09:01:36,0,5,1,330
79881,2024-10-14 09:10:40,0,3,0,0
44367,2024-10-14 09:17:55,0,6,0,0
36685,2024-10-14 09:40:44,1,10,1,172
21257,2024-10-14 09:49:42,0,6,0,0
31430,2024-10-14 10:07:00,0,5,1,542
85427,2024-10-14 10:07:01,0,7,0,0
84440,2024-10-14 10:10:12,1,3,1,559
23122,2024-10-14 10:15:04,0,3,1,271
4780,2024-10-14 10:23:09,0,10,0,0
90101,2024-10-14 10:31:41,0,5,1,290
89871,2024-10-14 10:35:45,1,6,0,0
19648,2024-10-14 10:39:30,0,6,0,0
18290,2024-10-14 10:50:00,0,5,0,0
43583,2024-10-14 11:08:07,0,5,0,0
6185,2024-10-14 11:08:55,0,3,0,0
6185,2024-10-14 11:10:26,0,9,0,0
86403,2024-10-14 11:12:19,0,7,1,354
51769,2024-10-14 11:17:01,0,5,0,0
43191,2024-10-14 11:17:05,0,3,0,0
19256,2024-10-14 11:56:20,0,6,1,220
92998,2024-10-14 11:59:57,0,8,0,0
15376,2024-10-14 12:11:27,0,9,0,0
73515,2024-10-14 12:12:40,0,1,0,0
54032,2024-10-14 12:18:11,0,7,1,310
20030,2024-10-14 12:40:17,0,8,0,0
79878,2024-10-14 12:56:18,0,8,1,198
27563,2024-10-14 13:07:01,0,6,0,0
61721,2024-10-14 13:23:10,0,8,1,272
9613,2024-10-14 13:30:47,0,10,1,208
17097,2024-10-14 13:35:48,1,6,0,0
11053,2024-10-14 13:37:20,1,9,1,244
93986,2024-10-14 13:38:58,0,8,0,0
681,2024-10-14 13:44:21,0,4,0,0
29658,2024-10-14 13:49:45,0,7,0,0
15116,2024-10-14 13:59:57,0,6,1,239
28112,2024-10-14 14:32:17,0,3,0,0
85827,2024-10-14 14:34:46,0,4,0,0
38807,2024-10-14 14:39:57,0,6,1,270
21541,2024-10-14 14:42:41,0,1,0,0
75548,2024-10-14 14:44:03,0,8,0,0
46758,2024-10-14 14:44:28,1,3,0,0
11629,2024-10-14 14:48:14,0,5,1,298
61160,2024-10-14 15:14:06,1,6,1,426
31558,2024-10-14 15:38:47,0,4,0,0
38971,2024-10-14 15:54:31,1,7,0,0
16499,2024-10-14 15:57:19,1,4,0,0
27563,2024-10-14 16:16:50,1,5,0,0
41909,2024-10-14 16:29:51,1,7,0,0
2104,2024-10-14 16:35:13,1,6,1,399
56498,2024-10-14 16:38:59,1,5,1,643
49643,2024-10-14 16:54:11,0,5,0,0
436,2024-10-14 16:59:56,0,11,1,561
61873,2024-10-14 17:14:44,0,5,0,0
91097,2024-10-14 17:16:15,1,5,1,210
87577,2024-10-14 17:32:36,0,4,0,0
84046,2024-10-14 17:33:08,0,8,0,0
46541,2024-10-14 17:36:15,1,9,1,280
47801,2024-10-14 17:42:39,0,4,0,0
83340,2024-10-14 18:02:19,1,8,0,0
63327,2024-10-14 18:16:56,1,6,0,0
64203,2024-10-14 18:24:57,0,9,0,0
2009,2024-10-14 18:35:23,0,9,0,0
87737,2024-10-14 18:49:19,0,10,0,0
86585,2024-10-14 19:05:29,0,3,0,0
75678,2024-10-14 19:10:45,0,7,0,0
34695,2024-10-14 19:24:42,1,6,1,356
58577,2024-10-14 19:35:10,0,5,0,0
15376,2024-10-14 19:38:49,1,5,1,367
93167,2024-10-14 19:42:56,0,7,0,0
69377,2024-10-14 19:58:23,0,7,1,139
24422,2024-10-14 19:59:30,0,7,0,0
55605,2024-10-14 20:06:43,1,8,0,0
87392,2024-10-14 20:09:13,0,7,0,0
31445,2024-10-14 20:20:19,1,4,0,0
370,2024-10-14 20:24:49,0,3,1,283
92973,2024-10-14 20:28:55,0,3,0,0
31445,2024-10-14 20:43:09,0,5,1,214
17723,2024-10-14 20:45:20,1,5,0,0
38065,2024-10-14 20:46:27,0,8,1,399
69611,2024-10-14 20:48:06,0,7,0,0
58141,2024-10-14 20:48:28,0,11,1,260
77142,2024-10-14 20:57:42,1,4,0,0
11880,2024-10-14 21:10:38,0,5,1,305
56456,2024-10-14 21:12:14,0,4,1,306
72265,2024-10-14 21:27:23,1,5,0,0
66855,2024-10-14 21:40:57,1,6,0,0
88066,2024-10-14 21:42:04,0,5,0,0
80403,2024-10-14 21:44:58,1,3,1,292
73165,2024-10-14 21:47:51,1,4,0,0
11907,2024-10-14 21:50:26,1,7,1,191
30685,2024-10-14 21:52:55,1,7,0,0
77238,2024-10-14 22:16:01,0,7,1,319
22161,2024-10-14 22:28:11,0,6,0,0
82865,2024-10-14 22:29:18,0,2,0,0
16381,2024-10-14 22:35:50,0,5,1,250
79797,2024-10-14 22:45:41,0,6,0,0
65963,2024-10-14 22:45:56,0,4,0,0
74073,2024-10-14 22:51:55,0,8,0,0
90802,2024-10-14 23:01:46,0,8,0,0
4968,2024-10-14 23:10:30,1,5,0,0
28688,2024-10-14 23:13:36,1,6,0,0
41926,2024-10-14 23:30:07,0,7,0,0
85144,2024-10-14 23:34:03,1,6,0,0
88559,2024-10-14 23:40:19,1,11,1,493
22223,2024-10-14 23:45:26,1,7,1,253
42402,2024-10-15 00:14:57,0,4,0,0
9429,2024-10-15 00:41:54,1,8,0,0
92791,2024-10-15 01:22:19,1,7,0,0
26300,2024-10-15 01:22:40,0,9,1,431
68889,2024-10-15 01:39:40,1,8,0,0
12513,2024-10-15 01:40:07,0,9,0,0
77445,2024-10-15 01:42:12,0,3,1,396
31636,2024-10-15 01:44:47,0,3,1,421
52357,2024-10-15 01:46:08,1,2,0,0
33835,2024-10-15 02:11:10,1,4,0,0
54980,2024-10-15 02:29:31,0,7,0,0
69804,2024-10-15 02:48:24,0,4,0,0
76116,2024-10-15 03:44:11,1,6,0,0
41237,2024-10-15 03:46:30,1,8,0,0
58337,2024-10-15 03:56:07,0,4,0,0
69966,2024-10-15 04:20:34,1,5,0,0
9824,2024-10-15 04:32:13,0,4,0,0
19012,2024-10-15 04:36:13,0,5,0,0
5763,2024-10-15 04:56:42,0,5,0,0
79540,2024-10-15 05:18:45,0,8,0,0
76514,2024-10-15 05:39:01,0,9,1,211
95527,2024-10-15 05:57:43,0,9,1,377
85573,2024-10-15 06:38:17,0,6,0,0
44709,2024-10-15 06:53:52,1,5,0,0
36685,2024-10-15 07:18:35,1,5,0,0
16473,2024-10-15 07:37:38,1,4,1,253
681,2024-10-15 07:58:07,1,8,1,181
21972,2024-10-15 08:07:34,0,6,0,0
96221,2024-10-15 08:21:46,0,10,1,314
50395,2024-10-15 08:22:46,0,7,0,0
92308,2024-10-15 08:34:28,1,6,1,158
92998,2024-10-15 08:36:12,1,6,0,0
77142,2024-10-15 08:39:29,0,8,1,223
5975,2024-10-15 08:40:56,0,6,0,0
97176,2024-10-15 08:47:41,1,14,0,0
19260,2024-10-15 09:04:54,0,6,1,236
65149,2024-10-15 09:20:53,0,5,0,0
6212,2024-10-15 09:34:16,0,10,0,0
36616,2024-10-15 09:42:25,1,7,0,0
87214,2024-10-15 09:49:14,0,4,0,0
10453,2024-10-15 10:03:53,0,6,1,374
13533,2024-10-15 10:04:23,0,5,0,0
36541,2024-10-15 10:05:06,1,5,1,333
12903,2024-10-15 10:06:24,1,3,0,0
49553,2024-10-15 10:07:28,0,4,0,0
75691,2024-10-15 10:07:42,0,6,0,0
71984,2024-10-15 10:10:31,1,5,0,0
72585,2024-10-15 10:10:31,0,5,0,0
57964,2024-10-15 10:20:41,0,4,0,0
99937,2024-10-15 10:29:30,0,9,0,0
97069,2024-10-15 10:30:55,0,6,1,582
83406,2024-10-15 11:10:37,0,7,0,0
23339,2024-10-15 11:35:47,0,5,1,153
75492,2024-10-15 11:43:09,0,7,0,0
12243,2024-10-15 11:43:39,0,3,0,0
88110,2024-10-15 11:45:36,0,8,0,0
88110,2024-10-15 11:50:19,0,7,1,420
82067,2024-10-15 12:21:59,0,8,0,0
25646,2024-10-15 12:25:19,0,9,1,147
96066,2024-10-15 12:28:42,1,3,0,0
34455,2024-10-15 12:38:36,1,11,1,371
62820,2024-10-15 12:43:31,1,9,0,0
97451,2024-10-15 12:44:12,0,7,0,0
42241,2024-10-15 12:45:33,0,4,0,0
34594,2024-10-15 12:48:13,1,10,1,182
61873,2024-10-15 12:53:57,0,7,0,0
39543,2024-10-15 12:59:19,0,6,1,298
24059,2024-10-15 13:11:56,0,10,0,0
26504,2024-10-15 13:24:03,0,4,0,0
26501,2024-10-15 13:26:13,0,5,0,0
23162,2024-10-15 13:29:46,0,8,0,0
22663,2024-10-15 13:40:00,0,3,1,212
44709,2024-10-15 13:43:39,0,6,0,0
17089,2024-10-15 14:00:57,0,5,1,447
71107,2024-10-15 14:03:36,1,7,1,280
1948,2024-10-15 14:09:15,0,10,0,0
95807,2024-10-15 14:14:57,0,10,1,407
15116,2024-10-15 14:18:11,0,9,0,0
12373,2024-10-15 14:44:22,0,5,0,0
71984,2024-10-15 14:56:25,0,8,0,0
55359,2024-10-15 15:01:55,0,7,0,0
32802,2024-10-15 15:03:11,0,7,1,152
39874,2024-10-15 15:07:34,0,8,1,455
24825,2024-10-15 15:13:02,1,2,1,318
86861,2024-10-15 15:19:21,0,9,0,0
99290,2024-10-15 15:25:06,1,13,0,0
59345,2024-10-15 15:33:36,0,6,0,0
80420,2024-10-15 15:37:34,0,9,1,325
1979,2024-10-15 15:40:25,0,7,1,648
69687,2024-10-15 15:50:42,0,5,0,0
55714,2024-10-15 16:06:38,0,6,1,194
64171,2024-10-15 16:18:57,0,3,1,213
18818,2024-10-15 16:35:00,0,5,0,0
14822,2024-10-15 16:49:39,0,7,1,213
85967,2024-10-15 17:00:37,0,5,0,0
89112,2024-10-15 17:06:36,0,9,0,0
525,2024-10-15 17:11:18,1,6,0,0
21285,2024-10-15 17:11:36,0,7,0,0
13464,2024-10-15 17:16:48,1,4,0,0
69879,2024-10-15 17:20:27,1,2,0,0
93858,2024-10-15 17:28:31,0,2,0,0
4732,2024-10-15 17:32:38,0,8,0,0
67603,2024-10-15 17:34:40,0,5,1,314
15425,2024-10-15 17:40:01,0,4,0,0
95527,2024-10-15 17:44:10,0,8,0,0
85420,2024-10-15 17:49:42,0,4,0,0
93586,2024-10-15 17:51:11,1,4,1,447
87392,2024-10-15 18:01:17,0,4,0,0
95707,2024-10-15 18:11:41,0,6,0,0
370,2024-10-15 18:21:55,0,6,0,0
20467,2024-10-15 18:22:44,1,4,0,0
14290,2024-10-15 18:27:15,0,3,0,0
65254,2024-10-15 18:29:30,0,9,1,427
55557,2024-10-15 18:44:16,0,10,0,0
38265,2024-10-15 18:48:37,0,10,0,0
14842,2024-10-15 19:13:32,0,4,1,186
26319,2024-10-15 19:22:45,0,6,0,0
85100,2024-10-15 19:31:00,0,5,0,0
51262,2024-10-15 19:44:28,0,4,0,0
61817,2024-10-15 19:48:38,0,6,0,0
51342,2024-10-15 20:18:51,0,6,0,0
21285,2024-10-15 20:21:12,1,5,0,0
56162,2024-10-15 20:31:51,1,8,1,244
62986,2024-10-15 20:41:44,0,9,0,0
16473,2024-10-15 20:43:44,0,8,0,0
13586,2024-10-15 20:51:09,1,3,1,277
86648,2024-10-15 20:52:39,0,6,0,0
96221,2024-10-15 21:06:06,0,6,1,276
21019,2024-10-15 21:11:06,1,1,0,0
89871,2024-10-15 21:12:10,1,7,0,0
86913,2024-10-15 21:20:08,0,8,0,0
53102,2024-10-15 21:29:54,0,5,0,0
58141,2024-10-15 21:37:33,1,4,0,0
42142,2024-10-15 21:39:13,0,6,0,0
66144,2024-10-15 21:44:47,1,4,1,360
87618,2024-10-15 21:46:14,0,8,0,0
82067,2024-10-15 21:53:27,0,6,1,292
59718,2024-10-15 21:55:52,0,6,0,0
93180,2024-10-15 22:04:01,0,11,0,0
63483,2024-10-15 22:17:30,0,4,0,0
23752,2024-10-15 22:19:09,0,6,1,283
8469,2024-10-15 22:24:39,0,7,0,0
92777,2024-10-15 22:25:22,0,6,0,0
20960,2024-10-15 22:27:37,0,2,0,0
48529,2024-10-15 22:27:52,0,3,1,434
17089,2024-10-15 22:28:37,0,9,0,0
17497,2024-10-15 22:32:26,1,6,0,0
25568,2024-10-15 22:33:35,0,8,1,428
79093,2024-10-15 22:40:43,0,4,0,0
14547,2024-10-15 22:44:46,0,6,0,0
89938,2024-10-15 22:48:31,0,7,1,249
75524,2024-10-15 22:51:12,1,8,0,0
82791,2024-10-15 22:52:19,0,9,0,0
45824,2024-10-15 22:57:58,1,3,0,0
58577,2024-10-15 22:58:03,0,4,0,0
70804,2024-10-15 23:05:03,0,9,1,231
47176,2024-10-15 23:05:16,0,6,0,0
16994,2024-10-15 23:12:02,1,3,0,0
85667,2024-10-15 23:12:47,0,3,1,507
8295,2024-10-15 23:23:25,1,4,0,0
24825,2024-10-15 23:30:02,1,4,1,347
9824,2024-10-15 23:31:31,0,3,0,0
5665,2024-10-16 00:16:41,0,5,0,0
51481,2024-10-16 00:32:56,0,7,0,0
77509,2024-10-16 01:04:40,0,4,1,456
61544,2024-10-16 01:38:52,1,10,1,360
75084,2024-10-16 01:45:13,0,6,0,0
71360,2024-10-16 02:04:26,1,7,1,316
59463,2024-10-16 02:27:43,0,4,0,0
59167,2024-10-16 02:51:13,0,9,1,521
69737,2024-10-16 03:40:02,0,13,0,0
37626,2024-10-16 03:53:14,0,1,0,0
92998,2024-10-16 04:33:05,1,7,1,198
14905,2024-10-16 04:53:14,0,5,0,0
24430,2024-10-16 05:43:42,0,5,0,0
69724,2024-10-16 05:49:17,1,9,1,253
21803,2024-10-16 05:58:04,0,5,0,0
29970,2024-10-16 06:10:40,0,4,1,455
7878,2024-10-16 06:34:09,0,7,0,0
50576,2024-10-16 06:47:05,0,6,0,0
78972,2024-10-16 06:47:18,0,5,0,0
41505,2024-10-16 07:10:02,0,3,0,0
3654,2024-10-16 07:19:14,1,9,0,0
31382,2024-10-16 07:21:59,0,6,0,0
15407,2024-10-16 07:38:14,1,11,1,396
77142,2024-10-16 07:57:41,0,8,1,276
89294,2024-10-16 08:03:55,0,2,0,0
7756,2024-10-16 08:16:59,0,7,0,0
29919,2024-10-16 08:25:13,0,10,1,393
73982,2024-10-16 08:26:48,0,11,0,0
7878,2024-10-16 08:53:29,0,5,0,0
6287,2024-10-16 08:59:55,1,4,0,0
80029,2024-10-16 09:02:39,0,6,0,0
60122,2024-10-16 09:09:34,0,6,1,198
59718,2024-10-16 09:16:16,0,5,0,0
17497,2024-10-16 09:17:49,1,9,1,610
67248,2024-10-16 09:43:44,0,10,1,367
29919,2024-10-16 09:51:49,0,4,0,0
99130,2024-10-16 10:20:22,0,8,0,0
8295,2024-10-16 10:25:17,1,9,0,0
94026,2024-10-16 10:36:35,0,5,0,0
66691,2024-10-16 10:38:58,0,11,0,0
59610,2024-10-16 11:11:37,1,6,0,0
51262,2024-10-16 11:12:14,0,7,1,650
65993,2024-10-16 11:12:45,0,7,0,0
19256,2024-10-16 11:42:02,1,6,1,463
65582,2024-10-16 11:47:54,0,4,0,0
97176,2024-10-16 11:50:02,0,6,0,0
84211,2024-10-16 12:15:56,0,4,1,276
68467,2024-10-16 12:23:30,0,9,0,0
26109,2024-10-16 12:27:44,0,2,0,0
73615,2024-10-16 12:28:38,0,6,0,0
12361,2024-10-16 12:34:42,0,9,1,189
49341,2024-10-16 12:42:02,0,8,0,0
36541,2024-10-16 12:57:50,0,8,0,0
32344,2024-10-16 13:05:05,0,9,0,0
10291,2024-10-16 13:35:48,0,5,1,226
10906,2024-10-16 13:43:46,0,8,1,125
65201,2024-10-16 13:46:22,1,6,0,0
46758,2024-10-16 13:52:59,0,5,0,0
13738,2024-10-16 14:04:15,0,2,1,360
38885,2024-10-16 14:04:49,1,5,1,237
31343,2024-10-16 14:05:41,0,4,1,348
95844,2024-10-16 14:12:03,0,4,0,0
91097,2024-10-16 14:15:44,0,3,0,0
12243,2024-10-16 14:17:44,0,6,1,353
61131,2024-10-16 14:21:16,0,6,1,595
94958,2024-10-16 14:22:08,0,6,0,0
8469,2024-10-16 14:28:55,1,5,1,462
5052,2024-10-16 14:32:41,1,4,0,0
10847,2024-10-16 14:33:30,0,3,0,0
89958,2024-10-16 14:44:27,0,6,1,292
84633,2024-10-16 14:44:56,0,9,0,0
26109,2024-10-16 14:54:49,1,9,0,0
58154,2024-10-16 14:55:08,1,5,1,217
70339,2024-10-16 14:58:59,0,5,1,349
49436,2024-10-16 15:01:29,0,11,0,0
96031,2024-10-16 15:08:03,0,6,0,0
17849,2024-10-16 15:09:18,0,11,0,0
68299,2024-10-16 15:14:20,0,2,1,421
33548,2024-10-16 15:16:41,0,5,0,0
82067,2024-10-16 15:33:31,0,5,1,457
98039,2024-10-16 15:34:49,1,4,0,0
16577,2024-10-16 15:44:29,0,3,1,247
88542,2024-10-16 15:52:25,1,10,0,0
63458,2024-10-16 16:08:57,1,8,1,427
26257,2024-10-16 16:27:45,0,4,1,447
4729,2024-10-16 16:54:49,0,7,0,0
19156,2024-10-16 16:55:02,0,6,1,373
12243,2024-10-16 17:02:59,1,5,1,379
38065,2024-10-16 17:03:22,0,9,1,259
46891,2024-10-16 17:06:09,0,3,0,0
27974,2024-10-16 17:12:20,0,5,1,252
79339,2024-10-16 17:12:38,0,4,0,0
69035,2024-10-16 17:21:31,0,3,0,0
46891,2024-10-16 17:24:36,0,10,0,0
24430,2024-10-16 17:26:57,1,1,1,295
93180,2024-10-16 17:33:38,0,7,1,231
4394,2024-10-16 17:35:23,1,7,1,306
42241,2024-10-16 17:44:07,0,5,1,328
86645,2024-10-16 17:50:32,0,10,0,0
86124,2024-10-16 17:55:10,1,8,1,391
37602,2024-10-16 18:08:34,0,7,0,0
22997,2024-10-16 18:09:53,0,1,0,0
90802,2024-10-16 18:09:54,0,8,1,507
1677,2024-10-16 18:15:18,1,7,0,0
65424,2024-10-16 18:19:28,0,1,0,0
87577,2024-10-16 18:22:56,1,4,1,247
5991,2024-10-16 18:24:40,0,5,1,204
63952,2024-10-16 18:34:15,1,10,1,170
85258,2024-10-16 18:47:30,0,3,0,0
28112,2024-10-16 18:55:59,0,7,0,0
54032,2024-10-16 18:57:37,0,9,0,0
99198,2024-10-16 19:03:51,1,6,0,0
66144,2024-10-16 19:11:53,1,2,0,0
58519,2024-10-16 19:17:14,0,8,0,0
8295,2024-10-16 19:17:52,1,4,1,529
84046,2024-10-16 19:23:17,1,7,0,0
16782,2024-10-16 19:57:37,0,7,0,0
19260,2024-10-16 20:00:35,0,4,1,362
17743,2024-10-16 20:04:25,0,5,0,0
13913,2024-10-16 20:09:12,0,9,0,0
9286,2024-10-16 20:09:23,0,5,1,323
44429,2024-10-16 20:13:32,0,7,1,454
12125,2024-10-16 20:15:06,0,9,0,0
25042,2024-10-16 20:18:08,1,6,0,0
11398,2024-10-16 20:19:25,0,5,0,0
69724,2024-10-16 20:20:54,1,5,0,0
59718,2024-10-16 20:21:47,0,7,0,0
56315,2024-10-16 20:22:06,0,4,1,286
43453,2024-10-16 20:28:03,0,4,0,0
37428,2024-10-16 20:32:43,1,5,1,206
17663,2024-10-16 20:40:44,1,8,0,0
42142,2024-10-16 20:42:59,1,4,1,266
4469,2024-10-16 20:43:06,0,6,1,198
43191,2024-10-16 20:48:44,0,8,0,0
51855,2024-10-16 20:49:52,0,3,0,0
35081,2024-10-16 20:51:12,0,10,0,0
86585,2024-10-16 21:13:32,0,7,0,0
62743,2024-10-16 21:18:39,0,4,1,207
46178,2024-10-16 21:19:23,0,4,0,0
55973,2024-10-16 21:26:45,0,3,1,473
34455,2024-10-16 21:33:59,0,5,0,0
20030,2024-10-16 21:44:11,0,6,1,601
91764,2024-10-16 21:44:17,0,2,0,0
77549,2024-10-16 21:52:38,0,5,0,0
44367,2024-10-16 22:03:25,1,5,0,0
57942,2024-10-16 22:05:49,0,3,0,0
38807,2024-10-16 22:17:15,0,6,0,0
56021,2024-10-16 22:23:44,1,5,0,0
24262,2024-10-16 22:28:22,0,7,0,0
12796,2024-10-16 22:29:11,1,2,0,0
62374,2024-10-16 22:51:48,0,6,1,338
49446,2024-10-16 22:59:48,0,9,0,0
9136,2024-10-16 23:00:34,1,6,0,0
66051,2024-10-16 23:00:55,0,6,1,259
47959,2024-10-16 23:00:56,0,7,0,0
60642,2024-10-16 23:04:10,0,5,0,0
78972,2024-10-16 23:06:22,1,6,1,363
16722,2024-10-16 23:38:10,1,3,1,338
86280,2024-10-16 23:38:56,1,5,0,0
84647,2024-10-16 23:40:47,0,6,0,0
79878,2024-10-16 23:42:14,0,6,0,0
49199,2024-10-16 23:42:30,0,9,0,0
2806,2024-10-16 23:50:43,0,2,0,0
81152,2024-10-16 23:57:01,0,7,0,0
60392,2024-10-17 00:01:55,1,6,0,0
50151,2024-10-17 00:10:57,0,7,1,205
61131,2024-10-17 00:19:31,1,2,1,439
28974,2024-10-17 00:25:46,1,3,1,390
58154,2024-10-17 00:48:29,1,9,1,419
16586,2024-10-17 00:52:08,0,7,1,607
79301,2024-10-17 01:07:34,0,8,1,432
95755,2024-10-17 01:14:51,1,6,1,203
39461,2024-10-17 01:29:48,0,5,0,0
51454,2024-10-17 01:36:14,1,8,0,0
86413,2024-10-17 01:50:52,1,6,0,0
20960,2024-10-17 01:55:25,0,8,0,0
82067,2024-10-17 01:58:46,0,6,1,207
87218,2024-10-17 02:08:03,0,8,0,0
61131,2024-10-17 02:39:35,0,7,0,0
14290,2024-10-17 03:21:40,1,4,0,0
72110,2024-10-17 03:25:28,1,1,0,0
53830,2024-10-17 03:25:33,1,4,1,205
16025,2024-10-17 03:33:20,0,8,1,264
38720,2024-10-17 03:52:39,0,8,0,0
25931,2024-10-17 03:58:25,0,3,0,0
33835,2024-10-17 04:08:07,0,10,0,0
62021,2024-10-17 04:30:47,0,11,0,0
17097,2024-10-17 04:34:16,0,11,0,0
88203,2024-10-17 04:36:30,0,5,0,0
10651,2024-10-17 04:49:30,0,9,0,0
54414,2024-10-17 04:58:06,1,5,0,0
52639,2024-10-17 05:11:36,0,4,0,0
895,2024-10-17 05:20:44,0,6,0,0
68467,2024-10-17 06:01:07,0,5,0,0
27023,2024-10-17 06:17:01,0,11,0,0
29437,2024-10-17 06:39:29,1,3,1,497
48966,2024-10-17 07:51:17,0,5,0,0
91119,2024-10-17 08:02:46,0,8,1,212
82067,2024-10-17 08:09:41,0,12,0,0
38065,2024-10-17 08:30:10,1,6,0,0
83471,2024-10-17 08:30:27,0,1,0,0
84523,2024-10-17 08:32:28,0,6,0,0
25533,2024-10-17 08:48:56,0,5,1,196
38720,2024-10-17 08:49:19,0,9,0,0
44310,2024-10-17 08:56:25,0,6,0,0
10651,2024-10-17 08:57:06,1,5,1,169
17,2024-10-17 08:57:21,1,5,0,0
84125,2024-10-17 09:02:42,0,6,0,0
98756,2024-10-17 09:05:38,0,5,0,0
74620,2024-10-17 09:19:25,0,5,1,473
98421,2024-10-17 09:24:05,1,4,1,338
90532,2024-10-17 09:31:09,0,8,1,313
73165,2024-10-17 09:41:05,0,10,1,453
81645,2024-10-17 09:46:59,0,9,0,0
46237,2024-10-17 09:50:32,0,6,0,0
57127,2024-10-17 09:50:57,1,6,1,645
56315,2024-10-17 09:56:41,1,10,0,0
7756,2024-10-17 10:01:43,1,5,0,0
75502,2024-10-17 10:18:09,0,3,1,231
75678,2024-10-17 10:30:39,0,3,0,0
31636,2024-10-17 10:36:59,0,5,0,0
32026,2024-10-17 10:38:11,0,5,0,0
50220,2024-10-17 10:45:25,1,10,0,0
69687,2024-10-17 10:53:56,0,11,0,0
98213,2024-10-17 10:56:31,1,5,0,0
92405,2024-10-17 11:02:01,0,4,0,0
5991,2024-10-17 11:16:36,0,12,0,0
9212,2024-10-17 11:32:31,0,4,0,0
94686,2024-10-17 11:32:39,0,8,0,0
67253,2024-10-17 11:35:29,1,11,0,0
2104,2024-10-17 11:39:10,0,11,0,0
30947,2024-10-17 11:51:12,0,8,0,0
370,2024-10-17 11:53:05,0,2,0,0
41432,2024-10-17 11:56:05,1,10,0,0
70923,2024-10-17 11:59:30,0,6,1,386
96031,2024-10-17 12:25:28,1,3,0,0
73036,2024-10-17 12:27:40,0,6,0,0
29191,2024-10-17 12:34:16,1,7,1,179
55300,2024-10-17 12:35:41,1,5,0,0
26504,2024-10-17 12:36:20,1,6,0,0
90813,2024-10-17 12:46:23,0,5,0,0
16577,2024-10-17 12:51:10,0,3,0,0
89061,2024-10-17 12:56:08,0,10,1,351
45761,2024-10-17 13:02:19,0,6,0,0
92733,2024-10-17 13:10:46,1,5,1,391
68299,2024-10-17 13:13:30,1,3,1,565
50151,2024-10-17 13:26:58,0,10,1,413
60184,2024-10-17 13:41:05,1,3,0,0
37995,2024-10-17 13:52:06,0,5,0,0
48810,2024-10-17 13:52:28,1,4,1,224
12498,2024-10-17 13:53:33,0,6,0,0
49553,2024-10-17 13:53:59,0,4,0,0
64208,2024-10-17 13:58:52,0,9,1,454
91510,2024-10-17 14:01:53,1,7,1,231
66928,2024-10-17 14:04:00,1,6,0,0
21285,2024-10-17 14:05:20,1,4,0,0
32134,2024-10-17 14:08:31,0,1,0,0
21335,2024-10-17 14:11:42,0,2,0,0
77840,2024-10-17 14:15:02,0,3,0,0
99141,2024-10-17 14:23:32,0,8,0,0
90532,2024-10-17 14:31:55,0,6,0,0
59167,2024-10-17 14:44:16,1,3,0,0
63836,2024-10-17 14:44:35,0,4,0,0
52158,2024-10-17 14:54:15,0,3,1,208
68825,2024-10-17 15:07:41,0,8,1,613
88935,2024-10-17 15:08:49,0,5,1,223
85500,2024-10-17 15:15:36,0,3,1,382
41649,2024-10-17 15:19:28,0,6,0,0
31513,2024-10-17 15:19:31,0,8,0,0
3778,2024-10-17 15:24:25,0,3,1,479
22663,2024-10-17 15:26:24,0,3,0,0
80042,2024-10-17 15:30:04,0,4,0,0
66855,2024-10-17 15:30:58,1,6,1,304
19718,2024-10-17 15:39:09,0,6,0,0
44277,2024-10-17 15:42:58,1,3,0,0
19562,2024-10-17 16:08:38,1,6,0,0
81250,2024-10-17 16:16:05,1,7,0,0
2447,2024-10-17 16:55:47,0,14,0,0
98211,2024-10-17 17:06:38,1,5,1,227
94026,2024-10-17 17:08:41,0,9,1,298
16301,2024-10-17 17:10:15,0,7,0,0
75037,2024-10-17 17:33:48,1,14,0,0
14990,2024-10-17 17:47:52,0,8,0,0
40240,2024-10-17 17:50:29,0,3,1,344
70071,2024-10-17 17:54:08,0,1,0,0
94427,2024-10-17 17:54:45,1,5,0,0
98385,2024-10-17 18:14:49,1,8,0,0
42142,2024-10-17 18:26:19,1,3,1,385
89936,2024-10-17 18:37:22,1,7,1,338
56392,2024-10-17 18:41:00,1,7,0,0
51507,2024-10-17 18:43:24,1,5,0,0
66952,2024-10-17 18:43:49,0,4,1,253
46178,2024-10-17 18:53:40,0,4,0,0
28006,2024-10-17 18:56:09,0,6,0,0
30947,2024-10-17 18:58:28,1,10,1,375
9212,2024-10-17 19:13:11,0,8,1,444
39874,2024-10-17 19:14:04,1,6,0,0
44066,2024-10-17 19:16:32,0,6,0,0
87157,2024-10-17 19:33:03,0,4,0,0
20374,2024-10-17 19:49:11,0,7,0,0
22305,2024-10-17 19:51:47,0,6,0,0
49199,2024-10-17 19:52:06,0,6,0,0
29919,2024-10-17 19:52:33,0,8,0,0
43583,2024-10-17 20:07:50,0,6,0,0
65180,2024-10-17 20:13:09,0,4,0,0
93986,2024-10-17 20:19:18,0,8,0,0
24422,2024-10-17 20:20:10,0,7,1,332
33882,2024-10-17 20:29:31,0,10,0,0
19990,2024-10-17 20:34:42,0,6,0,0
36541,2024-10-17 20:42:37,1,4,0,0
18614,2024-10-17 20:43:49,0,7,0,0
10465,2024-10-17 21:02:16,0,5,0,0
53821,2024-10-17 21:07:22,0,2,1,201
20987,2024-10-17 21:16:40,0,6,0,0
7605,2024-10-17 21:21:15,0,5,0,0
99937,2024-10-17 21:27:00,0,4,1,238
86861,2024-10-17 21:34:49,0,7,0,0
72387,2024-10-17 21:42:36,0,11,1,314
11880,2024-10-17 22:05:02,0,2,0,0
78350,2024-10-17 22:10:00,0,4,1,285
50721,2024-10-17 22:10:07,1,5,0,0
11639,2024-10-17 22:10:15,1,7,0,0
11629,2024-10-17 22:19:59,0,5,0,0
93959,2024-10-17 22:22:07,0,6,0,0
18125,2024-10-17 22:32:29,0,7,1,389
93724,2024-10-17 22:55:27,0,11,0,0
84633,2024-10-17 23:04:24,0,4,0,0
1440,2024-10-17 23:11:26,0,5,0,0
76826,2024-10-17 23:18:06,1,4,1,133
19583,2024-10-17 23:23:38,1,7,0,0
45165,2024-10-17 23:25:18,0,5,0,0
43583,2024-10-17 23:26:53,0,4,1,170
44709,2024-10-17 23:38:51,0,9,1,351
16301,2024-10-17 23:45:56,1,3,0,0
14905,2024-10-17 23:54:43,0,3,0,0
6446,2024-10-18 00:17:32,1,4,1,519
56060,2024-10-18 01:01:12,0,5,1,212
86861,2024-10-18 01:33:56,0,5,0,0
84575,2024-10-18 01:34:11,0,5,0,0
51412,2024-10-18 01:51:28,0,5,0,0
5339,2024-10-18 02:10:14,0,4,0,0
24825,2024-10-18 02:23:22,0,8,0,0
82225,2024-10-18 02:25:05,1,4,0,0
52127,2024-10-18 03:15:10,0,2,1,293
53683,2024-10-18 03:32:38,1,6,0,0
12513,2024-10-18 03:47:31,1,8,0,0
28688,2024-10-18 03:51:42,0,5,0,0
96335,2024-10-18 03:53:22,0,10,0,0
68816,2024-10-18 04:07:23,0,6,0,0
79325,2024-10-18 04:10:12,1,6,0,0
11316,2024-10-18 04:16:49,0,3,1,321
80859,2024-10-18 04:27:59,1,3,1,293
95755,2024-10-18 04:40:31,1,6,0,0
7221,2024-10-18 04:53:36,0,4,0,0
15376,2024-10-18 05:10:32,0,8,0,0
16381,2024-10-18 05:25:07,0,5,0,0
76429,2024-10-18 05:30:33,1,6,0,0
97176,2024-10-18 06:10:28,1,9,0,0
38841,2024-10-18 06:16:38,0,6,0,0
99937,2024-10-18 06:19:27,1,9,0,0
63458,2024-10-18 06:45:30,0,1,0,0
28112,2024-10-18 06:55:35,1,10,0,0
22169,2024-10-18 07:15:31,1,6,0,0
50395,2024-10-18 07:23:53,0,9,0,0
59463,2024-10-18 07:30:35,0,7,1,301
44310,2024-10-18 07:49:52,0,4,0,0
84440,2024-10-18 08:07:31,0,7,0,0
35505,2024-10-18 08:07:42,0,2,1,128
81153,2024-10-18 08:16:58,0,6,0,0
88091,2024-10-18 08:19:02,1,12,1,243
11629,2024-10-18 08:20:01,0,4,0,0
81974,2024-10-18 08:37:12,1,9,0,0
3654,2024-10-18 08:45:33,0,4,0,0
37568,2024-10-18 08:46:13,0,7,0,0
77509,2024-10-18 08:56:12,0,7,0,0
36629,2024-10-18 09:11:57,1,1,1,514
18011,2024-10-18 09:17:50,0,7,0,0
9470,2024-10-18 09:19:25,1,6,0,0
5144,2024-10-18 09:19:45,0,5,1,301
16602,2024-10-18 09:27:00,0,7,0,0
92375,2024-10-18 09:28:12,1,5,0,0
30947,2024-10-18 09:36:02,0,8,0,0
78972,2024-10-18 09:44:23,0,8,0,0
74645,2024-10-18 09:49:30,0,6,0,0
370,2024-10-18 09:54:32,0,5,0,0
42170,2024-10-18 09:58:33,0,7,1,265
20976,2024-10-18 09:58:55,0,6,0,0
88110,2024-10-18 10:08:06,0,5,1,296
55577,2024-10-18 10:20:01,0,5,0,0
9110,2024-10-18 10:34:40,0,10,0,0
62021,2024-10-18 10:39:07,1,7,0,0
87334,2024-10-18 10:51:48,0,4,0,0
22305,2024-10-18 10:54:42,1,10,0,0
15106,2024-10-18 10:57:41,1,7,0,0
63836,2024-10-18 11:09:15,0,4,0,0
95515,2024-10-18 11:09:40,0,7,1,216
66952,2024-10-18 11:13:16,1,9,0,0
97856,2024-10-18 11:38:52,0,5,0,0
98039,2024-10-18 11:45:58,0,4,1,259
63227,2024-10-18 11:49:55,0,7,0,0
80681,2024-10-18 11:52:31,1,4,1,566
86070,2024-10-18 11:54:15,0,3,1,392
29535,2024-10-18 11:57:01,0,9,1,252
9500,2024-10-18 11:58:41,0,7,0,0
92308,2024-10-18 11:59:22,0,6,0,0
57936,2024-10-18 12:02:17,0,7,0,0
54261,2024-10-18 12:04:45,0,8,0,0
21584,2024-10-18 12:17:05,0,3,1,309
38173,2024-10-18 12:23:41,1,9,0,0
61160,2024-10-18 12:38:04,0,4,0,0
66952,2024-10-18 12:39:14,0,3,1,314
64203,2024-10-18 12:53:57,0,9,1,308
58596,2024-10-18 12:55:55,1,5,0,0
91167,2024-10-18 12:56:36,1,4,1,240
13913,2024-10-18 13:01:22,0,5,0,0
57382,2024-10-18 13:15:26,0,9,0,0
30542,2024-10-18 13:22:59,1,8,0,0
85912,2024-10-18 13:25:52,1,6,0,0
32344,2024-10-18 13:35:30,0,9,0,0
53405,2024-10-18 13:37:55,1,5,1,531
20947,2024-10-18 13:42:04,1,5,0,0
94702,2024-10-18 14:04:34,0,3,1,462
71101,2024-10-18 14:11:17,0,5,0,0
50857,2024-10-18 14:42:52,1,7,0,0
50857,2024-10-18 14:43:53,0,9,0,0
50584,2024-10-18 14:45:21,0,5,1,250
20845,2024-10-18 14:45:29,0,5,1,349
45426,2024-10-18 14:53:21,0,6,0,0
47433,2024-10-18 14:54:45,0,9,1,264
45810,2024-10-18 14:56:21,1,7,0,0
80869,2024-10-18 15:01:24,1,7,1,200
80042,2024-10-18 15:18:20,0,5,0,0
31101,2024-10-18 15:37:45,0,4,1,187
8469,2024-10-18 15:39:28,1,7,1,362
79325,2024-10-18 15:42:45,1,6,0,0
26257,2024-10-18 15:55:11,0,4,0,0
39108,2024-10-18 15:56:41,0,7,1,426
95260,2024-10-18 15:59:04,1,7,0,0
15961,2024-10-18 16:01:51,0,6,0,0
26300,2024-10-18 16:06:41,0,1,0,0
23339,2024-10-18 16:09:06,1,2,0,0
1979,2024-10-18 16:21:35,0,7,0,0
13464,2024-10-18 16:26:44,0,7,1,212
45810,2024-10-18 16:36:32,0,8,0,0
91034,2024-10-18 16:41:10,0,6,1,201
49362,2024-10-18 16:43:09,0,6,0,0
93986,2024-10-18 16:49:18,0,5,0,0
10079,2024-10-18 16:51:39,1,3,1,215
67761,2024-10-18 17:01:38,0,7,0,0
68554,2024-10-18 17:03:45,0,11,0,0
3774,2024-10-18 17:05:13,0,3,0,0
81250,2024-10-18 17:16:30,0,7,1,316
72354,2024-10-18 17:21:04,1,2,1,254
40212,2024-10-18 17:22:25,0,6,0,0
64171,2024-10-18 17:23:32,0,5,0,0
79301,2024-10-18 17:28:33,0,9,0,0
68977,2024-10-18 17:30:29,0,5,0,0
66354,2024-10-18 17:31:30,0,8,1,311
99045,2024-10-18 17:46:24,0,8,0,0
85827,2024-10-18 17:46:36,0,9,0,0
19156,2024-10-18 18:13:07,1,5,1,554
79986,2024-10-18 18:18:19,0,7,0,0
42423,2024-10-18 18:26:40,0,7,0,0
8336,2024-10-18 18:34:27,0,8,0,0
50584,2024-10-18 18:35:10,1,5,0,0
44194,2024-10-18 18:37:23,0,9,0,0
84046,2024-10-18 18:39:14,1,5,1,494
43191,2024-10-18 18:40:09,0,5,0,0
54764,2024-10-18 18:41:46,0,9,0,0
65254,2024-10-18 19:02:40,1,8,1,225
30425,2024-10-18 19:02:55,1,5,0,0
27077,2024-10-18 19:03:35,1,7,1,292
85500,2024-10-18 19:19:18,0,7,0,0
93036,2024-10-18 19:30:00,0,7,1,206
7818,2024-10-18 19:30:11,0,4,0,0
22904,2024-10-18 19:41:33,0,3,0,0
22788,2024-10-18 19:57:33,0,9,0,0
20976,2024-10-18 20:02:37,0,6,0,0
24825,2024-10-18 20:03:47,1,3,1,371
1440,2024-10-18 20:05:25,0,4,1,345
4469,2024-10-18 20:13:57,0,5,0,0
28006,2024-10-18 20:20:59,1,5,0,0
74418,2024-10-18 20:32:41,1,3,1,315
58596,2024-10-18 20:34:25,1,3,0,0
12029,2024-10-18 20:39:17,0,4,1,378
50442,2024-10-18 20:43:18,0,4,0,0
48529,2024-10-18 20:43:26,0,7,0,0
15961,2024-10-18 20:48:11,1,7,0,0
10070,2024-10-18 21:12:01,0,11,0,0
3654,2024-10-18 21:12:26,0,7,0,0
75492,2024-10-18 21:14:42,0,11,1,516
20068,2024-10-18 21:28:42,0,5,0,0
59756,2024-10-18 21:32:06,0,5,0,0
69687,2024-10-18 21:33:58,0,5,0,0
81060,2024-10-18 21:43:00,0,7,1,494
28662,2024-10-18 21:50:33,0,5,0,0
15872,2024-10-18 21:53:40,1,9,0,0
4136,2024-10-18 22:05:53,0,9,1,207
30700,2024-10-18 22:29:38,0,5,1,222
55714,2024-10-18 22:37:36,0,2,0,0
4729,2024-10-18 22:41:47,0,3,1,255
55563,2024-10-18 23:16:54,0,8,0,0
68977,2024-10-18 23:18:43,0,5,1,334
83383,2024-10-18 23:21:58,1,6,0,0
72111,2024-10-18 23:24:14,1,3,1,216
95755,2024-10-18 23:34:02,0,6,1,349
79873,2024-10-18 23:35:00,1,6,0,0
40470,2024-10-18 23:57:53,0,10,0,0
19686,2024-10-18 23:59:48,0,6,0,0
48711,2024-10-19 00:15:41,1,4,1,233
86802,2024-10-19 00:20:41,0,5,0,0
59623,2024-10-19 00:25:24,0,4,0,0
63282,2024-10-19 00:34:28,1,7,0,0
81486,2024-10-19 00:36:23,1,2,0,0
27974,2024-10-19 00:53:18,1,8,1,243
40240,2024-10-19 01:05:48,0,3,0,0
12373,2024-10-19 01:12:39,1,2,0,0
65591,2024-10-19 01:14:43,0,7,0,0
5339,2024-10-19 01:16:37,0,8,0,0
86861,2024-10-19 01:28:08,1,3,0,0
51481,2024-10-19 01:36:19,1,8,1,387
30290,2024-10-19 01:49:37,0,5,0,0
29145,2024-10-19 02:30:48,0,7,0,0
71817,2024-10-19 02:33:43,0,5,0,0
51769,2024-10-19 02:40:35,0,10,1,365
64227,2024-10-19 02:44:46,0,7,1,337
94686,2024-10-19 03:17:21,0,3,0,0
65963,2024-10-19 03:55:23,0,3,0,0
58380,2024-10-19 04:08:31,0,5,1,370
72718,2024-10-19 04:16:21,0,6,0,0
12243,2024-10-19 04:22:20,0,3,1,238
52550,2024-10-19 04:32:18,0,10,0,0
44381,2024-10-19 04:43:06,1,6,0,0
89061,2024-10-19 04:47:37,0,10,0,0
79325,2024-10-19 05:02:00,0,7,1,836
85128,2024-10-19 05:19:47,1,7,1,371
73076,2024-10-19 05:21:12,0,8,1,315
32344,2024-10-19 05:51:21,0,4,0,0
39332,2024-10-19 05:57:18,0,5,0,0
44367,2024-10-19 05:58:50,1,7,0,0
98756,2024-10-19 06:06:26,1,5,0,0
73304,2024-10-19 06:13:54,1,5,0,0
62820,2024-10-19 06:19:29,0,1,0,0
1948,2024-10-19 06:35:51,0,5,0,0
89958,2024-10-19 07:03:05,0,6,0,0
99290,2024-10-19 07:23:50,1,4,0,0
67804,2024-10-19 07:27:49,1,7,1,249
71048,2024-10-19 08:18:11,0,7,0,0
48608,2024-10-19 08:26:05,0,6,1,217
370,2024-10-19 08:29:38,1,9,1,340
11629,2024-10-19 08:31:06,1,5,0,0
88935,2024-10-19 08:37:43,1,5,0,0
46604,2024-10-19 08:43:27,0,5,0,0
73400,2024-10-19 08:54:06,1,4,0,0
49446,2024-10-19 09:02:05,0,7,1,438
96031,2024-10-19 09:09:08,1,7,0,0
54122,2024-10-19 09:14:29,0,3,0,0
62783,2024-10-19 09:17:50,0,4,1,116
29124,2024-10-19 09:28:30,1,11,0,0
33548,2024-10-19 09:34:08,0,9,0,0
95281,2024-10-19 09:54:50,0,6,0,0
38841,2024-10-19 10:05:57,0,4,0,0
96221,2024-10-19 10:07:52,0,4,1,295
21806,2024-10-19 10:10:50,0,5,1,243
62820,2024-10-19 10:14:29,1,9,1,213
9212,2024-10-19 10:17:33,1,10,1,392
68381,2024-10-19 10:21:34,1,4,0,0
98421,2024-10-19 10:24:31,0,6,1,336
32495,2024-10-19 10:28:33,0,5,0,0
9500,2024-10-19 10:33:20,1,7,0,0
9136,2024-10-19 10:39:58,1,11,1,293
33284,2024-10-19 10:40:43,1,3,0,0
77896,2024-10-19 10:50:49,0,4,0,0
84046,2024-10-19 10:53:01,0,8,0,0
60712,2024-10-19 10:56:01,1,4,1,202
92375,2024-10-19 11:02:11,1,5,0,0
23425,2024-10-19 11:07:47,1,6,0,0
71360,2024-10-19 11:08:48,0,4,1,280
66460,2024-10-19 11:29:25,0,8,0,0
27031,2024-10-19 11:29:51,0,8,0,0
22663,2024-10-19 11:34:12,0,4,1,210
61817,2024-10-19 11:51:35,0,8,0,0
57271,2024-10-19 11:53:59,1,3,0,0
86648,2024-10-19 12:02:32,0,9,1,249
77896,2024-10-19 12:04:36,1,3,0,0
51901,2024-10-19 12:16:56,1,3,0,0
20374,2024-10-19 12:19:02,0,6,0,0
42170,2024-10-19 12:22:27,0,3,0,0
18011,2024-10-19 12:25:54,0,5,0,0
41505,2024-10-19 12:25:57,1,7,0,0
92733,2024-10-19 12:29:51,0,6,0,0
12291,2024-10-19 12:30:31,0,7,1,393
85967,2024-10-19 12:31:03,1,9,1,161
85667,2024-10-19 12:33:31,0,7,0,0
89061,2024-10-19 12:38:58,1,6,0,0
69724,2024-10-19 12:41:14,1,5,0,0
64227,2024-10-19 13:02:13,1,5,1,236
32194,2024-10-19 13:10:40,0,10,0,0
53136,2024-10-19 13:20:58,1,4,0,0
66774,2024-10-19 13:24:57,0,4,0,0
55563,2024-10-19 13:43:59,0,3,0,0
75524,2024-10-19 13:45:09,1,6,1,213
95755,2024-10-19 13:47:44,0,5,0,0
7881,2024-10-19 13:59:27,1,8,0,0
75374,2024-10-19 13:59:45,1,8,0,0
92733,2024-10-19 14:01:46,0,2,1,449
2778,2024-10-19 14:02:06,0,3,0,0
31636,2024-10-19 14:19:01,1,7,0,0
69966,2024-10-19 14:31:30,1,9,1,202
44367,2024-10-19 14:37:29,1,4,1,459
29191,2024-10-19 14:43:11,0,8,1,331
28031,2024-10-19 14:47:02,0,5,0,0
23916,2024-10-19 15:10:10,1,5,0,0
74645,2024-10-19 15:13:48,1,5,0,0
93626,2024-10-19 15:17:51,1,7,0,0
75677,2024-10-19 15:24:07,1,9,0,0
88935,2024-10-19 15:24:59,0,5,0,0
49715,2024-10-19 15:31:00,0,7,1,392
38573,2024-10-19 15:42:15,0,5,1,269
15212,2024-10-19 15:46:41,1,8,1,570
79093,2024-10-19 15:47:31,0,6,0,0
23290,2024-10-19 15:53:46,1,6,0,0
48608,2024-10-19 15:54:37,1,2,1,233
94738,2024-10-19 16:15:20,1,7,0,0
20571,2024-10-19 16:17:48,0,9,0,0
79540,2024-10-19 16:26:40,0,6,1,350
61817,2024-10-19 16:29:22,0,9,0,0
96015,2024-10-19 16:31:43,1,11,1,210
71256,2024-10-19 16:42:56,1,2,1,361
71554,2024-10-19 16:59:24,0,3,0,0
42038,2024-10-19 17:09:37,1,8,0,0
11096,2024-10-19 17:11:55,1,4,0,0
83645,2024-10-19 17:16:50,0,4,0,0
83340,2024-10-19 17:20:32,0,2,0,0
37428,2024-10-19 17:31:10,0,3,0,0
22242,2024-10-19 17:40:50,0,8,0,0
98170,2024-10-19 17:45:41,1,6,0,0
31445,2024-10-19 17:46:47,0,12,0,0
96015,2024-10-19 17:52:34,1,4,0,0
32424,2024-10-19 17:53:56,0,7,0,0
19260,2024-10-19 18:00:03,0,6,0,0
87905,2024-10-19 18:17:28,0,4,0,0
4968,2024-10-19 18:30:13,0,6,0,0
67603,2024-10-19 18:38:13,0,9,0,0
79301,2024-10-19 18:40:52,0,12,1,311
10847,2024-10-19 18:42:25,0,6,1,288
99352,2024-10-19 18:55:06,0,3,1,212
75665,2024-10-19 19:08:20,1,11,1,165
44891,2024-10-19 19:17:48,0,7,0,0
32755,2024-10-19 19:23:21,1,4,1,187
7079,2024-10-19 19:24:53,1,3,1,297
15074,2024-10-19 19:25:50,0,3,1,221
6212,2024-10-19 19:27:20,0,6,1,450
4482,2024-10-19 19:30:44,0,4,0,0
91519,2024-10-19 19:34:51,1,5,0,0
82478,2024-10-19 19:35:04,0,4,0,0
43568,2024-10-19 19:36:44,0,5,0,0
50857,2024-10-19 19:46:41,1,9,0,0
70343,2024-10-19 19:47:54,0,9,1,337
72919,2024-10-19 19:49:10,0,6,1,440
89303,2024-10-19 19:54:38,0,4,1,500
79540,2024-10-19 20:04:11,0,9,0,0
84523,2024-10-19 20:05:48,1,4,1,202
85827,2024-10-19 20:12:39,0,11,1,247
11947,2024-10-19 20:21:12,1,5,0,0
22537,2024-10-19 20:22:04,0,7,0,0
81100,2024-10-19 20:23:32,0,3,0,0
66807,2024-10-19 20:24:24,0,9,0,0
27605,2024-10-19 20:24:39,0,7,0,0
42778,2024-10-19 20:31:03,0,5,0,0
82865,2024-10-19 20:36:43,0,9,0,0
49446,2024-10-19 20:41:17,1,7,0,0
39425,2024-10-19 20:41:46,1,6,0,0
70790,2024-10-19 20:59:52,0,9,0,0
67403,2024-10-19 21:06:27,0,10,0,0
25745,2024-10-19 21:07:44,1,8,0,0
65362,2024-10-19 21:09:01,0,6,0,0
49258,2024-10-19 21:33:17,0,4,1,264
75677,2024-10-19 21:45:16,0,5,0,0
10465,2024-10-19 21:46:35,0,6,0,0
51769,2024-10-19 21:57:27,0,7,0,0
11826,2024-10-19 22:02:10,1,7,0,0
52158,2024-10-19 22:05:01,1,8,0,0
31023,2024-10-19 22:19:56,1,4,1,588
55605,2024-10-19 22:25:14,0,4,1,280
10521,2024-10-19 22:26:30,0,7,0,0
31712,2024-10-19 22:30:12,0,13,0,0
77896,2024-10-19 22:34:50,0,5,1,421
86124,2024-10-19 22:58:14,0,5,0,0
31082,2024-10-19 23:41:43,1,2,1,221
89993,2024-10-19 23:51:49,1,4,1,332
21972,2024-10-19 23:53:21,0,5,1,464
55359,2024-10-20 00:10:06,1,4,0,0
37924,2024-10-20 00:13:01,0,3,0,0
84046,2024-10-20 00:29:07,1,10,1,258
65993,2024-10-20 00:34:09,1,5,0,0
87577,2024-10-20 00:39:42,0,5,1,264
5054,2024-10-20 00:46:32,0,13,0,0
34009,2024-10-20 00:59:42,0,9,1,404
97069,2024-10-20 01:16:39,1,8,1,373
1057,2024-10-20 01:43:13,0,3,1,371
79244,2024-10-20 01:48:33,0,13,0,0
73982,2024-10-20 01:50:56,0,6,0,0
23752,2024-10-20 02:40:34,0,8,0,0
57964,2024-10-20 04:15:05,0,9,0,0
91764,2024-10-20 04:42:12,0,11,1,344
97093,2024-10-20 04:50:15,0,4,0,0
72718,2024-10-20 04:55:13,1,6,0,0
84211,2024-10-20 05:08:35,0,4,0,0
29658,2024-10-20 05:29:59,0,3,1,646
94026,2024-10-20 05:32:00,1,4,0,0
98213,2024-10-20 05:33:01,0,5,0,0
64171,2024-10-20 05:37:14,1,9,0,0
95103,2024-10-20 06:06:21,1,8,0,0
86973,2024-10-20 06:07:47,1,7,0,0
51802,2024-10-20 06:50:43,1,6,0,0
54764,2024-10-20 07:02:57,1,7,1,207
66952,2024-10-20 07:04:44,0,2,0,0
19045,2024-10-20 07:13:04,0,9,0,0
28112,2024-10-20 07:14:10,0,6,0,0
21285,2024-10-20 07:15:42,1,6,0,0
58272,2024-10-20 07:40:11,0,9,0,0
41926,2024-10-20 07:54:19,0,1,1,164
68275,2024-10-20 08:04:49,0,4,0,0
94556,2024-10-20 08:07:21,0,9,0,0
5975,2024-10-20 08:20:33,1,3,1,350
50442,2024-10-20 08:24:44,1,4,1,671
57314,2024-10-20 08:33:11,0,5,1,146
62743,2024-10-20 08:33:44,0,3,0,0
91018,2024-10-20 08:40:01,0,5,0,0
50584,2024-10-20 08:47:27,0,5,0,0
36136,2024-10-20 08:50:38,1,5,0,0
51901,2024-10-20 08:51:38,1,6,0,0
60184,2024-10-20 08:53:30,0,6,0,0
72873,2024-10-20 09:07:05,1,8,0,0
12498,2024-10-20 09:09:14,0,7,0,0
24262,2024-10-20 09:34:47,0,3,0,0
87463,2024-10-20 09:44:32,0,5,0,0
15116,2024-10-20 09:49:51,0,8,0,0
20068,2024-10-20 10:05:28,0,2,0,0
32755,2024-10-20 10:05:31,0,6,1,280
15512,2024-10-20 10:08:33,0,9,0,0
46464,2024-10-20 10:23:09,0,4,1,374
22305,2024-10-20 10:49:18,0,6,0,0
91764,2024-10-20 10:54:21,0,6,0,0
75798,2024-10-20 10:56:21,0,8,0,0
79909,2024-10-20 11:00:05,0,4,0,0
11409,2024-10-20 11:10:20,0,8,0,0
65993,2024-10-20 11:24:48,0,3,0,0
25207,2024-10-20 11:27:31,0,5,0,0
25852,2024-10-20 11:36:46,0,7,0,0
17,2024-10-20 11:38:50,0,5,0,0
79791,2024-10-20 11:41:30,0,8,0,0
73165,2024-10-20 11:52:32,0,9,0,0
47980,2024-10-20 12:00:02,0,5,0,0
8824,2024-10-20 12:17:16,1,5,1,181
63395,2024-10-20 12:26:02,0,6,0,0
11368,2024-10-20 12:33:00,1,6,0,0
42610,2024-10-20 12:37:42,0,4,0,0
31023,2024-10-20 12:40:14,0,3,1,442
69687,2024-10-20 12:43:46,0,7,0,0
96015,2024-10-20 12:45:16,0,6,0,0
31558,2024-10-20 12:46:01,1,7,0,0
44709,2024-10-20 12:52:44,0,8,1,497
10079,2024-10-20 13:03:10,0,3,0,0
54122,2024-10-20 13:07:14,0,4,0,0
10601,2024-10-20 13:25:26,0,6,0,0
86225,2024-10-20 13:29:27,0,5,1,216
96867,2024-10-20 13:30:01,0,8,1,413
37793,2024-10-20 13:32:10,0,4,0,0
57740,2024-10-20 13:45:20,1,6,0,0
97141,2024-10-20 13:45:25,0,5,1,527
79916,2024-10-20 13:53:37,0,4,1,209
11316,2024-10-20 13:54:03,0,3,0,0
20976,2024-10-20 13:59:04,1,5,0,0
45089,2024-10-20 14:02:35,1,4,0,0
21941,2024-10-20 14:13:07,0,1,1,261
4394,2024-10-20 14:19:29,1,7,1,233
67777,2024-10-20 14:26:58,0,6,1,709
39677,2024-10-20 14:31:22,1,3,1,258
59610,2024-10-20 14:34:40,1,6,0,0
96867,2024-10-20 14:36:08,0,3,0,0
18818,2024-10-20 14:43:03,0,4,0,0
75829,2024-10-20 15:10:42,0,6,0,0
57314,2024-10-20 15:16:59,0,3,0,0
14290,2024-10-20 15:17:15,0,6,0,0
87214,2024-10-20 15:30:24,1,4,0,0
95998,2024-10-20 15:32:28,0,7,0,0
54261,2024-10-20 15:45:47,1,6,1,235
79324,2024-10-20 15:48:48,0,8,0,0
50576,2024-10-20 16:06:02,0,5,0,0
51337,2024-10-20 16:08:32,0,6,0,0
16381,2024-10-20 16:33:00,0,5,0,0
97436,2024-10-20 16:40:33,0,6,0,0
88501,2024-10-20 16:47:42,0,7,0,0
62820,2024-10-20 16:52:25,0,11,0,0
32474,2024-10-20 16:55:00,0,7,0,0
63294,2024-10-20 16:55:19,0,4,1,626
87157,2024-10-20 16:57:00,1,7,1,238
5491,2024-10-20 16:59:31,0,10,0,0
32424,2024-10-20 16:59:48,1,2,0,0
60921,2024-10-20 17:09:33,0,8,1,142
75798,2024-10-20 17:09:42,1,7,1,589
20190,2024-10-20 17:12:20,1,5,0,0
8115,2024-10-20 17:22:13,1,3,0,0
64087,2024-10-20 17:29:20,1,3,0,0
10651,2024-10-20 17:39:30,0,2,1,200
93189,2024-10-20 17:40:57,0,7,0,0
61721,2024-10-20 18:10:04,0,6,0,0
20571,2024-10-20 18:10:42,1,8,0,0
23556,2024-10-20 18:13:18,1,8,1,373
9258,2024-10-20 18:21:08,1,3,0,0
88106,2024-10-20 18:24:13,0,3,0,0
79916,2024-10-20 18:28:38,1,3,1,233
87062,2024-10-20 18:38:01,1,4,0,0
95653,2024-10-20 18:43:40,1,6,1,515
39543,2024-10-20 18:51:05,1,6,1,436
31712,2024-10-20 19:06:07,1,6,0,0
97774,2024-10-20 19:08:11,1,2,0,0
6167,2024-10-20 19:11:58,0,8,0,0
39108,2024-10-20 19:14:10,0,8,0,0
24239,2024-10-20 19:15:11,0,9,0,0
31082,2024-10-20 19:28:25,0,7,0,0
21285,2024-10-20 19:33:11,0,12,1,218
5747,2024-10-20 19:38:28,0,2,0,0
32474,2024-10-20 19:41:28,0,6,0,0
87214,2024-10-20 20:02:03,1,7,0,0
62986,2024-10-20 20:02:37,0,7,1,483
58519,2024-10-20 20:18:43,0,11,0,0
72645,2024-10-20 20:36:11,0,10,0,0
57290,2024-10-20 20:48:06,0,8,1,469
96965,2024-10-20 20:49:45,1,6,0,0
68889,2024-10-20 20:50:32,1,3,1,314
53151,2024-10-20 20:52:56,0,5,0,0
69915,2024-10-20 20:58:49,0,3,1,283
54764,2024-10-20 21:07:05,0,6,0,0
12183,2024-10-20 21:13:23,1,6,0,0
91642,2024-10-20 21:17:13,0,9,0,0
4136,2024-10-20 21:32:47,0,2,0,0
10070,2024-10-20 21:36:43,1,6,0,0
35505,2024-10-20 21:41:11,0,3,1,322
97774,2024-10-20 21:42:07,1,5,0,0
65201,2024-10-20 22:05:32,0,6,0,0
34589,2024-10-20 22:15:35,0,5,0,0
79877,2024-10-20 22:24:05,1,5,0,0
49983,2024-10-20 22:24:10,0,6,1,331
91510,2024-10-20 22:33:35,0,5,1,501
40417,2024-10-20 22:34:24,0,10,0,0
23752,2024-10-20 22:36:48,0,8,0,0
27479,2024-10-20 22:52:52,1,7,0,0
60712,2024-10-20 22:55:37,0,2,0,0
21495,2024-10-20 23:06:30,0,1,0,0
11609,2024-10-20 23:09:42,0,4,0,0
82132,2024-10-20 23:22:46,1,6,0,0
86648,2024-10-20 23:39:22,0,9,0,0
4521,2024-10-20 23:39:40,0,8,0,0
13533,2024-10-20 23:42:59,1,8,0,0
73571,2024-10-20 23:48:51,1,8,0,0
40417,2024-10-20 23:53:55,1,3,0,0
66431,2024-10-20 23:56:58,1,8,1,361
54122,2024-10-21 00:20:28,0,2,1,249
69611,2024-10-21 00:30:53,1,8,0,0
90910,2024-10-21 00:48:05,0,6,1,371
80779,2024-10-21 00:49:29,1,3,1,329
21285,2024-10-21 01:05:53,1,6,0,0
52158,2024-10-21 01:48:16,0,10,0,0
32194,2024-10-21 01:56:23,0,8,0,0
29145,2024-10-21 02:12:42,1,4,0,0
88542,2024-10-21 02:15:45,0,10,0,0
64121,2024-10-21 02:44:23,0,5,0,0
66460,2024-10-21 02:45:25,0,5,0,0
57290,2024-10-21 03:08:05,0,6,1,333
98211,2024-10-21 03:10:32,1,6,0,0
14078,2024-10-21 03:20:41,0,6,0,0
77184,2024-10-21 04:01:58,1,7,1,200
23339,2024-10-21 04:33:02,0,7,0,0
42610,2024-10-21 04:36:32,0,7,1,308
53102,2024-10-21 05:01:36,1,4,0,0
32755,2024-10-21 05:07:43,1,7,0,0
79791,2024-10-21 05:09:32,0,6,0,0
49643,2024-10-21 05:52:27,0,5,1,249
20571,2024-10-21 06:51:46,0,8,0,0
28004,2024-10-21 06:53:58,0,7,0,0
52154,2024-10-21 06:55:37,0,4,1,223
11409,2024-10-21 06:56:44,0,5,1,430
99108,2024-10-21 06:59:39,1,9,1,168
87118,2024-10-21 07:04:16,0,7,0,0
76581,2024-10-21 07:43:38,1,9,1,371
90532,2024-10-21 07:45:09,1,12,0,0
23339,2024-10-21 08:01:26,0,6,0,0
11609,2024-10-21 08:05:59,0,6,1,719
16586,2024-10-21 08:08:45,0,9,0,0
82132,2024-10-21 08:10:31,0,8,1,448
79909,2024-10-21 08:18:56,0,2,1,332
54261,2024-10-21 08:31:23,1,9,0,0
46178,2024-10-21 08:36:19,0,7,1,436
17663,2024-10-21 08:43:02,0,5,1,449
80403,2024-10-21 08:43:23,1,1,0,0
41505,2024-10-21 08:56:35,0,6,1,362
42997,2024-10-21 09:21:50,1,3,0,0
31558,2024-10-21 09:28:41,0,13,0,0
75665,2024-10-21 09:37:07,1,3,0,0
30685,2024-10-21 09:40:39,0,5,1,198
17,2024-10-21 09:46:09,0,12,0,0
11639,2024-10-21 09:46:44,0,7,0,0
77142,2024-10-21 09:59:07,0,6,1,166
24239,2024-10-21 09:59:45,1,4,1,258
56972,2024-10-21 10:03:29,0,14,0,0
14822,2024-10-21 10:21:01,0,4,0,0
48309,2024-10-21 10:25:42,1,7,1,382
12291,2024-10-21 10:27:35,0,7,0,0
41037,2024-10-21 10:41:26,1,8,0,0
24844,2024-10-21 10:49:40,1,7,1,275
72873,2024-10-21 11:00:04,0,2,1,260
11609,2024-10-21 11:14:13,1,6,1,490
82724,2024-10-21 11:16:13,1,8,0,0
41037,2024-10-21 11:17:07,1,2,0,0
66051,2024-10-21 11:23:38,0,5,0,0
89936,2024-10-21 11:24:54,1,10,0,0
52550,2024-10-21 11:24:55,0,6,1,331
19364,2024-10-21 11:28:15,0,3,0,0
93781,2024-10-21 11:30:17,0,7,0,0
89112,2024-10-21 11:30:24,0,3,0,0
14290,2024-10-21 11:33:55,0,11,0,0
60712,2024-10-21 11:40:10,0,4,0,0
57127,2024-10-21 11:43:45,0,4,1,362
53253,2024-10-21 11:45:31,0,4,0,0
96947,2024-10-21 11:50:46,0,4,0,0
54980,2024-10-21 11:58:18,0,5,1,441
82478,2024-10-21 12:26:08,0,2,0,0
52158,2024-10-21 12:40:09,0,8,1,225
88849,2024-10-21 12:40:25,1,5,0,0
60712,2024-10-21 12:44:58,0,5,0,0
82791,2024-10-21 12:52:28,0,8,0,0
78375,2024-10-21 12:56:22,0,4,1,459
91906,2024-10-21 12:59:42,0,8,1,472
25203,2024-10-21 13:02:34,0,3,0,0
99198,2024-10-21 13:04:34,0,6,1,385
62783,2024-10-21 13:18:30,1,3,0,0
32424,2024-10-21 13:23:05,0,2,0,0
24239,2024-10-21 13:27:15,0,7,0,0
20329,2024-10-21 13:27:58,1,7,0,0
51796,2024-10-21 13:33:04,0,8,0,0
76611,2024-10-21 13:38:14,1,1,0,0
1380,2024-10-21 13:46:10,0,4,1,170
88559,2024-10-21 13:48:36,0,2,0,0
76250,2024-10-21 13:52:58,0,7,0,0
64278,2024-10-21 14:01:51,0,13,1,270
56642,2024-10-21 14:07:55,0,7,0,0
52705,2024-10-21 14:10:20,1,1,0,0
82188,2024-10-21 14:14:01,0,6,1,250
47980,2024-10-21 14:26:12,1,10,1,486
51454,2024-10-21 14:33:16,0,6,0,0
75524,2024-10-21 14:48:29,1,6,0,0
60631,2024-10-21 14:55:53,0,1,0,0
87730,2024-10-21 14:56:03,1,5,0,0
32134,2024-10-21 14:58:00,0,3,0,0
38841,2024-10-21 15:21:43,1,3,0,0
22431,2024-10-21 15:23:13,0,7,0,0
36629,2024-10-21 15:29:03,1,6,0,0
42142,2024-10-21 15:30:06,0,7,1,281
6446,2024-10-21 15:30:11,1,4,1,281
20571,2024-10-21 15:41:59,1,4,1,982
62343,2024-10-21 15:46:40,0,8,1,296
72522,2024-10-21 15:47:37,0,4,0,0
79301,2024-10-21 15:49:07,0,9,1,263
29970,2024-10-21 15:58:58,0,9,1,308
96973,2024-10-21 16:13:50,0,6,0,0
98708,2024-10-21 16:17:09,0,11,0,0
65213,2024-10-21 16:33:11,0,5,1,322
97475,2024-10-21 16:33:51,0,8,0,0
75325,2024-10-21 16:43:05,0,4,1,571
42610,2024-10-21 16:44:23,0,5,0,0
79301,2024-10-21 16:49:08,0,8,0,0
15891,2024-10-21 16:50:29,0,8,0,0
29552,2024-10-21 16:54:32,0,9,1,321
49199,2024-10-21 16:57:44,0,11,1,212
63920,2024-10-21 17:01:05,0,7,0,0
26807,2024-10-21 17:11:35,0,4,1,290
85193,2024-10-21 17:12:37,0,5,1,281
19583,2024-10-21 17:17:58,0,4,0,0
95844,2024-10-21 17:31:17,0,2,1,281
94427,2024-10-21 17:34:23,1,5,0,0
66051,2024-10-21 17:38:10,0,7,0,0
53102,2024-10-21 17:51:37,0,7,0,0
92998,2024-10-21 17:53:52,0,3,1,195
22788,2024-10-21 18:01:28,1,5,1,318
45426,2024-10-21 18:04:47,0,3,1,296
263,2024-10-21 18:09:02,0,7,1,223
28238,2024-10-21 18:10:46,1,8,0,0
87900,2024-10-21 18:14:49,0,5,1,229
76429,2024-10-21 18:15:44,1,5,0,0
22663,2024-10-21 18:25:18,0,3,0,0
83952,2024-10-21 18:30:35,0,7,1,346
2778,2024-10-21 18:32:16,0,5,0,0
85193,2024-10-21 18:32:38,1,7,0,0
60642,2024-10-21 18:38:18,1,7,0,0
99108,2024-10-21 18:56:17,0,3,0,0
16499,2024-10-21 19:22:50,0,4,0,0
29437,2024-10-21 19:23:28,0,6,1,226
90156,2024-10-21 19:33:57,1,4,1,284
94427,2024-10-21 19:37:36,0,6,0,0
30947,2024-10-21 19:39:24,0,5,0,0
29263,2024-10-21 19:44:25,0,3,1,112
28662,2024-10-21 19:49:02,0,3,1,232
14961,2024-10-21 19:49:42,0,7,1,371
77142,2024-10-21 19:55:09,0,11,0,0
14881,2024-10-21 20:05:22,0,4,1,156
69678,2024-10-21 20:05:56,0,6,0,0
85611,2024-10-21 20:19:50,0,10,0,0
85827,2024-10-21 20:31:16,0,10,1,395
20960,2024-10-21 20:32:45,0,9,0,0
72645,2024-10-21 20:54:13,0,5,0,0
5774,2024-10-21 20:55:17,0,3,0,0
91018,2024-10-21 21:17:21,0,4,0,0
50540,2024-10-21 21:18:18,0,7,0,0
10601,2024-10-21 21:22:13,1,5,1,427
26347,2024-10-21 21:37:22,0,4,0,0
65963,2024-10-21 21:43:11,0,7,0,0
42170,2024-10-21 21:51:23,0,7,1,377
52639,2024-10-21 21:58:36,0,9,1,402
28688,2024-10-21 21:59:13,0,5,0,0
56031,2024-10-21 21:59:24,0,7,1,486
59934,2024-10-21 22:02:10,0,2,1,230
11368,2024-10-21 22:22:46,1,3,0,0
60184,2024-10-21 22:38:52,0,5,0,0
51796,2024-10-21 22:49:50,0,4,0,0
26347,2024-10-21 22:52:28,0,5,0,0
1222,2024-10-21 22:59:57,0,8,1,245
11907,2024-10-21 23:20:24,1,6,0,0
30947,2024-10-21 23:27:28,0,9,1,614
86403,2024-10-21 23:46:40,0,5,1,337
86713,2024-10-21 23:49:38,0,7,0,0
29919,2024-10-21 23:52:07,1,6,0,0
58641,2024-10-22 00:19:30,1,3,0,0
28261,2024-10-22 00:42:46,0,7,1,302
97255,2024-10-22 00:46:38,0,6,0,0
18055,2024-10-22 01:33:17,0,5,1,292
95414,2024-10-22 01:40:09,0,6,0,0
45505,2024-10-22 01:48:23,0,3,0,0
19256,2024-10-22 02:03:50,0,5,0,0
52436,2024-10-22 02:10:09,0,8,1,481
72275,2024-10-22 02:10:10,0,11,0,0
26257,2024-10-22 02:28:14,0,7,0,0
70071,2024-10-22 02:52:19,0,7,1,349
86645,2024-10-22 02:58:57,1,7,1,219
8624,2024-10-22 03:47:08,0,6,0,0
67761,2024-10-22 04:11:42,0,7,0,0
56972,2024-10-22 04:54:07,1,10,0,0
25852,2024-10-22 05:38:07,0,7,0,0
72718,2024-10-22 06:00:43,1,9,1,158
42997,2024-10-22 06:28:42,0,4,1,282
99244,2024-10-22 06:34:56,0,6,1,295
14525,2024-10-22 06:38:33,0,3,1,300
98421,2024-10-22 06:39:13,0,10,1,358
19717,2024-10-22 06:55:32,1,10,0,0
22406,2024-10-22 06:56:38,1,8,1,195
13420,2024-10-22 07:02:45,0,6,0,0
16316,2024-10-22 07:05:48,1,5,0,0
20068,2024-10-22 07:10:26,0,1,0,0
29863,2024-10-22 07:15:30,0,7,1,234
17497,2024-10-22 07:20:43,1,4,0,0
63294,2024-10-22 07:24:30,0,8,1,372
35505,2024-10-22 07:33:38,0,5,0,0
10113,2024-10-22 07:44:16,0,3,1,333
71101,2024-10-22 08:13:48,1,9,1,178
42534,2024-10-22 08:14:11,0,9,1,175
3778,2024-10-22 08:20:48,0,9,1,363
42886,2024-10-22 08:22:09,0,5,0,0
91519,2024-10-22 08:23:40,0,1,0,0
63344,2024-10-22 08:25:33,0,7,1,246
91642,2024-10-22 08:39:58,1,11,1,277
29658,2024-10-22 08:42:31,0,5,1,349
49553,2024-10-22 08:43:21,1,7,0,0
964,2024-10-22 08:53:33,0,2,1,651
39806,2024-10-22 08:57:32,0,9,0,0
84633,2024-10-22 08:57:43,1,6,0,0
72565,2024-10-22 09:09:06,0,11,0,0
72565,2024-10-22 09:16:54,0,7,1,322
54261,2024-10-22 09:17:17,0,8,1,284
9975,2024-10-22 09:35:55,0,7,1,274
13464,2024-10-22 09:46:07,1,9,0,0
69737,2024-10-22 09:50:06,0,4,0,0
60888,2024-10-22 09:50:47,1,5,1,271
32424,2024-10-22 10:07:19,1,10,0,0
36825,2024-10-22 10:08:28,0,6,1,325
66952,2024-10-22 10:28:35,0,6,0,0
69724,2024-10-22 10:41:03,1,4,0,0
16963,2024-10-22 10:41:08,0,6,1,317
71625,2024-10-22 10:41:56,0,6,0,0
54197,2024-10-22 11:12:18,0,3,1,334
11907,2024-10-22 11:20:15,0,3,1,394
59934,2024-10-22 11:24:01,1,5,0,0
7573,2024-10-22 11:25:34,0,3,0,0
58196,2024-10-22 11:28:27,0,4,1,576
10905,2024-10-22 11:47:33,0,13,0,0
88542,2024-10-22 11:52:52,1,8,0,0
94161,2024-10-22 11:53:30,0,5,1,550
11409,2024-10-22 12:05:26,1,3,1,341
31445,2024-10-22 12:12:43,1,8,0,0
95515,2024-10-22 12:14:41,0,5,0,0
56642,2024-10-22 12:16:53,0,4,0,0
73631,2024-10-22 12:19:56,0,6,0,0
80859,2024-10-22 12:26:49,0,3,1,194
97240,2024-10-22 12:27:39,0,6,0,0
2145,2024-10-22 12:30:04,1,4,0,0
90319,2024-10-22 12:36:37,1,11,1,689
66952,2024-10-22 12:38:58,0,8,0,0
51982,2024-10-22 12:44:24,0,8,1,374
81152,2024-10-22 12:48:06,1,9,0,0
37992,2024-10-22 12:51:01,0,2,0,0
96273,2024-10-22 12:54:03,0,4,0,0
15338,2024-10-22 12:59:03,0,6,0,0
20068,2024-10-22 13:09:08,1,6,1,433
66807,2024-10-22 13:10:15,0,8,1,291
63327,2024-10-22 13:10:23,0,6,0,0
46464,2024-10-22 13:12:55,0,2,0,0
93036,2024-10-22 13:18:04,0,7,1,264
14710,2024-10-22 13:19:52,0,5,1,350
67818,2024-10-22 13:27:29,0,5,0,0
96108,2024-10-22 13:29:27,0,11,0,0
55973,2024-10-22 13:31:24,0,5,0,0
35081,2024-10-22 13:31:25,0,6,1,275
42142,2024-10-22 13:55:20,0,5,0,0
64217,2024-10-22 13:59:13,0,7,1,354
10601,2024-10-22 14:05:37,1,4,0,0
56060,2024-10-22 14:09:13,0,4,0,0
56315,2024-10-22 14:27:52,0,6,0,0
74038,2024-10-22 14:28:03,0,5,0,0
78369,2024-10-22 14:29:08,0,8,0,0
81519,2024-10-22 14:29:28,0,5,1,309
72354,2024-10-22 14:30:48,1,3,0,0
95489,2024-10-22 14:31:26,0,6,1,183
41432,2024-10-22 14:38:06,1,5,1,434
895,2024-10-22 14:38:28,1,7,0,0
42423,2024-10-22 14:38:31,1,2,1,299
64121,2024-10-22 14:54:38,0,2,1,343
72646,2024-10-22 14:57:11,0,8,0,0
66807,2024-10-22 14:58:18,0,6,0,0
77536,2024-10-22 15:02:09,0,5,1,407
52158,2024-10-22 15:03:34,1,5,1,385
37428,2024-10-22 15:07:05,0,3,1,270
86711,2024-10-22 15:29:05,0,8,0,0
87463,2024-10-22 15:30:56,1,4,1,253
98972,2024-10-22 15:38:43,0,9,0,0
10453,2024-10-22 15:57:57,0,3,0,0
56647,2024-10-22 15:59:25,1,4,0,0
69737,2024-10-22 16:00:15,0,10,0,0
20976,2024-10-22 16:00:35,0,6,0,0
65350,2024-10-22 16:06:39,0,7,1,469
89958,2024-10-22 16:08:03,1,9,0,0
64203,2024-10-22 16:09:48,0,6,1,252
60122,2024-10-22 16:10:20,0,11,1,289
42973,2024-10-22 16:19:26,0,10,0,0
84237,2024-10-22 16:24:50,0,4,0,0
47433,2024-10-22 16:28:52,0,4,0,0
59167,2024-10-22 16:31:34,1,5,1,294
86456,2024-10-22 16:33:48,0,15,1,357
96066,2024-10-22 16:35:23,0,6,1,348
31636,2024-10-22 16:35:27,0,8,1,324
19045,2024-10-22 16:47:18,1,8,0,0
45761,2024-10-22 16:52:14,0,2,0,0
79877,2024-10-22 16:54:24,0,8,0,0
67403,2024-10-22 17:11:35,1,5,1,375
67655,2024-10-22 17:17:31,0,9,0,0
78005,2024-10-22 17:21:18,0,6,0,0
65254,2024-10-22 17:30:17,1,2,0,0
50584,2024-10-22 17:39:22,0,5,0,0
63920,2024-10-22 17:41:58,1,10,0,0
10113,2024-10-22 17:46:06,1,9,0,0
71048,2024-10-22 17:47:24,1,4,0,0
81060,2024-10-22 17:48:31,0,6,0,0
80681,2024-10-22 17:48:49,0,10,0,0
85573,2024-10-22 17:50:40,0,6,0,0
75100,2024-10-22 17:59:28,0,3,0,0
16473,2024-10-22 18:14:59,0,8,0,0
26504,2024-10-22 18:25:06,0,4,0,0
80042,2024-10-22 18:31:29,1,7,0,0
31020,2024-10-22 18:31:58,0,7,1,232
82132,2024-10-22 18:33:25,0,4,1,401
10113,2024-10-22 18:35:35,0,5,0,0
4780,2024-10-22 18:44:44,0,6,0,0
12187,2024-10-22 18:51:18,0,7,1,723
525,2024-10-22 18:52:28,0,6,0,0
75700,2024-10-22 18:57:01,1,7,0,0
16381,2024-10-22 18:57:52,0,11,0,0
48711,2024-10-22 18:58:57,0,8,1,280
97856,2024-10-22 19:18:11,0,6,0,0
71340,2024-10-22 19:19:59,1,7,0,0
86456,2024-10-22 19:45:43,0,3,0,0
1768,2024-10-22 19:47:39,0,7,0,0
29437,2024-10-22 19:48:17,0,12,0,0
71596,2024-10-22 19:49:46,0,6,0,0
20467,2024-10-22 19:59:34,0,6,0,0
76116,2024-10-22 20:06:09,0,3,1,278
62820,2024-10-22 20:08:46,0,5,1,409
94844,2024-10-22 20:11:11,0,3,1,245
89182,2024-10-22 20:22:34,0,3,1,280
66051,2024-10-22 20:29:57,0,8,0,0
45406,2024-10-22 20:33:04,0,3,0,0
39874,2024-10-22 20:35:12,0,8,0,0
52158,2024-10-22 20:51:11,0,7,0,0
67403,2024-10-22 20:53:14,0,10,0,0
87124,2024-10-22 21:12:44,0,4,1,260
63458,2024-10-22 21:14:53,1,8,0,0
28006,2024-10-22 21:25:43,1,8,0,0
81519,2024-10-22 21:26:57,1,13,0,0
97856,2024-10-22 21:30:52,1,6,0,0
12493,2024-10-22 22:03:34,0,9,0,0
66354,2024-10-22 22:08:53,0,9,0,0
73165,2024-10-22 22:20:08,0,7,1,407
32194,2024-10-22 22:20:38,0,11,0,0
56972,2024-10-22 22:30:07,0,6,0,0
28006,2024-10-22 22:30:17,0,4,1,489
46604,2024-10-22 22:34:06,1,7,1,303
87124,2024-10-22 22:46:07,0,4,0,0
72873,2024-10-22 22:53:01,0,8,0,0
76933,2024-10-22 23:01:00,1,5,0,0
96335,2024-10-22 23:05:32,1,11,0,0
15116,2024-10-22 23:08:33,1,10,0,0
70222,2024-10-22 23:09:38,0,10,0,0
556,2024-10-22 23:14:10,0,5,1,378
9470,2024-10-22 23:16:36,1,5,1,244
22173,2024-10-22 23:29:31,0,10,0,0
12498,2024-10-22 23:36:18,0,6,1,314
73982,2024-10-22 23:41:42,0,8,0,0
17663,2024-10-22 23:42:45,1,7,0,0
50063,2024-10-22 23:54:57,0,5,1,367
12126,2024-10-22 23:57:35,0,8,0,0
17860,2024-10-23 00:23:33,0,4,0,0
81153,2024-10-23 00:50:48,1,3,0,0
25656,2024-10-23 00:53:52,0,10,0,0
78251,2024-10-23 01:35:04,1,4,0,0
12126,2024-10-23 01:42:41,0,7,0,0
68889,2024-10-23 01:50:10,0,7,0,0
50063,2024-10-23 01:50:18,1,5,0,0
64087,2024-10-23 02:19:59,0,5,0,0
8778,2024-10-23 02:27:16,1,10,0,0
59217,2024-10-23 02:40:19,0,5,0,0
41031,2024-10-23 02:51:59,0,6,0,0
42447,2024-10-23 03:03:30,0,5,0,0
12183,2024-10-23 03:13:35,0,6,0,0
25646,2024-10-23 03:16:44,0,7,1,239
27306,2024-10-23 03:50:00,0,5,0,0
88559,2024-10-23 04:09:48,0,2,0,0
84211,2024-10-23 04:30:45,0,7,0,0
96335,2024-10-23 04:34:51,0,9,0,0
73439,2024-10-23 04:41:06,0,4,1,141
45406,2024-10-23 04:43:42,1,5,0,0
35165,2024-10-23 04:56:08,0,3,0,0
43191,2024-10-23 04:58:25,0,3,0,0
99351,2024-10-23 05:15:08,0,4,0,0
91119,2024-10-23 05:17:36,0,3,0,0
65469,2024-10-23 05:17:51,0,5,1,314
37992,2024-10-23 05:25:16,0,11,0,0
61721,2024-10-23 05:39:58,0,6,1,284
95434,2024-10-23 05:40:06,1,4,0,0
12796,2024-10-23 05:41:09,0,9,1,398
32830,2024-10-23 05:47:41,1,13,0,0
90298,2024-10-23 06:08:25,1,6,1,340
425,2024-10-23 06:23:37,0,8,0,0
50857,2024-10-23 06:33:52,0,10,0,0
52154,2024-10-23 06:34:01,0,6,0,0
26075,2024-10-23 06:44:00,0,9,0,0
71107,2024-10-23 06:45:33,1,10,1,162
40876,2024-10-23 06:58:59,0,5,1,131
29863,2024-10-23 07:17:29,0,8,0,0
85827,2024-10-23 07:24:20,1,5,0,0
68275,2024-10-23 07:33:10,1,9,0,0
92791,2024-10-23 07:45:36,0,8,1,1217
85128,2024-10-23 08:02:10,0,6,0,0
79325,2024-10-23 08:04:11,0,6,0,0
18559,2024-10-23 08:04:45,1,5,0,0
57127,2024-10-23 08:05:54,0,7,0,0
15607,2024-10-23 08:18:12,0,4,0,0
45089,2024-10-23 08:18:56,1,6,0,0
19729,2024-10-23 08:26:34,0,7,1,352
29191,2024-10-23 08:28:25,0,10,0,0
35049,2024-10-23 08:31:19,1,4,1,252
79339,2024-10-23 08:31:20,1,10,1,232
91405,2024-10-23 08:39:18,0,2,0,0
33035,2024-10-23 08:40:43,0,5,1,238
99141,2024-10-23 08:45:37,0,9,0,0
40181,2024-10-23 08:47:50,1,6,0,0
184,2024-10-23 09:02:59,1,6,0,0
81250,2024-10-23 09:10:47,0,6,0,0
32474,2024-10-23 09:13:17,0,4,1,406
33035,2024-10-23 09:17:58,1,4,1,307
27306,2024-10-23 09:21:35,1,7,0,0
89936,2024-10-23 09:24:23,0,11,1,253
49973,2024-10-23 09:26:00,0,5,0,0
31712,2024-10-23 09:49:41,0,3,0,0
9136,2024-10-23 09:55:13,0,9,0,0
40181,2024-10-23 10:00:53,0,6,0,0
42686,2024-10-23 10:00:54,0,4,0,0
98421,2024-10-23 10:08:32,0,3,1,254
62820,2024-10-23 10:09:54,1,6,1,256
4394,2024-10-23 10:10:09,1,2,1,297
68554,2024-10-23 10:11:14,0,4,1,215
12814,2024-10-23 10:11:41,1,3,1,355
93626,2024-10-23 10:12:27,1,5,0,0
45761,2024-10-23 10:36:08,1,6,0,0
42886,2024-10-23 10:38:31,1,4,0,0
63920,2024-10-23 10:55:36,0,5,0,0
33548,2024-10-23 11:00:38,0,6,0,0
82188,2024-10-23 11:01:09,1,6,1,716
19012,2024-10-23 11:04:38,0,9,1,321
69678,2024-10-23 11:09:20,0,11,0,0
38870,2024-10-23 11:27:10,1,4,1,304
26690,2024-10-23 11:45:07,0,6,0,0
88854,2024-10-23 12:07:11,0,2,0,0
49199,2024-10-23 12:09:59,0,8,1,247
5144,2024-10-23 12:15:28,0,6,1,288
75700,2024-10-23 12:28:59,0,8,1,279
92332,2024-10-23 12:41:26,0,2,0,0
56456,2024-10-23 12:41:42,0,8,0,0
59217,2024-10-23 12:45:26,0,8,0,0
99739,2024-10-23 12:46:13,1,3,0,0
41432,2024-10-23 13:04:55,0,9,0,0
24844,2024-10-23 13:13:25,0,10,1,668
34326,2024-10-23 13:14:49,0,4,0,0
34360,2024-10-23 13:20:42,0,2,0,0
92998,2024-10-23 13:25:18,0,5,0,0
26347,2024-10-23 13:26:18,0,8,0,0
15053,2024-10-23 13:33:57,0,11,1,282
87431,2024-10-23 13:42:14,0,8,0,0
47010,2024-10-23 13:52:44,1,5,0,0
9793,2024-10-23 13:53:55,1,6,0,0
1768,2024-10-23 13:56:17,1,5,1,280
85573,2024-10-23 14:13:22,1,9,0,0
58596,2024-10-23 14:15:21,0,7,0,0
71596,2024-10-23 14:18:37,0,12,1,406
37761,2024-10-23 14:25:14,0,4,0,0
37568,2024-10-23 14:26:17,0,8,1,327
90663,2024-10-23 14:27:34,1,5,0,0
70773,2024-10-23 14:28:02,0,8,1,343
71625,2024-10-23 14:28:53,0,5,0,0
77840,2024-10-23 14:45:22,0,10,0,0
75677,2024-10-23 14:47:36,1,7,0,0
18290,2024-10-23 14:58:28,0,10,0,0
79873,2024-10-23 15:08:40,0,7,0,0
65350,2024-10-23 15:28:00,0,4,0,0
77532,2024-10-23 15:32:59,0,7,0,0
28238,2024-10-23 15:48:21,0,9,1,325
93724,2024-10-23 15:53:59,1,4,0,0
75502,2024-10-23 16:01:51,0,7,0,0
91155,2024-10-23 16:02:24,0,3,0,0
19583,2024-10-23 16:11:52,1,7,0,0
87737,2024-10-23 16:19:08,0,7,0,0
12454,2024-10-23 16:22:42,1,5,1,280
64208,2024-10-23 16:27:47,1,6,0,0
91642,2024-10-23 16:28:32,1,6,0,0
15512,2024-10-23 16:34:08,0,2,0,0
73982,2024-10-23 16:37:42,0,5,0,0
63458,2024-10-23 16:49:25,0,9,0,0
55539,2024-10-23 16:53:36,1,4,0,0
65694,2024-10-23 17:11:39,1,8,0,0
88066,2024-10-23 17:15:19,0,8,0,0
11907,2024-10-23 17:16:38,0,3,1,824
62063,2024-10-23 17:17:04,0,5,0,0
66938,2024-10-23 17:25:17,0,7,1,123
83645,2024-10-23 17:29:22,1,7,0,0
77896,2024-10-23 17:32:49,0,5,0,0
59167,2024-10-23 17:45:28,0,8,0,0
46205,2024-10-23 17:53:32,0,13,0,0
14842,2024-10-23 18:00:05,0,6,0,0
5054,2024-10-23 18:00:45,1,9,0,0
4136,2024-10-23 18:10:49,1,7,0,0
36629,2024-10-23 18:17:26,0,4,0,0
90813,2024-10-23 18:25:03,0,5,0,0
17328,2024-10-23 18:27:37,0,7,1,189
90910,2024-10-23 18:28:46,0,7,0,0
5491,2024-10-23 18:32:31,0,7,1,338
35505,2024-10-23 18:33:37,1,6,1,479
15720,2024-10-23 18:37:45,0,7,1,248
895,2024-10-23 18:43:04,0,6,1,268
99108,2024-10-23 18:45:36,0,8,0,0
59167,2024-10-23 19:01:45,0,9,0,0
2270,2024-10-23 19:04:27,0,6,0,0
9613,2024-10-23 19:06:43,1,5,0,0
40211,2024-10-23 19:25:21,0,6,0,0
12814,2024-10-23 19:39:24,0,5,0,0
37602,2024-10-23 19:42:05,0,7,1,518
81100,2024-10-23 19:52:59,0,4,1,257
96221,2024-10-23 19:55:44,0,12,0,0
73479,2024-10-23 19:56:16,0,5,1,249
42170,2024-10-23 19:56:25,0,8,0,0
9824,2024-10-23 20:03:12,1,4,0,0
93652,2024-10-23 20:16:58,0,7,1,287
55714,2024-10-23 20:21:10,0,9,1,276
23522,2024-10-23 20:23:59,0,7,0,0
1892,2024-10-23 20:25:27,1,10,1,334
72387,2024-10-23 20:42:37,1,6,1,166
71554,2024-10-23 20:48:31,0,5,1,371
31445,2024-10-23 20:48:56,0,10,0,0
17497,2024-10-23 20:54:06,0,7,0,0
87905,2024-10-23 21:04:32,0,3,1,301
66144,2024-10-23 21:08:47,1,9,1,347
5144,2024-10-23 21:15:15,1,3,0,0
94194,2024-10-23 21:22:13,0,5,1,499
25568,2024-10-23 21:29:13,0,3,0,0
69377,2024-10-23 21:35:54,0,8,1,298
87618,2024-10-23 21:40:34,0,3,1,203
15425,2024-10-23 21:57:39,0,6,0,0
26690,2024-10-23 22:02:05,1,6,0,0
60498,2024-10-23 22:08:38,0,9,1,319
25203,2024-10-23 22:17:14,1,6,0,0
58596,2024-10-23 22:40:43,1,5,0,0
92733,2024-10-23 22:47:08,0,9,1,254
82288,2024-10-23 23:08:00,0,6,0,0
9573,2024-10-23 23:13:10,0,6,0,0
27765,2024-10-23 23:16:26,0,3,1,179
4780,2024-10-23 23:16:38,1,4,0,0
9613,2024-10-23 23:19:02,0,4,0,0
85468,2024-10-23 23:21:39,1,5,0,0
41611,2024-10-23 23:45:38,1,6,1,462
39332,2024-10-23 23:47:28,0,6,1,162
16381,2024-10-23 23:48:46,0,4,1,236
90532,2024-10-23 23:52:51,1,3,0,0
70790,2024-10-24 00:39:22,0,4,0,0
2104,2024-10-24 00:46:37,1,2,0,0
63175,2024-10-24 01:03:34,0,4,0,0
21919,2024-10-24 01:06:19,1,7,0,0
21495,2024-10-24 01:45:36,0,2,0,0
72265,2024-10-24 01:50:32,0,7,1,240
3774,2024-10-24 02:37:39,0,7,1,148
49362,2024-10-24 03:20:56,0,4,1,383
17497,2024-10-24 03:22:48,1,7,0,0
96015,2024-10-24 03:28:19,1,7,0,0
37812,2024-10-24 03:40:02,0,2,0,0
96066,2024-10-24 03:45:31,0,8,0,0
91405,2024-10-24 04:52:20,0,8,1,210
75374,2024-10-24 04:55:27,0,4,1,384
23695,2024-10-24 05:04:46,1,5,0,0
46464,2024-10-24 05:09:41,0,4,1,674
63227,2024-10-24 05:13:48,0,3,0,0
14547,2024-10-24 05:57:01,1,10,1,339
40613,2024-10-24 05:59:46,1,8,0,0
98972,2024-10-24 06:14:27,0,1,0,0
52836,2024-10-24 06:22:14,0,4,1,253
624,2024-10-24 07:53:48,0,8,0,0
13464,2024-10-24 08:04:21,1,4,0,0
93167,2024-10-24 08:10:15,1,6,1,196
8115,2024-10-24 08:11:33,0,6,1,350
94505,2024-10-24 08:14:00,0,7,1,311
28614,2024-10-24 08:14:51,0,2,0,0
89182,2024-10-24 08:15:13,0,11,0,0
14961,2024-10-24 08:15:36,1,5,0,0
13117,2024-10-24 08:20:41,0,5,1,258
60631,2024-10-24 08:27:11,1,6,0,0
16586,2024-10-24 08:33:45,0,9,1,486
54261,2024-10-24 08:34:03,1,5,0,0
95434,2024-10-24 08:37:53,0,2,1,273
72522,2024-10-24 08:38:49,1,7,0,0
70343,2024-10-24 08:56:00,1,8,0,0
67248,2024-10-24 09:00:39,0,7,1,256
94427,2024-10-24 09:08:54,1,8,1,273
24844,2024-10-24 09:11:01,0,7,0,0
44891,2024-10-24 09:12:46,1,3,0,0
55263,2024-10-24 09:15:15,0,7,0,0
87463,2024-10-24 09:17:08,0,3,0,0
20190,2024-10-24 09:26:00,0,7,0,0
19947,2024-10-24 09:28:40,1,10,1,300
83952,2024-10-24 09:40:43,1,2,0,0
56392,2024-10-24 09:46:26,0,3,1,103
96015,2024-10-24 09:50:04,0,12,0,0
65907,2024-10-24 09:51:01,1,6,0,0
60036,2024-10-24 09:54:14,1,6,0,0
66144,2024-10-24 10:03:37,0,7,0,0
56432,2024-10-24 10:17:48,0,4,0,0
67818,2024-10-24 10:32:31,0,7,1,368
73260,2024-10-24 10:37:36,0,7,1,348
29363,2024-10-24 10:38:06,0,11,0,0
1677,2024-10-24 10:40:13,1,9,0,0
67517,2024-10-24 10:44:39,0,7,0,0
60184,2024-10-24 10:52:30,1,4,1,256
3654,2024-10-24 11:14:59,0,8,0,0
76469,2024-10-24 11:17:55,1,3,0,0
82303,2024-10-24 11:33:22,0,8,0,0
74645,2024-10-24 11:33:57,1,6,0,0
95397,2024-10-24 11:46:14,0,5,1,439
91167,2024-10-24 11:50:19,0,5,1,522
5665,2024-10-24 11:54:09,1,4,0,0
32424,2024-10-24 12:02:00,0,8,1,313
5975,2024-10-24 12:05:38,1,7,0,0
80859,2024-10-24 12:07:11,0,5,0,0
45824,2024-10-24 12:08:34,0,7,1,605
67248,2024-10-24 12:09:41,1,6,0,0
35138,2024-10-24 12:15:13,1,6,0,0
43710,2024-10-24 12:23:44,1,4,0,0
32474,2024-10-24 12:29:10,1,3,1,250
65213,2024-10-24 12:39:45,0,6,0,0
78635,2024-10-24 13:05:50,0,7,0,0
75100,2024-10-24 13:09:34,0,8,1,308
2411,2024-10-24 13:17:46,1,3,0,0
69105,2024-10-24 13:21:40,0,6,0,0
9286,2024-10-24 13:27:27,0,3,1,468
57275,2024-10-24 13:30:25,1,8,0,0
83406,2024-10-24 13:35:12,0,5,0,0
94194,2024-10-24 13:44:53,0,7,0,0
72387,2024-10-24 13:53:24,0,11,0,0
46402,2024-10-24 14:00:20,0,8,0,0
28238,2024-10-24 14:00:44,0,5,1,351
8885,2024-10-24 14:02:08,0,6,0,0
95527,2024-10-24 14:02:20,1,7,0,0
33882,2024-10-24 14:16:21,0,11,0,0
34360,2024-10-24 14:21:29,0,5,0,0
74645,2024-10-24 14:27:33,0,10,1,398
26315,2024-10-24 14:38:26,1,4,1,266
60036,2024-10-24 14:38:37,0,8,0,0
75677,2024-10-24 14:41:38,1,4,0,0
6659,2024-10-24 14:43:19,0,9,0,0
95281,2024-10-24 14:48:16,0,4,1,226
11001,2024-10-24 15:03:00,0,5,1,304
91764,2024-10-24 15:05:26,0,5,1,586
70666,2024-10-24 15:06:59,1,9,1,488
42241,2024-10-24 15:07:09,0,12,0,0
56432,2024-10-24 15:19:17,0,2,0,0
86070,2024-10-24 15:20:34,0,2,0,0
97240,2024-10-24 15:23:10,0,4,0,0
22242,2024-10-24 15:31:16,0,3,0,0
80420,2024-10-24 15:34:37,0,7,0,0
81486,2024-10-24 15:42:15,0,5,1,381
72265,2024-10-24 15:58:19,0,3,0,0
83952,2024-10-24 16:08:10,1,7,0,0
98708,2024-10-24 16:14:51,1,11,1,124
70339,2024-10-24 16:21:55,1,4,1,527
92791,2024-10-24 16:25:22,0,6,0,0
7818,2024-10-24 16:46:45,0,3,1,338
95414,2024-10-24 16:58:35,0,6,0,0
38663,2024-10-24 17:13:25,1,3,0,0
1979,2024-10-24 17:26:31,1,6,0,0
36571,2024-10-24 17:35:34,0,8,0,0
36685,2024-10-24 17:38:26,1,6,0,0
80859,2024-10-24 17:45:08,0,9,0,0
42997,2024-10-24 17:46:54,1,8,0,0
13117,2024-10-24 17:50:27,0,11,0,0
44709,2024-10-24 18:09:05,0,9,0,0
49983,2024-10-24 18:10:30,0,7,0,0
79530,2024-10-24 18:13:06,1,12,1,258
98211,2024-10-24 18:17:28,0,7,0,0
40561,2024-10-24 18:24:27,0,5,1,236
44751,2024-10-24 18:49:07,1,10,0,0
75665,2024-10-24 18:49:50,0,12,1,410
83952,2024-10-24 18:50:14,0,4,0,0
94556,2024-10-24 19:04:08,1,10,0,0
67804,2024-10-24 19:04:50,0,6,1,350
69377,2024-10-24 19:17:11,0,4,0,0
14290,2024-10-24 19:19:24,0,6,0,0
19648,2024-10-24 19:27:22,0,8,1,566
94926,2024-10-24 19:37:23,0,7,1,321
86711,2024-10-24 19:38:46,0,5,0,0
5747,2024-10-24 19:48:00,0,7,1,398
50195,2024-10-24 19:49:07,0,7,1,325
40470,2024-10-24 20:03:48,0,5,1,199
92791,2024-10-24 20:09:04,1,8,0,0
83340,2024-10-24 20:11:18,0,10,1,277
43568,2024-10-24 20:29:45,0,5,1,390
27928,2024-10-24 20:39:39,0,8,1,385
96031,2024-10-24 20:43:04,0,5,0,0
61540,2024-10-24 20:50:51,0,9,0,0
44367,2024-10-24 20:55:56,1,5,1,296
99808,2024-10-24 20:58:08,0,5,0,0
20374,2024-10-24 21:01:32,1,3,0,0
97240,2024-10-24 21:18:44,1,3,1,420
75678,2024-10-24 21:37:14,1,6,0,0
21335,2024-10-24 21:52:02,0,6,0,0
51982,2024-10-24 21:54:16,0,2,0,0
94926,2024-10-24 21:57:49,0,3,1,275
16473,2024-10-24 22:06:43,0,10,0,0
19156,2024-10-24 22:08:03,0,4,1,335
41505,2024-10-24 22:10:46,0,3,1,288
79878,2024-10-24 22:12:14,0,5,0,0
5,2024-10-24 22:15:50,0,5,0,0
47010,2024-10-24 22:20:48,0,10,0,0
28031,2024-10-24 22:25:08,0,9,1,171
28261,2024-10-24 22:25:53,0,5,1,202
78375,2024-10-24 22:38:22,1,4,1,354
24239,2024-10-24 22:56:37,0,6,0,0
6446,2024-10-24 22:58:44,0,3,1,222
48819,2024-10-24 23:07:31,0,6,0,0
25646,2024-10-24 23:12:52,0,4,0,0
56625,2024-10-24 23:13:01,1,6,1,350
32194,2024-10-24 23:23:07,1,6,1,443
96693,2024-10-24 23:28:30,0,10,0,0
27400,2024-10-24 23:31:17,0,8,1,287
25852,2024-10-24 23:35:00,0,7,0,0
26807,2024-10-24 23:41:02,0,5,0,0
68336,2024-10-24 23:43:15,1,7,0,0
88110,2024-10-25 00:00:03,0,6,1,619
86297,2024-10-25 00:28:41,0,6,0,0
85193,2024-10-25 00:29:20,0,4,0,0
32405,2024-10-25 00:29:45,0,5,0,0
97475,2024-10-25 00:38:13,0,6,1,430
24262,2024-10-25 01:22:28,0,7,1,407
17663,2024-10-25 01:24:01,0,8,0,0
8295,2024-10-25 01:29:31,0,7,0,0
50721,2024-10-25 01:42:41,0,7,0,0
51796,2024-10-25 01:49:42,1,8,0,0
31881,2024-10-25 01:52:07,1,8,1,223
95707,2024-10-25 01:53:01,0,4,1,246
84237,2024-10-25 01:53:50,0,6,0,0
21285,2024-10-25 02:07:29,0,13,1,346
263,2024-10-25 02:09:11,0,3,0,0
47672,2024-10-25 02:15:31,0,9,0,0
75285,2024-10-25 02:20:40,0,4,1,306
44891,2024-10-25 02:48:23,1,4,1,465
85100,2024-10-25 02:48:54,1,5,0,0
39332,2024-10-25 02:59:09,1,13,0,0
92791,2024-10-25 03:11:13,1,5,0,0
22377,2024-10-25 03:20:48,0,6,0,0
71107,2024-10-25 03:27:05,0,8,0,0
56031,2024-10-25 03:37:18,0,4,0,0
97069,2024-10-25 03:51:51,1,6,0,0
19729,2024-10-25 04:01:56,1,6,0,0
1757,2024-10-25 04:20:00,1,4,0,0
46758,2024-10-25 04:23:43,1,9,0,0
8295,2024-10-25 04:43:44,0,11,1,368
97309,2024-10-25 04:46:11,1,4,1,293
59167,2024-10-25 04:47:12,1,7,0,0
73452,2024-10-25 04:48:35,0,7,0,0
72873,2024-10-25 05:40:55,0,3,0,0
72646,2024-10-25 06:02:30,0,9,0,0
90319,2024-10-25 06:05:31,0,5,1,616
87124,2024-10-25 06:09:37,0,4,0,0
10113,2024-10-25 06:25:43,0,7,0,0
18521,2024-10-25 06:35:19,0,8,0,0
56021,2024-10-25 06:36:01,1,11,0,0
63458,2024-10-25 06:59:31,0,5,0,0
97065,2024-10-25 07:20:46,1,5,0,0
39207,2024-10-25 07:45:39,0,6,0,0
25203,2024-10-25 07:50:35,0,9,0,0
28688,2024-10-25 07:55:03,0,6,1,332
17723,2024-10-25 08:00:28,0,14,0,0
75925,2024-10-25 08:03:06,1,11,0,0
46891,2024-10-25 08:03:10,0,4,0,0
64087,2024-10-25 08:08:30,0,5,0,0
95807,2024-10-25 08:08:42,0,5,0,0
84101,2024-10-25 08:11:41,0,5,1,367
94161,2024-10-25 08:13:25,1,8,0,0
21803,2024-10-25 08:25:15,0,8,1,356
86124,2024-10-25 08:26:09,0,5,0,0
89422,2024-10-25 08:27:07,0,14,0,0
19947,2024-10-25 08:29:52,0,3,0,0
79797,2024-10-25 08:30:27,1,6,1,271
56315,2024-10-25 08:38:24,0,5,0,0
75285,2024-10-25 08:46:30,0,2,1,188
27479,2024-10-25 08:48:35,1,8,1,474
7045,2024-10-25 08:49:04,0,9,0,0
6185,2024-10-25 08:50:33,0,6,1,384
27031,2024-10-25 08:57:53,0,2,0,0
56238,2024-10-25 09:13:43,0,6,1,169
29363,2024-10-25 09:40:35,0,5,1,369
21335,2024-10-25 09:48:01,0,8,1,429
29863,2024-10-25 09:48:52,0,7,1,257
42423,2024-10-25 09:50:04,0,5,1,656
48608,2024-10-25 09:51:41,0,5,0,0
90298,2024-10-25 09:52:47,1,7,0,0
88854,2024-10-25 10:04:42,1,3,0,0
38031,2024-10-25 10:11:13,0,7,0,0
7573,2024-10-25 10:19:34,0,7,0,0
90918,2024-10-25 10:23:35,1,14,0,0
92308,2024-10-25 10:29:38,0,8,0,0
5975,2024-10-25 10:36:50,0,3,1,375
65201,2024-10-25 10:38:21,0,5,1,304
69724,2024-10-25 10:41:07,1,7,0,0
85611,2024-10-25 10:44:53,0,5,0,0
46402,2024-10-25 10:50:54,0,7,1,427
18818,2024-10-25 11:05:21,1,6,0,0
25745,2024-10-25 11:12:17,0,4,0,0
79797,2024-10-25 11:13:25,1,4,0,0
20960,2024-10-25 11:22:25,0,9,1,382
32194,2024-10-25 11:23:45,0,4,0,0
4780,2024-10-25 11:29:04,0,7,0,0
39677,2024-10-25 11:33:32,0,6,0,0
94161,2024-10-25 11:37:07,1,5,0,0
72646,2024-10-25 11:42:04,0,6,1,718
65591,2024-10-25 11:45:32,1,3,0,0
55577,2024-10-25 11:55:42,0,8,1,457
12622,2024-10-25 12:18:59,1,8,0,0
75925,2024-10-25 12:21:58,1,5,1,245
66855,2024-10-25 12:26:21,0,3,0,0
184,2024-10-25 12:36:39,0,4,0,0
97240,2024-10-25 12:57:41,0,4,0,0
80587,2024-10-25 13:02:21,0,8,0,0
67804,2024-10-25 13:09:52,0,6,1,568
87118,2024-10-25 13:10:03,0,9,1,225
35049,2024-10-25 13:11:47,0,3,1,290
3206,2024-10-25 13:26:35,0,4,0,0
56642,2024-10-25 13:31:11,1,5,0,0
26109,2024-10-25 13:41:16,0,6,0,0
56625,2024-10-25 13:44:08,1,2,0,0
35505,2024-10-25 13:58:34,0,6,0,0
56432,2024-10-25 13:59:21,0,5,1,367
31712,2024-10-25 14:09:39,0,3,0,0
93724,2024-10-25 14:20:35,0,4,0,0
27605,2024-10-25 14:26:18,1,9,1,480
76469,2024-10-25 14:29:41,0,4,0,0
23332,2024-10-25 14:32:30,1,9,0,0
15950,2024-10-25 14:37:17,1,3,0,0
9146,2024-10-25 14:43:37,0,9,0,0
72873,2024-10-25 14:44:01,0,6,1,336
36572,2024-10-25 14:44:47,0,6,0,0
31250,2024-10-25 14:51:30,1,6,1,609
64087,2024-10-25 14:51:57,0,7,0,0
90156,2024-10-25 15:11:21,1,3,0,0
28614,2024-10-25 15:14:12,1,6,0,0
86711,2024-10-25 15:28:35,0,7,1,392
99808,2024-10-25 15:31:56,0,3,1,454
1892,2024-10-25 15:45:54,1,6,0,0
80029,2024-10-25 15:57:45,1,4,0,0
16499,2024-10-25 16:07:46,1,9,0,0
69804,2024-10-25 16:07:58,0,5,0,0
80869,2024-10-25 16:12:44,0,8,1,257
42686,2024-10-25 16:20:25,0,3,0,0
83383,2024-10-25 16:29:11,1,6,0,0
86645,2024-10-25 16:33:52,1,5,0,0
27765,2024-10-25 16:55:25,1,6,1,257
38679,2024-10-25 17:00:05,0,4,1,365
24251,2024-10-25 17:05:05,0,6,0,0
37626,2024-10-25 17:20:31,0,5,1,228
29024,2024-10-25 17:21:13,0,5,1,767
99202,2024-10-25 17:21:13,1,6,1,450
12622,2024-10-25 17:22:59,0,1,1,330
33882,2024-10-25 17:23:39,0,6,1,367
52436,2024-10-25 17:25:18,0,3,0,0
56326,2024-10-25 17:28:36,1,7,1,442
50576,2024-10-25 17:41:52,0,6,0,0
89422,2024-10-25 17:42:50,0,5,0,0
25944,2024-10-25 18:08:40,0,5,1,198
84575,2024-10-25 18:13:29,0,2,1,334
15338,2024-10-25 18:15:15,0,0,0,0
436,2024-10-25 18:15:18,0,11,1,217
8470,2024-10-25 18:16:29,1,2,0,0
70947,2024-10-25 18:17:02,0,8,0,0
85468,2024-10-25 18:28:38,0,4,1,284
8624,2024-10-25 18:39:41,0,6,1,544
15950,2024-10-25 18:43:12,0,11,1,278
33250,2024-10-25 18:45:33,0,3,0,0
184,2024-10-25 18:46:20,0,4,0,0
9470,2024-10-25 18:51:33,0,6,0,0
42686,2024-10-25 19:04:20,0,8,1,384
90156,2024-10-25 19:04:43,0,8,1,324
71373,2024-10-25 19:18:17,1,4,1,198
80420,2024-10-25 19:18:22,0,6,0,0
77238,2024-10-25 19:49:49,1,4,0,0
4828,2024-10-25 19:52:19,0,8,1,302
77142,2024-10-25 20:06:13,1,8,0,0
14961,2024-10-25 20:11:04,0,7,0,0
46758,2024-10-25 20:21:19,1,8,0,0
19364,2024-10-25 20:29:52,1,7,0,0
63140,2024-10-25 20:31:18,0,3,0,0
85500,2024-10-25 20:46:25,0,9,0,0
3206,2024-10-25 21:24:44,0,8,0,0
24422,2024-10-25 21:26:02,1,6,0,0
87463,2024-10-25 21:26:23,0,7,1,557
1056,2024-10-25 21:28:42,0,6,0,0
81486,2024-10-25 21:30:13,0,11,0,0
23806,2024-10-25 21:46:43,0,6,1,414
60445,2024-10-25 21:55:20,1,3,1,441
46401,2024-10-25 21:57:43,0,7,0,0
66460,2024-10-25 22:01:11,0,2,1,498
55605,2024-10-25 22:09:04,0,8,0,0
1757,2024-10-25 22:10:54,0,9,0,0
21919,2024-10-25 22:12:22,0,6,1,496
42423,2024-10-25 22:40:26,1,7,1,175
32134,2024-10-25 22:42:13,1,6,0,0
79471,2024-10-25 22:43:53,1,11,0,0
48529,2024-10-25 22:45:12,1,5,0,0
99808,2024-10-25 22:50:15,0,6,1,439
97451,2024-10-25 22:50:45,1,6,0,0
32474,2024-10-25 22:51:37,0,9,1,446
85500,2024-10-25 22:56:09,0,3,0,0
35138,2024-10-25 22:58:49,0,8,0,0
15512,2024-10-25 23:05:27,0,1,1,262
18559,2024-10-25 23:07:33,0,9,0,0
46402,2024-10-25 23:08:39,0,4,0,0
19583,2024-10-25 23:09:50,0,7,0,0
19445,2024-10-25 23:17:19,1,6,1,341
73439,2024-10-25 23:20:48,0,8,1,242
78251,2024-10-25 23:21:28,1,10,1,331
75700,2024-10-25 23:23:53,0,7,0,0
99972,2024-10-25 23:26:10,0,5,1,275
80441,2024-10-25 23:28:46,0,8,1,243
36133,2024-10-25 23:32:13,0,3,1,216
65694,2024-10-25 23:39:37,0,6,0,0
11427,2024-10-25 23:42:59,1,14,0,0
55577,2024-10-25 23:48:59,0,7,1,193
23522,2024-10-26 00:10:02,0,5,0,0
65201,2024-10-26 00:32:14,0,7,0,0
73692,2024-10-26 00:43:54,0,8,0,0
68889,2024-10-26 00:50:22,0,5,1,195
78972,2024-10-26 01:15:52,0,4,0,0
92761,2024-10-26 01:16:00,1,7,0,0
62180,2024-10-26 01:18:32,0,6,0,0
48541,2024-10-26 01:51:48,0,8,0,0
86913,2024-10-26 02:24:36,0,7,0,0
2270,2024-10-26 02:39:32,0,7,0,0
73982,2024-10-26 02:41:48,1,4,0,0
25469,2024-10-26 03:39:22,0,2,0,0
31612,2024-10-26 03:41:58,1,8,0,0
68336,2024-10-26 03:48:22,1,5,1,260
72718,2024-10-26 03:57:32,0,10,0,0
48608,2024-10-26 04:08:05,0,12,1,377
52158,2024-10-26 04:31:22,0,4,0,0
53683,2024-10-26 04:40:06,0,6,0,0
50584,2024-10-26 04:53:39,0,4,1,333
55539,2024-10-26 04:56:50,1,2,0,0
72585,2024-10-26 05:00:23,0,5,0,0
17015,2024-10-26 05:03:08,0,4,0,0
39079,2024-10-26 05:26:48,0,8,1,260
14959,2024-10-26 05:30:37,0,5,1,339
31611,2024-10-26 05:33:11,0,6,0,0
5986,2024-10-26 05:49:10,0,3,1,173
63952,2024-10-26 05:52:19,0,9,1,264
35049,2024-10-26 06:10:59,0,4,0,0
11235,2024-10-26 06:32:36,0,5,0,0
6185,2024-10-26 06:36:12,1,6,0,0
56456,2024-10-26 06:46:39,0,4,1,466
525,2024-10-26 07:13:09,1,10,0,0
70960,2024-10-26 07:33:59,1,6,0,0
80869,2024-10-26 07:43:29,1,9,0,0
79791,2024-10-26 08:00:41,0,10,1,183
30700,2024-10-26 08:06:25,0,11,0,0
86225,2024-10-26 08:08:22,0,5,0,0
64227,2024-10-26 08:22:25,0,8,1,434
56326,2024-10-26 08:24:11,0,6,1,590
42028,2024-10-26 08:24:27,0,8,0,0
42997,2024-10-26 08:27:01,0,9,0,0
87463,2024-10-26 08:42:09,1,8,0,0
22406,2024-10-26 08:43:35,0,3,1,247
98385,2024-10-26 08:46:04,0,7,0,0
75502,2024-10-26 09:07:15,0,7,0,0
37995,2024-10-26 09:09:53,1,9,1,201
67656,2024-10-26 09:14:41,0,4,0,0
33284,2024-10-26 09:15:00,1,9,0,0
20068,2024-10-26 09:20:00,0,7,0,0
73493,2024-10-26 09:27:05,0,4,1,279
13913,2024-10-26 09:31:08,0,8,1,474
14149,2024-10-26 09:59:24,0,2,0,0
12671,2024-10-26 10:01:12,0,3,0,0
70790,2024-10-26 10:01:44,0,4,0,0
99130,2024-10-26 10:03:00,0,8,0,0
75925,2024-10-26 10:08:09,0,10,0,0
25232,2024-10-26 10:15:29,0,10,0,0
20947,2024-10-26 10:20:53,0,6,1,327
65033,2024-10-26 10:39:00,1,5,1,325
56647,2024-10-26 10:40:02,1,3,0,0
73479,2024-10-26 10:45:47,0,10,1,334
80029,2024-10-26 10:46:33,0,9,1,336
21924,2024-10-26 10:47:29,1,6,0,0
85258,2024-10-26 10:47:57,0,8,0,0
65362,2024-10-26 10:53:33,0,6,0,0
28614,2024-10-26 11:01:45,0,7,0,0
22305,2024-10-26 11:04:21,0,7,0,0
41037,2024-10-26 11:27:36,0,6,0,0
38141,2024-10-26 11:29:04,0,7,1,289
77840,2024-10-26 11:33:07,0,4,0,0
70071,2024-10-26 11:33:17,0,8,1,219
28004,2024-10-26 11:35:05,1,6,0,0
63395,2024-10-26 11:37:13,0,3,1,266
89936,2024-10-26 11:47:33,0,11,1,248
77536,2024-10-26 11:53:29,0,2,0,0
55539,2024-10-26 11:59:42,0,4,0,0
87334,2024-10-26 12:16:53,0,11,0,0
54599,2024-10-26 12:22:37,0,6,0,0
92332,2024-10-26 12:27:02,1,3,1,424
71101,2024-10-26 12:37:07,0,8,0,0
66807,2024-10-26 12:38:46,1,5,0,0
95414,2024-10-26 12:42:46,0,4,0,0
14961,2024-10-26 12:46:06,0,5,0,0
34154,2024-10-26 12:58:43,1,6,1,214
83645,2024-10-26 13:16:41,0,6,0,0
65993,2024-10-26 13:24:58,0,5,0,0
85258,2024-10-26 13:25:46,0,11,1,295
95844,2024-10-26 13:28:49,1,12,1,537
25372,2024-10-26 13:37:21,0,4,0,0
151,2024-10-26 13:55:25,0,2,0,0
81060,2024-10-26 13:57:23,0,7,0,0
98421,2024-10-26 13:59:41,0,2,0,0
52639,2024-10-26 14:09:42,0,9,0,0
95397,2024-10-26 14:12:23,0,4,0,0
6167,2024-10-26 14:16:12,0,6,0,0
8885,2024-10-26 14:22:45,0,5,0,0
47775,2024-10-26 14:24:53,0,4,0,0
95947,2024-10-26 14:31:09,0,8,0,0
49715,2024-10-26 14:33:45,0,12,0,0
56869,2024-10-26 14:38:07,1,3,0,0
25670,2024-10-26 14:44:22,0,7,0,0
624,2024-10-26 14:56:44,0,3,0,0
29124,2024-10-26 15:04:24,0,6,1,297
63964,2024-10-26 15:09:04,0,3,0,0
13366,2024-10-26 15:14:07,1,4,0,0
88460,2024-10-26 15:29:16,0,9,1,267
75665,2024-10-26 15:31:47,1,9,1,167
63964,2024-10-26 16:01:29,1,8,1,222
27928,2024-10-26 16:15:11,0,2,0,0
19717,2024-10-26 16:17:17,0,3,1,289
1948,2024-10-26 16:25:50,1,6,0,0
44367,2024-10-26 16:32:07,0,13,0,0
38556,2024-10-26 16:37:40,0,7,1,312
53473,2024-10-26 16:40:20,1,6,1,517
25546,2024-10-26 16:52:23,0,5,1,607
82791,2024-10-26 17:01:09,0,7,0,0
77445,2024-10-26 17:09:55,1,4,1,192
92761,2024-10-26 17:14:52,0,7,1,519
2009,2024-10-26 17:38:36,0,8,0,0
95998,2024-10-26 17:46:16,0,7,1,326
15891,2024-10-26 18:00:32,0,6,0,0
42686,2024-10-26 18:05:58,1,4,0,0
35081,2024-10-26 18:18:31,0,6,1,145
24262,2024-10-26 18:23:51,1,4,1,304
97515,2024-10-26 18:27:47,0,3,0,0
69887,2024-10-26 18:55:32,1,8,0,0
4729,2024-10-26 18:57:36,0,6,1,330
24484,2024-10-26 19:03:44,0,7,0,0
8295,2024-10-26 19:05:43,0,5,1,382
28112,2024-10-26 19:06:34,0,5,0,0
18831,2024-10-26 19:11:22,0,5,0,0
79325,2024-10-26 19:14:05,0,3,0,0
10916,2024-10-26 19:14:53,1,4,0,0
4729,2024-10-26 19:18:47,0,6,0,0
36481,2024-10-26 19:22:01,0,9,0,0
10336,2024-10-26 19:27:44,0,10,0,0
47204,2024-10-26 19:29:27,1,2,0,0
56456,2024-10-26 19:32:27,1,5,0,0
30632,2024-10-26 19:37:37,0,3,0,0
50442,2024-10-26 19:37:56,0,3,0,0
89303,2024-10-26 19:39:55,1,7,0,0
90663,2024-10-26 19:48:54,0,1,1,762
10995,2024-10-26 19:50:32,0,3,0,0
44891,2024-10-26 19:51:25,0,5,1,142
63160,2024-10-26 19:51:40,1,4,0,0
12125,2024-10-26 20:01:46,1,5,0,0
22537,2024-10-26 20:06:56,1,4,0,0
63344,2024-10-26 20:07:40,0,5,0,0
2806,2024-10-26 20:18:47,0,3,1,516
89061,2024-10-26 20:20:06,0,7,0,0
17497,2024-10-26 20:39:57,0,4,0,0
1330,2024-10-26 20:45:14,0,10,1,344
27023,2024-10-26 20:50:14,0,8,1,370
4394,2024-10-26 21:00:25,1,9,1,550
51855,2024-10-26 21:01:44,0,9,1,427
98362,2024-10-26 21:57:27,0,4,0,0
4729,2024-10-26 22:03:03,0,4,1,384
42038,2024-10-26 22:09:17,1,9,1,451
22173,2024-10-26 22:11:37,1,9,0,0
41601,2024-10-26 22:14:09,1,3,0,0
56625,2024-10-26 22:15:03,0,8,0,0
69936,2024-10-26 22:17:47,0,5,0,0
18559,2024-10-26 22:39:54,0,8,0,0
44954,2024-10-26 22:41:53,1,11,1,353
1057,2024-10-26 22:59:11,0,5,1,201
10995,2024-10-26 23:03:52,0,9,0,0
78670,2024-10-26 23:05:06,0,7,0,0
54197,2024-10-26 23:23:56,0,6,0,0
88854,2024-10-26 23:37:03,1,3,0,0
33250,2024-10-26 23:42:12,0,4,1,253
78005,2024-10-26 23:51:20,1,5,0,0
14710,2024-10-26 23:52:01,0,4,0,0
19156,2024-10-27 00:14:18,1,4,1,488
10521,2024-10-27 00:57:07,0,3,0,0
30423,2024-10-27 01:11:20,1,10,0,0
80681,2024-10-27 01:16:14,1,4,0,0
19583,2024-10-27 01:22:26,0,10,0,0
40470,2024-10-27 01:24:54,0,10,0,0
96901,2024-10-27 01:24:58,0,7,0,0
80886,2024-10-27 01:29:15,0,10,1,467
59167,2024-10-27 01:38:52,0,7,0,0
33519,2024-10-27 02:10:04,0,7,0,0
45406,2024-10-27 02:17:51,1,4,0,0
45498,2024-10-27 02:22:32,0,4,0,0
51337,2024-10-27 02:24:46,0,10,0,0
33213,2024-10-27 02:49:35,0,3,0,0
17097,2024-10-27 02:52:58,1,6,0,0
13877,2024-10-27 03:17:03,1,5,0,0
1768,2024-10-27 03:41:25,0,6,0,0
3654,2024-10-27 04:13:52,0,5,0,0
71340,2024-10-27 04:19:41,1,10,0,0
16994,2024-10-27 04:34:36,0,5,0,0
54414,2024-10-27 04:45:52,1,3,0,0
75273,2024-10-27 05:00:56,0,10,1,304
4752,2024-10-27 05:45:15,0,5,1,246
1677,2024-10-27 06:01:38,0,4,0,0
5763,2024-10-27 06:14:07,1,7,0,0
43772,2024-10-27 06:18:23,0,8,0,0
91510,2024-10-27 06:50:37,0,10,1,281
29024,2024-10-27 06:54:12,0,8,0,0
71340,2024-10-27 06:59:02,0,8,1,214
93720,2024-10-27 07:17:55,0,5,0,0
22377,2024-10-27 07:23:02,0,4,0,0
73452,2024-10-27 07:49:48,0,4,1,245
96901,2024-10-27 08:00:23,0,3,1,223
36136,2024-10-27 08:01:58,0,10,0,0
86413,2024-10-27 08:05:56,0,6,0,0
19045,2024-10-27 08:07:17,0,2,1,818
89958,2024-10-27 08:08:00,0,7,1,433
97774,2024-10-27 08:11:05,0,7,1,380
16381,2024-10-27 08:24:47,0,10,0,0
6907,2024-10-27 08:32:09,1,2,0,0
23648,2024-10-27 08:32:13,0,6,0,0
6446,2024-10-27 08:34:18,0,3,0,0
26109,2024-10-27 08:35:14,0,8,0,0
53136,2024-10-27 08:36:57,0,6,0,0
89736,2024-10-27 08:43:30,0,6,1,245
29124,2024-10-27 08:45:55,1,4,0,0
93781,2024-10-27 08:46:35,1,3,0,0
74707,2024-10-27 08:51:19,0,5,1,408
94926,2024-10-27 08:53:03,1,3,1,210
31636,2024-10-27 09:00:36,0,8,0,0
68024,2024-10-27 09:02:34,0,9,0,0
41525,2024-10-27 09:02:52,0,5,1,293
67761,2024-10-27 09:06:09,1,7,0,0
73400,2024-10-27 09:15:56,0,2,0,0
88180,2024-10-27 09:22:50,0,5,0,0
90156,2024-10-27 09:23:40,0,7,0,0
36572,2024-10-27 09:24:20,0,8,1,269
39079,2024-10-27 09:37:00,1,6,0,0
87463,2024-10-27 09:39:58,0,6,1,484
16335,2024-10-27 09:41:29,1,5,0,0
72814,2024-10-27 09:41:40,1,5,1,449
12029,2024-10-27 09:42:38,0,5,1,277
24484,2024-10-27 10:08:29,0,5,1,167
88559,2024-10-27 10:12:56,0,4,0,0
66262,2024-10-27 10:23:52,0,5,0,0
66691,2024-10-27 10:25:07,1,7,0,0
20976,2024-10-27 10:25:28,1,6,1,269
25670,2024-10-27 10:26:55,0,3,0,0
75374,2024-10-27 10:39:23,1,9,0,0
43354,2024-10-27 10:48:11,1,5,0,0
78546,2024-10-27 11:02:37,0,7,0,0
85730,2024-10-27 11:02:38,0,7,0,0
93724,2024-10-27 11:06:47,0,8,1,213
49419,2024-10-27 11:11:35,0,4,0,0
73076,2024-10-27 11:19:32,0,7,1,316
12125,2024-10-27 11:24:30,1,7,0,0
93586,2024-10-27 11:40:06,1,5,1,243
62490,2024-10-27 11:43:19,1,9,0,0
9146,2024-10-27 11:49:17,0,8,0,0
18521,2024-10-27 12:01:32,0,7,1,372
79873,2024-10-27 12:10:51,0,4,1,245
57290,2024-10-27 12:16:08,0,5,0,0
21285,2024-10-27 12:18:38,0,3,0,0
17860,2024-10-27 12:24:05,1,7,0,0
88180,2024-10-27 12:26:41,0,3,0,0
92802,2024-10-27 12:29:07,0,6,0,0
32026,2024-10-27 12:29:44,1,7,0,0
52550,2024-10-27 12:36:48,0,7,1,400
24262,2024-10-27 12:39:14,1,7,0,0
17097,2024-10-27 12:42:13,1,6,0,0
96106,2024-10-27 12:42:16,0,5,1,461
49277,2024-10-27 12:44:58,0,6,1,220
26300,2024-10-27 12:56:13,0,8,0,0
94156,2024-10-27 13:00:37,0,6,0,0
17089,2024-10-27 13:01:37,1,2,0,0
94505,2024-10-27 13:05:37,0,5,1,243
89251,2024-10-27 13:14:55,0,8,1,190
49983,2024-10-27 13:24:33,0,3,1,321
75285,2024-10-27 13:42:18,0,10,0,0
87977,2024-10-27 13:51:44,1,9,0,0
23689,2024-10-27 14:07:23,0,5,0,0
25646,2024-10-27 14:08:16,0,7,0,0
7298,2024-10-27 14:21:07,0,9,0,0
85258,2024-10-27 14:27:30,0,3,0,0
57942,2024-10-27 14:28:12,0,3,0,0
95281,2024-10-27 14:29:40,0,8,1,308
66928,2024-10-27 14:42:17,1,1,1,339
681,2024-10-27 14:55:51,1,6,0,0
56096,2024-10-27 15:04:50,0,8,0,0
16316,2024-10-27 15:04:51,0,4,0,0
72354,2024-10-27 15:24:15,0,5,0,0
99290,2024-10-27 15:26:20,1,11,1,336
53136,2024-10-27 15:30:34,0,6,0,0
92038,2024-10-27 15:38:37,0,3,0,0
76611,2024-10-27 15:41:05,0,10,0,0
59217,2024-10-27 15:45:22,0,6,1,225
56096,2024-10-27 15:55:02,1,3,1,297
11235,2024-10-27 16:01:50,0,1,1,515
13877,2024-10-27 16:04:15,0,2,0,0
26315,2024-10-27 16:05:34,0,6,0,0
87124,2024-10-27 16:08:24,0,8,0,0
556,2024-10-27 16:26:23,0,7,0,0
93720,2024-10-27 16:32:08,0,6,0,0
44367,2024-10-27 16:34:59,0,12,0,0
77801,2024-10-27 16:40:15,0,4,0,0
99739,2024-10-27 16:40:21,1,11,1,345
80403,2024-10-27 16:41:27,0,4,0,0
83340,2024-10-27 16:45:42,0,3,0,0
99290,2024-10-27 16:56:38,0,6,0,0
58519,2024-10-27 16:56:51,0,10,0,0
66160,2024-10-27 17:09:32,0,4,0,0
75665,2024-10-27 17:30:05,0,4,0,0
95103,2024-10-27 17:43:35,0,2,1,338
56432,2024-10-27 17:49:48,0,6,1,284
32575,2024-10-27 17:55:55,0,6,1,354
11235,2024-10-27 17:59:32,0,8,0,0
38065,2024-10-27 18:16:27,1,6,0,0
95527,2024-10-27 18:21:51,0,7,0,0
68336,2024-10-27 18:43:27,0,8,0,0
51982,2024-10-27 18:44:01,1,7,0,0
89370,2024-10-27 19:00:16,0,3,1,394
36629,2024-10-27 19:08:18,0,8,0,0
69778,2024-10-27 19:22:16,0,9,0,0
41031,2024-10-27 19:30:43,0,2,0,0
16381,2024-10-27 19:31:08,1,9,0,0
52836,2024-10-27 19:33:56,0,9,0,0
36700,2024-10-27 19:37:44,0,9,1,300
63952,2024-10-27 19:55:17,0,4,0,0
45310,2024-10-27 20:23:39,1,5,1,291
89971,2024-10-27 20:37:04,1,4,0,0
33519,2024-10-27 20:41:32,1,8,1,498
55605,2024-10-27 20:49:25,0,3,0,0
19729,2024-10-27 21:40:14,0,4,0,0
44709,2024-10-27 21:53:40,0,9,1,220
58196,2024-10-27 21:56:01,0,7,0,0
51121,2024-10-27 22:07:56,1,3,1,310
436,2024-10-27 22:09:30,0,8,1,217
51583,2024-10-27 22:11:45,1,4,1,257
66144,2024-10-27 22:12:28,1,4,0,0
9573,2024-10-27 22:23:14,0,5,0,0
1552,2024-10-27 22:23:59,0,8,1,461
5052,2024-10-27 22:33:20,1,3,0,0
84600,2024-10-27 22:36:55,0,6,1,587
45505,2024-10-27 22:50:26,1,6,0,0
50037,2024-10-27 23:03:35,0,6,0,0
52763,2024-10-27 23:07:32,0,7,0,0
1768,2024-10-27 23:13:31,0,6,1,156
63294,2024-10-27 23:23:51,0,3,1,236
52639,2024-10-27 23:54:37,0,8,1,407
71266,2024-10-28 00:32:14,0,10,0,0
69105,2024-10-28 00:35:14,1,11,0,0
99351,2024-10-28 00:41:45,1,7,0,0
23752,2024-10-28 01:11:38,0,8,0,0
54980,2024-10-28 01:21:25,0,4,0,0
16395,2024-10-28 01:28:15,1,5,0,0
12125,2024-10-28 01:35:06,0,2,0,0
77532,2024-10-28 01:52:03,1,8,0,0
53191,2024-10-28 02:05:22,1,7,0,0
16316,2024-10-28 02:43:47,0,5,0,0
13586,2024-10-28 02:58:57,0,6,0,0
21584,2024-10-28 03:00:02,0,6,0,0
18427,2024-10-28 03:14:28,0,12,1,279
62820,2024-10-28 03:20:46,0,6,0,0
92998,2024-10-28 03:26:14,0,4,0,0
73974,2024-10-28 03:31:49,0,8,0,0
10087,2024-10-28 03:47:41,0,4,1,277
52639,2024-10-28 03:50:25,0,3,1,277
25852,2024-10-28 04:03:39,0,8,1,281
67020,2024-10-28 04:20:29,0,3,1,194
34326,2024-10-28 04:34:20,0,5,0,0
425,2024-10-28 05:13:54,0,4,0,0
5991,2024-10-28 05:22:25,1,3,0,0
43354,2024-10-28 05:49:49,0,7,1,253
10601,2024-10-28 06:02:27,1,8,0,0
77238,2024-10-28 06:05:25,0,7,0,0
11096,2024-10-28 06:22:01,1,5,0,0
64208,2024-10-28 06:22:06,0,6,0,0
96965,2024-10-28 07:12:37,1,7,0,0
6212,2024-10-28 07:19:13,0,5,0,0
87023,2024-10-28 07:25:15,1,9,1,400
99202,2024-10-28 07:36:09,0,7,1,381
17497,2024-10-28 08:04:13,1,6,1,456
30290,2024-10-28 08:11:56,0,8,0,0
45426,2024-10-28 08:15:17,0,4,1,337
15950,2024-10-28 08:20:30,0,10,0,0
99108,2024-10-28 08:22:25,0,9,0,0
67777,2024-10-28 08:29:27,1,1,1,395
4521,2024-10-28 08:30:12,1,8,0,0
32344,2024-10-28 08:37:03,0,6,0,0
2359,2024-10-28 08:41:58,0,6,0,0
37938,2024-10-28 08:49:41,0,8,0,0
556,2024-10-28 08:52:14,0,3,1,510
25580,2024-10-28 09:00:19,0,7,1,138
98170,2024-10-28 09:02:49,0,5,1,226
28679,2024-10-28 09:07:33,1,8,0,0
25944,2024-10-28 09:17:15,0,7,0,0
53102,2024-10-28 09:28:49,1,3,0,0
62374,2024-10-28 09:36:51,1,7,1,689
59167,2024-10-28 10:03:22,0,6,0,0
29124,2024-10-28 10:03:50,0,7,0,0
5778,2024-10-28 10:12:38,1,6,1,260
55422,2024-10-28 10:15:45,1,6,1,169
23556,2024-10-28 10:43:29,0,5,0,0
9131,2024-10-28 10:54:51,0,12,0,0
71668,2024-10-28 11:13:50,0,7,0,0
39207,2024-10-28 11:14:41,1,2,1,325
86913,2024-10-28 11:17:21,0,10,0,0
89294,2024-10-28 11:21:15,0,8,1,142
82225,2024-10-28 11:22:09,1,2,0,0
79244,2024-10-28 11:33:33,0,5,1,191
85730,2024-10-28 11:43:41,0,9,1,233
26109,2024-10-28 11:47:35,0,5,0,0
19709,2024-10-28 11:51:47,1,3,0,0
32474,2024-10-28 11:53:27,1,6,0,0
64171,2024-10-28 12:04:22,0,6,1,216
90663,2024-10-28 12:06:25,0,5,1,384
23556,2024-10-28 12:14:13,0,9,0,0
15106,2024-10-28 12:43:27,0,7,0,0
43710,2024-10-28 12:47:22,0,8,1,688
50063,2024-10-28 12:58:21,0,7,1,322
10651,2024-10-28 13:01:13,0,11,0,0
21285,2024-10-28 13:04:18,0,7,0,0
74062,2024-10-28 13:09:40,0,3,1,267
75273,2024-10-28 13:09:58,1,6,0,0
63964,2024-10-28 13:20:11,0,5,1,343
29863,2024-10-28 13:21:59,1,3,1,179
91155,2024-10-28 13:29:26,0,11,1,482
61160,2024-10-28 13:44:02,1,5,0,0
83340,2024-10-28 13:55:50,0,4,1,380
77840,2024-10-28 13:57:44,1,3,1,342
73400,2024-10-28 14:01:50,1,3,0,0
7818,2024-10-28 14:03:03,0,7,0,0
92777,2024-10-28 14:14:55,0,10,1,401
38947,2024-10-28 14:15:01,0,4,0,0
68114,2024-10-28 14:15:17,0,3,1,439
77840,2024-10-28 14:20:56,0,10,0,0
36629,2024-10-28 14:34:39,1,4,0,0
18290,2024-10-28 14:45:25,1,9,0,0
32495,2024-10-28 14:48:25,1,9,0,0
66855,2024-10-28 14:55:12,0,6,0,0
51802,2024-10-28 15:02:05,0,5,1,248
49446,2024-10-28 15:04:59,0,6,0,0
22134,2024-10-28 15:07:20,0,1,0,0
77185,2024-10-28 15:08:19,0,2,0,0
19256,2024-10-28 15:16:14,0,10,1,250
25852,2024-10-28 15:17:35,0,6,0,0
91405,2024-10-28 15:25:10,0,11,0,0
75284,2024-10-28 15:32:13,1,6,0,0
73304,2024-10-28 15:34:08,1,7,0,0
73260,2024-10-28 15:34:38,0,7,0,0
97418,2024-10-28 15:36:33,0,9,0,0
71340,2024-10-28 15:36:50,0,6,0,0
92791,2024-10-28 15:40:56,1,5,0,0
38141,2024-10-28 15:50:22,0,6,0,0
72467,2024-10-28 15:50:50,0,1,1,238
25469,2024-10-28 15:53:40,0,8,0,0
38031,2024-10-28 15:54:49,0,4,0,0
20480,2024-10-28 15:59:00,0,7,0,0
75285,2024-10-28 15:59:38,0,4,0,0
19156,2024-10-28 16:04:31,0,6,0,0
29363,2024-10-28 16:04:33,0,6,0,0
31558,2024-10-28 16:05:59,0,7,0,0
1440,2024-10-28 16:15:50,0,10,0,0
7298,2024-10-28 16:35:28,0,12,0,0
50037,2024-10-28 16:36:27,0,11,1,439
9146,2024-10-28 16:40:47,0,6,0,0
23911,2024-10-28 16:48:38,0,10,1,282
85967,2024-10-28 16:53:54,0,7,1,244
87023,2024-10-28 16:57:26,1,5,1,425
61142,2024-10-28 17:10:57,0,8,1,310
64217,2024-10-28 17:21:17,0,11,0,0
9040,2024-10-28 17:31:11,1,4,0,0
96108,2024-10-28 17:57:57,1,5,0,0
28031,2024-10-28 17:59:19,0,7,0,0
97720,2024-10-28 18:10:01,0,7,1,385
71984,2024-10-28 18:13:04,0,8,0,0
96031,2024-10-28 18:16:26,0,7,1,166
99244,2024-10-28 18:16:42,1,4,0,0
93652,2024-10-28 18:17:57,0,4,0,0
28006,2024-10-28 18:39:42,1,5,0,0
67744,2024-10-28 18:46:15,1,7,1,268
64217,2024-10-28 18:51:27,0,4,0,0
13738,2024-10-28 18:51:48,0,3,0,0
7226,2024-10-28 19:18:16,0,7,0,0
73631,2024-10-28 19:18:17,0,5,0,0
56096,2024-10-28 19:19:49,0,6,0,0
59463,2024-10-28 19:33:19,0,7,0,0
90532,2024-10-28 19:35:23,1,7,0,0
42686,2024-10-28 19:40:27,0,10,0,0
20947,2024-10-28 19:53:12,0,3,1,243
52930,2024-10-28 19:54:32,0,5,0,0
22161,2024-10-28 20:01:58,1,7,0,0
95981,2024-10-28 20:15:23,0,8,0,0
5763,2024-10-28 20:36:44,1,7,0,0
9573,2024-10-28 20:41:03,1,5,1,431
6907,2024-10-28 20:42:17,0,5,0,0
75492,2024-10-28 20:44:07,0,4,0,0
3778,2024-10-28 20:47:18,0,8,0,0
28261,2024-10-28 20:49:30,0,13,0,0
79791,2024-10-28 20:50:41,0,2,0,0
54414,2024-10-28 20:51:35,0,2,0,0
76116,2024-10-28 20:52:02,0,6,0,0
34326,2024-10-28 20:56:22,0,7,1,389
72354,2024-10-28 21:11:14,1,7,0,0
79537,2024-10-28 21:14:03,0,5,0,0
51855,2024-10-28 21:17:21,0,6,1,253
12814,2024-10-28 21:19:24,0,2,1,233
46767,2024-10-28 21:20:02,0,9,0,0
75885,2024-10-28 21:20:02,0,3,0,0
43354,2024-10-28 21:31:18,0,8,0,0
76581,2024-10-28 21:47:36,0,4,0,0
18097,2024-10-28 22:09:33,0,4,0,0
44310,2024-10-28 22:19:27,0,9,0,0
64121,2024-10-28 22:24:10,0,8,1,350
42886,2024-10-28 23:23:59,0,4,1,241
8295,2024-10-28 23:28:32,0,7,0,0
8778,2024-10-28 23:28:54,0,9,0,0
44367,2024-10-28 23:36:51,0,7,0,0
46651,2024-10-28 23:39:04,1,5,1,328
25745,2024-10-28 23:39:32,0,5,1,579
58154,2024-10-28 23:48:40,0,2,0,0
13738,2024-10-28 23:53:43,0,4,0,0
40188,2024-10-29 00:10:14,1,4,0,0
59623,2024-10-29 00:15:27,0,6,1,404
80637,2024-10-29 00:18:06,0,9,0,0
5312,2024-10-29 00:21:56,0,11,0,0
8469,2024-10-29 00:26:04,0,8,0,0
94926,2024-10-29 00:52:04,0,4,1,576
55376,2024-10-29 00:55:10,1,10,0,0
65469,2024-10-29 01:00:23,0,9,1,246
5528,2024-10-29 01:57:53,1,9,1,261
68275,2024-10-29 02:03:09,1,9,0,0
2104,2024-10-29 02:08:57,0,6,0,0
19729,2024-10-29 02:19:40,0,3,0,0
39207,2024-10-29 02:30:24,0,8,0,0
56326,2024-10-29 03:00:16,0,4,0,0
76275,2024-10-29 03:01:20,0,5,0,0
55263,2024-10-29 03:08:53,1,7,1,181
77532,2024-10-29 03:09:43,1,6,1,243
6907,2024-10-29 03:26:58,0,6,0,0
21727,2024-10-29 03:34:05,0,8,1,449
69879,2024-10-29 03:34:30,0,4,0,0
66160,2024-10-29 03:59:29,0,5,1,205
10995,2024-10-29 04:01:43,0,9,0,0
15110,2024-10-29 04:07:58,1,5,1,434
37919,2024-10-29 04:10:30,0,7,0,0
99198,2024-10-29 05:00:17,0,5,0,0
17844,2024-10-29 05:32:17,0,9,0,0
95281,2024-10-29 05:41:31,0,8,1,424
67777,2024-10-29 05:45:08,0,12,1,295
24764,2024-10-29 05:56:56,1,7,1,231
36191,2024-10-29 06:04:30,0,5,0,0
16577,2024-10-29 06:10:29,0,4,0,0
33213,2024-10-29 06:13:32,0,3,0,0
24251,2024-10-29 06:14:45,0,4,1,135
81519,2024-10-29 06:33:53,0,6,0,0
94926,2024-10-29 06:37:19,0,7,0,0
2447,2024-10-29 06:51:26,0,5,1,611
52158,2024-10-29 07:19:52,1,6,1,257
49199,2024-10-29 07:19:56,0,6,1,387
50442,2024-10-29 07:43:09,1,2,1,464
32134,2024-10-29 08:21:33,0,6,1,350
11398,2024-10-29 08:28:55,0,7,1,259
60036,2024-10-29 08:51:26,0,4,0,0
70577,2024-10-29 08:53:11,0,10,0,0
51121,2024-10-29 09:00:10,0,7,1,234
70790,2024-10-29 09:04:31,0,6,0,0
85827,2024-10-29 09:06:20,1,6,0,0
14842,2024-10-29 09:16:28,0,6,0,0
1056,2024-10-29 09:18:54,0,5,0,0
97720,2024-10-29 09:53:51,0,7,0,0
40937,2024-10-29 09:55:01,1,6,1,247
79339,2024-10-29 09:57:46,0,8,0,0
82478,2024-10-29 09:57:58,0,6,0,0
69105,2024-10-29 10:05:13,0,2,0,0
28004,2024-10-29 10:10:46,0,7,0,0
34125,2024-10-29 10:25:11,1,7,1,207
17743,2024-10-29 10:29:16,0,12,1,169
81250,2024-10-29 10:29:34,0,4,1,305
87118,2024-10-29 10:40:51,0,8,0,0
70577,2024-10-29 10:42:06,0,5,0,0
55631,2024-10-29 10:51:51,0,9,0,0
69724,2024-10-29 11:15:05,0,4,0,0
55376,2024-10-29 11:19:49,1,7,0,0
56392,2024-10-29 11:44:25,0,9,0,0
42886,2024-10-29 12:00:55,0,8,1,251
31359,2024-10-29 12:13:08,0,5,0,0
50442,2024-10-29 12:17:29,1,5,1,448
94505,2024-10-29 12:22:40,1,6,0,0
46758,2024-10-29 12:23:54,0,7,0,0
26504,2024-10-29 12:34:21,1,6,1,216
21727,2024-10-29 12:34:28,0,7,0,0
17860,2024-10-29 12:35:20,1,3,1,334
11826,2024-10-29 12:36:28,1,9,0,0
69687,2024-10-29 12:41:48,1,4,1,282
94658,2024-10-29 12:43:17,0,3,0,0
89370,2024-10-29 12:54:21,0,6,0,0
89736,2024-10-29 13:07:56,0,4,0,0
67655,2024-10-29 13:11:16,1,8,0,0
79881,2024-10-29 13:20:39,1,3,0,0
95103,2024-10-29 13:21:03,1,6,0,0
75273,2024-10-29 13:36:17,0,1,1,282
87737,2024-10-29 13:43:55,0,8,0,0
94738,2024-10-29 13:45:22,0,3,0,0
1314,2024-10-29 13:47:19,0,6,0,0
96483,2024-10-29 13:54:36,0,9,0,0
4260,2024-10-29 14:09:18,1,6,0,0
39332,2024-10-29 14:23:51,0,3,0,0
40212,2024-10-29 14:26:55,0,7,0,0
94844,2024-10-29 14:28:39,0,5,1,259
63920,2024-10-29 14:34:23,0,8,1,213
59623,2024-10-29 14:36:10,0,3,1,394
45297,2024-10-29 14:50:59,0,3,0,0
79909,2024-10-29 14:59:43,1,4,1,220
69887,2024-10-29 15:21:20,0,2,1,300
92332,2024-10-29 15:24:08,1,6,0,0
20374,2024-10-29 15:26:37,1,6,0,0
96221,2024-10-29 15:34:07,0,9,0,0
74707,2024-10-29 15:35:31,1,6,1,198
64121,2024-10-29 15:35:46,1,8,0,0
11235,2024-10-29 15:43:45,0,6,1,285
66928,2024-10-29 15:58:21,1,8,0,0
67403,2024-10-29 15:59:45,0,6,0,0
77463,2024-10-29 16:12:20,0,12,0,0
68350,2024-10-29 16:13:29,0,9,1,249
55605,2024-10-29 16:18:37,0,7,0,0
84647,2024-10-29 16:23:01,0,3,0,0
86645,2024-10-29 16:23:48,0,9,0,0
68024,2024-10-29 16:27:03,0,6,0,0
12671,2024-10-29 16:38:54,1,10,1,466
89736,2024-10-29 16:41:00,1,4,0,0
61142,2024-10-29 16:41:31,1,7,1,300
34154,2024-10-29 16:56:56,0,6,0,0
11001,2024-10-29 17:04:36,1,10,0,0
48650,2024-10-29 17:07:06,0,5,0,0
54195,2024-10-29 17:13:00,1,3,0,0
26300,2024-10-29 17:24:05,0,5,0,0
93781,2024-10-29 17:28:26,1,5,0,0
85427,2024-10-29 17:30:31,0,6,0,0
56869,2024-10-29 17:30:42,1,8,1,207
78546,2024-10-29 17:35:01,0,7,0,0
77445,2024-10-29 17:35:54,0,5,1,206
18559,2024-10-29 17:36:26,1,3,0,0
45761,2024-10-29 17:41:03,0,8,0,0
13586,2024-10-29 17:46:02,0,10,0,0
67669,2024-10-29 17:58:38,0,8,0,0
36133,2024-10-29 18:04:22,1,2,0,0
67744,2024-10-29 18:11:47,1,5,0,0
26109,2024-10-29 18:19:54,0,7,0,0
27928,2024-10-29 18:29:45,0,8,0,0
72265,2024-10-29 18:33:58,0,7,0,0
77549,2024-10-29 18:35:44,0,11,0,0
68299,2024-10-29 18:43:15,0,3,0,0
7221,2024-10-29 18:52:26,0,10,0,0
59463,2024-10-29 18:56:13,0,4,1,213
69611,2024-10-29 19:00:41,0,4,0,0
37693,2024-10-29 19:04:35,1,5,0,0
85730,2024-10-29 19:04:51,1,5,0,0
36571,2024-10-29 19:04:53,0,7,0,0
92332,2024-10-29 19:10:18,0,4,0,0
53136,2024-10-29 19:10:23,1,5,0,0
28688,2024-10-29 19:12:36,0,11,0,0
55626,2024-10-29 19:13:50,0,6,0,0
38141,2024-10-29 19:19:03,0,4,0,0
11773,2024-10-29 19:31:20,0,7,1,450
29999,2024-10-29 19:32:11,0,6,1,374
10453,2024-10-29 19:48:44,0,5,1,316
94926,2024-10-29 20:00:21,1,5,1,393
65131,2024-10-29 20:04:40,0,6,0,0
87023,2024-10-29 20:05:55,0,8,0,0
99987,2024-10-29 20:07:03,1,6,0,0
71360,2024-10-29 20:18:03,0,8,0,0
13285,2024-10-29 20:24:43,1,5,0,0
93781,2024-10-29 20:26:13,0,4,1,199
14078,2024-10-29 20:30:10,0,5,1,268
33835,2024-10-29 20:30:52,1,4,1,271
40937,2024-10-29 20:32:59,0,8,1,233
34279,2024-10-29 20:37:22,0,5,0,0
81339,2024-10-29 20:37:36,1,4,0,0
10521,2024-10-29 20:39:59,0,6,0,0
64558,2024-10-29 20:43:33,0,6,0,0
184,2024-10-29 20:43:36,0,6,0,0
19709,2024-10-29 20:52:40,0,6,1,121
52763,2024-10-29 20:55:55,1,9,0,0
74176,2024-10-29 21:06:45,0,7,1,596
23648,2024-10-29 21:12:50,1,3,1,428
38031,2024-10-29 21:16:20,0,9,0,0
35785,2024-10-29 21:25:07,1,10,0,0
22406,2024-10-29 21:40:03,0,7,1,688
30423,2024-10-29 21:41:11,0,7,1,213
30700,2024-10-29 21:49:21,0,11,0,0
34272,2024-10-29 21:53:00,0,8,1,460
95414,2024-10-29 22:34:27,0,6,0,0
45505,2024-10-29 22:35:15,0,7,0,0
94427,2024-10-29 22:41:29,0,4,0,0
23806,2024-10-29 22:55:27,0,4,1,308
28006,2024-10-29 23:08:12,0,6,0,0
49199,2024-10-29 23:13:49,0,8,0,0
59851,2024-10-29 23:27:15,0,9,0,0
9258,2024-10-29 23:29:56,0,7,0,0
72556,2024-10-29 23:35:06,1,6,0,0
73260,2024-10-29 23:35:42,1,6,0,0
21019,2024-10-29 23:35:43,0,5,0,0
73615,2024-10-29 23:42:28,1,12,0,0
85427,2024-10-29 23:53:21,0,1,0,0
94626,2024-10-30 00:26:42,0,7,0,0
16577,2024-10-30 01:03:04,0,5,0,0
65033,2024-10-30 01:08:03,1,7,1,330
52599,2024-10-30 01:24:30,0,10,1,346
91119,2024-10-30 01:43:14,0,5,0,0
80403,2024-10-30 02:09:18,0,9,0,0
78972,2024-10-30 02:17:15,0,4,0,0
10905,2024-10-30 02:22:46,0,8,0,0
25852,2024-10-30 02:29:17,1,6,0,0
46758,2024-10-30 02:33:26,1,10,0,0
51262,2024-10-30 02:35:54,1,6,1,419
43568,2024-10-30 02:43:26,0,5,0,0
17015,2024-10-30 02:53:21,0,8,0,0
15212,2024-10-30 03:12:24,0,5,1,834
86456,2024-10-30 03:12:36,0,7,0,0
95103,2024-10-30 03:29:18,1,3,0,0
38141,2024-10-30 04:04:37,1,7,0,0
44433,2024-10-30 04:07:18,1,7,0,0
48541,2024-10-30 04:12:07,0,5,0,0
69737,2024-10-30 04:24:28,0,9,1,304
49973,2024-10-30 04:31:14,0,8,0,0
15106,2024-10-30 04:41:05,0,5,0,0
45652,2024-10-30 05:12:37,1,11,0,0
25931,2024-10-30 05:23:24,0,7,0,0
27285,2024-10-30 05:47:20,0,12,0,0
65469,2024-10-30 05:54:23,0,5,0,0
98736,2024-10-30 06:02:12,0,5,0,0
29251,2024-10-30 06:11:32,0,9,1,456
97418,2024-10-30 06:47:25,0,6,0,0
88559,2024-10-30 06:50:55,1,4,1,179
11947,2024-10-30 07:15:58,1,4,0,0
57936,2024-10-30 07:19:00,0,8,1,451
56021,2024-10-30 07:26:12,1,4,0,0
57314,2024-10-30 07:34:39,1,1,0,0
74602,2024-10-30 07:56:48,0,10,1,437
14961,2024-10-30 08:13:00,1,7,1,324
97475,2024-10-30 08:24:15,0,6,0,0
67669,2024-10-30 08:25:50,0,5,0,0
71632,2024-10-30 08:29:34,1,4,0,0
70343,2024-10-30 08:53:14,1,9,1,240
436,2024-10-30 09:04:45,1,11,1,286
25232,2024-10-30 09:05:19,0,10,0,0
25636,2024-10-30 09:24:59,0,2,0,0
18597,2024-10-30 09:30:55,0,4,0,0
39207,2024-10-30 09:35:27,0,6,1,325
76250,2024-10-30 09:43:48,1,10,0,0
89958,2024-10-30 09:47:05,1,5,1,285
64208,2024-10-30 10:02:10,1,8,0,0
35315,2024-10-30 10:04:02,0,9,0,0
73479,2024-10-30 10:10:01,0,7,0,0
51919,2024-10-30 10:11:26,0,9,1,173
44139,2024-10-30 10:18:49,0,5,0,0
65350,2024-10-30 10:53:36,0,8,1,478
60498,2024-10-30 10:53:47,0,10,1,287
54599,2024-10-30 10:57:31,0,7,0,0
51454,2024-10-30 10:57:33,1,5,0,0
12176,2024-10-30 10:58:10,1,6,0,0
88146,2024-10-30 11:11:37,0,8,0,0
60445,2024-10-30 11:19:34,1,9,0,0
29024,2024-10-30 11:25:54,1,5,0,0
31749,2024-10-30 11:33:50,1,5,0,0
83921,2024-10-30 11:36:22,0,6,0,0
41037,2024-10-30 11:41:10,1,5,0,0
22423,2024-10-30 11:55:58,0,2,1,283
58196,2024-10-30 11:58:36,1,5,0,0
85359,2024-10-30 12:07:47,1,10,0,0
26504,2024-10-30 12:13:36,0,5,0,0
58917,2024-10-30 12:14:22,0,5,0,0
5312,2024-10-30 12:18:05,0,6,0,0
89112,2024-10-30 12:23:51,0,5,1,466
72467,2024-10-30 12:29:46,1,7,0,0
78343,2024-10-30 12:35:59,0,6,0,0
64217,2024-10-30 12:37:02,0,7,0,0
11517,2024-10-30 12:43:00,0,3,0,0
63775,2024-10-30 12:56:16,1,5,0,0
19256,2024-10-30 12:57:32,0,7,0,0
63140,2024-10-30 13:04:31,1,5,0,0
82791,2024-10-30 13:06:28,1,9,0,0
27306,2024-10-30 13:11:43,0,8,1,311
11773,2024-10-30 13:12:41,0,8,0,0
64208,2024-10-30 13:20:33,0,5,1,407
31712,2024-10-30 13:22:31,1,8,0,0
26590,2024-10-30 13:25:18,1,4,0,0
9818,2024-10-30 13:26:01,0,7,0,0
79909,2024-10-30 13:34:59,1,3,0,0
94023,2024-10-30 13:36:48,0,5,1,394
1440,2024-10-30 13:37:32,0,9,1,323
98039,2024-10-30 13:41:00,1,2,0,0
82303,2024-10-30 14:01:38,0,5,1,378
11409,2024-10-30 14:05:34,0,9,0,0
11947,2024-10-30 14:18:08,0,8,0,0
33519,2024-10-30 14:24:49,1,7,0,0
64558,2024-10-30 14:41:59,1,3,0,0
36586,2024-10-30 14:53:45,1,5,0,0
31020,2024-10-30 15:08:48,0,6,0,0
15116,2024-10-30 15:10:41,1,4,0,0
59167,2024-10-30 15:17:56,0,5,1,237
45810,2024-10-30 15:18:00,0,10,0,0
71817,2024-10-30 15:18:18,0,3,1,210
49084,2024-10-30 15:19:35,1,6,1,189
85359,2024-10-30 15:25:21,1,10,1,254
51121,2024-10-30 15:27:10,0,5,0,0
43568,2024-10-30 15:31:55,1,6,1,469
28614,2024-10-30 15:48:27,0,3,1,301
28286,2024-10-30 15:50:35,0,5,1,357
5126,2024-10-30 16:02:19,0,4,0,0
28112,2024-10-30 16:10:33,1,5,1,326
73692,2024-10-30 16:17:20,0,6,0,0
30632,2024-10-30 16:18:33,1,6,0,0
69879,2024-10-30 16:25:37,0,8,0,0
1330,2024-10-30 16:29:57,0,8,0,0
99346,2024-10-30 16:30:15,0,7,0,0
95986,2024-10-30 16:42:04,1,10,1,419
2104,2024-10-30 16:50:57,1,4,0,0
38870,2024-10-30 16:54:59,1,4,0,0
9818,2024-10-30 17:02:18,0,9,0,0
72692,2024-10-30 17:06:12,0,7,1,352
55973,2024-10-30 17:11:30,1,3,1,307
34594,2024-10-30 17:17:59,0,7,1,338
19445,2024-10-30 17:19:19,1,9,0,0
88146,2024-10-30 17:19:52,0,5,0,0
25931,2024-10-30 17:23:29,1,6,0,0
85788,2024-10-30 17:26:46,0,5,1,245
11835,2024-10-30 17:28:32,1,8,0,0
31474,2024-10-30 17:31:31,1,16,0,0
68994,2024-10-30 17:37:53,1,4,1,264
81396,2024-10-30 17:42:01,0,6,1,382
85912,2024-10-30 17:44:04,0,4,1,453
12671,2024-10-30 17:56:05,0,4,0,0
86645,2024-10-30 17:57:29,0,9,0,0
66855,2024-10-30 18:14:32,0,5,1,639
84471,2024-10-30 18:19:48,0,9,0,0
35138,2024-10-30 18:24:07,0,5,0,0
85912,2024-10-30 18:37:33,1,6,0,0
66774,2024-10-30 18:37:38,0,5,0,0
6491,2024-10-30 18:46:30,1,9,0,0
5528,2024-10-30 18:50:15,0,1,0,0
70071,2024-10-30 19:11:38,1,6,0,0
28614,2024-10-30 19:20:20,1,7,0,0
14547,2024-10-30 19:20:56,0,7,0,0
93825,2024-10-30 19:21:02,0,6,0,0
17723,2024-10-30 19:24:56,0,8,0,0
12126,2024-10-30 19:28:00,1,8,0,0
99346,2024-10-30 19:49:59,0,8,1,349
9328,2024-10-30 19:57:20,0,5,0,0
82865,2024-10-30 19:58:29,0,4,0,0
83406,2024-10-30 20:14:22,0,9,0,0
59345,2024-10-30 20:15:21,1,6,0,0
26504,2024-10-30 20:30:38,1,8,0,0
61752,2024-10-30 20:31:56,0,5,1,228
23911,2024-10-30 20:32:38,0,8,0,0
80042,2024-10-30 20:40:31,0,2,0,0
29191,2024-10-30 20:54:12,0,2,1,298
80869,2024-10-30 20:58:28,0,7,1,257
57127,2024-10-30 21:03:39,1,10,1,222
10847,2024-10-30 21:03:45,0,5,1,199
89815,2024-10-30 21:04:27,0,10,0,0
14547,2024-10-30 21:09:17,0,7,0,0
46402,2024-10-30 21:11:22,0,7,0,0
96015,2024-10-30 21:11:39,1,9,1,211
11001,2024-10-30 21:12:54,1,5,1,240
15110,2024-10-30 21:25:33,1,3,0,0
82791,2024-10-30 21:25:47,0,8,1,382
11398,2024-10-30 21:32:18,0,3,0,0
70790,2024-10-30 21:33:23,1,9,0,0
56238,2024-10-30 21:38:04,1,8,0,0
10847,2024-10-30 21:43:46,0,8,0,0
4521,2024-10-30 21:45:36,0,8,1,175
74060,2024-10-30 22:03:58,0,2,0,0
27023,2024-10-30 22:05:37,1,8,0,0
83921,2024-10-30 22:05:46,1,10,0,0
59217,2024-10-30 22:07:11,0,7,0,0
66807,2024-10-30 22:16:37,0,13,0,0
62021,2024-10-30 22:17:19,0,6,0,0
79878,2024-10-30 22:17:43,0,10,0,0
50584,2024-10-30 22:20:20,1,6,0,0
43568,2024-10-30 22:25:13,0,8,1,433
50636,2024-10-30 22:30:59,0,4,0,0
91155,2024-10-30 22:36:13,0,4,0,0
32495,2024-10-30 22:40:52,0,7,0,0
88066,2024-10-30 22:55:16,0,8,0,0
94505,2024-10-30 22:56:46,1,4,1,174
9824,2024-10-30 22:57:17,0,6,0,0
87977,2024-10-30 22:57:42,1,4,1,397
28112,2024-10-30 22:58:06,0,4,0,0
75273,2024-10-30 23:03:18,0,14,0,0
86827,2024-10-30 23:07:26,1,4,0,0
14290,2024-10-30 23:13:08,0,2,0,0
71632,2024-10-30 23:20:12,0,4,0,0
98266,2024-10-30 23:25:59,0,3,0,0
98736,2024-10-30 23:33:51,1,8,0,0
26075,2024-10-30 23:47:19,0,6,0,0
61160,2024-10-30 23:50:09,1,5,1,431
95844,2024-10-31 00:06:50,0,5,0,0
65131,2024-10-31 00:13:10,1,3,0,0
32830,2024-10-31 00:20:06,1,3,0,0
45851,2024-10-31 00:36:48,1,9,0,0
1056,2024-10-31 00:59:08,1,6,0,0
85827,2024-10-31 01:09:00,0,7,1,414
35315,2024-10-31 01:17:47,0,9,1,346
94658,2024-10-31 02:02:11,0,3,0,0
96015,2024-10-31 02:44:29,0,9,0,0
63873,2024-10-31 02:53:33,1,9,0,0
9328,2024-10-31 03:21:04,0,10,0,0
72718,2024-10-31 04:02:37,0,7,0,0
73304,2024-10-31 04:20:57,0,7,0,0
23339,2024-10-31 05:24:38,0,3,1,358
74176,2024-10-31 05:49:50,0,7,0,0
34603,2024-10-31 06:23:37,0,4,0,0
87977,2024-10-31 06:29:15,0,4,0,0
56972,2024-10-31 06:36:11,0,3,1,222
12373,2024-10-31 07:03:53,0,4,0,0
91034,2024-10-31 07:25:40,1,4,0,0
895,2024-10-31 07:39:24,0,7,1,285
11629,2024-10-31 07:43:24,0,4,1,176
88652,2024-10-31 07:53:26,0,5,0,0
7079,2024-10-31 07:58:38,1,4,0,0
47556,2024-10-31 08:28:39,0,6,0,0
77790,2024-10-31 08:30:22,0,8,0,0
59167,2024-10-31 08:46:57,1,3,1,219
82634,2024-10-31 08:57:51,0,5,0,0
72730,2024-10-31 08:57:56,1,9,1,178
62021,2024-10-31 09:03:07,1,4,1,275
67248,2024-10-31 09:03:39,0,6,0,0
85042,2024-10-31 09:06:56,0,3,0,0
82478,2024-10-31 09:11:14,0,9,1,247
5038,2024-10-31 09:13:09,1,6,0,0
60712,2024-10-31 09:25:29,0,4,0,0
21803,2024-10-31 10:03:39,0,6,1,193
18015,2024-10-31 10:16:50,0,4,0,0
17711,2024-10-31 10:18:50,1,6,0,0
65254,2024-10-31 10:32:21,0,9,0,0
73452,2024-10-31 10:34:14,0,2,0,0
45505,2024-10-31 10:39:03,0,3,1,461
80637,2024-10-31 10:51:26,0,14,1,440
10601,2024-10-31 10:52:59,0,7,0,0
53136,2024-10-31 11:01:02,0,5,0,0
13738,2024-10-31 11:05:16,0,4,1,369
86070,2024-10-31 11:17:31,1,11,1,224
98762,2024-10-31 11:24:26,0,3,1,480
34125,2024-10-31 11:47:44,0,6,0,0
66431,2024-10-31 11:51:53,0,3,0,0
5054,2024-10-31 11:52:59,0,2,0,0
25546,2024-10-31 11:58:47,0,4,0,0
2806,2024-10-31 12:03:56,0,2,0,0
15950,2024-10-31 12:20:44,1,8,0,0
62820,2024-10-31 12:41:55,0,4,0,0
11826,2024-10-31 12:59:02,0,5,0,0
87925,2024-10-31 13:01:55,1,5,0,0
24764,2024-10-31 13:02:30,0,6,0,0
41031,2024-10-31 13:04:48,0,11,0,0
54496,2024-10-31 13:05:57,0,4,0,0
95414,2024-10-31 13:06:53,0,7,0,0
15720,2024-10-31 13:23:22,0,5,1,314
98170,2024-10-31 13:29:26,0,11,1,295
82943,2024-10-31 13:36:54,0,7,0,0
23911,2024-10-31 13:47:13,0,11,1,423
46758,2024-10-31 13:48:23,1,9,0,0
42778,2024-10-31 13:51:58,0,8,0,0
26969,2024-10-31 13:52:16,0,7,0,0
29191,2024-10-31 13:53:34,0,6,1,144
25207,2024-10-31 14:00:29,0,10,0,0
26690,2024-10-31 14:03:55,1,6,0,0
88542,2024-10-31 14:05:42,0,5,0,0
97451,2024-10-31 14:12:40,0,3,0,0
99202,2024-10-31 14:14:30,0,1,1,144
96273,2024-10-31 14:16:26,0,7,0,0
79325,2024-10-31 14:18:40,0,4,0,0
4469,2024-10-31 14:22:03,0,4,0,0
21019,2024-10-31 14:22:46,1,10,0,0
20832,2024-10-31 14:23:09,1,6,1,242
10070,2024-10-31 14:29:44,0,1,0,0
89958,2024-10-31 14:38:02,0,3,0,0
83645,2024-10-31 14:41:05,0,12,0,0
57785,2024-10-31 14:47:05,1,5,0,0
10905,2024-10-31 14:51:30,0,8,1,242
67248,2024-10-31 14:59:03,0,5,1,345
86225,2024-10-31 14:59:17,1,5,1,367
34125,2024-10-31 15:16:16,0,5,0,0
20068,2024-10-31 15:17:40,1,5,0,0
68336,2024-10-31 15:17:41,0,5,0,0
67517,2024-10-31 15:34:06,1,4,0,0
77790,2024-10-31 15:39:08,1,5,0,0
48591,2024-10-31 15:44:19,0,8,0,0
17,2024-10-31 15:47:35,0,7,1,354
5763,2024-10-31 15:50:12,0,8,0,0
46401,2024-10-31 15:57:35,1,8,1,350
70947,2024-10-31 16:10:44,0,7,1,225
48819,2024-10-31 16:14:05,1,4,1,395
44178,2024-10-31 16:28:40,1,5,0,0
9665,2024-10-31 16:30:17,0,6,0,0
33548,2024-10-31 16:30:27,0,3,1,192
52550,2024-10-31 16:33:13,0,3,0,0
29919,2024-10-31 16:38:50,0,6,1,468
19709,2024-10-31 16:46:19,1,3,0,0
98266,2024-10-31 16:52:48,1,5,0,0
14874,2024-10-31 17:01:44,1,2,0,0
7878,2024-10-31 17:03:40,1,9,0,0
96031,2024-10-31 17:10:27,0,6,0,0
95434,2024-10-31 17:15:22,0,8,0,0
681,2024-10-31 17:30:36,1,7,0,0
77184,2024-10-31 17:31:29,1,5,0,0
44310,2024-10-31 17:36:56,0,5,0,0
63294,2024-10-31 17:40:34,0,5,1,170
10916,2024-10-31 17:42:30,0,4,0,0
8966,2024-10-31 17:54:05,0,5,1,268
62180,2024-10-31 18:13:17,0,5,1,284
37144,2024-10-31 18:25:08,0,4,0,0
68114,2024-10-31 18:35:10,0,5,0,0
80145,2024-10-31 18:35:56,0,3,0,0
72111,2024-10-31 18:45:18,1,3,0,0
44429,2024-10-31 18:47:04,0,6,0,0
9328,2024-10-31 19:03:40,0,7,1,596
72354,2024-10-31 19:05:22,0,8,1,356
98211,2024-10-31 19:05:41,0,2,1,245
1552,2024-10-31 19:08:00,0,4,0,0
14078,2024-10-31 19:09:36,0,6,1,527
21919,2024-10-31 19:10:39,0,8,0,0
79503,2024-10-31 19:10:47,0,7,0,0
82478,2024-10-31 19:10:51,1,4,1,173
87670,2024-10-31 19:15:23,0,4,0,0
50037,2024-10-31 19:16:24,0,4,1,397
17844,2024-10-31 19:25:52,0,9,0,0
56642,2024-10-31 19:44:14,1,2,0,0
16586,2024-10-31 19:51:07,1,12,0,0
15607,2024-10-31 20:01:56,0,9,1,290
74060,2024-10-31 20:03:48,1,4,1,502
79909,2024-10-31 20:11:08,0,6,0,0
17088,2024-10-31 20:17:46,0,8,1,323
21803,2024-10-31 20:25:00,0,10,0,0
56869,2024-10-31 20:49:57,0,7,0,0
56625,2024-10-31 21:17:30,0,1,0,0
40188,2024-10-31 21:25:50,0,4,0,0
39425,2024-10-31 21:27:55,0,5,0,0
55376,2024-10-31 21:45:59,0,0,1,302
35019,2024-10-31 21:47:16,0,5,0,0
53073,2024-10-31 21:48:54,0,7,0,0
895,2024-10-31 21:55:16,0,11,0,0
12163,2024-10-31 22:00:16,1,6,0,0
72718,2024-10-31 22:03:32,0,6,0,0
37919,2024-10-31 22:03:48,0,3,0,0
51337,2024-10-31 22:24:39,0,8,1,451
42038,2024-10-31 22:28:32,0,3,0,0
44433,2024-10-31 22:36:39,0,6,1,194
99352,2024-10-31 22:42:55,0,4,0,0
65977,2024-10-31 22:54:09,0,9,0,0
51919,2024-10-31 23:04:05,0,8,0,0
60498,2024-10-31 23:04:16,0,7,0,0
48633,2024-10-31 23:07:57,0,7,1,286
12796,2024-10-31 23:09:30,0,9,0,0
45426,2024-10-31 23:17:53,1,7,1,516
56642,2024-10-31 23:31:09,0,9,0,0
21131,2024-10-31 23:41:19,1,5,0,0
4136,2024-10-31 23:44:03,1,6,1,267
