user_id,session_start_dttm,desktop_flag,session_duration_min,purchase_flag,purchase_amount_rub
96358,2025-01-01 00:54:01,1,8,0,0
24483,2025-01-01 01:19:52,0,2,0,0
95565,2025-01-01 01:20:36,0,5,1,401
63175,2025-01-01 01:27:36,0,3,1,437
59378,2025-01-01 01:35:29,0,9,0,0
51507,2025-01-01 01:55:22,0,6,0,0
61625,2025-01-01 01:55:55,0,10,0,0
16802,2025-01-01 02:14:49,1,6,0,0
81100,2025-01-01 02:19:59,0,5,1,203
34087,2025-01-01 02:31:25,1,6,0,0
81152,2025-01-01 02:53:00,0,4,1,145
73692,2025-01-01 03:19:38,0,6,0,0
85629,2025-01-01 03:26:04,0,4,0,0
95975,2025-01-01 03:39:57,1,7,0,0
1570,2025-01-01 04:28:24,0,5,0,0
10336,2025-01-01 05:55:37,0,1,0,0
66814,2025-01-01 06:39:39,0,10,0,0
93782,2025-01-01 06:46:18,0,9,0,0
64198,2025-01-01 06:50:58,0,7,0,0
18593,2025-01-01 07:04:02,0,6,0,0
44701,2025-01-01 07:28:49,0,9,1,371
33733,2025-01-01 08:01:53,0,3,0,0
15350,2025-01-01 08:07:25,0,7,1,221
56666,2025-01-01 08:13:20,0,5,0,0
17711,2025-01-01 08:17:34,0,8,0,0
40432,2025-01-01 08:21:03,0,4,0,0
46237,2025-01-01 08:30:43,0,7,0,0
22377,2025-01-01 08:35:53,1,5,0,0
14505,2025-01-01 08:52:30,0,8,0,0
41659,2025-01-01 08:54:24,0,5,0,0
2092,2025-01-01 09:06:27,0,5,0,0
59492,2025-01-01 09:15:07,0,9,0,0
34157,2025-01-01 09:33:20,0,4,1,423
97255,2025-01-01 09:44:46,0,7,1,328
14734,2025-01-01 09:45:10,0,6,1,145
952,2025-01-01 09:56:25,0,3,0,0
39012,2025-01-01 09:58:28,0,8,0,0
42665,2025-01-01 10:05:14,1,5,0,0
50172,2025-01-01 10:06:46,0,10,0,0
36661,2025-01-01 10:13:16,0,5,1,192
45601,2025-01-01 10:25:14,0,7,0,0
71101,2025-01-01 10:39:15,0,9,0,0
53854,2025-01-01 10:48:49,1,6,0,0
78635,2025-01-01 11:07:52,0,3,1,162
84264,2025-01-01 11:12:02,1,5,0,0
8599,2025-01-01 11:13:04,0,3,0,0
12525,2025-01-01 11:18:01,1,7,0,0
28938,2025-01-01 11:20:48,1,4,0,0
49852,2025-01-01 11:23:22,1,10,0,0
16560,2025-01-01 11:26:19,0,6,0,0
61799,2025-01-01 11:32:00,0,9,0,0
25668,2025-01-01 12:17:43,0,3,0,0
97211,2025-01-01 12:21:56,0,6,0,0
98975,2025-01-01 12:48:39,1,4,0,0
400,2025-01-01 12:52:26,1,6,1,175
94312,2025-01-01 12:58:01,1,8,1,76
23803,2025-01-01 12:58:24,0,8,0,0
38542,2025-01-01 13:20:46,0,7,0,0
19932,2025-01-01 13:28:07,0,5,1,163
9999,2025-01-01 13:55:39,0,3,0,0
97436,2025-01-01 14:03:21,0,8,1,184
68670,2025-01-01 14:44:40,0,5,1,228
36437,2025-01-01 14:53:26,1,2,0,0
24806,2025-01-01 15:05:20,0,4,0,0
63528,2025-01-01 15:07:28,0,5,0,0
93180,2025-01-01 15:11:42,1,5,0,0
11097,2025-01-01 15:25:43,0,7,1,232
49348,2025-01-01 15:32:27,0,3,0,0
218,2025-01-01 15:33:25,1,8,0,0
28041,2025-01-01 15:36:04,1,8,1,268
80486,2025-01-01 15:36:29,0,14,0,0
95764,2025-01-01 15:56:19,0,10,0,0
83970,2025-01-01 15:57:02,0,4,0,0
78810,2025-01-01 16:01:19,0,5,1,323
41702,2025-01-01 16:02:00,1,8,1,299
69470,2025-01-01 16:07:27,0,11,0,0
97277,2025-01-01 16:48:24,0,6,0,0
93906,2025-01-01 16:51:17,0,6,0,0
81800,2025-01-01 17:03:12,0,5,1,95
9470,2025-01-01 17:07:44,0,9,0,0
72097,2025-01-01 17:41:45,0,10,1,562
97581,2025-01-01 17:44:55,0,5,1,162
82225,2025-01-01 18:05:13,1,6,0,0
67053,2025-01-01 18:10:26,0,8,1,310
38206,2025-01-01 18:16:57,0,3,0,0
89736,2025-01-01 18:18:08,0,2,1,231
7843,2025-01-01 18:28:42,1,6,0,0
82016,2025-01-01 18:30:47,0,8,1,370
83556,2025-01-01 18:41:22,0,4,0,0
53714,2025-01-01 18:59:13,1,10,0,0
39425,2025-01-01 19:01:38,0,4,1,245
5613,2025-01-01 19:02:21,0,8,0,0
72607,2025-01-01 19:07:31,0,3,0,0
20778,2025-01-01 19:09:40,1,4,0,0
15633,2025-01-01 19:12:06,0,1,0,0
1692,2025-01-01 19:18:56,1,6,0,0
87925,2025-01-01 19:24:13,0,5,0,0
35049,2025-01-01 19:33:17,0,7,0,0
32709,2025-01-01 19:35:52,0,5,0,0
82055,2025-01-01 19:49:49,0,5,0,0
3327,2025-01-01 19:54:12,1,6,0,0
5528,2025-01-01 20:01:00,1,1,0,0
66246,2025-01-01 20:02:34,0,9,0,0
1165,2025-01-01 20:05:19,0,8,1,151
71296,2025-01-01 20:28:06,1,4,0,0
9573,2025-01-01 20:29:12,1,3,0,0
36541,2025-01-01 20:52:07,0,2,1,225
74520,2025-01-01 21:01:35,1,6,1,160
23225,2025-01-01 21:08:10,1,5,1,206
8244,2025-01-01 21:08:23,1,7,0,0
60975,2025-01-01 21:20:53,0,4,0,0
46653,2025-01-01 21:21:17,0,7,0,0
92332,2025-01-01 21:37:01,0,6,0,0
85845,2025-01-01 21:39:18,0,3,0,0
29291,2025-01-01 21:49:28,1,7,0,0
1423,2025-01-01 22:02:06,0,10,1,165
93180,2025-01-01 22:04:32,0,5,1,265
72097,2025-01-01 22:06:36,1,4,0,0
6600,2025-01-01 22:18:47,0,3,0,0
68801,2025-01-01 22:39:15,1,11,0,0
49769,2025-01-01 22:53:51,0,6,0,0
52139,2025-01-01 23:19:07,1,2,0,0
16153,2025-01-01 23:28:45,0,2,1,422
44666,2025-01-01 23:31:45,0,3,0,0
94898,2025-01-01 23:32:40,0,10,1,142
2092,2025-01-01 23:34:37,0,2,0,0
59492,2025-01-01 23:48:36,0,4,0,0
83799,2025-01-02 00:25:40,1,4,0,0
36541,2025-01-02 00:42:12,1,7,0,0
8552,2025-01-02 00:57:57,0,7,0,0
84123,2025-01-02 01:16:38,1,9,1,240
4343,2025-01-02 02:05:47,0,5,0,0
82189,2025-01-02 02:20:59,0,4,0,0
36762,2025-01-02 02:30:09,0,12,1,285
16041,2025-01-02 02:53:12,1,4,0,0
8267,2025-01-02 03:29:56,1,4,1,264
25406,2025-01-02 03:30:51,0,5,1,206
5986,2025-01-02 03:34:51,0,7,0,0
71132,2025-01-02 03:36:04,1,9,0,0
45691,2025-01-02 04:18:46,0,7,0,0
4366,2025-01-02 04:25:11,1,10,1,253
61242,2025-01-02 04:47:11,0,5,0,0
39425,2025-01-02 05:11:28,0,2,0,0
55800,2025-01-02 05:21:04,0,3,0,0
58454,2025-01-02 05:32:14,1,2,0,0
66063,2025-01-02 06:29:20,0,5,0,0
96170,2025-01-02 06:31:13,0,5,1,234
50584,2025-01-02 06:34:12,1,7,0,0
11140,2025-01-02 06:40:24,1,8,0,0
83530,2025-01-02 06:41:59,0,9,1,168
48650,2025-01-02 07:08:56,0,6,1,122
97930,2025-01-02 07:27:04,1,13,0,0
79797,2025-01-02 07:33:06,0,5,0,0
7936,2025-01-02 07:53:38,1,6,0,0
2247,2025-01-02 08:04:24,0,9,1,574
54191,2025-01-02 08:04:32,0,3,0,0
66415,2025-01-02 08:14:01,0,1,0,0
6659,2025-01-02 08:19:02,0,6,0,0
73987,2025-01-02 08:46:30,0,6,0,0
88943,2025-01-02 08:49:53,1,5,0,0
89813,2025-01-02 08:53:58,0,11,1,324
32286,2025-01-02 08:54:55,1,3,1,225
57795,2025-01-02 09:07:54,0,8,0,0
88943,2025-01-02 09:22:03,0,7,0,0
36437,2025-01-02 09:31:09,0,6,1,428
20189,2025-01-02 09:35:36,0,9,0,0
46474,2025-01-02 09:35:52,0,7,0,0
54197,2025-01-02 09:42:36,0,7,0,0
1154,2025-01-02 09:51:08,1,10,0,0
79971,2025-01-02 10:00:17,0,3,0,0
86553,2025-01-02 10:01:50,0,6,1,228
14927,2025-01-02 10:09:17,0,9,0,0
39172,2025-01-02 10:17:23,0,3,0,0
31611,2025-01-02 10:23:27,0,12,0,0
42603,2025-01-02 10:35:20,1,4,0,0
45995,2025-01-02 11:19:36,0,6,0,0
2121,2025-01-02 11:20:32,0,4,1,220
63860,2025-01-02 11:30:28,0,8,0,0
61799,2025-01-02 11:52:10,1,3,1,390
48650,2025-01-02 12:01:29,1,3,0,0
47511,2025-01-02 12:14:37,0,4,0,0
57896,2025-01-02 12:20:34,0,4,1,271
57942,2025-01-02 12:33:50,0,6,0,0
46402,2025-01-02 13:07:32,0,3,1,197
35716,2025-01-02 13:09:16,0,5,0,0
97277,2025-01-02 13:14:22,1,7,0,0
57942,2025-01-02 13:39:50,0,5,0,0
75284,2025-01-02 13:57:40,1,9,0,0
97121,2025-01-02 14:05:03,0,7,0,0
90808,2025-01-02 14:05:39,0,4,0,0
41595,2025-01-02 14:29:50,0,4,0,0
72323,2025-01-02 14:33:35,0,11,0,0
46237,2025-01-02 15:07:13,0,9,1,190
11639,2025-01-02 15:16:37,1,9,0,0
86976,2025-01-02 15:28:00,0,5,0,0
55577,2025-01-02 15:29:23,0,7,1,454
86913,2025-01-02 15:36:00,0,5,1,363
10530,2025-01-02 15:36:48,0,4,0,0
15512,2025-01-02 16:02:15,0,7,1,330
4052,2025-01-02 16:17:58,0,1,0,0
23425,2025-01-02 16:23:52,1,8,0,0
2954,2025-01-02 16:30:47,1,9,0,0
73787,2025-01-02 16:44:53,0,4,1,141
69741,2025-01-02 16:46:43,0,6,1,205
79503,2025-01-02 16:56:43,0,4,0,0
57888,2025-01-02 16:59:40,0,9,0,0
97476,2025-01-02 17:32:00,1,2,0,0
34823,2025-01-02 17:33:03,0,4,1,212
15110,2025-01-02 17:33:50,0,9,0,0
31523,2025-01-02 17:55:58,1,6,0,0
28829,2025-01-02 18:08:34,0,8,1,276
2812,2025-01-02 18:09:08,0,5,0,0
86198,2025-01-02 18:22:25,0,4,0,0
16164,2025-01-02 18:25:26,0,7,1,169
17535,2025-01-02 19:02:21,0,5,0,0
8552,2025-01-02 19:07:21,0,6,0,0
66354,2025-01-02 19:08:44,0,1,1,158
86577,2025-01-02 19:28:16,0,5,0,0
57942,2025-01-02 19:29:59,0,7,1,296
80926,2025-01-02 19:34:42,1,3,0,0
25247,2025-01-02 19:43:12,1,9,0,0
85911,2025-01-02 19:52:45,0,6,0,0
23225,2025-01-02 20:00:58,1,4,1,243
60925,2025-01-02 20:11:52,1,3,0,0
45755,2025-01-02 20:14:25,0,5,1,393
3993,2025-01-02 20:22:17,0,9,0,0
81533,2025-01-02 20:22:59,1,7,1,175
36762,2025-01-02 20:24:09,0,6,1,151
77968,2025-01-02 20:28:41,0,7,0,0
43964,2025-01-02 20:29:42,0,5,0,0
79609,2025-01-02 20:33:33,0,7,1,177
95180,2025-01-02 20:34:35,0,8,0,0
66354,2025-01-02 20:37:29,0,7,1,254
5622,2025-01-02 20:43:29,0,5,0,0
64198,2025-01-02 20:49:10,1,9,0,0
32140,2025-01-02 21:05:59,0,3,0,0
33140,2025-01-02 21:13:53,0,8,0,0
4565,2025-01-02 21:16:04,0,7,0,0
15212,2025-01-02 21:31:11,0,7,1,228
99987,2025-01-02 21:34:23,0,8,0,0
80607,2025-01-02 21:35:34,0,9,0,0
73806,2025-01-02 21:43:50,0,6,0,0
3367,2025-01-02 21:50:19,0,7,1,169
11187,2025-01-02 22:13:23,1,7,0,0
92462,2025-01-02 22:27:33,0,4,1,231
95764,2025-01-02 22:32:24,1,13,0,0
8098,2025-01-02 23:17:38,0,11,0,0
4343,2025-01-02 23:21:09,0,5,0,0
24277,2025-01-02 23:40:51,0,3,1,298
13840,2025-01-02 23:41:26,0,3,0,0
13285,2025-01-02 23:41:29,1,8,0,0
86713,2025-01-02 23:44:40,0,4,1,192
69470,2025-01-02 23:51:51,0,3,0,0
40475,2025-01-03 01:16:16,0,10,0,0
16050,2025-01-03 01:39:39,0,12,0,0
5389,2025-01-03 02:07:03,0,7,1,182
87925,2025-01-03 02:08:04,0,5,0,0
88880,2025-01-03 02:20:33,0,6,1,187
97211,2025-01-03 03:25:15,0,7,1,299
6185,2025-01-03 03:31:31,0,4,0,0
12096,2025-01-03 03:35:52,0,10,1,348
27097,2025-01-03 03:37:15,1,6,0,0
26966,2025-01-03 03:50:03,0,4,0,0
44210,2025-01-03 04:05:15,1,7,0,0
75273,2025-01-03 04:16:29,0,9,0,0
5734,2025-01-03 04:24:40,0,9,1,93
63008,2025-01-03 04:32:28,0,3,0,0
12525,2025-01-03 04:46:31,0,7,1,196
52346,2025-01-03 05:01:11,0,4,1,289
19109,2025-01-03 05:13:36,1,5,0,0
1154,2025-01-03 06:27:17,0,9,1,183
63860,2025-01-03 06:30:44,0,6,0,0
15720,2025-01-03 06:57:09,0,3,0,0
59670,2025-01-03 07:52:21,0,5,0,0
45755,2025-01-03 08:03:43,1,8,0,0
63667,2025-01-03 08:17:57,0,5,0,0
21811,2025-01-03 08:22:35,0,6,1,170
11639,2025-01-03 08:37:26,0,2,0,0
59094,2025-01-03 08:43:50,1,7,0,0
9665,2025-01-03 08:46:56,0,5,0,0
46892,2025-01-03 08:49:58,1,8,0,0
62699,2025-01-03 08:58:27,1,9,0,0
47335,2025-01-03 09:11:20,0,9,1,209
952,2025-01-03 09:13:23,0,7,0,0
6432,2025-01-03 09:14:18,0,7,1,207
43137,2025-01-03 09:22:23,0,6,0,0
63924,2025-01-03 09:28:21,0,2,1,580
89031,2025-01-03 09:29:11,0,2,1,278
66288,2025-01-03 09:51:04,0,10,0,0
91119,2025-01-03 09:51:55,0,3,0,0
6193,2025-01-03 10:02:43,0,5,0,0
2092,2025-01-03 10:12:30,1,4,1,154
81579,2025-01-03 10:15:55,1,10,1,137
66298,2025-01-03 10:20:37,1,4,0,0
30876,2025-01-03 10:22:54,1,3,0,0
26794,2025-01-03 10:27:35,0,8,1,199
19242,2025-01-03 10:28:56,0,6,0,0
36636,2025-01-03 10:40:07,0,3,0,0
14017,2025-01-03 11:24:07,0,13,0,0
93180,2025-01-03 11:33:50,0,6,0,0
97515,2025-01-03 11:47:12,1,6,1,540
79527,2025-01-03 12:02:57,1,6,0,0
73692,2025-01-03 12:08:28,0,3,0,0
59094,2025-01-03 12:13:44,0,10,0,0
84567,2025-01-03 12:45:48,0,4,0,0
97436,2025-01-03 12:49:44,0,4,1,227
21251,2025-01-03 13:06:13,0,4,1,119
8582,2025-01-03 13:09:27,1,5,1,221
89704,2025-01-03 13:26:22,0,8,1,235
66882,2025-01-03 13:32:43,0,4,0,0
87463,2025-01-03 14:02:27,1,11,0,0
42624,2025-01-03 14:25:46,0,7,1,276
54631,2025-01-03 14:26:39,0,6,0,0
60190,2025-01-03 14:28:46,0,5,0,0
48533,2025-01-03 14:51:37,0,2,1,136
83640,2025-01-03 14:53:00,0,6,1,438
81486,2025-01-03 15:17:35,0,12,0,0
5734,2025-01-03 15:34:23,0,5,1,168
71117,2025-01-03 15:46:54,0,4,0,0
41601,2025-01-03 16:02:32,0,5,1,169
88553,2025-01-03 16:13:15,0,5,0,0
41505,2025-01-03 16:39:09,1,6,0,0
59152,2025-01-03 16:48:54,0,7,0,0
81486,2025-01-03 17:12:46,0,6,0,0
95363,2025-01-03 17:12:48,1,12,0,0
23332,2025-01-03 17:13:55,0,8,0,0
92462,2025-01-03 17:18:47,0,8,1,371
79078,2025-01-03 17:23:53,1,6,0,0
9999,2025-01-03 17:30:14,0,7,0,0
62271,2025-01-03 17:34:09,0,2,1,91
29384,2025-01-03 17:49:22,0,7,0,0
22056,2025-01-03 17:53:30,0,8,0,0
93142,2025-01-03 18:11:48,0,5,1,177
78810,2025-01-03 18:14:54,0,11,1,165
7878,2025-01-03 18:29:59,1,6,0,0
3908,2025-01-03 18:50:07,1,3,0,0
40385,2025-01-03 18:50:53,0,2,1,215
26407,2025-01-03 19:01:06,0,5,1,379
65090,2025-01-03 19:03:29,1,5,0,0
33415,2025-01-03 19:07:25,0,9,0,0
1896,2025-01-03 19:14:22,1,1,1,273
72006,2025-01-03 19:28:48,1,10,0,0
87247,2025-01-03 19:35:07,0,4,0,0
2505,2025-01-03 19:40:20,0,5,0,0
20395,2025-01-03 19:40:51,0,4,1,192
64454,2025-01-03 19:42:16,0,3,1,178
19100,2025-01-03 19:45:16,0,7,0,0
48144,2025-01-03 19:51:08,0,6,1,180
15338,2025-01-03 19:54:51,0,2,0,0
29863,2025-01-03 20:17:47,0,3,0,0
57786,2025-01-03 20:20:59,1,4,0,0
1124,2025-01-03 20:33:50,0,3,0,0
81379,2025-01-03 20:33:58,0,7,0,0
63605,2025-01-03 20:39:53,0,4,0,0
40181,2025-01-03 20:53:45,0,8,1,247
52055,2025-01-03 21:00:48,0,6,1,180
24633,2025-01-03 21:13:14,1,5,0,0
18550,2025-01-03 21:24:34,1,8,1,288
22636,2025-01-03 21:33:39,0,9,0,0
49362,2025-01-03 21:42:34,0,1,0,0
81152,2025-01-03 21:52:51,1,5,0,0
90943,2025-01-03 22:18:04,1,5,0,0
3922,2025-01-03 22:21:24,1,5,0,0
97277,2025-01-03 22:23:30,1,10,0,0
57397,2025-01-03 22:43:40,0,9,0,0
79527,2025-01-03 22:56:27,0,4,0,0
25247,2025-01-03 22:59:41,0,5,1,248
74687,2025-01-03 23:01:05,0,7,1,144
40264,2025-01-03 23:02:24,0,3,0,0
63008,2025-01-03 23:10:25,0,11,0,0
36022,2025-01-03 23:14:44,1,7,0,0
67089,2025-01-03 23:25:44,1,3,1,308
90277,2025-01-03 23:33:34,0,6,0,0
15106,2025-01-03 23:36:57,1,6,1,434
23332,2025-01-03 23:41:46,0,8,0,0
48044,2025-01-03 23:49:26,1,7,0,0
17860,2025-01-03 23:59:23,1,11,0,0
60498,2025-01-04 00:11:27,0,1,1,255
13285,2025-01-04 00:27:21,0,5,0,0
47176,2025-01-04 00:36:42,0,6,1,124
58509,2025-01-04 00:42:00,0,5,1,112
88880,2025-01-04 00:56:18,0,3,0,0
10627,2025-01-04 01:24:54,0,4,0,0
65514,2025-01-04 01:33:42,1,5,0,0
45426,2025-01-04 01:40:38,1,4,1,289
58587,2025-01-04 01:56:48,0,7,0,0
25533,2025-01-04 02:14:49,0,2,0,0
35872,2025-01-04 03:02:43,1,6,0,0
10208,2025-01-04 03:18:24,0,6,1,118
16637,2025-01-04 03:34:11,1,7,0,0
10813,2025-01-04 04:09:58,0,9,0,0
10995,2025-01-04 04:11:04,1,8,1,234
45831,2025-01-04 05:06:24,0,9,0,0
8885,2025-01-04 05:53:46,0,8,0,0
60975,2025-01-04 06:04:57,0,12,0,0
46873,2025-01-04 06:36:04,1,5,0,0
99024,2025-01-04 06:42:12,0,3,0,0
32140,2025-01-04 07:01:36,0,5,0,0
39012,2025-01-04 07:07:28,0,4,1,140
74016,2025-01-04 07:20:18,0,7,0,0
36406,2025-01-04 07:20:50,0,6,1,133
6758,2025-01-04 07:34:18,0,7,0,0
93180,2025-01-04 07:52:35,0,4,0,0
4247,2025-01-04 08:05:05,0,7,1,266
43964,2025-01-04 08:07:40,0,9,0,0
9728,2025-01-04 08:32:14,0,8,1,231
83153,2025-01-04 08:45:55,1,8,1,172
92405,2025-01-04 08:52:20,1,5,1,261
14017,2025-01-04 09:02:31,0,3,1,398
75841,2025-01-04 09:09:03,0,6,1,199
22636,2025-01-04 09:15:47,0,6,1,183
18952,2025-01-04 09:18:16,1,2,1,269
84209,2025-01-04 09:34:20,1,10,1,118
36255,2025-01-04 09:38:10,0,12,0,0
28829,2025-01-04 09:40:14,0,4,1,119
87985,2025-01-04 09:52:22,0,6,0,0
96586,2025-01-04 09:53:11,1,11,0,0
48026,2025-01-04 10:03:05,0,3,1,185
50172,2025-01-04 10:07:13,0,12,1,151
22867,2025-01-04 10:26:46,0,13,0,0
59863,2025-01-04 10:33:58,0,5,0,0
49188,2025-01-04 10:46:48,1,10,1,894
5285,2025-01-04 10:49:52,1,8,0,0
98221,2025-01-04 11:11:18,0,8,0,0
24483,2025-01-04 11:26:00,0,5,1,147
85629,2025-01-04 11:35:44,0,9,1,145
47485,2025-01-04 11:44:57,0,2,1,267
86713,2025-01-04 11:46:50,1,8,0,0
25669,2025-01-04 11:50:00,0,5,0,0
81897,2025-01-04 11:53:11,0,10,0,0
60601,2025-01-04 11:59:09,1,6,0,0
24722,2025-01-04 12:01:05,0,5,0,0
21539,2025-01-04 12:03:01,0,3,0,0
31611,2025-01-04 12:12:16,1,8,1,192
18614,2025-01-04 12:15:02,0,6,1,246
15173,2025-01-04 12:40:51,0,6,0,0
1768,2025-01-04 12:46:41,0,5,0,0
67851,2025-01-04 12:46:48,0,4,0,0
31611,2025-01-04 12:51:33,0,6,0,0
31647,2025-01-04 13:12:28,1,4,1,324
76250,2025-01-04 13:25:36,0,7,0,0
10465,2025-01-04 13:33:13,0,6,0,0
56996,2025-01-04 13:33:47,0,4,0,0
84125,2025-01-04 13:44:11,0,3,1,203
95093,2025-01-04 13:55:55,0,7,0,0
9124,2025-01-04 13:59:46,0,5,0,0
16301,2025-01-04 14:21:09,0,3,0,0
13828,2025-01-04 14:27:09,0,4,0,0
34087,2025-01-04 14:40:50,0,8,1,196
90520,2025-01-04 14:43:16,1,3,1,289
22839,2025-01-04 15:18:44,0,2,0,0
47337,2025-01-04 15:24:03,1,8,1,224
79498,2025-01-04 15:27:43,1,4,0,0
9573,2025-01-04 15:29:32,0,6,0,0
5613,2025-01-04 15:44:49,0,4,1,406
42405,2025-01-04 15:50:23,1,4,0,0
45995,2025-01-04 16:17:59,0,5,0,0
46269,2025-01-04 16:22:52,0,3,0,0
58454,2025-01-04 16:25:13,1,7,1,98
27294,2025-01-04 16:27:14,0,6,0,0
84264,2025-01-04 16:32:34,0,5,0,0
2373,2025-01-04 16:41:44,1,8,0,0
19134,2025-01-04 17:03:38,0,4,0,0
34155,2025-01-04 17:10:10,0,12,1,312
38513,2025-01-04 17:11:28,0,11,1,217
46396,2025-01-04 17:12:21,0,6,0,0
99401,2025-01-04 17:21:16,0,5,1,338
36762,2025-01-04 17:34:42,0,9,0,0
21539,2025-01-04 17:52:34,1,7,0,0
73968,2025-01-04 17:53:22,1,6,1,209
67894,2025-01-04 17:54:02,1,3,0,0
79527,2025-01-04 17:57:56,0,6,0,0
97540,2025-01-04 18:08:09,1,9,0,0
49973,2025-01-04 18:10:26,0,7,0,0
55431,2025-01-04 18:53:32,1,9,0,0
95739,2025-01-04 19:16:32,0,7,0,0
82055,2025-01-04 19:40:06,1,7,0,0
53854,2025-01-04 19:42:52,0,7,0,0
57128,2025-01-04 19:52:12,0,3,0,0
95645,2025-01-04 19:53:53,0,5,1,251
18335,2025-01-04 20:41:42,1,6,0,0
7843,2025-01-04 21:17:48,0,1,0,0
47598,2025-01-04 21:22:49,0,7,0,0
19109,2025-01-04 21:23:53,1,7,0,0
93991,2025-01-04 21:34:37,0,2,0,0
50863,2025-01-04 21:40:31,0,7,1,373
9287,2025-01-04 21:47:28,0,7,0,0
71132,2025-01-04 21:48:02,0,3,0,0
4545,2025-01-04 21:52:21,0,4,1,194
77150,2025-01-04 21:52:40,0,3,0,0
36279,2025-01-04 22:02:23,0,5,1,224
57127,2025-01-04 22:10:22,0,7,1,150
40432,2025-01-04 22:57:33,1,8,0,0
44977,2025-01-04 23:15:09,0,6,1,318
83224,2025-01-04 23:18:05,0,8,0,0
81486,2025-01-04 23:21:34,0,6,1,156
75284,2025-01-04 23:31:37,1,11,0,0
86645,2025-01-04 23:36:04,0,6,1,301
20189,2025-01-04 23:40:54,0,10,0,0
5389,2025-01-04 23:42:29,1,2,0,0
15110,2025-01-04 23:51:14,0,4,0,0
78553,2025-01-04 23:53:42,1,6,0,0
90414,2025-01-04 23:54:19,0,7,0,0
46811,2025-01-05 00:07:04,0,7,0,0
1692,2025-01-05 00:20:45,0,6,1,255
61378,2025-01-05 00:24:39,1,8,1,259
60498,2025-01-05 00:35:02,0,6,1,291
92920,2025-01-05 00:36:53,0,10,0,0
76542,2025-01-05 00:49:28,0,5,1,309
26966,2025-01-05 01:01:43,0,6,0,0
5643,2025-01-05 01:38:20,1,5,0,0
29096,2025-01-05 01:52:50,0,4,1,246
36255,2025-01-05 03:02:23,0,7,0,0
17860,2025-01-05 03:04:31,1,4,1,155
34455,2025-01-05 03:42:48,1,8,0,0
97436,2025-01-05 04:28:23,0,3,0,0
47335,2025-01-05 04:55:25,0,3,0,0
78810,2025-01-05 04:59:27,1,6,1,257
37869,2025-01-05 05:08:26,1,11,0,0
307,2025-01-05 05:31:11,1,8,0,0
95565,2025-01-05 05:38:30,0,9,0,0
96259,2025-01-05 06:17:29,0,5,1,354
11409,2025-01-05 06:36:48,1,12,0,0
46653,2025-01-05 06:38:44,0,8,0,0
35868,2025-01-05 06:41:22,1,6,0,0
10231,2025-01-05 07:09:51,0,5,0,0
51437,2025-01-05 07:11:49,0,9,0,0
77463,2025-01-05 07:22:22,0,13,0,0
24670,2025-01-05 07:23:05,0,8,0,0
96712,2025-01-05 08:05:24,0,4,1,217
84307,2025-01-05 08:11:39,1,5,1,341
83952,2025-01-05 08:22:02,1,5,0,0
93986,2025-01-05 08:23:25,0,8,0,0
40484,2025-01-05 08:23:33,1,6,0,0
72692,2025-01-05 08:25:05,0,9,0,0
83224,2025-01-05 08:35:29,0,12,0,0
10494,2025-01-05 08:37:48,1,2,0,0
56802,2025-01-05 08:41:03,0,6,1,113
5369,2025-01-05 08:53:14,0,7,0,0
71120,2025-01-05 09:15:49,0,4,1,266
28829,2025-01-05 09:33:17,1,7,0,0
63667,2025-01-05 09:38:29,1,7,0,0
11684,2025-01-05 09:42:58,0,7,0,0
94194,2025-01-05 09:46:01,0,13,1,221
4343,2025-01-05 09:54:03,0,11,0,0
45814,2025-01-05 09:55:18,1,8,0,0
12529,2025-01-05 10:00:15,1,10,1,215
32387,2025-01-05 10:02:07,0,7,1,263
94302,2025-01-05 10:05:38,0,10,1,67
90154,2025-01-05 10:17:24,1,4,1,184
47798,2025-01-05 10:21:23,0,5,0,0
31688,2025-01-05 10:29:58,0,5,0,0
33733,2025-01-05 10:33:54,1,5,0,0
82212,2025-01-05 10:36:17,1,10,0,0
18614,2025-01-05 10:36:46,1,8,0,0
59094,2025-01-05 10:45:55,1,12,1,109
49265,2025-01-05 10:46:50,0,10,0,0
35218,2025-01-05 10:52:55,0,5,0,0
79339,2025-01-05 10:58:45,0,6,0,0
20189,2025-01-05 11:24:01,0,4,0,0
86913,2025-01-05 11:39:33,0,7,1,115
34179,2025-01-05 11:40:46,0,5,0,0
4343,2025-01-05 11:57:45,0,5,1,351
35185,2025-01-05 11:59:43,0,9,1,319
3327,2025-01-05 12:08:29,0,6,1,161
45691,2025-01-05 12:08:46,0,7,1,165
67089,2025-01-05 12:13:00,0,9,1,182
32140,2025-01-05 12:18:16,0,4,1,136
5679,2025-01-05 12:21:02,1,11,0,0
85626,2025-01-05 12:22:35,1,12,0,0
95093,2025-01-05 12:25:01,1,7,0,0
84565,2025-01-05 12:29:03,0,9,0,0
56213,2025-01-05 12:48:53,0,8,0,0
46653,2025-01-05 13:05:09,0,7,0,0
10231,2025-01-05 13:12:12,0,6,1,158
27890,2025-01-05 13:27:12,0,5,0,0
33507,2025-01-05 13:32:44,1,8,1,254
71946,2025-01-05 14:03:28,0,6,1,193
41926,2025-01-05 14:04:55,0,8,0,0
34608,2025-01-05 14:06:41,1,6,1,411
82016,2025-01-05 14:09:29,0,7,1,325
61745,2025-01-05 14:14:55,0,5,0,0
75284,2025-01-05 14:17:21,1,4,0,0
23219,2025-01-05 14:22:05,1,8,1,332
21570,2025-01-05 14:40:21,1,5,1,269
55707,2025-01-05 14:44:39,0,6,0,0
86547,2025-01-05 14:52:16,0,2,0,0
21539,2025-01-05 14:56:43,1,4,1,217
48026,2025-01-05 15:04:13,0,6,1,450
87481,2025-01-05 15:22:08,0,4,0,0
9573,2025-01-05 15:27:37,0,8,1,277
18113,2025-01-05 15:39:59,1,10,1,380
39150,2025-01-05 15:40:15,0,6,0,0
31813,2025-01-05 15:40:57,1,6,0,0
55806,2025-01-05 15:48:44,0,10,0,0
14078,2025-01-05 15:52:14,0,5,0,0
38513,2025-01-05 15:52:21,0,4,0,0
47176,2025-01-05 16:00:18,0,4,1,186
60975,2025-01-05 16:26:02,0,5,0,0
92491,2025-01-05 16:26:34,1,8,1,391
4565,2025-01-05 16:31:46,1,5,1,314
4202,2025-01-05 16:33:34,0,5,0,0
71132,2025-01-05 16:41:52,1,4,0,0
36636,2025-01-05 16:42:37,0,7,0,0
74714,2025-01-05 16:56:09,0,6,0,0
92090,2025-01-05 17:06:42,0,4,0,0
91745,2025-01-05 17:13:55,0,9,1,79
83485,2025-01-05 17:18:18,1,3,1,597
46237,2025-01-05 17:30:00,0,5,0,0
3327,2025-01-05 17:46:38,0,7,1,196
24175,2025-01-05 17:46:47,0,2,0,0
44035,2025-01-05 18:06:01,0,7,0,0
90154,2025-01-05 18:07:51,0,3,0,0
13953,2025-01-05 18:16:43,0,7,0,0
25809,2025-01-05 18:25:04,0,10,0,0
5679,2025-01-05 18:28:47,0,9,0,0
65514,2025-01-05 18:34:42,0,9,1,325
8603,2025-01-05 18:57:57,0,7,1,206
38121,2025-01-05 18:59:34,0,1,0,0
45426,2025-01-05 19:09:08,0,7,0,0
80926,2025-01-05 19:09:26,0,7,1,212
18113,2025-01-05 19:37:46,1,8,0,0
44693,2025-01-05 19:38:36,0,3,0,0
17029,2025-01-05 19:41:07,0,8,0,0
53780,2025-01-05 19:51:11,1,3,0,0
5285,2025-01-05 19:51:28,0,9,0,0
42321,2025-01-05 19:52:19,0,7,1,709
25668,2025-01-05 19:57:44,0,7,1,377
48144,2025-01-05 20:05:27,0,9,0,0
16425,2025-01-05 20:09:30,0,6,0,0
33733,2025-01-05 20:38:11,1,4,0,0
5880,2025-01-05 20:49:58,0,7,1,234
78289,2025-01-05 20:54:37,1,8,0,0
30290,2025-01-05 21:17:20,0,9,0,0
21384,2025-01-05 21:32:08,0,8,0,0
47598,2025-01-05 21:32:47,1,1,0,0
2390,2025-01-05 21:39:54,1,0,0,0
29905,2025-01-05 21:41:01,1,3,0,0
1896,2025-01-05 21:58:30,0,5,0,0
56258,2025-01-05 21:59:54,0,3,1,154
32140,2025-01-05 22:31:11,0,7,0,0
72097,2025-01-05 22:37:56,0,6,0,0
90154,2025-01-05 22:39:00,1,6,0,0
88091,2025-01-05 22:40:43,0,5,1,178
10336,2025-01-05 23:01:47,0,10,1,467
46653,2025-01-05 23:10:15,0,7,0,0
88079,2025-01-05 23:11:15,0,4,0,0
83320,2025-01-05 23:19:49,0,3,1,386
81481,2025-01-05 23:26:29,0,6,1,138
39172,2025-01-05 23:45:34,0,9,1,86
67761,2025-01-05 23:54:28,1,4,1,258
10813,2025-01-05 23:57:14,0,0,1,206
96358,2025-01-06 00:07:15,0,6,1,249
5389,2025-01-06 00:26:33,1,6,0,0
5622,2025-01-06 00:30:16,1,11,0,0
25988,2025-01-06 01:14:59,0,6,1,156
82132,2025-01-06 01:21:27,0,10,0,0
79349,2025-01-06 01:58:08,0,7,0,0
62271,2025-01-06 02:01:48,0,8,0,0
43389,2025-01-06 02:24:24,1,5,0,0
19611,2025-01-06 02:32:59,0,2,1,325
23220,2025-01-06 04:34:57,0,5,0,0
94898,2025-01-06 04:37:06,0,1,1,120
97720,2025-01-06 04:58:45,0,4,0,0
72741,2025-01-06 05:02:01,1,11,0,0
22377,2025-01-06 05:22:35,0,10,0,0
67308,2025-01-06 05:26:46,1,8,1,169
9448,2025-01-06 05:35:26,0,4,0,0
51121,2025-01-06 05:41:47,0,5,1,96
11907,2025-01-06 06:16:46,0,4,1,255
55707,2025-01-06 06:20:37,0,5,1,271
5407,2025-01-06 06:54:38,1,5,1,156
73514,2025-01-06 07:46:35,1,5,0,0
40606,2025-01-06 07:51:03,0,5,0,0
56219,2025-01-06 07:53:00,1,7,0,0
85100,2025-01-06 08:00:53,0,9,0,0
21077,2025-01-06 08:04:03,0,8,0,0
84023,2025-01-06 08:08:27,0,8,1,204
38942,2025-01-06 08:21:41,1,5,0,0
92558,2025-01-06 08:21:57,0,5,0,0
45186,2025-01-06 08:22:15,0,9,1,211
21570,2025-01-06 08:25:37,1,9,1,147
61586,2025-01-06 08:34:56,0,6,0,0
41129,2025-01-06 08:35:00,0,5,1,554
93142,2025-01-06 08:35:06,0,5,0,0
18850,2025-01-06 08:35:07,0,7,0,0
74579,2025-01-06 08:47:21,0,3,0,0
97436,2025-01-06 08:58:30,0,5,0,0
72741,2025-01-06 09:18:38,0,6,0,0
86551,2025-01-06 09:20:39,0,7,1,120
99825,2025-01-06 09:27:09,0,6,0,0
28552,2025-01-06 09:30:24,0,6,0,0
13402,2025-01-06 09:39:08,0,6,0,0
8098,2025-01-06 09:51:11,0,8,0,0
10336,2025-01-06 09:55:08,1,5,0,0
29305,2025-01-06 10:02:35,1,7,0,0
51765,2025-01-06 10:04:11,0,2,0,0
47485,2025-01-06 10:05:29,0,5,0,0
705,2025-01-06 10:30:49,1,2,0,0
84125,2025-01-06 10:36:34,0,7,0,0
67950,2025-01-06 10:41:49,0,5,1,397
67503,2025-01-06 10:52:17,1,6,0,0
53780,2025-01-06 10:53:09,0,3,1,505
42321,2025-01-06 10:56:07,0,9,0,0
45400,2025-01-06 11:05:57,0,6,0,0
1871,2025-01-06 11:10:39,0,12,0,0
5734,2025-01-06 11:21:30,1,6,1,223
42603,2025-01-06 11:23:03,1,8,0,0
96797,2025-01-06 11:34:05,1,8,0,0
1668,2025-01-06 11:45:10,1,3,1,282
10465,2025-01-06 11:49:36,0,3,0,0
10847,2025-01-06 11:49:49,0,3,0,0
72645,2025-01-06 11:50:42,0,9,0,0
86503,2025-01-06 11:53:57,0,6,1,342
67013,2025-01-06 11:57:55,0,6,0,0
67013,2025-01-06 11:58:54,0,4,0,0
36636,2025-01-06 12:04:22,0,9,0,0
27031,2025-01-06 12:12:08,0,3,1,228
35872,2025-01-06 12:12:36,1,6,0,0
24356,2025-01-06 12:14:02,1,12,0,0
1142,2025-01-06 12:26:18,0,4,1,187
78553,2025-01-06 12:30:36,0,4,0,0
88091,2025-01-06 12:30:45,0,4,1,310
41702,2025-01-06 12:31:25,0,8,0,0
50170,2025-01-06 12:41:53,1,9,0,0
66111,2025-01-06 12:57:50,0,6,1,266
52250,2025-01-06 13:16:34,1,8,1,158
57127,2025-01-06 13:26:22,0,3,0,0
39101,2025-01-06 13:33:56,0,7,1,192
49348,2025-01-06 14:00:35,0,4,0,0
2106,2025-01-06 14:05:04,0,4,0,0
55974,2025-01-06 14:05:04,0,5,0,0
53110,2025-01-06 14:11:38,0,8,0,0
84023,2025-01-06 14:18:06,0,2,1,478
67542,2025-01-06 14:22:22,1,8,1,120
3962,2025-01-06 14:36:16,0,3,0,0
78892,2025-01-06 14:43:38,0,8,0,0
79079,2025-01-06 14:44:26,1,12,0,0
34155,2025-01-06 14:45:46,0,6,0,0
40579,2025-01-06 14:50:01,0,9,0,0
59792,2025-01-06 15:06:27,1,9,1,123
92050,2025-01-06 15:15:40,0,1,1,210
72645,2025-01-06 15:17:27,1,9,1,169
63739,2025-01-06 15:19:44,0,7,0,0
22223,2025-01-06 15:28:16,0,4,0,0
63528,2025-01-06 15:28:47,0,12,0,0
98996,2025-01-06 15:32:51,1,5,0,0
7739,2025-01-06 15:41:00,0,3,0,0
18850,2025-01-06 15:42:30,1,6,0,0
58113,2025-01-06 15:53:42,0,6,1,103
64846,2025-01-06 16:04:40,0,4,0,0
36255,2025-01-06 16:12:40,0,8,0,0
57290,2025-01-06 16:25:02,1,5,0,0
82822,2025-01-06 16:25:39,1,8,0,0
57761,2025-01-06 16:28:50,1,5,0,0
78289,2025-01-06 16:42:55,1,9,0,0
8469,2025-01-06 17:15:24,0,5,0,0
1740,2025-01-06 17:46:24,0,6,0,0
5643,2025-01-06 18:04:29,0,10,1,503
28829,2025-01-06 18:05:17,0,4,1,241
81897,2025-01-06 18:15:26,0,5,0,0
6501,2025-01-06 18:20:13,0,9,1,173
34155,2025-01-06 18:21:30,1,2,0,0
95645,2025-01-06 18:26:17,1,6,0,0
15173,2025-01-06 18:44:44,0,2,1,109
41003,2025-01-06 18:45:11,0,9,1,82
19420,2025-01-06 18:45:56,0,5,0,0
3922,2025-01-06 19:12:25,0,4,0,0
19436,2025-01-06 19:14:33,0,4,0,0
65514,2025-01-06 19:22:16,0,2,0,0
43964,2025-01-06 19:29:56,0,5,0,0
3922,2025-01-06 19:33:43,1,3,0,0
73974,2025-01-06 19:36:55,0,10,1,204
15338,2025-01-06 19:43:51,0,5,1,280
18614,2025-01-06 19:48:46,0,5,0,0
50857,2025-01-06 19:49:15,0,4,0,0
29863,2025-01-06 19:50:41,1,4,0,0
78810,2025-01-06 20:05:10,0,5,0,0
41379,2025-01-06 20:07:29,1,7,0,0
79613,2025-01-06 20:07:48,0,2,1,751
57436,2025-01-06 20:13:52,1,6,0,0
14017,2025-01-06 20:30:32,0,2,0,0
78231,2025-01-06 20:33:02,0,4,0,0
56213,2025-01-06 21:05:34,0,2,1,125
3246,2025-01-06 21:22:34,1,2,1,420
1896,2025-01-06 21:33:37,0,4,0,0
87985,2025-01-06 21:42:45,0,7,1,101
51121,2025-01-06 21:48:17,0,7,1,183
90729,2025-01-06 21:49:13,1,4,0,0
48241,2025-01-06 22:30:04,1,3,0,0
9728,2025-01-06 22:38:57,0,6,0,0
30550,2025-01-06 22:52:03,0,5,1,217
23219,2025-01-06 22:53:20,0,8,0,0
97141,2025-01-06 23:26:57,1,4,0,0
14459,2025-01-06 23:27:02,0,6,1,239
77238,2025-01-07 00:21:37,0,8,0,0
82518,2025-01-07 00:26:01,0,5,1,553
94194,2025-01-07 00:38:13,1,8,0,0
20189,2025-01-07 00:50:22,0,7,0,0
54197,2025-01-07 00:52:56,0,6,0,0
10657,2025-01-07 00:57:54,0,5,0,0
77968,2025-01-07 01:06:34,1,9,1,175
87899,2025-01-07 01:17:20,0,4,0,0
91745,2025-01-07 01:24:09,1,6,0,0
63133,2025-01-07 01:52:40,0,9,0,0
55577,2025-01-07 02:14:52,1,8,1,219
31157,2025-01-07 02:18:18,0,5,0,0
93906,2025-01-07 02:35:28,0,9,0,0
41659,2025-01-07 03:06:18,0,6,0,0
91576,2025-01-07 03:12:37,0,10,0,0
5142,2025-01-07 03:52:28,0,10,0,0
34032,2025-01-07 04:09:56,0,6,0,0
36136,2025-01-07 04:27:14,0,5,0,0
43521,2025-01-07 04:34:14,1,5,1,319
79971,2025-01-07 04:54:37,0,13,1,259
32709,2025-01-07 04:58:35,0,5,0,0
98932,2025-01-07 05:20:09,0,4,1,523
97065,2025-01-07 05:46:55,0,3,0,0
62271,2025-01-07 05:47:23,0,5,0,0
9821,2025-01-07 06:05:40,0,3,1,116
65213,2025-01-07 06:15:11,0,4,0,0
94436,2025-01-07 06:17:04,0,7,0,0
27928,2025-01-07 06:39:35,1,3,0,0
94050,2025-01-07 07:37:36,0,5,0,0
1890,2025-01-07 07:48:14,0,5,0,0
58547,2025-01-07 07:49:43,1,8,0,0
85554,2025-01-07 07:51:59,1,4,0,0
80058,2025-01-07 08:03:24,0,7,1,127
42038,2025-01-07 08:09:02,0,3,0,0
9470,2025-01-07 08:14:45,0,1,0,0
43889,2025-01-07 08:15:34,0,3,0,0
29291,2025-01-07 08:26:33,0,3,0,0
52139,2025-01-07 08:34:58,1,7,0,0
40138,2025-01-07 08:37:12,1,10,0,0
35218,2025-01-07 08:54:16,0,5,1,193
32894,2025-01-07 08:59:49,0,6,1,230
57866,2025-01-07 09:10:19,0,8,1,182
8885,2025-01-07 09:24:08,1,6,0,0
21539,2025-01-07 09:26:16,1,8,0,0
59586,2025-01-07 09:41:18,0,9,0,0
28829,2025-01-07 09:46:34,0,7,0,0
76030,2025-01-07 09:49:53,0,8,0,0
64927,2025-01-07 09:59:36,0,7,1,196
23219,2025-01-07 10:12:02,0,6,0,0
61418,2025-01-07 11:06:41,0,4,1,398
70390,2025-01-07 11:15:26,0,10,0,0
59167,2025-01-07 11:40:50,1,2,0,0
2092,2025-01-07 11:41:54,0,4,1,756
36636,2025-01-07 11:57:52,0,2,0,0
21570,2025-01-07 12:04:49,1,10,0,0
88556,2025-01-07 12:05:12,0,9,1,434
78553,2025-01-07 12:19:54,0,4,0,0
10946,2025-01-07 12:24:37,0,6,0,0
90943,2025-01-07 12:34:22,0,10,1,168
96586,2025-01-07 12:42:28,0,1,1,321
90943,2025-01-07 12:45:49,0,2,0,0
91745,2025-01-07 12:48:07,0,6,1,241
56219,2025-01-07 12:49:43,0,6,1,204
2092,2025-01-07 12:58:33,0,3,1,295
41505,2025-01-07 13:04:14,0,5,0,0
79713,2025-01-07 13:04:35,0,3,0,0
12796,2025-01-07 13:06:14,1,4,0,0
19668,2025-01-07 13:07:43,1,4,0,0
38807,2025-01-07 13:27:56,0,8,0,0
42405,2025-01-07 13:48:18,1,7,0,0
17278,2025-01-07 13:51:27,1,5,1,220
42405,2025-01-07 14:00:14,0,8,0,0
70498,2025-01-07 14:18:28,0,6,1,258
71101,2025-01-07 14:27:37,0,9,0,0
62035,2025-01-07 14:30:20,0,7,1,229
59844,2025-01-07 14:38:03,0,10,1,141
83320,2025-01-07 14:43:12,0,6,0,0
62663,2025-01-07 14:45:51,1,7,0,0
57761,2025-01-07 14:49:45,0,9,0,0
82132,2025-01-07 14:54:44,0,4,1,546
19242,2025-01-07 15:00:33,0,7,0,0
57290,2025-01-07 15:17:35,0,5,0,0
47550,2025-01-07 15:37:39,0,6,1,192
44880,2025-01-07 15:38:10,0,6,0,0
59664,2025-01-07 15:45:43,0,4,1,339
41031,2025-01-07 15:46:37,0,7,0,0
5528,2025-01-07 15:47:20,0,9,1,264
16949,2025-01-07 15:47:55,0,8,1,134
88849,2025-01-07 15:55:00,1,5,0,0
25818,2025-01-07 15:55:01,0,5,0,0
75037,2025-01-07 15:57:20,0,7,0,0
29305,2025-01-07 15:57:50,1,2,0,0
61242,2025-01-07 15:59:54,0,8,0,0
80321,2025-01-07 16:07:24,1,8,0,0
33140,2025-01-07 16:36:30,0,5,0,0
45691,2025-01-07 16:38:31,0,3,1,229
49769,2025-01-07 16:46:57,0,10,0,0
31513,2025-01-07 16:58:55,0,9,0,0
56839,2025-01-07 16:59:31,0,6,0,0
81379,2025-01-07 17:21:52,0,9,0,0
99401,2025-01-07 17:30:07,1,6,1,308
5142,2025-01-07 17:30:18,0,4,0,0
87152,2025-01-07 18:01:43,0,5,0,0
87070,2025-01-07 18:05:49,0,5,0,0
68899,2025-01-07 18:06:21,1,4,0,0
8514,2025-01-07 18:11:02,1,3,0,0
16499,2025-01-07 18:18:58,0,8,1,569
49805,2025-01-07 18:39:41,0,8,0,0
14734,2025-01-07 18:41:59,0,3,1,439
49265,2025-01-07 18:42:58,0,8,1,305
78892,2025-01-07 18:45:58,0,6,0,0
23803,2025-01-07 18:54:20,0,6,0,0
48819,2025-01-07 19:06:16,0,8,1,271
36255,2025-01-07 19:13:31,0,1,0,0
22452,2025-01-07 19:15:13,0,5,0,0
4565,2025-01-07 19:24:18,0,3,1,193
5734,2025-01-07 19:26:38,0,5,1,186
91855,2025-01-07 19:30:52,1,7,0,0
92491,2025-01-07 19:36:00,1,5,1,222
16445,2025-01-07 19:38:55,1,7,1,339
85369,2025-01-07 19:46:40,1,1,0,0
4599,2025-01-07 19:55:03,0,6,0,0
85626,2025-01-07 20:13:24,0,8,1,618
40248,2025-01-07 20:13:56,0,6,0,0
33415,2025-01-07 20:14:37,0,6,0,0
39172,2025-01-07 20:19:43,0,4,1,222
63715,2025-01-07 20:23:51,1,3,0,0
43521,2025-01-07 20:44:43,1,6,1,569
58646,2025-01-07 20:49:24,0,9,0,0
50889,2025-01-07 21:08:40,0,5,1,313
15352,2025-01-07 21:17:13,1,7,0,0
45524,2025-01-07 21:20:23,0,8,1,226
99822,2025-01-07 21:26:44,0,9,1,109
84567,2025-01-07 21:30:50,1,12,0,0
58337,2025-01-07 21:34:14,1,4,0,0
96240,2025-01-07 21:36:58,1,3,0,0
43137,2025-01-07 21:37:14,0,10,0,0
57795,2025-01-07 21:40:40,0,4,0,0
31688,2025-01-07 22:03:05,0,11,1,101
11996,2025-01-07 22:15:31,1,6,0,0
82447,2025-01-07 22:23:22,1,5,1,86
52563,2025-01-07 22:24:51,0,6,0,0
34603,2025-01-07 22:26:48,0,10,0,0
61625,2025-01-07 22:34:46,0,6,0,0
42779,2025-01-07 22:37:21,1,4,1,162
70496,2025-01-07 22:56:01,0,0,1,256
62663,2025-01-07 23:06:45,0,7,0,0
31157,2025-01-07 23:11:32,0,4,1,132
86553,2025-01-07 23:14:58,0,9,0,0
86913,2025-01-07 23:28:32,0,6,1,237
6758,2025-01-07 23:30:57,0,8,0,0
26501,2025-01-07 23:31:56,0,7,0,0
99962,2025-01-07 23:35:34,1,5,0,0
28668,2025-01-07 23:49:26,0,5,0,0
82223,2025-01-07 23:49:40,0,5,1,92
40385,2025-01-07 23:50:12,0,10,0,0
35481,2025-01-08 00:19:48,0,8,0,0
79349,2025-01-08 00:28:07,1,7,0,0
76159,2025-01-08 00:39:27,0,6,0,0
49805,2025-01-08 01:26:09,0,5,1,92
6600,2025-01-08 01:42:41,0,5,0,0
9641,2025-01-08 01:52:31,0,4,0,0
82223,2025-01-08 01:57:39,0,5,0,0
57127,2025-01-08 02:17:10,0,7,0,0
50172,2025-01-08 02:30:49,0,3,0,0
44210,2025-01-08 03:00:23,0,6,0,0
38947,2025-01-08 03:10:50,1,6,1,466
33159,2025-01-08 03:27:06,0,4,0,0
16782,2025-01-08 04:04:55,0,2,0,0
11427,2025-01-08 04:20:18,0,5,0,0
16586,2025-01-08 04:36:12,1,7,1,134
43540,2025-01-08 04:49:51,0,5,0,0
60167,2025-01-08 04:53:37,0,5,0,0
59792,2025-01-08 04:55:45,1,4,0,0
44021,2025-01-08 05:40:16,1,7,0,0
14777,2025-01-08 05:42:14,0,8,1,225
88079,2025-01-08 05:58:13,1,7,0,0
4343,2025-01-08 06:10:45,0,8,1,302
28970,2025-01-08 06:13:40,0,6,0,0
1423,2025-01-08 06:30:19,0,2,1,340
89031,2025-01-08 06:58:51,1,13,0,0
12096,2025-01-08 07:09:29,0,8,0,0
8603,2025-01-08 07:42:57,1,4,1,159
93189,2025-01-08 07:53:15,0,3,0,0
84809,2025-01-08 07:55:59,1,5,0,0
43137,2025-01-08 08:28:20,1,5,0,0
86861,2025-01-08 08:40:28,1,8,0,0
48807,2025-01-08 08:44:56,0,6,0,0
66298,2025-01-08 08:56:22,1,3,0,0
85234,2025-01-08 08:58:01,0,8,0,0
94500,2025-01-08 09:07:13,1,5,1,341
85554,2025-01-08 09:09:23,0,6,0,0
51121,2025-01-08 09:14:10,0,11,1,86
44578,2025-01-08 09:14:22,1,6,1,265
93284,2025-01-08 09:18:18,1,11,1,202
69737,2025-01-08 09:20:42,0,3,1,116
67638,2025-01-08 09:56:15,0,5,1,222
94994,2025-01-08 09:56:43,0,4,1,243
7878,2025-01-08 10:07:13,0,8,1,182
37384,2025-01-08 10:07:49,0,11,1,202
67851,2025-01-08 10:09:28,0,6,1,247
82055,2025-01-08 10:49:16,1,5,0,0
86297,2025-01-08 10:49:54,0,4,0,0
52613,2025-01-08 11:00:19,0,6,0,0
23900,2025-01-08 11:03:14,0,1,0,0
34603,2025-01-08 11:07:33,1,5,0,0
9641,2025-01-08 11:08:00,1,4,0,0
58322,2025-01-08 11:14:19,0,1,0,0
27097,2025-01-08 11:19:33,0,6,0,0
31157,2025-01-08 11:19:54,1,13,0,0
53974,2025-01-08 11:21:15,0,7,0,0
33882,2025-01-08 11:25:01,0,6,1,205
86403,2025-01-08 11:25:04,1,9,0,0
49315,2025-01-08 11:57:50,0,6,1,195
85629,2025-01-08 12:00:11,0,6,0,0
1890,2025-01-08 12:03:14,0,3,0,0
88849,2025-01-08 12:07:50,0,7,0,0
19134,2025-01-08 12:12:41,0,1,0,0
31171,2025-01-08 12:16:30,0,6,0,0
19735,2025-01-08 12:24:01,0,4,0,0
96240,2025-01-08 12:33:12,0,3,1,216
21570,2025-01-08 12:36:38,1,3,0,0
5369,2025-01-08 12:37:46,0,7,0,0
32140,2025-01-08 12:48:00,0,6,1,463
40264,2025-01-08 12:50:22,0,4,0,0
22528,2025-01-08 12:56:03,1,6,1,302
61727,2025-01-08 12:57:53,0,7,1,284
10213,2025-01-08 12:59:02,1,6,0,0
67503,2025-01-08 13:19:57,0,8,0,0
77884,2025-01-08 13:23:19,1,11,0,0
66882,2025-01-08 13:29:16,0,9,0,0
12796,2025-01-08 13:38:52,1,4,0,0
74940,2025-01-08 13:39:47,1,4,1,203
74635,2025-01-08 13:43:41,0,8,0,0
88556,2025-01-08 13:47:13,1,10,0,0
78289,2025-01-08 13:47:35,0,5,1,224
39012,2025-01-08 14:16:02,0,6,1,178
93906,2025-01-08 14:20:30,0,4,0,0
80956,2025-01-08 14:29:53,0,6,0,0
76944,2025-01-08 14:31:26,0,6,1,69
9197,2025-01-08 14:38:51,0,6,0,0
26966,2025-01-08 14:41:06,0,6,1,256
68427,2025-01-08 14:49:48,0,8,1,226
68427,2025-01-08 14:52:18,1,5,1,299
39101,2025-01-08 15:02:35,0,7,0,0
6852,2025-01-08 15:13:13,1,8,0,0
87925,2025-01-08 15:17:26,0,4,0,0
56162,2025-01-08 15:32:12,0,3,1,81
77116,2025-01-08 15:37:07,1,7,0,0
28041,2025-01-08 15:42:16,0,8,0,0
9197,2025-01-08 15:59:30,1,8,0,0
99972,2025-01-08 16:17:15,0,9,0,0
16855,2025-01-08 16:18:09,0,6,1,496
2390,2025-01-08 16:20:50,1,5,0,0
97476,2025-01-08 16:30:56,0,2,1,197
39012,2025-01-08 16:33:42,0,5,0,0
88849,2025-01-08 16:39:04,0,2,1,426
74036,2025-01-08 16:43:54,0,5,1,162
5734,2025-01-08 17:04:15,1,8,1,499
98975,2025-01-08 17:14:06,0,3,1,253
57866,2025-01-08 17:26:30,0,3,0,0
27479,2025-01-08 17:27:07,0,6,0,0
55974,2025-01-08 17:38:48,0,7,0,0
10213,2025-01-08 18:26:34,0,6,1,302
42624,2025-01-08 18:29:23,1,7,1,324
84565,2025-01-08 18:31:10,1,5,0,0
64936,2025-01-08 18:54:47,0,8,0,0
63739,2025-01-08 19:09:32,0,5,1,330
93781,2025-01-08 19:13:50,1,7,0,0
88556,2025-01-08 19:20:43,0,8,0,0
67503,2025-01-08 19:51:53,0,4,1,298
82287,2025-01-08 20:07:36,1,13,0,0
43137,2025-01-08 20:38:23,0,2,0,0
49805,2025-01-08 20:38:25,0,6,1,175
60925,2025-01-08 20:45:30,1,6,0,0
82310,2025-01-08 21:07:23,0,7,0,0
45562,2025-01-08 21:08:49,0,8,0,0
44880,2025-01-08 21:10:37,0,4,1,175
88460,2025-01-08 21:29:13,0,4,1,198
82804,2025-01-08 21:32:42,0,4,0,0
90790,2025-01-08 21:46:31,0,5,0,0
37258,2025-01-08 21:53:12,0,3,1,181
40240,2025-01-08 22:23:09,1,2,0,0
50470,2025-01-08 22:40:15,0,7,1,169
18946,2025-01-08 22:49:14,0,4,1,135
78431,2025-01-08 23:02:36,1,5,0,0
10813,2025-01-08 23:02:54,1,6,0,0
92405,2025-01-08 23:08:25,0,4,1,200
2180,2025-01-08 23:13:36,1,4,1,265
55219,2025-01-08 23:18:02,1,5,0,0
41379,2025-01-08 23:30:37,0,8,0,0
5227,2025-01-08 23:31:58,1,10,0,0
67499,2025-01-09 00:21:20,1,5,1,276
54791,2025-01-09 00:23:56,0,8,0,0
95565,2025-01-09 00:55:57,0,5,0,0
12914,2025-01-09 00:56:39,0,7,0,0
49769,2025-01-09 01:40:59,1,6,0,0
77115,2025-01-09 01:46:57,0,11,0,0
24609,2025-01-09 01:55:22,1,7,0,0
97773,2025-01-09 01:59:45,0,9,0,0
12529,2025-01-09 02:39:42,0,6,0,0
68453,2025-01-09 02:46:24,1,7,1,303
73787,2025-01-09 02:46:46,0,9,0,0
23863,2025-01-09 02:58:11,1,11,0,0
10666,2025-01-09 03:01:24,0,2,0,0
73787,2025-01-09 03:01:51,0,8,0,0
22406,2025-01-09 03:02:14,0,3,0,0
73968,2025-01-09 03:27:00,1,6,1,410
38206,2025-01-09 03:29:47,0,9,0,0
86503,2025-01-09 04:08:58,0,4,0,0
65536,2025-01-09 04:39:26,0,6,1,248
28970,2025-01-09 04:40:59,0,4,0,0
65921,2025-01-09 04:54:17,0,4,0,0
79713,2025-01-09 05:45:25,0,10,1,129
43754,2025-01-09 06:10:08,1,4,1,100
56926,2025-01-09 06:52:09,0,5,0,0
13285,2025-01-09 07:01:26,1,9,0,0
14017,2025-01-09 07:24:30,0,5,1,208
26822,2025-01-09 08:01:23,0,5,0,0
78810,2025-01-09 08:09:40,0,6,1,243
8885,2025-01-09 08:10:24,1,12,1,101
18105,2025-01-09 08:14:26,0,8,1,261
50857,2025-01-09 08:30:07,1,5,0,0
43389,2025-01-09 08:49:42,0,8,0,0
46342,2025-01-09 08:53:47,0,9,0,0
1890,2025-01-09 08:59:25,1,2,0,0
36219,2025-01-09 09:01:17,0,5,1,266
87152,2025-01-09 09:03:03,0,9,1,98
74520,2025-01-09 09:04:29,1,6,0,0
36762,2025-01-09 09:05:41,0,3,1,288
85626,2025-01-09 09:11:43,0,5,0,0
82724,2025-01-09 09:37:09,1,8,0,0
88880,2025-01-09 09:52:38,1,9,1,127
35481,2025-01-09 10:26:50,1,2,1,256
64959,2025-01-09 10:49:29,0,6,1,360
24722,2025-01-09 10:54:27,0,5,1,448
58454,2025-01-09 10:56:43,0,5,0,0
97065,2025-01-09 10:56:58,0,8,1,246
95489,2025-01-09 11:04:20,0,9,1,302
83235,2025-01-09 11:06:57,0,5,1,365
29017,2025-01-09 11:24:26,0,4,0,0
68899,2025-01-09 11:26:37,0,6,0,0
5080,2025-01-09 11:40:26,0,7,0,0
93991,2025-01-09 12:11:32,1,3,1,114
41909,2025-01-09 12:12:47,0,8,1,238
36828,2025-01-09 12:14:31,0,8,0,0
12525,2025-01-09 12:20:14,0,9,0,0
15173,2025-01-09 12:33:23,0,2,1,157
83738,2025-01-09 12:43:48,1,2,0,0
2800,2025-01-09 12:53:02,0,5,0,0
33035,2025-01-09 13:02:48,1,5,1,62
81897,2025-01-09 13:03:29,0,5,1,355
38463,2025-01-09 13:14:01,0,3,0,0
45680,2025-01-09 13:17:41,0,7,0,0
59718,2025-01-09 13:24:02,0,9,0,0
21019,2025-01-09 13:26:44,0,6,0,0
9641,2025-01-09 13:46:50,0,8,0,0
60601,2025-01-09 13:57:52,0,8,0,0
90127,2025-01-09 14:03:04,0,6,1,199
41631,2025-01-09 14:08:34,0,6,1,243
33035,2025-01-09 14:38:43,1,8,0,0
23448,2025-01-09 14:46:10,0,3,0,0
71357,2025-01-09 14:56:26,0,4,1,433
10995,2025-01-09 14:58:40,0,5,0,0
46892,2025-01-09 15:01:20,1,4,1,311
67894,2025-01-09 15:04:41,0,10,0,0
6758,2025-01-09 15:13:23,0,4,0,0
60148,2025-01-09 15:23:48,0,4,1,215
10995,2025-01-09 15:29:04,0,9,0,0
18308,2025-01-09 15:46:08,1,7,0,0
12193,2025-01-09 15:46:18,1,5,0,0
61305,2025-01-09 16:04:01,0,3,1,181
43964,2025-01-09 16:05:03,0,6,1,166
56996,2025-01-09 16:24:02,0,10,0,0
31706,2025-01-09 16:50:10,0,6,0,0
18308,2025-01-09 16:52:30,0,2,1,305
65412,2025-01-09 17:04:28,0,8,1,192
90832,2025-01-09 17:08:28,1,6,0,0
43754,2025-01-09 17:10:30,0,5,0,0
32894,2025-01-09 17:12:51,0,6,1,442
49348,2025-01-09 17:18:19,1,4,0,0
97720,2025-01-09 17:20:57,1,2,1,311
62646,2025-01-09 17:27:53,0,5,0,0
23225,2025-01-09 17:44:43,0,13,1,75
28041,2025-01-09 17:50:15,1,7,0,0
53215,2025-01-09 17:50:48,0,3,1,318
58547,2025-01-09 18:09:05,1,4,0,0
26407,2025-01-09 18:11:56,0,4,1,310
7878,2025-01-09 18:15:26,0,4,1,134
31523,2025-01-09 18:16:08,1,6,0,0
9665,2025-01-09 18:19:32,0,8,1,469
76542,2025-01-09 18:23:21,0,8,0,0
31246,2025-01-09 18:35:18,0,4,0,0
59094,2025-01-09 18:48:57,0,6,0,0
97720,2025-01-09 19:05:01,0,16,0,0
88053,2025-01-09 19:05:09,1,8,0,0
8310,2025-01-09 19:06:48,0,2,0,0
48807,2025-01-09 19:09:22,1,7,0,0
32884,2025-01-09 19:13:37,0,8,1,81
9821,2025-01-09 19:22:08,0,2,1,311
16025,2025-01-09 19:22:21,0,2,0,0
44875,2025-01-09 19:25:32,0,6,0,0
97184,2025-01-09 19:51:27,0,5,0,0
58578,2025-01-09 20:41:28,1,6,1,787
24175,2025-01-09 20:46:34,0,5,0,0
97773,2025-01-09 20:50:41,0,5,1,353
2806,2025-01-09 20:57:37,1,11,1,150
6501,2025-01-09 20:58:35,1,7,0,0
52613,2025-01-09 21:15:58,0,6,0,0
43194,2025-01-09 21:20:07,1,5,1,360
86713,2025-01-09 21:34:41,0,2,0,0
63133,2025-01-09 21:42:26,1,6,0,0
12029,2025-01-09 21:49:41,0,5,1,69
68841,2025-01-09 22:00:33,0,7,0,0
38807,2025-01-09 22:16:04,0,3,0,0
36136,2025-01-09 22:24:51,1,4,1,110
43964,2025-01-09 22:31:53,0,4,0,0
66504,2025-01-09 22:43:20,1,6,1,183
18952,2025-01-09 22:46:13,0,8,0,0
99290,2025-01-09 22:49:47,1,4,0,0
20414,2025-01-09 22:51:06,0,11,1,170
59718,2025-01-09 22:54:37,1,7,0,0
29305,2025-01-09 22:55:01,0,5,0,0
16782,2025-01-09 23:06:37,0,6,0,0
28552,2025-01-09 23:07:51,0,7,0,0
57697,2025-01-09 23:19:16,0,2,1,276
88079,2025-01-09 23:45:20,0,5,0,0
77463,2025-01-09 23:52:30,1,4,0,0
48886,2025-01-10 00:13:01,0,5,1,525
70947,2025-01-10 00:13:06,1,8,0,0
34272,2025-01-10 00:37:48,1,8,0,0
82188,2025-01-10 00:46:17,0,3,0,0
93782,2025-01-10 00:57:25,1,5,0,0
65090,2025-01-10 01:02:29,0,5,0,0
67542,2025-01-10 01:12:00,0,10,1,146
90156,2025-01-10 01:50:41,1,7,0,0
36533,2025-01-10 02:37:32,0,6,0,0
93991,2025-01-10 02:42:26,1,7,0,0
73304,2025-01-10 02:46:20,0,5,0,0
39576,2025-01-10 02:48:35,1,4,0,0
75691,2025-01-10 02:52:23,0,5,1,440
88079,2025-01-10 02:52:24,0,3,0,0
42321,2025-01-10 03:01:40,0,8,0,0
69741,2025-01-10 03:20:44,0,6,1,171
18952,2025-01-10 03:20:53,0,4,0,0
46474,2025-01-10 03:28:14,0,2,0,0
46767,2025-01-10 03:35:19,1,3,0,0
83321,2025-01-10 03:42:48,0,12,0,0
48819,2025-01-10 03:51:31,0,8,0,0
49852,2025-01-10 04:10:31,0,3,1,222
12115,2025-01-10 04:16:03,1,2,1,116
97476,2025-01-10 04:16:23,0,5,0,0
83321,2025-01-10 04:20:11,0,3,0,0
45400,2025-01-10 04:34:12,0,1,0,0
46892,2025-01-10 05:06:50,1,6,0,0
85369,2025-01-10 05:34:31,0,9,0,0
45027,2025-01-10 06:25:35,1,7,0,0
80681,2025-01-10 07:01:14,1,8,0,0
11409,2025-01-10 07:28:59,1,6,0,0
43540,2025-01-10 07:30:33,0,7,1,260
31171,2025-01-10 07:43:40,0,9,0,0
5080,2025-01-10 07:52:37,0,6,0,0
73987,2025-01-10 08:00:24,0,8,0,0
60190,2025-01-10 08:04:21,0,9,0,0
86577,2025-01-10 08:09:03,0,9,0,0
16754,2025-01-10 08:12:34,0,4,1,86
76542,2025-01-10 08:36:02,0,4,0,0
83235,2025-01-10 08:40:12,0,10,0,0
14403,2025-01-10 09:03:13,1,3,0,0
48288,2025-01-10 09:07:09,1,8,0,0
47485,2025-01-10 09:20:00,1,1,0,0
91745,2025-01-10 09:31:26,0,3,0,0
19134,2025-01-10 09:32:29,0,3,1,293
81100,2025-01-10 09:41:38,1,8,0,0
9641,2025-01-10 09:59:02,0,8,1,180
59261,2025-01-10 10:01:24,0,8,0,0
78289,2025-01-10 10:24:15,0,9,0,0
48966,2025-01-10 10:24:27,0,7,0,0
33882,2025-01-10 10:27:21,0,8,1,592
61721,2025-01-10 10:30:06,0,5,0,0
12525,2025-01-10 10:35:04,0,7,1,337
24806,2025-01-10 10:42:09,0,4,0,0
18840,2025-01-10 10:53:04,0,7,0,0
61305,2025-01-10 10:59:51,0,4,0,0
40385,2025-01-10 11:05:31,1,4,0,0
37100,2025-01-10 11:27:00,1,5,0,0
67503,2025-01-10 11:28:30,0,3,1,522
42038,2025-01-10 11:31:32,0,6,0,0
78289,2025-01-10 11:41:32,1,3,0,0
94312,2025-01-10 11:45:53,0,10,1,184
48622,2025-01-10 11:53:40,0,2,0,0
76030,2025-01-10 11:58:33,1,7,0,0
99825,2025-01-10 11:58:56,1,5,0,0
79079,2025-01-10 12:13:09,0,10,0,0
4545,2025-01-10 12:30:32,0,4,0,0
45601,2025-01-10 12:50:15,1,9,0,0
62035,2025-01-10 13:02:49,0,3,0,0
52333,2025-01-10 13:03:04,0,2,0,0
78553,2025-01-10 13:06:17,0,7,0,0
61011,2025-01-10 13:07:15,0,7,1,260
21231,2025-01-10 13:36:57,0,6,1,292
97141,2025-01-10 13:43:38,0,7,1,638
13849,2025-01-10 13:44:57,0,6,0,0
18550,2025-01-10 13:48:31,0,9,1,158
24489,2025-01-10 13:51:13,0,7,0,0
97893,2025-01-10 14:08:42,0,3,0,0
90247,2025-01-10 14:18:16,0,4,0,0
88880,2025-01-10 14:19:46,0,3,0,0
67499,2025-01-10 14:46:50,0,10,0,0
47204,2025-01-10 14:54:04,0,7,0,0
21231,2025-01-10 14:59:06,0,8,0,0
95415,2025-01-10 15:08:14,0,5,0,0
23425,2025-01-10 15:10:41,0,5,1,341
46396,2025-01-10 15:19:50,0,11,1,265
91745,2025-01-10 15:31:03,0,10,0,0
22864,2025-01-10 15:41:30,0,9,0,0
38513,2025-01-10 15:49:54,0,7,1,203
60498,2025-01-10 16:14:06,1,6,0,0
64198,2025-01-10 16:14:14,1,10,0,0
99755,2025-01-10 16:25:31,0,6,0,0
65514,2025-01-10 16:27:36,1,12,1,802
54644,2025-01-10 16:30:38,0,3,1,127
76584,2025-01-10 17:01:41,0,5,0,0
96091,2025-01-10 17:10:05,0,9,1,155
20189,2025-01-10 17:39:04,0,6,1,89
19134,2025-01-10 17:40:22,0,7,0,0
15338,2025-01-10 17:41:32,0,4,0,0
97930,2025-01-10 17:45:38,1,6,0,0
83235,2025-01-10 18:36:09,0,5,1,337
94050,2025-01-10 18:44:58,0,4,0,0
86913,2025-01-10 18:59:17,0,7,1,198
87152,2025-01-10 19:04:03,0,4,0,0
7822,2025-01-10 19:10:55,0,3,0,0
40181,2025-01-10 19:11:39,1,5,0,0
80956,2025-01-10 19:37:47,0,4,0,0
8903,2025-01-10 19:57:14,0,3,0,0
9364,2025-01-10 20:10:01,0,10,0,0
88553,2025-01-10 20:14:19,0,4,0,0
23425,2025-01-10 20:18:05,0,6,1,145
79282,2025-01-10 20:21:37,0,5,0,0
8479,2025-01-10 20:25:07,0,7,0,0
63860,2025-01-10 20:29:38,0,11,0,0
80926,2025-01-10 20:32:14,1,3,0,0
39079,2025-01-10 20:35:12,1,6,0,0
46402,2025-01-10 20:42:55,1,3,0,0
4565,2025-01-10 20:44:11,0,7,0,0
73031,2025-01-10 20:50:33,0,4,0,0
36056,2025-01-10 20:53:21,0,5,0,0
68370,2025-01-10 21:02:23,1,11,0,0
9197,2025-01-10 21:26:04,1,5,0,0
99290,2025-01-10 21:29:25,0,7,0,0
85369,2025-01-10 21:42:22,0,4,0,0
8244,2025-01-10 21:45:39,0,7,1,279
22452,2025-01-10 21:46:48,0,8,1,358
63008,2025-01-10 21:53:00,1,9,1,209
5622,2025-01-10 22:01:00,0,7,0,0
5613,2025-01-10 22:10:36,0,6,1,237
53405,2025-01-10 22:17:51,0,7,0,0
11639,2025-01-10 22:27:24,0,9,0,0
21570,2025-01-10 22:29:39,0,5,1,369
43540,2025-01-10 22:37:28,1,5,0,0
31688,2025-01-10 22:39:32,0,11,1,271
77115,2025-01-10 23:06:49,0,5,0,0
5226,2025-01-10 23:19:02,0,14,0,0
57896,2025-01-10 23:23:29,0,4,0,0
69206,2025-01-10 23:28:24,0,5,1,248
43194,2025-01-10 23:30:00,0,5,1,506
52563,2025-01-10 23:30:41,0,4,1,163
63211,2025-01-10 23:33:11,0,9,0,0
21231,2025-01-10 23:35:08,1,8,0,0
73239,2025-01-10 23:40:27,1,2,1,276
76542,2025-01-10 23:49:14,0,13,0,0
15479,2025-01-11 00:14:03,0,2,0,0
99024,2025-01-11 00:15:29,0,8,0,0
1477,2025-01-11 01:21:34,0,7,0,0
75725,2025-01-11 01:33:57,0,1,0,0
1740,2025-01-11 01:39:17,0,10,0,0
17016,2025-01-11 02:24:44,0,9,1,230
2106,2025-01-11 03:12:32,0,8,1,215
90371,2025-01-11 03:21:45,0,5,1,599
29300,2025-01-11 03:35:04,0,5,1,155
64987,2025-01-11 04:11:46,0,9,1,389
81027,2025-01-11 04:14:02,0,7,0,0
15338,2025-01-11 05:59:53,0,5,0,0
59863,2025-01-11 06:07:09,0,9,0,0
77763,2025-01-11 06:33:50,1,6,1,145
86645,2025-01-11 06:56:32,0,6,0,0
53974,2025-01-11 06:59:00,0,9,0,0
85554,2025-01-11 06:59:51,0,9,0,0
31712,2025-01-11 07:25:16,1,2,0,0
2954,2025-01-11 07:42:23,1,7,1,221
79339,2025-01-11 08:23:26,0,10,0,0
62035,2025-01-11 08:23:34,1,7,0,0
63667,2025-01-11 08:27:50,0,7,0,0
26501,2025-01-11 08:35:22,0,6,1,339
86577,2025-01-11 08:53:35,0,4,0,0
90154,2025-01-11 08:55:46,0,4,0,0
69428,2025-01-11 09:02:05,1,13,1,183
40952,2025-01-11 09:10:36,1,7,1,347
96479,2025-01-11 09:12:15,0,8,1,148
1423,2025-01-11 09:21:00,0,5,0,0
2180,2025-01-11 09:30:20,1,5,1,533
33294,2025-01-11 09:42:23,0,6,0,0
75304,2025-01-11 09:46:35,0,7,1,303
61011,2025-01-11 09:54:13,0,5,1,161
28668,2025-01-11 10:11:18,0,8,0,0
36661,2025-01-11 10:20:44,1,7,0,0
47872,2025-01-11 10:26:24,0,3,1,270
88880,2025-01-11 10:32:24,0,5,0,0
46628,2025-01-11 11:19:40,1,3,0,0
19729,2025-01-11 11:34:38,1,11,0,0
93202,2025-01-11 11:35:01,0,5,0,0
54160,2025-01-11 11:48:27,0,2,0,0
86198,2025-01-11 11:50:47,0,6,0,0
64987,2025-01-11 11:52:44,0,7,1,403
71895,2025-01-11 11:58:53,1,8,0,0
22056,2025-01-11 11:58:54,0,8,0,0
56258,2025-01-11 12:02:18,0,3,0,0
93189,2025-01-11 12:08:22,1,6,0,0
31712,2025-01-11 12:14:08,0,7,1,95
19668,2025-01-11 12:14:40,0,6,1,184
90371,2025-01-11 12:38:31,0,6,0,0
49362,2025-01-11 12:53:06,0,7,0,0
74175,2025-01-11 12:53:23,0,4,0,0
15338,2025-01-11 12:57:39,1,5,0,0
24633,2025-01-11 13:05:40,1,6,0,0
60503,2025-01-11 13:07:59,0,8,0,0
63860,2025-01-11 13:11:41,0,8,1,142
87985,2025-01-11 13:15:53,0,6,0,0
87715,2025-01-11 13:49:03,0,5,0,0
25427,2025-01-11 13:56:19,0,4,0,0
21811,2025-01-11 14:01:22,0,10,1,151
55431,2025-01-11 14:06:27,0,4,0,0
63924,2025-01-11 14:09:09,0,10,1,115
69741,2025-01-11 14:16:41,0,5,0,0
32666,2025-01-11 14:23:54,1,4,1,521
3922,2025-01-11 14:24:28,0,8,0,0
70498,2025-01-11 14:27:01,0,6,0,0
3922,2025-01-11 14:28:51,0,5,1,317
44296,2025-01-11 15:00:24,0,9,0,0
78119,2025-01-11 15:08:09,1,1,0,0
91652,2025-01-11 15:09:17,1,4,0,0
50584,2025-01-11 15:17:27,0,5,0,0
56219,2025-01-11 15:36:39,0,5,0,0
41909,2025-01-11 15:51:51,0,2,1,219
37439,2025-01-11 16:02:11,0,4,0,0
98996,2025-01-11 16:15:30,0,9,0,0
67851,2025-01-11 16:17:31,0,5,1,326
42321,2025-01-11 16:36:19,0,3,1,207
24356,2025-01-11 16:41:15,0,4,1,171
90832,2025-01-11 16:46:26,0,2,1,230
87152,2025-01-11 16:52:52,0,9,0,0
99825,2025-01-11 17:02:07,1,6,0,0
70960,2025-01-11 17:04:43,0,4,1,181
15075,2025-01-11 17:08:06,0,6,0,0
25801,2025-01-11 17:12:03,0,5,0,0
47550,2025-01-11 17:17:14,0,7,1,188
42603,2025-01-11 17:19:34,0,5,0,0
23448,2025-01-11 17:23:37,0,6,0,0
86102,2025-01-11 17:24:13,0,7,0,0
86280,2025-01-11 17:44:59,0,3,0,0
12971,2025-01-11 17:49:53,1,3,1,543
15479,2025-01-11 17:53:36,1,5,0,0
46892,2025-01-11 17:54:39,0,6,0,0
54160,2025-01-11 18:01:34,0,6,0,0
58578,2025-01-11 18:01:44,0,6,0,0
73304,2025-01-11 18:19:30,0,8,0,0
29017,2025-01-11 18:31:29,0,4,1,513
41120,2025-01-11 18:39:04,0,4,0,0
50170,2025-01-11 18:44:59,0,8,0,0
23457,2025-01-11 18:47:49,0,8,0,0
26407,2025-01-11 18:57:02,0,8,0,0
38942,2025-01-11 18:57:05,0,10,1,437
72265,2025-01-11 18:58:40,0,6,0,0
86713,2025-01-11 19:06:37,0,8,1,152
1871,2025-01-11 19:07:04,1,8,0,0
14927,2025-01-11 19:13:00,1,7,0,0
78375,2025-01-11 19:26:50,0,4,0,0
44590,2025-01-11 19:34:26,1,3,0,0
55535,2025-01-11 19:43:46,0,5,1,189
31813,2025-01-11 19:58:34,1,3,0,0
68427,2025-01-11 20:02:14,0,5,0,0
67013,2025-01-11 20:03:54,0,6,0,0
32003,2025-01-11 20:25:22,0,8,0,0
92090,2025-01-11 20:25:59,1,6,0,0
90832,2025-01-11 20:31:26,1,5,0,0
80926,2025-01-11 20:38:05,0,4,1,157
64361,2025-01-11 20:38:34,0,8,0,0
42779,2025-01-11 20:43:22,0,2,1,320
88079,2025-01-11 20:45:35,0,4,0,0
70960,2025-01-11 20:50:25,0,5,0,0
71107,2025-01-11 20:51:48,1,8,0,0
66726,2025-01-11 20:57:53,1,4,0,0
64987,2025-01-11 21:19:23,1,9,1,260
59492,2025-01-11 21:19:24,0,10,0,0
9287,2025-01-11 21:22:28,0,9,0,0
9922,2025-01-11 21:30:52,0,4,1,398
88308,2025-01-11 21:34:23,0,5,1,225
66246,2025-01-11 21:37:30,0,8,0,0
35218,2025-01-11 21:45:08,1,8,1,90
27974,2025-01-11 21:52:58,0,3,1,197
15173,2025-01-11 21:53:09,0,6,0,0
74635,2025-01-11 22:31:18,0,9,0,0
52346,2025-01-11 22:45:55,1,4,0,0
8514,2025-01-11 23:00:24,1,5,0,0
4545,2025-01-11 23:20:48,0,7,0,0
30632,2025-01-11 23:26:06,0,9,1,109
16301,2025-01-11 23:43:49,0,6,0,0
84209,2025-01-12 00:11:35,0,8,1,316
23900,2025-01-12 00:21:40,0,8,0,0
49362,2025-01-12 00:30:55,0,8,0,0
55535,2025-01-12 01:34:09,0,3,0,0
19420,2025-01-12 01:37:52,1,7,0,0
12096,2025-01-12 01:51:22,0,10,0,0
93422,2025-01-12 02:07:58,0,6,0,0
3908,2025-01-12 03:10:23,0,4,0,0
68187,2025-01-12 03:18:57,0,7,0,0
97493,2025-01-12 03:22:08,0,9,0,0
67975,2025-01-12 03:44:14,0,5,0,0
57565,2025-01-12 04:16:13,1,8,0,0
89997,2025-01-12 04:19:31,0,5,1,140
37869,2025-01-12 04:32:15,0,6,0,0
99024,2025-01-12 04:33:27,0,7,0,0
18538,2025-01-12 04:42:39,0,8,0,0
59863,2025-01-12 05:06:53,0,2,1,169
56125,2025-01-12 05:14:58,0,11,1,258
38121,2025-01-12 05:54:14,1,6,0,0
4260,2025-01-12 07:19:55,0,2,0,0
60122,2025-01-12 07:22:22,1,3,0,0
43127,2025-01-12 07:29:23,0,5,1,165
60316,2025-01-12 07:51:57,0,4,1,170
60167,2025-01-12 08:10:25,1,5,0,0
61011,2025-01-12 08:14:01,0,6,1,139
19436,2025-01-12 08:16:31,0,7,1,183
74520,2025-01-12 08:19:11,0,5,0,0
97695,2025-01-12 08:23:47,1,6,1,303
15479,2025-01-12 08:35:47,1,4,0,0
38858,2025-01-12 08:38:57,1,5,1,342
89958,2025-01-12 08:44:47,1,6,0,0
52055,2025-01-12 09:05:25,1,10,0,0
99105,2025-01-12 09:21:35,0,2,0,0
17068,2025-01-12 09:22:29,0,5,1,394
79609,2025-01-12 09:25:37,1,6,0,0
78231,2025-01-12 09:31:16,0,4,0,0
45400,2025-01-12 09:31:33,0,8,0,0
17457,2025-01-12 09:36:27,1,5,0,0
99576,2025-01-12 09:49:29,1,5,0,0
64936,2025-01-12 10:16:47,1,6,0,0
31813,2025-01-12 10:22:55,0,3,1,458
24678,2025-01-12 10:54:41,0,5,1,266
91766,2025-01-12 10:57:38,0,6,0,0
41505,2025-01-12 10:59:14,0,7,0,0
35216,2025-01-12 12:02:31,0,8,1,103
57563,2025-01-12 12:16:43,0,10,0,0
18485,2025-01-12 12:18:21,0,1,0,0
44880,2025-01-12 12:38:54,1,6,1,354
33718,2025-01-12 12:59:19,0,1,0,0
26075,2025-01-12 13:08:35,0,5,0,0
60520,2025-01-12 13:10:05,1,5,0,0
23689,2025-01-12 13:16:55,0,4,0,0
33882,2025-01-12 13:44:19,0,7,0,0
29898,2025-01-12 14:01:37,0,5,0,0
96358,2025-01-12 14:25:33,0,6,0,0
4260,2025-01-12 14:31:37,0,8,1,132
99332,2025-01-12 14:36:11,1,5,0,0
85629,2025-01-12 14:42:42,1,6,0,0
92920,2025-01-12 14:57:25,0,3,0,0
99987,2025-01-12 15:18:04,1,4,0,0
41003,2025-01-12 15:26:55,1,7,0,0
87985,2025-01-12 15:28:35,0,7,1,244
76611,2025-01-12 15:29:14,1,3,1,309
66504,2025-01-12 15:32:08,0,6,1,98
93189,2025-01-12 15:34:56,0,6,1,69
96091,2025-01-12 15:49:06,0,3,0,0
58646,2025-01-12 15:57:11,0,8,0,0
67030,2025-01-12 16:01:53,0,9,0,0
48886,2025-01-12 16:20:28,0,4,0,0
5606,2025-01-12 16:21:34,1,0,1,202
10208,2025-01-12 16:28:02,0,10,0,0
75304,2025-01-12 16:34:11,1,6,1,128
49973,2025-01-12 16:45:31,0,6,1,336
46290,2025-01-12 16:54:32,1,5,1,139
57888,2025-01-12 17:23:36,1,8,0,0
17535,2025-01-12 17:25:52,0,3,0,0
67851,2025-01-12 17:33:40,0,7,0,0
26807,2025-01-12 17:42:01,0,6,0,0
85849,2025-01-12 18:03:46,0,6,0,0
18335,2025-01-12 18:21:01,0,7,1,292
57681,2025-01-12 18:34:21,0,5,1,442
30700,2025-01-12 19:06:01,1,3,0,0
66246,2025-01-12 19:25:14,1,7,0,0
61288,2025-01-12 19:30:51,1,10,0,0
4136,2025-01-12 20:04:53,1,9,0,0
83952,2025-01-12 20:21:05,0,8,0,0
23683,2025-01-12 20:46:51,0,7,0,0
2390,2025-01-12 21:01:13,0,2,0,0
37100,2025-01-12 21:04:40,0,6,0,0
23311,2025-01-12 21:09:32,1,9,1,130
38118,2025-01-12 21:15:07,0,5,0,0
41611,2025-01-12 21:20:30,1,2,0,0
48886,2025-01-12 21:25:51,0,3,0,0
94994,2025-01-12 21:33:54,1,4,0,0
71895,2025-01-12 22:01:37,0,8,0,0
218,2025-01-12 22:06:55,0,5,0,0
81379,2025-01-12 22:11:52,0,8,0,0
20189,2025-01-12 22:30:31,0,1,1,456
74172,2025-01-12 22:36:44,0,6,0,0
72692,2025-01-12 23:04:11,0,6,0,0
7936,2025-01-12 23:04:21,0,5,1,183
68953,2025-01-12 23:04:45,0,8,0,0
92698,2025-01-12 23:16:20,0,5,0,0
27031,2025-01-12 23:24:36,0,4,0,0
31225,2025-01-12 23:27:38,0,9,0,0
99401,2025-01-12 23:36:46,1,3,0,0
80628,2025-01-12 23:50:56,1,8,1,89
952,2025-01-12 23:52:44,1,6,0,0
47798,2025-01-12 23:55:37,0,5,1,184
79713,2025-01-12 23:58:29,1,4,0,0
84565,2025-01-12 23:59:45,0,6,0,0
49362,2025-01-13 00:19:11,1,7,0,0
63924,2025-01-13 00:22:31,0,8,0,0
71895,2025-01-13 00:24:23,0,9,0,0
32845,2025-01-13 00:25:52,1,4,1,355
79282,2025-01-13 00:42:20,1,7,0,0
71873,2025-01-13 01:00:52,0,11,0,0
94898,2025-01-13 01:10:25,1,3,0,0
3205,2025-01-13 01:34:14,0,5,0,0
33294,2025-01-13 01:36:29,0,5,0,0
18113,2025-01-13 02:15:49,0,2,1,242
7226,2025-01-13 02:23:19,0,5,1,155
40240,2025-01-13 02:27:13,0,2,1,217
6432,2025-01-13 02:32:22,0,6,0,0
62035,2025-01-13 02:45:47,1,7,1,302
54573,2025-01-13 03:28:13,1,5,0,0
17164,2025-01-13 04:02:51,0,4,1,125
19209,2025-01-13 04:09:41,1,4,1,67
37139,2025-01-13 04:36:18,1,9,0,0
22056,2025-01-13 04:58:29,1,7,0,0
57948,2025-01-13 05:03:17,0,3,0,0
61644,2025-01-13 05:57:35,1,6,0,0
36082,2025-01-13 06:02:53,1,6,0,0
63924,2025-01-13 06:47:00,0,9,1,65
60257,2025-01-13 07:09:17,0,4,0,0
78553,2025-01-13 07:23:56,1,10,0,0
83321,2025-01-13 07:47:42,1,5,0,0
99972,2025-01-13 08:01:05,0,9,0,0
82278,2025-01-13 08:38:48,0,3,0,0
55707,2025-01-13 08:51:00,0,7,0,0
81533,2025-01-13 09:03:17,1,4,1,625
77115,2025-01-13 09:12:36,0,5,1,389
31889,2025-01-13 09:48:23,1,6,0,0
98975,2025-01-13 10:04:00,1,8,0,0
99351,2025-01-13 10:07:59,0,2,0,0
19134,2025-01-13 10:08:19,1,10,1,241
10213,2025-01-13 10:10:42,0,3,0,0
61288,2025-01-13 10:31:25,0,5,0,0
78324,2025-01-13 10:35:32,0,5,1,336
28061,2025-01-13 10:36:32,0,10,0,0
49805,2025-01-13 10:39:57,1,6,0,0
50170,2025-01-13 10:45:49,1,5,0,0
17164,2025-01-13 10:46:05,0,13,0,0
63739,2025-01-13 10:46:23,0,6,0,0
23220,2025-01-13 10:50:08,0,11,1,210
93781,2025-01-13 10:54:01,0,4,1,289
82225,2025-01-13 10:57:57,0,11,0,0
19668,2025-01-13 10:58:00,0,7,1,319
91766,2025-01-13 11:21:31,0,2,1,240
99183,2025-01-13 11:33:23,0,2,0,0
18045,2025-01-13 12:03:49,0,4,0,0
97401,2025-01-13 12:11:36,0,11,1,269
7878,2025-01-13 12:26:04,0,6,0,0
38370,2025-01-13 12:26:49,1,3,0,0
5915,2025-01-13 12:34:45,0,8,0,0
82759,2025-01-13 12:35:34,0,6,1,218
44779,2025-01-13 12:39:35,1,8,1,302
94958,2025-01-13 13:08:03,0,9,1,207
71101,2025-01-13 13:17:02,0,3,0,0
19420,2025-01-13 13:43:14,0,2,1,479
73806,2025-01-13 13:52:55,0,1,0,0
22821,2025-01-13 13:58:29,0,9,1,180
16425,2025-01-13 14:01:40,1,4,0,0
47692,2025-01-13 14:01:48,0,4,1,315
92572,2025-01-13 14:13:25,0,10,0,0
80321,2025-01-13 14:14:02,1,13,1,276
89345,2025-01-13 14:25:35,1,10,0,0
88943,2025-01-13 14:28:21,0,7,1,105
1810,2025-01-13 14:32:13,0,5,0,0
14944,2025-01-13 14:34:19,1,5,1,264
26046,2025-01-13 15:01:08,0,6,1,177
52231,2025-01-13 15:08:02,0,9,0,0
46529,2025-01-13 15:25:57,0,8,1,133
94436,2025-01-13 15:26:28,0,2,0,0
43277,2025-01-13 15:34:12,1,5,0,0
31408,2025-01-13 15:55:07,0,4,0,0
28112,2025-01-13 16:01:45,0,4,0,0
58322,2025-01-13 16:02:30,0,6,0,0
22406,2025-01-13 16:09:38,0,6,0,0
20414,2025-01-13 16:13:06,0,7,0,0
31361,2025-01-13 16:21:05,0,7,0,0
92698,2025-01-13 16:23:52,1,6,1,198
1477,2025-01-13 16:28:58,0,7,0,0
31878,2025-01-13 16:36:00,0,6,0,0
8583,2025-01-13 16:46:16,0,7,1,388
77428,2025-01-13 16:51:58,0,3,1,245
18738,2025-01-13 16:52:57,1,8,0,0
48886,2025-01-13 16:58:51,1,8,0,0
97581,2025-01-13 17:07:22,1,4,0,0
39053,2025-01-13 17:09:30,0,8,1,164
20284,2025-01-13 17:11:53,0,6,0,0
62663,2025-01-13 17:12:16,0,4,0,0
35872,2025-01-13 17:20:24,0,4,1,359
71946,2025-01-13 17:21:54,1,5,1,297
5915,2025-01-13 17:24:58,1,7,0,0
39230,2025-01-13 17:33:08,0,8,0,0
38463,2025-01-13 17:50:27,0,6,1,219
48622,2025-01-13 18:00:35,0,5,0,0
38118,2025-01-13 18:03:46,0,7,1,400
68024,2025-01-13 18:06:33,0,8,0,0
64388,2025-01-13 18:15:02,0,3,0,0
65508,2025-01-13 18:25:30,1,5,0,0
40952,2025-01-13 18:28:27,1,6,0,0
66726,2025-01-13 18:29:35,0,4,0,0
49362,2025-01-13 18:38:46,0,2,0,0
40529,2025-01-13 18:50:09,0,10,0,0
60316,2025-01-13 18:50:22,1,7,0,0
49805,2025-01-13 19:02:48,1,4,0,0
39012,2025-01-13 19:13:29,1,1,1,256
9821,2025-01-13 19:18:33,0,9,1,149
97244,2025-01-13 19:30:45,0,4,1,365
77116,2025-01-13 19:39:41,0,8,0,0
68181,2025-01-13 20:09:01,1,9,0,0
45289,2025-01-13 20:33:26,1,0,0,0
93791,2025-01-13 20:56:08,0,7,0,0
4247,2025-01-13 21:00:10,0,9,0,0
95764,2025-01-13 21:02:21,0,9,1,456
34087,2025-01-13 21:41:00,1,11,0,0
82016,2025-01-13 21:42:01,1,6,1,137
89422,2025-01-13 22:24:04,0,5,1,333
8514,2025-01-13 22:26:09,0,4,0,0
46396,2025-01-13 22:28:25,0,1,0,0
45289,2025-01-13 22:34:46,1,13,1,176
67089,2025-01-13 22:39:27,0,5,1,228
97244,2025-01-13 22:51:59,1,5,0,0
97270,2025-01-13 22:57:48,1,1,0,0
34006,2025-01-13 23:16:00,0,6,1,217
15425,2025-01-13 23:37:34,1,7,1,238
12473,2025-01-13 23:49:47,0,8,0,0
3224,2025-01-13 23:56:36,0,8,1,458
37248,2025-01-14 00:02:12,0,7,0,0
68670,2025-01-14 00:06:06,0,9,0,0
7756,2025-01-14 00:11:02,1,9,0,0
61378,2025-01-14 00:28:34,0,11,0,0
8244,2025-01-14 01:00:42,1,9,0,0
59290,2025-01-14 01:10:16,0,4,0,0
23803,2025-01-14 01:51:43,0,9,0,0
29863,2025-01-14 02:01:01,0,14,0,0
84524,2025-01-14 02:13:56,0,5,0,0
39576,2025-01-14 02:42:20,0,3,1,494
56060,2025-01-14 03:01:38,0,5,0,0
47692,2025-01-14 03:37:28,1,5,0,0
69352,2025-01-14 03:40:50,0,5,1,139
26755,2025-01-14 03:46:52,1,4,1,163
69737,2025-01-14 03:54:37,0,3,1,231
84809,2025-01-14 04:11:12,0,13,1,176
84809,2025-01-14 04:44:32,0,6,0,0
29052,2025-01-14 04:50:48,1,4,1,121
1890,2025-01-14 05:00:32,0,9,0,0
94050,2025-01-14 05:05:13,1,6,0,0
26407,2025-01-14 06:09:35,1,4,0,0
75077,2025-01-14 06:12:09,1,5,0,0
28737,2025-01-14 06:17:40,0,3,1,174
51121,2025-01-14 06:28:40,1,3,1,324
19436,2025-01-14 06:38:59,1,10,0,0
84809,2025-01-14 06:43:18,0,10,0,0
10917,2025-01-14 06:54:00,0,4,0,0
8778,2025-01-14 07:15:26,1,4,0,0
5080,2025-01-14 07:21:14,1,3,0,0
31706,2025-01-14 08:09:25,0,4,0,0
66814,2025-01-14 08:16:02,1,9,0,0
94994,2025-01-14 08:16:52,1,9,0,0
61799,2025-01-14 08:18:41,0,12,0,0
37187,2025-01-14 08:21:42,1,1,0,0
15212,2025-01-14 08:25:21,0,4,0,0
88459,2025-01-14 08:44:54,0,9,1,294
2373,2025-01-14 08:49:11,1,6,0,0
67030,2025-01-14 09:06:40,0,8,1,122
15882,2025-01-14 09:06:56,0,6,0,0
46290,2025-01-14 09:20:41,1,8,0,0
60662,2025-01-14 09:25:43,0,7,0,0
77173,2025-01-14 09:29:49,0,7,0,0
24844,2025-01-14 09:40:50,0,6,0,0
76584,2025-01-14 09:48:09,1,5,0,0
97930,2025-01-14 09:59:03,0,5,0,0
63008,2025-01-14 10:07:43,0,6,0,0
57047,2025-01-14 10:12:44,1,5,0,0
19436,2025-01-14 10:14:46,0,4,0,0
11409,2025-01-14 10:21:01,1,7,0,0
40567,2025-01-14 10:31:01,0,6,0,0
18372,2025-01-14 10:37:48,0,6,0,0
38929,2025-01-14 10:44:25,1,10,1,307
31675,2025-01-14 10:57:20,0,7,1,296
23689,2025-01-14 11:26:05,0,3,0,0
42321,2025-01-14 11:42:47,0,6,0,0
63070,2025-01-14 11:53:36,0,6,0,0
42377,2025-01-14 12:02:40,1,5,1,353
5142,2025-01-14 12:15:33,0,10,1,237
60520,2025-01-14 12:18:26,0,7,0,0
2390,2025-01-14 12:37:33,1,9,0,0
29052,2025-01-14 12:59:48,0,3,1,285
84565,2025-01-14 13:02:53,0,6,1,394
13721,2025-01-14 13:03:21,0,9,0,0
24670,2025-01-14 13:31:28,0,7,0,0
74520,2025-01-14 13:34:15,0,4,1,204
34608,2025-01-14 13:45:51,0,5,0,0
80321,2025-01-14 13:51:33,1,7,0,0
80211,2025-01-14 13:59:15,1,9,0,0
65661,2025-01-14 14:23:37,1,8,0,0
60172,2025-01-14 14:26:15,0,8,0,0
28970,2025-01-14 14:30:26,0,1,0,0
19562,2025-01-14 14:32:27,1,4,0,0
20841,2025-01-14 14:38:43,0,8,0,0
33189,2025-01-14 14:41:26,0,6,1,222
7564,2025-01-14 14:48:39,0,7,0,0
13712,2025-01-14 15:06:53,0,6,0,0
96170,2025-01-14 15:13:28,0,10,0,0
70756,2025-01-14 15:14:40,1,4,0,0
57127,2025-01-14 15:22:42,1,7,0,0
86403,2025-01-14 15:35:17,1,9,0,0
88091,2025-01-14 15:51:51,1,5,0,0
68467,2025-01-14 15:56:44,1,5,0,0
25818,2025-01-14 15:58:14,0,6,0,0
82124,2025-01-14 16:06:56,1,4,1,298
23840,2025-01-14 16:21:35,0,7,1,233
93189,2025-01-14 16:21:52,0,5,1,204
31675,2025-01-14 16:27:33,1,3,1,84
59492,2025-01-14 16:30:13,0,9,1,101
11409,2025-01-14 16:43:25,0,9,1,321
90076,2025-01-14 16:45:47,0,5,0,0
55670,2025-01-14 16:54:44,1,6,0,0
90425,2025-01-14 16:57:23,0,5,1,288
83312,2025-01-14 17:01:19,0,8,1,285
50487,2025-01-14 17:12:57,0,5,1,160
89031,2025-01-14 17:41:21,1,11,1,208
93782,2025-01-14 17:51:15,0,4,0,0
48762,2025-01-14 17:52:34,0,4,1,247
21231,2025-01-14 17:53:19,1,5,1,184
64959,2025-01-14 18:02:19,0,7,0,0
97893,2025-01-14 18:02:20,1,8,0,0
42867,2025-01-14 18:03:58,1,10,0,0
54191,2025-01-14 18:18:25,0,9,1,200
45186,2025-01-14 18:28:08,0,7,0,0
81579,2025-01-14 18:55:25,1,1,0,0
35065,2025-01-14 18:58:40,0,10,1,227
55431,2025-01-14 19:08:02,0,5,0,0
85849,2025-01-14 19:31:36,0,6,1,237
9197,2025-01-14 19:31:44,1,6,0,0
6758,2025-01-14 19:50:08,0,5,0,0
85369,2025-01-14 20:00:11,1,7,1,167
87564,2025-01-14 20:01:04,0,7,0,0
8310,2025-01-14 20:16:13,1,10,0,0
30632,2025-01-14 20:29:33,0,5,0,0
41631,2025-01-14 20:33:03,1,9,0,0
71576,2025-01-14 20:41:30,1,6,1,130
41742,2025-01-14 20:42:26,0,6,0,0
18045,2025-01-14 20:48:04,1,1,0,0
56060,2025-01-14 20:48:19,0,10,0,0
73304,2025-01-14 20:56:15,0,10,0,0
31878,2025-01-14 21:10:53,1,6,1,182
89251,2025-01-14 21:35:01,0,5,0,0
12796,2025-01-14 21:35:46,0,5,0,0
72354,2025-01-14 21:41:02,0,3,1,320
84524,2025-01-14 22:07:36,1,5,0,0
15338,2025-01-14 22:15:59,0,2,0,0
38369,2025-01-14 22:40:55,0,6,1,228
32884,2025-01-14 22:53:17,0,8,0,0
41742,2025-01-14 22:53:35,0,11,1,269
18302,2025-01-14 23:00:26,0,5,0,0
64959,2025-01-14 23:13:01,0,4,1,268
29300,2025-01-14 23:22:37,0,9,0,0
81481,2025-01-14 23:34:12,1,5,0,0
43352,2025-01-14 23:37:29,0,13,0,0
52250,2025-01-14 23:38:54,0,10,0,0
61378,2025-01-14 23:46:41,0,4,0,0
89736,2025-01-14 23:46:46,1,5,0,0
24806,2025-01-14 23:47:35,1,8,0,0
10494,2025-01-15 00:01:42,0,6,0,0
59792,2025-01-15 00:21:10,0,4,1,242
71693,2025-01-15 00:32:39,1,5,1,320
59997,2025-01-15 00:49:44,0,9,0,0
12029,2025-01-15 00:52:19,0,8,0,0
56802,2025-01-15 01:09:53,0,8,0,0
41611,2025-01-15 01:20:35,1,7,1,102
46342,2025-01-15 01:46:16,0,4,0,0
38109,2025-01-15 01:54:59,0,9,1,260
43207,2025-01-15 02:12:42,1,11,0,0
58322,2025-01-15 02:35:52,0,5,1,256
83153,2025-01-15 04:18:51,0,6,1,97
42867,2025-01-15 04:21:01,0,7,1,73
21410,2025-01-15 04:22:37,0,6,0,0
9999,2025-01-15 04:53:59,0,7,0,0
53714,2025-01-15 05:10:27,0,4,0,0
71101,2025-01-15 05:47:24,0,7,0,0
13954,2025-01-15 06:19:25,0,6,0,0
52127,2025-01-15 06:30:47,0,7,1,166
24844,2025-01-15 06:36:59,0,8,0,0
31178,2025-01-15 06:49:58,0,7,1,162
13758,2025-01-15 06:57:19,0,4,0,0
72692,2025-01-15 07:08:38,0,6,0,0
8582,2025-01-15 07:14:47,1,6,0,0
87730,2025-01-15 07:17:14,0,4,1,248
82223,2025-01-15 08:01:08,0,5,0,0
1871,2025-01-15 08:52:43,0,5,1,236
95645,2025-01-15 09:04:02,0,6,1,300
62646,2025-01-15 09:22:10,0,5,0,0
81379,2025-01-15 09:41:41,0,7,1,153
59844,2025-01-15 09:43:20,1,6,0,0
93177,2025-01-15 09:47:31,1,6,0,0
16499,2025-01-15 09:53:02,0,10,0,0
31523,2025-01-15 10:06:09,1,5,0,0
38513,2025-01-15 10:09:25,0,6,0,0
5643,2025-01-15 10:46:53,1,7,0,0
3246,2025-01-15 10:55:56,0,2,0,0
49538,2025-01-15 11:02:26,0,10,0,0
60257,2025-01-15 11:10:03,0,6,1,201
74175,2025-01-15 11:10:03,0,7,0,0
2121,2025-01-15 11:19:00,0,4,1,193
75841,2025-01-15 11:28:39,1,9,1,241
5142,2025-01-15 11:46:09,0,7,0,0
72354,2025-01-15 11:52:03,0,5,0,0
45186,2025-01-15 11:52:50,1,4,0,0
19109,2025-01-15 11:56:30,1,3,0,0
27259,2025-01-15 12:06:25,0,11,1,184
34272,2025-01-15 12:15:44,0,5,1,393
29384,2025-01-15 12:24:24,0,1,0,0
5747,2025-01-15 12:34:16,0,4,1,176
26046,2025-01-15 13:07:43,1,9,0,0
61011,2025-01-15 13:12:46,0,7,0,0
15479,2025-01-15 13:24:25,0,5,1,305
53215,2025-01-15 13:31:50,1,5,0,0
60257,2025-01-15 13:33:20,0,7,0,0
3141,2025-01-15 13:58:42,1,2,0,0
59844,2025-01-15 14:00:22,1,4,0,0
92050,2025-01-15 14:07:57,0,9,0,0
62704,2025-01-15 14:08:41,1,12,0,0
27928,2025-01-15 14:19:16,0,4,0,0
45831,2025-01-15 14:50:29,0,5,0,0
54347,2025-01-15 15:08:10,1,6,1,232
25669,2025-01-15 15:11:09,0,5,1,134
46529,2025-01-15 15:24:17,1,4,0,0
808,2025-01-15 15:29:12,0,3,0,0
45995,2025-01-15 15:35:43,1,3,1,240
65841,2025-01-15 15:36:31,1,8,0,0
52055,2025-01-15 15:38:05,0,4,0,0
39150,2025-01-15 15:49:52,0,4,0,0
97569,2025-01-15 15:58:00,1,7,0,0
85627,2025-01-15 16:06:13,1,8,0,0
2390,2025-01-15 16:08:13,0,10,0,0
40935,2025-01-15 16:11:09,1,8,0,0
52127,2025-01-15 16:14:15,1,4,0,0
71120,2025-01-15 16:20:42,0,9,1,268
94050,2025-01-15 16:24:40,0,8,0,0
93654,2025-01-15 16:27:38,1,10,0,0
36112,2025-01-15 16:34:31,0,2,0,0
69773,2025-01-15 16:38:53,0,6,0,0
68427,2025-01-15 16:40:03,0,8,0,0
99351,2025-01-15 16:40:07,0,4,0,0
11996,2025-01-15 16:40:45,0,9,0,0
27984,2025-01-15 16:44:21,0,9,0,0
67013,2025-01-15 16:54:32,0,6,0,0
45995,2025-01-15 17:12:33,0,9,0,0
89195,2025-01-15 17:16:41,0,3,0,0
68024,2025-01-15 17:18:25,1,7,0,0
74796,2025-01-15 17:18:50,0,10,0,0
1124,2025-01-15 17:30:15,1,4,0,0
12529,2025-01-15 17:40:07,0,8,1,451
92405,2025-01-15 17:44:21,1,5,0,0
77941,2025-01-15 17:47:27,0,3,0,0
7822,2025-01-15 17:48:45,0,5,1,219
39172,2025-01-15 17:54:50,1,9,1,223
92698,2025-01-15 17:58:13,0,4,0,0
69737,2025-01-15 18:05:05,0,4,1,194
36636,2025-01-15 18:05:50,0,5,1,110
77238,2025-01-15 18:16:34,0,7,0,0
21019,2025-01-15 18:21:44,0,5,0,0
59460,2025-01-15 18:38:39,1,5,1,297
16782,2025-01-15 18:56:18,0,11,0,0
76936,2025-01-15 19:00:34,0,10,0,0
78119,2025-01-15 19:07:37,0,8,0,0
60498,2025-01-15 19:10:10,1,7,0,0
16586,2025-01-15 19:10:19,0,8,0,0
10946,2025-01-15 19:27:44,1,10,1,204
67851,2025-01-15 19:29:16,1,7,0,0
36828,2025-01-15 19:40:04,0,4,1,305
55577,2025-01-15 19:41:19,1,3,1,417
79078,2025-01-15 20:06:18,0,6,0,0
17981,2025-01-15 20:08:17,1,5,0,0
9665,2025-01-15 20:32:43,0,9,0,0
70498,2025-01-15 20:39:14,1,5,0,0
98513,2025-01-15 20:58:57,1,8,0,0
69773,2025-01-15 21:29:11,0,9,1,190
84422,2025-01-15 21:36:03,0,8,0,0
83799,2025-01-15 21:45:04,0,6,1,118
57398,2025-01-15 22:24:56,0,2,0,0
84964,2025-01-15 22:36:49,1,10,0,0
15106,2025-01-15 22:39:48,0,7,1,368
22406,2025-01-15 22:46:09,0,8,0,0
34823,2025-01-15 22:50:51,1,5,0,0
2092,2025-01-15 23:22:32,0,5,0,0
77462,2025-01-15 23:23:08,0,6,1,145
34087,2025-01-16 00:09:41,0,8,1,233
77173,2025-01-16 00:25:15,1,5,1,584
81579,2025-01-16 00:26:12,0,6,0,0
35872,2025-01-16 00:30:30,0,4,0,0
21410,2025-01-16 00:47:54,0,5,0,0
400,2025-01-16 01:10:08,0,6,0,0
67499,2025-01-16 02:02:27,0,5,0,0
37248,2025-01-16 02:07:56,0,0,1,269
93393,2025-01-16 02:26:00,0,9,1,250
3062,2025-01-16 02:41:11,1,8,1,246
47176,2025-01-16 02:41:21,0,11,0,0
34272,2025-01-16 02:43:44,0,8,0,0
15212,2025-01-16 02:52:45,0,4,0,0
30290,2025-01-16 02:53:47,0,7,0,0
25818,2025-01-16 03:11:50,0,8,0,0
79349,2025-01-16 03:30:31,1,4,0,0
24844,2025-01-16 03:41:00,1,9,0,0
53110,2025-01-16 03:41:56,1,4,1,471
28737,2025-01-16 03:45:08,0,9,0,0
56926,2025-01-16 03:48:05,0,5,0,0
71693,2025-01-16 04:03:12,0,8,0,0
79613,2025-01-16 04:10:53,0,10,0,0
49265,2025-01-16 04:31:38,0,7,0,0
56666,2025-01-16 05:05:18,0,6,1,200
85100,2025-01-16 05:43:27,0,2,0,0
38929,2025-01-16 06:41:37,1,10,0,0
73239,2025-01-16 07:42:54,0,6,1,444
82223,2025-01-16 07:50:31,1,4,0,0
68841,2025-01-16 08:04:28,0,5,0,0
31178,2025-01-16 08:06:48,1,3,0,0
42619,2025-01-16 08:08:08,0,6,0,0
69895,2025-01-16 08:08:55,1,4,0,0
24175,2025-01-16 08:24:18,0,12,0,0
36098,2025-01-16 08:36:26,0,7,1,409
5080,2025-01-16 08:37:50,1,7,0,0
55839,2025-01-16 08:39:00,0,7,0,0
60601,2025-01-16 08:42:19,0,4,1,181
38513,2025-01-16 08:56:40,1,13,0,0
45601,2025-01-16 09:05:30,0,8,0,0
18550,2025-01-16 09:31:06,1,2,0,0
60975,2025-01-16 09:32:30,0,6,0,0
97211,2025-01-16 09:41:37,0,4,0,0
1165,2025-01-16 09:44:47,0,8,0,0
53625,2025-01-16 09:44:53,0,3,0,0
36430,2025-01-16 09:50:38,1,6,0,0
3908,2025-01-16 09:53:02,1,4,1,198
5369,2025-01-16 10:06:29,0,8,1,226
39053,2025-01-16 10:09:23,1,10,0,0
89195,2025-01-16 10:09:45,0,6,0,0
68804,2025-01-16 10:18:28,0,5,1,96
4247,2025-01-16 10:26:46,0,5,0,0
22864,2025-01-16 10:27:41,0,8,0,0
1477,2025-01-16 10:30:59,1,9,0,0
92698,2025-01-16 10:44:58,1,3,0,0
35081,2025-01-16 10:57:33,0,9,0,0
87831,2025-01-16 11:05:21,0,10,0,0
90532,2025-01-16 11:11:46,0,8,0,0
82223,2025-01-16 11:16:19,0,6,0,0
78119,2025-01-16 11:35:14,0,7,1,216
23840,2025-01-16 11:39:29,0,3,0,0
40529,2025-01-16 12:10:53,0,4,0,0
32140,2025-01-16 12:12:04,1,2,0,0
80681,2025-01-16 12:23:27,0,6,0,0
68187,2025-01-16 12:49:06,0,6,0,0
18282,2025-01-16 12:56:14,1,4,0,0
75077,2025-01-16 12:58:46,0,4,1,119
16499,2025-01-16 13:06:19,1,6,1,336
11409,2025-01-16 13:15:42,0,8,1,80
7720,2025-01-16 13:21:43,1,8,1,277
71128,2025-01-16 13:32:58,0,11,0,0
81897,2025-01-16 13:52:06,1,9,0,0
38369,2025-01-16 14:11:32,0,11,0,0
2914,2025-01-16 14:11:38,0,7,0,0
38929,2025-01-16 14:27:47,0,7,0,0
68953,2025-01-16 14:39:48,0,10,0,0
1896,2025-01-16 14:44:25,0,4,0,0
52055,2025-01-16 14:54:48,0,5,0,0
22790,2025-01-16 14:58:58,1,8,1,219
23332,2025-01-16 15:14:45,1,11,1,327
52563,2025-01-16 15:15:50,0,10,0,0
20189,2025-01-16 15:35:20,0,7,0,0
29300,2025-01-16 15:38:07,0,8,1,206
14459,2025-01-16 15:41:30,0,9,1,194
39521,2025-01-16 15:48:52,0,8,0,0
43207,2025-01-16 15:49:02,0,8,0,0
58117,2025-01-16 15:56:24,0,4,1,136
86577,2025-01-16 16:02:19,1,8,0,0
12029,2025-01-16 16:08:52,1,8,0,0
11409,2025-01-16 16:34:45,1,2,0,0
65205,2025-01-16 16:35:21,0,2,1,149
61727,2025-01-16 16:41:30,0,2,0,0
81288,2025-01-16 16:54:07,0,11,0,0
95653,2025-01-16 17:07:49,0,4,0,0
5226,2025-01-16 17:26:55,0,7,0,0
44210,2025-01-16 17:30:34,0,5,1,156
61378,2025-01-16 17:39:39,0,4,0,0
68784,2025-01-16 17:40:07,0,3,0,0
21714,2025-01-16 17:42:11,0,5,0,0
45995,2025-01-16 17:54:09,0,6,0,0
31171,2025-01-16 17:55:15,0,8,0,0
46474,2025-01-16 18:25:57,1,9,0,0
25247,2025-01-16 18:31:30,1,6,1,291
68984,2025-01-16 18:36:12,0,5,1,210
93782,2025-01-16 19:05:47,1,6,0,0
58587,2025-01-16 19:09:31,0,4,0,0
53854,2025-01-16 19:10:09,1,4,0,0
76208,2025-01-16 19:21:00,0,3,0,0
98513,2025-01-16 19:24:59,0,6,1,183
89958,2025-01-16 19:30:05,0,6,0,0
66144,2025-01-16 19:42:25,1,7,0,0
705,2025-01-16 19:43:19,0,2,0,0
31523,2025-01-16 19:45:53,0,5,1,246
50645,2025-01-16 20:04:27,0,6,0,0
4202,2025-01-16 20:15:29,0,5,0,0
20395,2025-01-16 20:18:44,0,11,0,0
25852,2025-01-16 20:20:01,1,8,0,0
31361,2025-01-16 20:22:52,0,5,0,0
8728,2025-01-16 20:33:15,1,8,0,0
22528,2025-01-16 20:43:37,1,2,1,245
50584,2025-01-16 20:48:35,0,6,0,0
18302,2025-01-16 20:53:13,0,5,0,0
43521,2025-01-16 20:54:54,0,8,0,0
97211,2025-01-16 20:59:27,0,4,0,0
59342,2025-01-16 21:13:16,1,8,0,0
70960,2025-01-16 21:28:39,0,7,0,0
46237,2025-01-16 21:33:06,0,6,0,0
93986,2025-01-16 21:56:22,0,7,0,0
52231,2025-01-16 22:04:31,0,4,1,220
72805,2025-01-16 22:20:47,0,7,0,0
46237,2025-01-16 22:23:30,1,9,0,0
65514,2025-01-16 22:26:36,1,6,1,118
79503,2025-01-16 22:38:17,0,5,0,0
76274,2025-01-16 22:41:18,0,7,0,0
5285,2025-01-16 22:43:22,0,16,0,0
6959,2025-01-16 22:47:35,1,6,0,0
83375,2025-01-16 23:00:22,0,4,1,180
86976,2025-01-16 23:02:08,1,8,0,0
53854,2025-01-16 23:02:47,1,8,0,0
36136,2025-01-16 23:07:46,1,5,1,251
22980,2025-01-16 23:07:51,0,6,1,455
36279,2025-01-16 23:19:29,0,7,1,124
81100,2025-01-16 23:24:34,0,6,0,0
45680,2025-01-16 23:36:36,0,6,0,0
92050,2025-01-16 23:47:00,0,6,0,0
71576,2025-01-16 23:47:25,1,10,1,810
38118,2025-01-16 23:59:38,0,6,0,0
15173,2025-01-17 00:32:46,0,7,1,226
97125,2025-01-17 00:43:12,1,5,1,292
62271,2025-01-17 00:43:50,0,7,0,0
33201,2025-01-17 01:44:15,0,8,1,210
45995,2025-01-17 02:12:47,1,6,0,0
44578,2025-01-17 02:34:46,1,6,0,0
53729,2025-01-17 03:32:44,1,4,0,0
43133,2025-01-17 04:04:28,0,3,0,0
96973,2025-01-17 04:19:35,1,5,0,0
2891,2025-01-17 04:52:00,1,7,1,244
73606,2025-01-17 04:58:56,0,4,1,278
97493,2025-01-17 05:20:52,1,10,0,0
55003,2025-01-17 06:02:56,1,6,0,0
81800,2025-01-17 06:06:16,0,4,0,0
95904,2025-01-17 06:42:00,0,7,1,178
78457,2025-01-17 06:47:59,0,6,0,0
15212,2025-01-17 07:01:45,1,7,0,0
59790,2025-01-17 07:05:52,1,11,0,0
53215,2025-01-17 07:24:38,1,5,1,169
53729,2025-01-17 07:34:14,0,10,0,0
47798,2025-01-17 07:48:28,1,6,0,0
11639,2025-01-17 08:00:08,0,6,0,0
75296,2025-01-17 08:02:42,1,7,0,0
33507,2025-01-17 08:19:22,0,9,1,361
53215,2025-01-17 08:28:47,0,8,0,0
31712,2025-01-17 08:29:10,0,6,0,0
69687,2025-01-17 08:29:56,0,4,0,0
33294,2025-01-17 08:45:50,0,7,0,0
75273,2025-01-17 09:01:40,0,8,1,174
30632,2025-01-17 09:03:28,0,6,1,136
96921,2025-01-17 09:13:12,1,5,0,0
44862,2025-01-17 09:15:15,1,3,0,0
18485,2025-01-17 09:25:56,0,6,0,0
29919,2025-01-17 09:26:48,0,4,0,0
81379,2025-01-17 09:34:47,0,7,1,220
64198,2025-01-17 09:46:43,0,7,1,391
96170,2025-01-17 09:51:09,0,7,0,0
92867,2025-01-17 09:56:45,0,8,1,124
81148,2025-01-17 10:00:39,0,9,0,0
4394,2025-01-17 10:05:44,0,7,0,0
60257,2025-01-17 10:07:17,1,7,1,148
78457,2025-01-17 10:17:45,1,3,0,0
15606,2025-01-17 10:25:57,0,2,0,0
18485,2025-01-17 10:27:46,0,5,0,0
33718,2025-01-17 10:34:47,1,5,0,0
43521,2025-01-17 10:58:38,0,4,0,0
37384,2025-01-17 11:12:08,0,6,0,0
218,2025-01-17 11:14:01,0,6,0,0
19132,2025-01-17 11:22:29,0,3,1,226
99401,2025-01-17 12:06:34,1,5,0,0
82278,2025-01-17 12:11:13,0,4,0,0
88553,2025-01-17 12:28:18,0,4,0,0
90127,2025-01-17 12:29:08,0,5,1,101
90154,2025-01-17 12:47:11,0,4,1,99
81579,2025-01-17 12:51:59,0,4,1,494
61727,2025-01-17 13:09:18,0,6,0,0
99987,2025-01-17 13:40:52,1,3,0,0
34608,2025-01-17 13:41:14,0,4,1,176
57866,2025-01-17 13:54:41,0,5,0,0
65921,2025-01-17 13:58:34,0,7,1,346
61378,2025-01-17 14:04:09,0,7,1,166
69515,2025-01-17 14:20:48,1,3,0,0
24425,2025-01-17 14:22:38,1,7,0,0
97065,2025-01-17 14:27:17,0,4,0,0
81109,2025-01-17 14:38:05,0,4,0,0
69352,2025-01-17 15:02:11,0,6,0,0
22509,2025-01-17 15:07:22,0,3,0,0
66111,2025-01-17 15:14:56,1,3,0,0
12473,2025-01-17 15:23:40,1,4,0,0
80235,2025-01-17 15:31:54,0,3,1,413
81398,2025-01-17 15:32:45,1,7,0,0
49660,2025-01-17 15:50:12,0,8,0,0
11409,2025-01-17 16:12:18,0,9,1,150
6475,2025-01-17 16:17:04,0,6,0,0
83375,2025-01-17 16:22:58,1,4,0,0
25809,2025-01-17 16:55:49,0,5,0,0
74036,2025-01-17 17:03:38,0,8,1,352
83952,2025-01-17 17:10:59,1,3,0,0
21007,2025-01-17 17:11:46,1,7,1,73
7822,2025-01-17 17:15:14,1,4,1,296
39012,2025-01-17 17:18:11,1,8,0,0
62212,2025-01-17 17:20:19,0,4,0,0
32845,2025-01-17 17:46:14,0,7,0,0
69930,2025-01-17 17:52:55,0,3,1,279
88849,2025-01-17 18:11:24,0,5,0,0
27984,2025-01-17 18:11:28,1,10,0,0
26794,2025-01-17 18:32:02,0,5,0,0
94958,2025-01-17 18:54:42,1,3,0,0
80956,2025-01-17 19:10:08,0,4,0,0
97581,2025-01-17 19:19:28,1,4,0,0
20284,2025-01-17 19:22:17,0,5,0,0
77011,2025-01-17 19:22:46,0,7,0,0
55598,2025-01-17 19:23:25,1,7,0,0
19562,2025-01-17 19:23:52,0,8,0,0
57563,2025-01-17 19:25:17,0,8,1,268
96921,2025-01-17 19:41:05,0,6,0,0
47692,2025-01-17 19:45:08,1,3,1,169
38885,2025-01-17 19:45:52,0,6,0,0
54160,2025-01-17 19:49:29,0,5,0,0
55707,2025-01-17 19:57:22,1,6,0,0
63924,2025-01-17 20:00:27,1,6,1,375
70343,2025-01-17 20:03:49,0,4,0,0
85627,2025-01-17 20:05:40,1,4,0,0
78119,2025-01-17 20:16:58,0,5,0,0
65514,2025-01-17 20:17:45,0,8,0,0
92090,2025-01-17 20:19:46,0,4,1,181
35502,2025-01-17 20:20:12,0,10,0,0
21231,2025-01-17 20:20:41,0,3,0,0
66144,2025-01-17 20:22:27,0,7,0,0
41926,2025-01-17 20:26:09,0,8,0,0
48762,2025-01-17 20:28:57,0,6,1,216
17257,2025-01-17 20:31:37,0,16,0,0
33035,2025-01-17 20:42:55,1,8,0,0
19729,2025-01-17 20:52:39,0,6,0,0
53087,2025-01-17 21:03:00,1,13,1,170
98633,2025-01-17 21:03:41,0,6,0,0
87730,2025-01-17 21:13:56,0,7,0,0
61305,2025-01-17 21:17:53,0,2,1,185
23689,2025-01-17 21:28:10,0,4,1,335
2373,2025-01-17 21:36:22,0,4,0,0
73239,2025-01-17 21:48:18,0,8,0,0
95359,2025-01-17 22:00:19,0,8,1,188
57563,2025-01-17 22:07:57,1,8,0,0
85629,2025-01-17 22:17:28,1,6,0,0
53945,2025-01-17 22:22:56,1,10,0,0
40475,2025-01-17 22:24:25,0,7,0,0
90790,2025-01-17 22:38:16,0,6,0,0
26339,2025-01-17 22:43:03,0,4,0,0
19224,2025-01-17 22:58:55,0,9,1,190
58329,2025-01-17 23:01:09,1,5,0,0
40804,2025-01-17 23:08:27,0,6,0,0
29300,2025-01-17 23:17:08,1,7,0,0
74714,2025-01-17 23:40:11,0,2,0,0
56633,2025-01-17 23:43:20,0,8,0,0
32845,2025-01-17 23:51:11,0,3,1,108
53625,2025-01-17 23:53:13,1,0,0,0
65033,2025-01-18 00:04:11,1,7,0,0
1472,2025-01-18 00:27:00,1,3,0,0
66144,2025-01-18 00:46:40,0,7,1,340
1871,2025-01-18 00:51:29,1,7,0,0
96586,2025-01-18 01:05:24,1,5,0,0
64569,2025-01-18 01:13:57,1,7,0,0
92920,2025-01-18 01:22:07,0,7,0,0
87564,2025-01-18 01:27:25,0,8,0,0
47815,2025-01-18 01:58:15,0,4,0,0
71120,2025-01-18 02:09:35,1,4,0,0
81288,2025-01-18 02:38:53,0,5,0,0
30876,2025-01-18 02:41:25,1,4,0,0
99755,2025-01-18 02:47:23,1,4,0,0
31706,2025-01-18 02:52:51,0,10,1,327
5407,2025-01-18 03:51:02,0,3,1,255
61378,2025-01-18 04:50:18,1,4,1,158
79503,2025-01-18 05:00:07,0,8,1,291
30934,2025-01-18 05:22:11,1,3,1,468
47598,2025-01-18 05:43:34,0,6,0,0
64198,2025-01-18 05:51:21,0,8,0,0
88278,2025-01-18 05:57:30,0,8,0,0
25818,2025-01-18 06:22:14,0,5,0,0
43964,2025-01-18 06:45:34,0,8,0,0
96712,2025-01-18 06:55:15,0,4,0,0
2447,2025-01-18 07:17:26,0,6,1,170
47127,2025-01-18 08:03:42,0,11,0,0
2180,2025-01-18 08:04:05,0,11,1,224
63715,2025-01-18 08:05:58,0,8,0,0
77716,2025-01-18 08:22:00,1,6,1,91
86861,2025-01-18 08:27:02,1,4,0,0
18899,2025-01-18 08:30:32,0,9,0,0
33548,2025-01-18 08:30:50,0,6,0,0
4484,2025-01-18 08:49:50,0,7,0,0
48241,2025-01-18 08:58:26,0,5,0,0
73260,2025-01-18 09:02:02,0,9,1,132
14944,2025-01-18 09:13:07,0,5,1,105
76208,2025-01-18 09:31:12,1,3,1,325
34608,2025-01-18 09:37:58,0,5,0,0
97893,2025-01-18 09:41:11,0,4,0,0
73091,2025-01-18 09:48:16,1,5,0,0
41432,2025-01-18 09:49:43,1,5,0,0
66726,2025-01-18 10:25:58,0,5,0,0
89096,2025-01-18 10:40:10,0,10,1,297
50863,2025-01-18 11:13:01,0,6,1,86
25669,2025-01-18 11:14:52,0,7,0,0
60167,2025-01-18 11:29:36,0,8,0,0
84964,2025-01-18 11:51:43,0,3,1,272
3141,2025-01-18 11:58:06,0,9,0,0
89736,2025-01-18 11:58:23,1,7,0,0
64361,2025-01-18 12:02:01,1,2,0,0
53087,2025-01-18 12:05:07,0,6,1,317
23332,2025-01-18 12:12:35,1,6,1,288
2800,2025-01-18 12:16:53,1,2,0,0
36762,2025-01-18 12:18:02,1,9,1,327
16994,2025-01-18 12:53:48,1,6,1,220
68804,2025-01-18 13:00:25,1,2,0,0
77116,2025-01-18 13:03:53,1,4,1,398
86645,2025-01-18 13:04:56,0,2,1,146
218,2025-01-18 13:05:04,0,5,0,0
18113,2025-01-18 13:11:18,0,6,0,0
90371,2025-01-18 13:14:57,0,5,1,283
46794,2025-01-18 13:15:49,1,7,0,0
89195,2025-01-18 13:37:44,0,6,0,0
14944,2025-01-18 13:57:44,0,11,0,0
1289,2025-01-18 14:03:29,0,4,0,0
24678,2025-01-18 14:10:43,0,4,0,0
30290,2025-01-18 14:20:29,0,11,0,0
60520,2025-01-18 14:44:22,0,8,0,0
91601,2025-01-18 14:49:54,0,3,0,0
36098,2025-01-18 14:53:45,0,3,1,318
38409,2025-01-18 15:09:59,0,2,0,0
15338,2025-01-18 15:13:35,0,6,0,0
35716,2025-01-18 15:28:12,1,2,0,0
48241,2025-01-18 15:35:37,0,8,0,0
67090,2025-01-18 15:45:03,1,14,0,0
28309,2025-01-18 15:52:20,0,6,1,172
30037,2025-01-18 15:54:29,1,4,1,218
90371,2025-01-18 16:04:20,0,9,1,111
89958,2025-01-18 16:18:41,1,3,1,222
95645,2025-01-18 16:22:20,0,5,1,388
37568,2025-01-18 17:03:06,0,8,0,0
57398,2025-01-18 17:05:55,0,5,1,380
37603,2025-01-18 17:07:18,0,1,0,0
31137,2025-01-18 17:10:44,1,2,0,0
61378,2025-01-18 17:16:09,0,6,0,0
49265,2025-01-18 17:38:28,0,6,0,0
24489,2025-01-18 17:44:33,0,3,0,0
27259,2025-01-18 17:54:17,0,7,0,0
68292,2025-01-18 17:57:29,0,5,1,198
61288,2025-01-18 18:00:21,0,10,1,166
14459,2025-01-18 18:04:12,0,9,0,0
61872,2025-01-18 18:12:17,1,7,0,0
15173,2025-01-18 18:23:26,0,8,1,135
78553,2025-01-18 18:30:44,0,7,1,269
19156,2025-01-18 18:35:21,1,9,0,0
91601,2025-01-18 18:39:05,1,8,1,457
99290,2025-01-18 18:43:41,1,5,0,0
97401,2025-01-18 18:54:57,0,5,1,131
11844,2025-01-18 18:59:02,0,4,1,131
33201,2025-01-18 19:20:55,0,9,1,491
815,2025-01-18 20:18:04,0,5,0,0
45573,2025-01-18 20:37:31,1,9,0,0
66373,2025-01-18 20:41:48,0,2,0,0
51090,2025-01-18 20:42:37,0,7,1,166
22242,2025-01-18 20:47:24,1,9,0,0
20395,2025-01-18 21:00:56,1,1,0,0
56926,2025-01-18 21:12:50,0,7,1,191
52563,2025-01-18 21:27:10,1,6,1,169
77428,2025-01-18 21:28:22,1,3,1,533
92477,2025-01-18 21:37:53,0,5,0,0
56219,2025-01-18 21:38:30,0,7,1,346
39422,2025-01-18 21:40:48,0,5,0,0
31706,2025-01-18 22:30:45,0,3,0,0
37973,2025-01-18 22:32:28,1,6,0,0
86728,2025-01-18 22:55:11,0,13,1,256
1498,2025-01-18 22:57:02,0,4,1,692
52055,2025-01-18 23:14:43,0,5,1,249
16025,2025-01-18 23:33:24,0,5,0,0
43133,2025-01-18 23:47:35,1,5,0,0
31361,2025-01-18 23:50:51,0,10,0,0
39696,2025-01-19 00:05:04,0,4,0,0
60601,2025-01-19 00:40:24,1,3,1,204
47692,2025-01-19 00:59:30,0,11,1,110
89286,2025-01-19 01:11:53,0,6,0,0
47204,2025-01-19 01:35:06,1,7,0,0
50576,2025-01-19 02:06:10,0,8,1,264
29124,2025-01-19 02:16:25,0,5,0,0
21539,2025-01-19 02:46:58,0,10,1,130
64361,2025-01-19 02:47:06,1,3,0,0
37139,2025-01-19 03:01:02,0,9,0,0
24425,2025-01-19 03:09:30,0,11,0,0
57596,2025-01-19 03:16:56,1,5,0,0
16949,2025-01-19 03:24:42,1,7,1,348
60167,2025-01-19 03:49:04,0,8,0,0
83530,2025-01-19 03:55:18,0,4,1,149
26755,2025-01-19 04:02:21,1,7,0,0
41432,2025-01-19 04:48:25,1,6,0,0
41120,2025-01-19 04:55:16,0,4,0,0
53405,2025-01-19 05:08:05,0,8,0,0
15606,2025-01-19 05:15:30,0,7,0,0
22242,2025-01-19 05:26:29,0,2,1,140
78892,2025-01-19 05:53:21,0,6,0,0
82225,2025-01-19 06:14:15,0,7,0,0
97401,2025-01-19 06:22:45,0,8,0,0
29905,2025-01-19 06:35:46,1,2,1,290
35065,2025-01-19 06:40:28,0,5,1,212
57888,2025-01-19 07:00:39,1,8,0,0
70390,2025-01-19 07:25:30,1,3,0,0
12373,2025-01-19 07:39:24,0,4,1,245
33882,2025-01-19 07:50:51,0,6,1,322
73218,2025-01-19 07:56:40,0,5,1,202
84319,2025-01-19 08:02:38,0,3,0,0
15075,2025-01-19 08:03:42,1,6,1,208
45374,2025-01-19 08:05:19,0,7,0,0
72431,2025-01-19 08:17:04,0,4,0,0
75077,2025-01-19 08:34:08,1,4,0,0
16586,2025-01-19 08:40:49,0,8,0,0
47176,2025-01-19 08:47:11,0,3,0,0
17779,2025-01-19 09:00:43,0,3,0,0
31171,2025-01-19 09:04:59,0,5,1,229
1896,2025-01-19 09:08:36,1,10,1,235
34087,2025-01-19 09:09:36,0,3,1,782
66658,2025-01-19 09:26:47,0,7,0,0
46474,2025-01-19 09:26:50,0,6,0,0
31889,2025-01-19 09:27:39,0,6,0,0
38409,2025-01-19 09:30:51,1,4,0,0
83905,2025-01-19 09:45:29,0,6,0,0
9728,2025-01-19 09:46:43,0,7,0,0
29905,2025-01-19 10:03:15,0,4,0,0
59460,2025-01-19 10:03:22,0,6,1,147
31688,2025-01-19 10:04:29,1,4,0,0
6959,2025-01-19 10:05:31,0,3,1,194
83799,2025-01-19 10:29:56,0,1,1,418
93654,2025-01-19 10:32:43,1,10,1,185
55169,2025-01-19 10:36:22,1,4,0,0
24175,2025-01-19 10:37:27,0,7,0,0
4144,2025-01-19 10:51:09,1,5,1,235
52231,2025-01-19 11:13:15,0,8,0,0
87899,2025-01-19 11:16:29,1,6,0,0
71215,2025-01-19 11:22:12,0,3,0,0
13721,2025-01-19 11:23:02,0,9,0,0
94738,2025-01-19 11:36:51,0,5,0,0
87715,2025-01-19 11:37:06,0,5,1,491
94302,2025-01-19 11:39:35,0,6,0,0
41882,2025-01-19 11:44:56,1,8,0,0
74579,2025-01-19 12:01:03,1,3,0,0
83952,2025-01-19 12:05:36,1,6,1,337
83471,2025-01-19 12:09:05,0,4,0,0
97903,2025-01-19 12:17:49,0,8,0,0
67050,2025-01-19 12:22:34,0,8,1,338
74932,2025-01-19 12:27:30,0,1,0,0
62646,2025-01-19 12:27:50,0,2,1,326
86403,2025-01-19 12:33:44,0,13,0,0
75179,2025-01-19 12:34:24,1,4,0,0
71946,2025-01-19 13:00:42,1,11,0,0
84319,2025-01-19 13:08:15,0,4,0,0
12096,2025-01-19 13:13:52,1,6,0,0
11409,2025-01-19 13:28:55,0,2,0,0
82555,2025-01-19 13:42:41,0,9,0,0
35872,2025-01-19 13:46:11,1,5,0,0
67050,2025-01-19 13:47:37,0,9,1,104
67535,2025-01-19 13:52:30,0,6,0,0
44590,2025-01-19 14:00:13,0,8,0,0
65213,2025-01-19 14:00:55,0,6,1,367
85911,2025-01-19 14:19:26,0,3,0,0
43964,2025-01-19 14:58:08,0,11,0,0
91538,2025-01-19 15:01:31,0,2,0,0
51275,2025-01-19 15:14:55,1,4,1,391
50576,2025-01-19 15:16:21,0,8,1,211
97540,2025-01-19 15:56:52,0,7,1,327
47204,2025-01-19 15:58:37,0,9,0,0
6501,2025-01-19 16:21:29,1,5,0,0
55375,2025-01-19 16:33:07,0,6,1,659
33548,2025-01-19 16:37:34,0,7,1,122
68222,2025-01-19 16:59:32,0,9,1,134
14927,2025-01-19 17:17:38,1,7,0,0
1273,2025-01-19 17:29:52,0,6,0,0
9849,2025-01-19 17:38:08,1,6,1,256
36219,2025-01-19 17:49:30,0,10,1,563
65362,2025-01-19 17:56:17,0,8,1,149
78289,2025-01-19 18:06:31,1,6,0,0
71576,2025-01-19 18:13:11,0,6,0,0
80235,2025-01-19 18:48:55,0,7,0,0
39012,2025-01-19 18:57:13,1,3,1,319
12029,2025-01-19 19:17:03,0,5,0,0
79503,2025-01-19 19:22:56,0,4,1,182
23425,2025-01-19 19:24:14,1,6,0,0
40935,2025-01-19 19:24:24,1,7,0,0
61644,2025-01-19 19:27:18,1,7,0,0
47815,2025-01-19 19:33:26,0,12,0,0
5747,2025-01-19 19:43:51,0,5,0,0
1871,2025-01-19 19:59:14,0,7,0,0
22864,2025-01-19 20:00:35,0,7,0,0
12473,2025-01-19 20:25:52,1,6,1,186
13067,2025-01-19 20:47:54,0,10,1,166
2447,2025-01-19 20:56:31,0,7,0,0
40042,2025-01-19 21:02:05,0,4,0,0
10336,2025-01-19 21:15:51,0,2,0,0
89251,2025-01-19 21:26:43,1,10,1,214
21714,2025-01-19 21:32:08,0,4,0,0
25852,2025-01-19 21:35:15,0,12,0,0
63302,2025-01-19 21:35:49,0,5,1,180
400,2025-01-19 21:37:48,0,2,1,143
33733,2025-01-19 21:48:08,1,8,1,301
41868,2025-01-19 21:56:05,1,7,0,0
69687,2025-01-19 22:03:21,0,8,0,0
83799,2025-01-19 22:10:42,0,6,0,0
77734,2025-01-19 22:12:46,1,6,0,0
68427,2025-01-19 22:15:10,0,6,0,0
91538,2025-01-19 22:20:23,0,9,1,198
63008,2025-01-19 22:23:19,0,4,0,0
19420,2025-01-19 22:29:42,1,5,0,0
85911,2025-01-19 22:30:55,1,7,0,0
70343,2025-01-19 22:36:34,0,9,1,197
16425,2025-01-19 22:37:08,0,8,1,284
22245,2025-01-19 22:37:12,1,11,1,178
82287,2025-01-19 22:38:40,0,4,1,156
53625,2025-01-19 22:58:31,0,6,0,0
36685,2025-01-19 23:12:38,0,1,1,184
44590,2025-01-19 23:20:15,1,3,1,233
67499,2025-01-19 23:22:08,0,3,0,0
95565,2025-01-19 23:22:14,0,8,1,178
97436,2025-01-19 23:28:10,0,7,1,133
70960,2025-01-19 23:35:49,0,3,1,139
67851,2025-01-19 23:39:02,0,3,1,291
31650,2025-01-19 23:40:42,1,3,0,0
79873,2025-01-19 23:42:25,0,5,1,190
22790,2025-01-19 23:46:39,0,3,0,0
13478,2025-01-19 23:54:03,0,3,0,0
97569,2025-01-19 23:57:05,0,11,0,0
93991,2025-01-20 00:02:26,1,9,1,198
20090,2025-01-20 00:13:05,0,10,0,0
3922,2025-01-20 00:20:07,1,7,0,0
57896,2025-01-20 00:22:02,0,9,0,0
99413,2025-01-20 00:36:46,1,7,0,0
89736,2025-01-20 00:47:27,1,2,0,0
7244,2025-01-20 00:55:05,1,9,0,0
85879,2025-01-20 00:58:13,0,7,0,0
92698,2025-01-20 01:10:32,1,6,0,0
85626,2025-01-20 01:27:40,1,11,0,0
1480,2025-01-20 02:07:58,0,6,0,0
47550,2025-01-20 02:17:51,0,0,0,0
26407,2025-01-20 02:26:19,0,2,0,0
35502,2025-01-20 02:59:01,0,7,0,0
74172,2025-01-20 03:27:41,1,2,1,172
88556,2025-01-20 03:42:16,1,3,0,0
93654,2025-01-20 03:55:41,1,2,0,0
60257,2025-01-20 04:16:44,0,9,1,204
36685,2025-01-20 04:35:18,1,4,0,0
89286,2025-01-20 05:09:37,0,7,1,200
12029,2025-01-20 05:20:03,0,6,0,0
86713,2025-01-20 05:45:48,1,5,1,262
36167,2025-01-20 06:06:07,0,7,0,0
68841,2025-01-20 06:07:48,0,6,0,0
83952,2025-01-20 06:13:36,0,5,0,0
18113,2025-01-20 06:19:23,0,4,1,254
13712,2025-01-20 06:27:12,0,7,0,0
7188,2025-01-20 06:29:11,0,8,0,0
29128,2025-01-20 06:35:56,1,9,0,0
59460,2025-01-20 06:53:48,1,6,0,0
21410,2025-01-20 07:30:46,1,11,0,0
14777,2025-01-20 07:49:35,0,4,0,0
71693,2025-01-20 07:51:37,0,10,1,215
93455,2025-01-20 08:00:50,1,6,0,0
62848,2025-01-20 08:12:26,0,8,0,0
8098,2025-01-20 08:28:11,0,7,0,0
23332,2025-01-20 09:20:18,0,7,0,0
69930,2025-01-20 09:35:57,0,6,0,0
90891,2025-01-20 09:43:17,1,10,1,566
5643,2025-01-20 09:56:31,0,4,1,438
63667,2025-01-20 09:59:57,0,1,1,214
97581,2025-01-20 10:03:21,0,9,1,169
62786,2025-01-20 10:18:38,1,8,0,0
21539,2025-01-20 10:58:45,1,3,0,0
65033,2025-01-20 11:24:34,0,6,1,260
808,2025-01-20 11:52:45,1,5,1,148
87481,2025-01-20 12:05:21,0,5,1,149
83407,2025-01-20 12:10:18,1,7,1,264
62936,2025-01-20 12:16:19,0,5,0,0
94436,2025-01-20 12:20:25,0,10,0,0
50645,2025-01-20 12:25:29,0,10,1,442
16473,2025-01-20 12:28:50,1,7,1,149
10475,2025-01-20 12:32:12,0,7,0,0
22821,2025-01-20 12:36:16,0,3,0,0
46237,2025-01-20 12:38:30,0,3,0,0
58337,2025-01-20 12:39:12,0,2,0,0
79794,2025-01-20 12:47:18,0,3,0,0
27974,2025-01-20 12:48:53,0,10,0,0
23220,2025-01-20 12:53:10,1,3,0,0
12780,2025-01-20 13:01:27,1,5,0,0
88943,2025-01-20 13:02:47,0,4,0,0
38674,2025-01-20 13:13:31,0,16,1,418
24356,2025-01-20 13:15:36,1,5,1,665
67975,2025-01-20 13:18:08,1,5,0,0
87118,2025-01-20 13:20:18,0,7,1,431
27984,2025-01-20 13:41:55,0,3,0,0
13721,2025-01-20 13:45:24,1,3,0,0
80211,2025-01-20 13:46:08,0,4,0,0
59586,2025-01-20 14:05:40,0,3,0,0
952,2025-01-20 14:12:36,1,5,0,0
83485,2025-01-20 14:17:17,0,4,0,0
55800,2025-01-20 14:23:38,0,5,0,0
3962,2025-01-20 14:24:10,0,8,0,0
18485,2025-01-20 14:53:04,1,6,0,0
43352,2025-01-20 15:01:01,1,6,1,200
45320,2025-01-20 15:17:34,1,1,0,0
23900,2025-01-20 15:36:55,0,5,0,0
38542,2025-01-20 15:52:07,1,4,1,148
7822,2025-01-20 15:57:47,0,3,0,0
30876,2025-01-20 15:59:53,0,3,1,377
10475,2025-01-20 16:05:48,0,2,0,0
7822,2025-01-20 16:08:09,0,4,0,0
50170,2025-01-20 16:31:50,0,7,0,0
44666,2025-01-20 16:47:36,1,5,0,0
31611,2025-01-20 17:03:46,1,4,0,0
95565,2025-01-20 17:09:47,0,5,0,0
70065,2025-01-20 17:34:54,0,1,0,0
96358,2025-01-20 18:16:40,1,8,0,0
58547,2025-01-20 18:19:18,1,8,0,0
99183,2025-01-20 18:30:50,0,2,0,0
33733,2025-01-20 18:36:38,0,6,0,0
11535,2025-01-20 19:00:07,0,4,0,0
2106,2025-01-20 19:11:38,1,4,1,242
34353,2025-01-20 19:14:21,1,7,1,153
94738,2025-01-20 19:21:52,0,5,1,109
13285,2025-01-20 19:23:29,1,6,0,0
73787,2025-01-20 19:24:06,0,4,0,0
76208,2025-01-20 19:26:57,0,10,1,473
89031,2025-01-20 19:37:50,1,8,1,111
4202,2025-01-20 19:47:21,1,8,1,280
68938,2025-01-20 19:51:11,0,5,0,0
17068,2025-01-20 20:07:05,0,4,0,0
77941,2025-01-20 20:09:46,1,3,0,0
25818,2025-01-20 20:16:01,0,4,1,258
66144,2025-01-20 20:26:24,0,11,0,0
48886,2025-01-20 20:32:21,0,5,0,0
99351,2025-01-20 20:43:34,0,6,0,0
57948,2025-01-20 20:46:02,0,9,0,0
57563,2025-01-20 20:57:24,0,4,1,420
8097,2025-01-20 21:09:08,0,4,0,0
400,2025-01-20 21:10:31,0,3,0,0
55169,2025-01-20 21:18:24,0,3,0,0
19156,2025-01-20 21:28:07,0,3,0,0
50645,2025-01-20 21:29:11,1,3,0,0
18302,2025-01-20 21:31:29,1,6,0,0
89704,2025-01-20 21:34:08,0,5,0,0
79503,2025-01-20 21:49:22,0,6,0,0
39696,2025-01-20 21:57:47,1,3,0,0
71576,2025-01-20 22:19:00,0,2,0,0
9296,2025-01-20 22:19:09,1,7,0,0
94738,2025-01-20 22:23:56,1,6,0,0
58578,2025-01-20 22:32:37,0,4,0,0
43094,2025-01-20 22:40:31,0,6,0,0
69395,2025-01-20 22:40:43,1,8,0,0
99183,2025-01-20 22:51:24,0,5,0,0
35716,2025-01-20 23:05:35,1,7,1,151
65841,2025-01-20 23:07:12,0,5,1,159
79609,2025-01-20 23:11:54,1,8,0,0
36533,2025-01-20 23:16:15,0,10,1,316
79321,2025-01-20 23:21:24,1,4,1,188
96306,2025-01-20 23:28:18,0,10,1,190
64121,2025-01-20 23:35:31,0,7,1,386
42779,2025-01-20 23:36:21,0,7,0,0
17068,2025-01-20 23:41:47,0,3,0,0
36098,2025-01-20 23:43:09,0,5,1,165
2390,2025-01-20 23:47:45,0,5,0,0
12914,2025-01-20 23:52:10,0,7,0,0
79339,2025-01-21 00:05:06,0,7,0,0
58693,2025-01-21 00:24:47,1,10,1,936
68467,2025-01-21 01:13:11,0,5,1,214
87985,2025-01-21 01:21:33,1,4,0,0
31611,2025-01-21 01:40:22,0,8,1,376
46237,2025-01-21 01:43:37,1,5,1,201
59261,2025-01-21 02:00:43,0,7,1,204
38121,2025-01-21 02:30:08,0,6,1,240
57333,2025-01-21 02:49:58,1,8,1,231
35308,2025-01-21 03:01:48,0,11,1,406
88459,2025-01-21 03:28:04,1,4,0,0
35481,2025-01-21 03:44:10,1,5,0,0
83970,2025-01-21 03:46:33,0,8,0,0
83321,2025-01-21 04:04:57,1,0,1,149
5747,2025-01-21 04:33:28,0,6,1,541
97288,2025-01-21 04:41:21,0,5,0,0
30290,2025-01-21 05:08:03,1,7,0,0
24289,2025-01-21 06:00:39,1,7,0,0
37139,2025-01-21 06:54:21,1,8,0,0
71693,2025-01-21 07:06:18,0,8,0,0
56125,2025-01-21 07:47:20,0,4,1,288
57596,2025-01-21 07:53:25,0,10,0,0
43352,2025-01-21 07:57:58,0,8,0,0
96586,2025-01-21 08:12:28,0,10,0,0
11639,2025-01-21 08:16:50,0,11,0,0
17321,2025-01-21 08:22:08,0,10,0,0
95904,2025-01-21 08:25:14,0,6,0,0
29305,2025-01-21 08:35:40,0,6,0,0
6475,2025-01-21 08:38:13,0,5,0,0
17164,2025-01-21 08:53:26,0,7,0,0
34927,2025-01-21 08:55:41,1,4,0,0
87564,2025-01-21 09:14:55,0,4,0,0
13206,2025-01-21 09:15:08,0,7,0,0
36191,2025-01-21 09:17:00,0,1,0,0
31178,2025-01-21 09:17:50,1,3,1,180
41436,2025-01-21 09:22:57,1,5,0,0
52953,2025-01-21 09:24:56,1,6,0,0
3205,2025-01-21 09:55:27,1,8,0,0
57128,2025-01-21 10:09:22,1,4,0,0
53714,2025-01-21 10:22:37,1,3,0,0
10367,2025-01-21 10:35:07,1,5,0,0
73187,2025-01-21 10:56:06,0,5,1,459
61418,2025-01-21 11:08:34,0,8,0,0
57271,2025-01-21 11:11:08,1,6,1,516
86059,2025-01-21 11:37:57,1,6,0,0
2800,2025-01-21 11:56:28,0,7,0,0
51968,2025-01-21 11:58:22,1,7,0,0
34272,2025-01-21 12:06:06,1,7,1,476
28722,2025-01-21 12:46:03,1,4,1,168
73787,2025-01-21 12:52:52,0,7,0,0
62848,2025-01-21 12:55:17,1,5,0,0
74016,2025-01-21 12:57:07,0,3,0,0
27259,2025-01-21 13:03:16,1,8,1,252
58329,2025-01-21 13:20:07,1,1,0,0
26046,2025-01-21 13:42:12,1,7,0,0
66658,2025-01-21 13:48:50,0,4,1,132
77934,2025-01-21 13:58:04,0,6,0,0
29867,2025-01-21 14:16:02,1,3,1,265
34586,2025-01-21 14:19:22,0,8,1,216
16949,2025-01-21 14:20:07,0,6,0,0
59492,2025-01-21 14:20:24,0,3,1,183
26550,2025-01-21 14:25:33,0,4,0,0
61586,2025-01-21 14:35:24,0,1,1,289
57697,2025-01-21 14:35:49,0,4,1,99
63667,2025-01-21 14:43:03,1,9,0,0
370,2025-01-21 14:46:05,0,9,0,0
51990,2025-01-21 14:47:34,0,6,0,0
21811,2025-01-21 14:58:59,0,5,0,0
5080,2025-01-21 14:59:10,1,2,0,0
45374,2025-01-21 15:07:42,1,6,0,0
57563,2025-01-21 15:11:29,1,9,0,0
8098,2025-01-21 15:45:46,0,2,0,0
72345,2025-01-21 15:57:02,1,9,0,0
35481,2025-01-21 16:10:46,0,8,0,0
67089,2025-01-21 16:32:17,0,7,1,218
34927,2025-01-21 16:32:59,0,4,1,232
79873,2025-01-21 16:42:44,0,4,0,0
82824,2025-01-21 16:43:28,0,7,0,0
42321,2025-01-21 16:58:57,0,7,0,0
90808,2025-01-21 17:01:45,0,9,0,0
31361,2025-01-21 17:15:38,1,3,1,216
87145,2025-01-21 17:19:13,1,5,0,0
19735,2025-01-21 17:19:23,1,1,0,0
60122,2025-01-21 17:29:04,0,10,0,0
81533,2025-01-21 17:56:59,1,9,1,211
49457,2025-01-21 18:01:13,0,4,1,213
73031,2025-01-21 18:08:58,0,2,0,0
87463,2025-01-21 18:14:44,1,4,0,0
1111,2025-01-21 18:21:39,0,5,0,0
79873,2025-01-21 18:29:45,0,3,0,0
6141,2025-01-21 18:48:41,0,4,0,0
12193,2025-01-21 18:53:55,1,5,0,0
70960,2025-01-21 18:55:01,0,7,0,0
10917,2025-01-21 18:55:29,0,5,0,0
63138,2025-01-21 18:59:58,0,3,0,0
40385,2025-01-21 19:00:25,0,5,1,267
26339,2025-01-21 19:23:26,0,6,1,171
5747,2025-01-21 19:28:34,0,7,1,461
55598,2025-01-21 19:33:07,0,3,1,230
14961,2025-01-21 19:36:31,0,7,1,284
94828,2025-01-21 19:42:45,1,6,1,111
37869,2025-01-21 19:45:08,1,7,0,0
62786,2025-01-21 20:07:59,0,6,0,0
46529,2025-01-21 20:22:10,0,4,0,0
39672,2025-01-21 20:45:40,0,5,0,0
74940,2025-01-21 20:49:27,1,4,1,216
68984,2025-01-21 20:49:40,0,7,1,379
8244,2025-01-21 20:57:16,0,4,0,0
31171,2025-01-21 21:01:27,1,10,0,0
88308,2025-01-21 21:06:32,0,4,0,0
62646,2025-01-21 21:11:15,0,7,1,402
82787,2025-01-21 21:13:56,0,7,0,0
10917,2025-01-21 21:30:08,0,2,1,367
57596,2025-01-21 21:49:30,0,5,1,197
23220,2025-01-21 22:09:07,0,10,1,119
94194,2025-01-21 22:47:11,0,5,0,0
37018,2025-01-21 22:47:32,0,5,1,166
43352,2025-01-21 23:08:07,1,10,0,0
78431,2025-01-21 23:17:17,0,4,0,0
48807,2025-01-21 23:25:30,0,2,1,195
61721,2025-01-21 23:30:26,1,4,0,0
87564,2025-01-21 23:33:50,0,11,0,0
8648,2025-01-22 00:10:16,0,11,0,0
77173,2025-01-22 00:11:59,1,2,0,0
8728,2025-01-22 00:27:35,0,8,0,0
28970,2025-01-22 00:35:48,1,1,1,295
1513,2025-01-22 00:39:40,0,9,0,0
45573,2025-01-22 01:00:36,0,11,0,0
45995,2025-01-22 01:58:24,0,7,0,0
12029,2025-01-22 02:21:18,0,5,0,0
58587,2025-01-22 03:03:47,1,4,1,188
26501,2025-01-22 03:04:35,0,6,1,178
3205,2025-01-22 03:24:25,0,8,0,0
32341,2025-01-22 03:26:15,0,12,1,119
26510,2025-01-22 04:27:11,0,7,1,83
36136,2025-01-22 04:28:22,1,2,1,165
59844,2025-01-22 05:46:59,0,3,0,0
48736,2025-01-22 05:47:03,0,10,1,261
14777,2025-01-22 06:04:52,1,7,1,224
96921,2025-01-22 06:05:16,1,4,0,0
65126,2025-01-22 06:07:06,0,3,1,365
2373,2025-01-22 06:18:35,0,3,0,0
8648,2025-01-22 06:34:34,0,3,0,0
83375,2025-01-22 06:38:03,1,3,1,245
62786,2025-01-22 06:58:30,1,9,0,0
71132,2025-01-22 07:07:24,0,5,0,0
73091,2025-01-22 07:12:37,0,10,0,0
92558,2025-01-22 08:10:45,0,4,1,135
81579,2025-01-22 08:15:19,0,2,0,0
34609,2025-01-22 08:15:22,0,4,0,0
81398,2025-01-22 08:22:17,0,5,0,0
33720,2025-01-22 08:22:31,0,6,0,0
49188,2025-01-22 08:35:56,0,8,1,184
53974,2025-01-22 08:54:54,1,5,0,0
53110,2025-01-22 08:57:57,1,9,0,0
57333,2025-01-22 09:06:55,0,2,0,0
43207,2025-01-22 09:08:38,1,4,1,271
18335,2025-01-22 09:10:32,0,7,0,0
20090,2025-01-22 09:18:05,0,7,0,0
92032,2025-01-22 09:25:50,0,7,0,0
61305,2025-01-22 09:30:12,0,2,0,0
78635,2025-01-22 09:38:14,0,6,1,114
18952,2025-01-22 09:47:07,1,3,0,0
96681,2025-01-22 09:51:04,0,5,1,221
17016,2025-01-22 09:53:48,1,7,0,0
44693,2025-01-22 10:01:54,1,3,0,0
62936,2025-01-22 10:08:17,1,5,0,0
952,2025-01-22 10:10:30,0,6,0,0
24678,2025-01-22 10:10:46,0,5,1,213
83799,2025-01-22 10:35:13,0,9,1,256
19073,2025-01-22 10:54:45,1,9,1,361
50442,2025-01-22 11:06:54,0,9,0,0
35105,2025-01-22 11:10:03,0,7,0,0
45995,2025-01-22 11:20:33,0,5,0,0
25801,2025-01-22 11:23:32,1,6,0,0
92450,2025-01-22 11:37:00,1,4,1,208
50442,2025-01-22 11:59:14,0,10,0,0
95489,2025-01-22 11:59:28,0,6,0,0
56315,2025-01-22 12:12:52,1,6,0,0
69741,2025-01-22 12:16:06,1,3,1,129
11907,2025-01-22 12:27:11,0,7,1,331
17779,2025-01-22 12:35:03,0,8,0,0
2009,2025-01-22 12:41:44,1,7,0,0
79878,2025-01-22 12:42:48,0,10,0,0
65921,2025-01-22 13:00:46,0,8,0,0
56276,2025-01-22 13:04:35,0,7,0,0
24844,2025-01-22 13:10:46,1,5,0,0
36279,2025-01-22 13:14:22,0,7,0,0
91538,2025-01-22 13:21:19,0,5,0,0
47598,2025-01-22 13:37:16,0,6,1,180
11146,2025-01-22 13:40:08,1,5,0,0
34608,2025-01-22 13:54:00,1,6,0,0
40211,2025-01-22 14:13:46,0,9,0,0
23425,2025-01-22 14:14:06,1,4,0,0
22056,2025-01-22 14:14:20,0,12,0,0
63667,2025-01-22 14:22:09,0,4,1,399
67090,2025-01-22 14:31:30,1,5,0,0
6141,2025-01-22 14:54:40,0,11,0,0
96091,2025-01-22 14:54:43,1,5,0,0
88519,2025-01-22 14:55:39,0,9,1,155
8514,2025-01-22 15:15:48,1,8,1,152
19157,2025-01-22 15:48:52,0,4,0,0
5606,2025-01-22 15:59:42,0,5,0,0
19073,2025-01-22 16:01:12,1,7,0,0
60190,2025-01-22 16:01:32,0,2,1,194
55169,2025-01-22 16:16:07,0,2,1,118
43392,2025-01-22 16:16:33,1,7,0,0
69930,2025-01-22 16:31:14,1,9,1,354
6959,2025-01-22 16:33:48,0,6,0,0
86102,2025-01-22 16:41:04,0,4,1,354
80632,2025-01-22 16:48:23,1,6,0,0
21785,2025-01-22 16:57:58,0,6,0,0
78328,2025-01-22 17:09:35,1,7,1,114
38121,2025-01-22 17:11:22,0,1,0,0
5528,2025-01-22 17:26:40,1,6,1,377
3205,2025-01-22 17:39:33,0,6,0,0
22223,2025-01-22 17:42:06,0,6,0,0
89532,2025-01-22 17:43:45,0,3,1,82
8514,2025-01-22 17:52:33,0,6,1,191
43743,2025-01-22 17:53:41,1,4,0,0
61011,2025-01-22 17:56:01,0,5,1,220
16473,2025-01-22 18:04:46,0,4,1,177
86215,2025-01-22 18:06:54,0,10,0,0
37603,2025-01-22 18:08:35,0,2,0,0
5285,2025-01-22 18:23:36,1,5,0,0
66658,2025-01-22 18:32:52,1,8,1,219
60520,2025-01-22 18:36:55,0,6,0,0
50487,2025-01-22 18:37:51,0,11,0,0
80211,2025-01-22 18:54:52,0,4,0,0
1472,2025-01-22 18:57:08,0,8,0,0
24277,2025-01-22 18:58:03,1,2,0,0
28914,2025-01-22 19:01:00,0,4,0,0
74656,2025-01-22 19:02:44,0,6,0,0
18899,2025-01-22 19:04:04,0,3,0,0
71576,2025-01-22 19:05:26,0,6,0,0
44210,2025-01-22 19:34:01,1,5,0,0
34272,2025-01-22 19:39:11,0,12,0,0
22223,2025-01-22 19:44:24,0,7,1,340
74172,2025-01-22 20:03:48,1,6,0,0
87899,2025-01-22 20:31:02,1,7,0,0
38109,2025-01-22 20:31:14,0,6,0,0
76208,2025-01-22 20:34:54,1,5,0,0
5369,2025-01-22 20:39:01,0,2,1,300
47872,2025-01-22 20:40:41,0,9,0,0
79321,2025-01-22 20:45:09,0,5,0,0
808,2025-01-22 20:54:36,0,7,0,0
49188,2025-01-22 21:03:51,0,9,0,0
16025,2025-01-22 21:04:58,1,6,0,0
60071,2025-01-22 21:15:31,0,3,1,132
88880,2025-01-22 21:15:36,0,11,0,0
8599,2025-01-22 21:21:01,0,9,1,134
87715,2025-01-22 21:28:35,0,7,0,0
61305,2025-01-22 21:40:59,0,4,0,0
55839,2025-01-22 21:58:17,0,4,1,186
33404,2025-01-22 21:58:31,0,5,0,0
72919,2025-01-22 22:07:46,0,4,0,0
20284,2025-01-22 22:20:58,0,9,0,0
90790,2025-01-22 22:25:28,0,8,0,0
60520,2025-01-22 22:51:37,0,2,1,197
94682,2025-01-22 23:11:10,1,9,0,0
45186,2025-01-22 23:14:02,1,12,1,195
38947,2025-01-22 23:37:05,0,7,1,235
40181,2025-01-22 23:39:25,0,6,1,151
10847,2025-01-22 23:40:37,0,9,1,604
33035,2025-01-22 23:46:22,0,8,1,326
68938,2025-01-22 23:51:41,1,5,0,0
77934,2025-01-22 23:58:01,0,8,0,0
61515,2025-01-23 00:07:31,0,7,0,0
69895,2025-01-23 00:32:54,0,6,0,0
38542,2025-01-23 00:40:20,1,6,0,0
10666,2025-01-23 01:01:31,1,9,0,0
93815,2025-01-23 01:43:53,0,3,0,0
23683,2025-01-23 02:51:15,0,9,0,0
40713,2025-01-23 02:55:27,0,7,0,0
17089,2025-01-23 03:30:35,0,5,0,0
72692,2025-01-23 03:37:43,0,7,0,0
15425,2025-01-23 03:45:09,0,6,1,128
73806,2025-01-23 04:17:27,0,7,0,0
15650,2025-01-23 04:58:55,1,8,0,0
10023,2025-01-23 04:59:36,1,9,0,0
7822,2025-01-23 05:04:12,0,4,1,337
77116,2025-01-23 05:17:41,0,9,1,416
82223,2025-01-23 05:28:27,0,9,1,156
39079,2025-01-23 05:39:01,0,7,1,352
14017,2025-01-23 05:51:17,0,8,1,262
22528,2025-01-23 06:06:48,1,5,0,0
23220,2025-01-23 06:32:37,0,6,0,0
72607,2025-01-23 06:33:09,0,7,0,0
31157,2025-01-23 06:53:36,0,10,0,0
14459,2025-01-23 07:18:48,0,5,1,314
34155,2025-01-23 07:48:58,0,6,0,0
69930,2025-01-23 08:08:46,0,7,1,134
77238,2025-01-23 08:19:15,1,12,0,0
65134,2025-01-23 08:22:29,1,2,1,213
52563,2025-01-23 08:22:48,0,2,0,0
51968,2025-01-23 08:30:37,1,3,0,0
67089,2025-01-23 08:44:06,0,6,1,167
87564,2025-01-23 08:44:10,0,10,1,135
40181,2025-01-23 08:44:37,1,5,1,188
29492,2025-01-23 08:47:33,0,5,0,0
97184,2025-01-23 09:01:08,1,6,0,0
95489,2025-01-23 09:03:25,0,5,1,233
21251,2025-01-23 09:13:35,0,7,0,0
71693,2025-01-23 09:19:07,0,7,0,0
88943,2025-01-23 09:30:53,0,4,0,0
13954,2025-01-23 09:31:01,0,8,1,196
81390,2025-01-23 09:35:48,0,3,1,292
12525,2025-01-23 09:40:53,0,8,0,0
50576,2025-01-23 09:44:29,0,7,1,143
79545,2025-01-23 09:54:24,0,9,1,282
58337,2025-01-23 10:00:27,0,3,0,0
64361,2025-01-23 10:05:25,0,6,1,168
11140,2025-01-23 10:23:05,0,5,0,0
60071,2025-01-23 10:41:05,0,5,0,0
78175,2025-01-23 10:57:52,0,7,1,135
90891,2025-01-23 11:08:46,0,6,1,383
72873,2025-01-23 12:32:21,0,7,0,0
47815,2025-01-23 12:44:44,0,2,1,253
12498,2025-01-23 12:53:01,0,9,0,0
29963,2025-01-23 12:54:17,1,7,1,518
7936,2025-01-23 13:15:14,0,5,0,0
77116,2025-01-23 13:42:58,0,5,1,88
67709,2025-01-23 13:44:45,0,8,1,98
97720,2025-01-23 13:58:06,0,4,1,152
60172,2025-01-23 14:05:28,0,1,0,0
23900,2025-01-23 14:19:47,1,11,0,0
79850,2025-01-23 14:28:39,0,6,1,210
39172,2025-01-23 14:44:43,1,5,1,217
92477,2025-01-23 14:45:44,0,5,0,0
52769,2025-01-23 14:47:26,0,5,0,0
81579,2025-01-23 14:55:58,0,6,0,0
7936,2025-01-23 14:56:29,0,7,0,0
94682,2025-01-23 15:01:08,0,6,1,250
63003,2025-01-23 15:05:10,0,7,0,0
32512,2025-01-23 15:17:02,0,6,0,0
89936,2025-01-23 15:26:00,1,4,0,0
78289,2025-01-23 15:31:55,0,5,0,0
38957,2025-01-23 15:32:01,0,10,1,120
67851,2025-01-23 15:57:22,0,10,0,0
97436,2025-01-23 16:15:12,0,7,1,600
46237,2025-01-23 16:16:18,1,4,0,0
95645,2025-01-23 16:30:20,0,6,0,0
31171,2025-01-23 16:38:33,1,6,0,0
56673,2025-01-23 17:04:31,0,3,0,0
22223,2025-01-23 17:07:40,1,7,1,202
6600,2025-01-23 17:25:46,0,9,0,0
1472,2025-01-23 17:26:45,1,6,1,253
38674,2025-01-23 18:01:01,0,3,0,0
34608,2025-01-23 18:10:12,1,3,0,0
21231,2025-01-23 18:20:13,1,4,1,204
93189,2025-01-23 18:22:38,0,8,1,314
14078,2025-01-23 18:24:33,1,8,0,0
84209,2025-01-23 18:46:10,0,5,1,283
65412,2025-01-23 18:47:01,0,6,0,0
11140,2025-01-23 18:48:04,0,1,1,332
12780,2025-01-23 19:11:41,1,7,0,0
64987,2025-01-23 19:22:48,1,8,1,302
23219,2025-01-23 19:28:30,0,3,0,0
82270,2025-01-23 19:31:59,0,3,1,132
56096,2025-01-23 19:33:09,0,5,1,807
61288,2025-01-23 19:38:58,1,7,0,0
7508,2025-01-23 19:39:58,0,9,0,0
43392,2025-01-23 20:03:17,0,6,1,116
1124,2025-01-23 20:05:46,1,11,0,0
48966,2025-01-23 20:15:36,0,2,0,0
12525,2025-01-23 20:19:52,0,7,0,0
73692,2025-01-23 20:21:37,0,6,0,0
62786,2025-01-23 20:23:38,0,9,0,0
57948,2025-01-23 20:36:08,0,6,1,174
38885,2025-01-23 20:39:00,1,6,1,207
69814,2025-01-23 20:40:11,1,7,1,175
26407,2025-01-23 20:47:47,1,7,0,0
85629,2025-01-23 20:52:03,0,4,0,0
32444,2025-01-23 20:59:17,0,8,0,0
80211,2025-01-23 21:09:36,0,4,0,0
47573,2025-01-23 21:13:48,0,6,0,0
51275,2025-01-23 21:18:14,1,7,0,0
57948,2025-01-23 21:21:44,0,5,0,0
5606,2025-01-23 21:34:31,0,8,1,391
36878,2025-01-23 21:34:39,1,4,0,0
59406,2025-01-23 21:34:59,0,9,0,0
14927,2025-01-23 21:36:42,0,7,0,0
24844,2025-01-23 21:43:37,0,6,0,0
1599,2025-01-23 21:45:19,0,3,0,0
31157,2025-01-23 22:00:24,0,5,1,117
56633,2025-01-23 22:08:26,0,6,0,0
40579,2025-01-23 22:12:33,0,5,0,0
17016,2025-01-23 22:17:19,0,6,0,0
29305,2025-01-23 22:18:07,0,7,0,0
978,2025-01-23 22:23:03,0,2,1,328
14927,2025-01-23 22:23:39,0,8,0,0
71596,2025-01-23 22:33:49,0,5,0,0
45817,2025-01-23 22:45:12,1,5,0,0
2858,2025-01-23 22:45:29,1,3,1,164
86102,2025-01-23 22:52:01,1,3,0,0
57343,2025-01-23 23:01:06,0,3,0,0
48241,2025-01-23 23:06:37,0,4,0,0
81481,2025-01-23 23:10:40,1,6,0,0
70065,2025-01-23 23:14:42,0,3,1,349
33250,2025-01-23 23:19:03,0,8,0,0
9665,2025-01-23 23:20:37,1,5,1,478
69470,2025-01-23 23:21:08,1,8,0,0
87918,2025-01-23 23:23:05,1,9,1,242
29905,2025-01-23 23:36:44,1,5,1,190
47176,2025-01-23 23:47:30,0,4,0,0
37018,2025-01-24 00:48:06,1,8,0,0
41436,2025-01-24 01:07:23,0,10,0,0
90127,2025-01-24 01:47:18,1,7,1,420
44693,2025-01-24 02:11:05,0,6,0,0
93189,2025-01-24 02:12:50,1,7,0,0
48886,2025-01-24 02:29:37,0,3,0,0
98513,2025-01-24 02:48:19,1,4,0,0
6852,2025-01-24 02:59:44,0,4,0,0
52563,2025-01-24 03:00:10,0,4,0,0
2390,2025-01-24 03:18:10,0,3,0,0
38513,2025-01-24 04:32:54,1,7,0,0
68427,2025-01-24 04:37:19,1,6,1,327
26407,2025-01-24 05:55:59,0,9,0,0
29658,2025-01-24 06:00:09,0,3,0,0
30934,2025-01-24 06:17:05,0,3,0,0
11631,2025-01-24 07:06:36,0,5,0,0
7936,2025-01-24 07:39:59,0,3,0,0
57128,2025-01-24 08:02:44,0,4,1,366
60167,2025-01-24 08:30:32,0,3,0,0
45064,2025-01-24 08:46:31,0,6,0,0
6600,2025-01-24 08:53:24,0,9,1,203
46529,2025-01-24 09:01:14,0,4,1,183
86913,2025-01-24 09:02:36,1,5,0,0
42603,2025-01-24 09:11:04,0,10,0,0
36828,2025-01-24 09:12:20,1,5,0,0
68222,2025-01-24 09:23:20,0,2,1,139
16316,2025-01-24 09:33:35,1,6,0,0
98421,2025-01-24 09:42:52,0,3,0,0
25809,2025-01-24 10:01:17,0,8,0,0
97773,2025-01-24 10:06:48,1,4,0,0
22223,2025-01-24 10:12:49,1,10,0,0
20058,2025-01-24 10:22:25,0,5,0,0
9548,2025-01-24 10:29:13,1,6,1,132
6141,2025-01-24 10:46:42,0,9,1,300
952,2025-01-24 11:06:01,0,7,0,0
90520,2025-01-24 11:34:04,0,8,1,195
19718,2025-01-24 11:37:53,0,7,0,0
43194,2025-01-24 11:41:48,0,5,1,117
9922,2025-01-24 11:59:26,0,4,0,0
84964,2025-01-24 12:10:54,0,5,0,0
92572,2025-01-24 12:29:12,0,7,0,0
38370,2025-01-24 12:34:44,0,5,0,0
53215,2025-01-24 12:46:44,0,6,0,0
20395,2025-01-24 13:06:52,0,6,1,222
37139,2025-01-24 13:06:57,0,6,1,156
84307,2025-01-24 13:18:48,1,7,0,0
85100,2025-01-24 13:40:57,0,7,0,0
96479,2025-01-24 14:00:23,0,9,0,0
62848,2025-01-24 14:01:25,0,9,0,0
3141,2025-01-24 14:02:15,1,3,1,191
25938,2025-01-24 14:12:05,1,6,0,0
24678,2025-01-24 14:21:50,0,5,1,238
52139,2025-01-24 14:33:47,0,4,0,0
29608,2025-01-24 15:30:53,0,11,0,0
88553,2025-01-24 15:37:51,1,6,1,101
55256,2025-01-24 15:45:47,0,6,0,0
51342,2025-01-24 15:56:28,1,6,0,0
18045,2025-01-24 16:04:39,0,8,0,0
30700,2025-01-24 16:23:03,0,8,0,0
85012,2025-01-24 16:29:22,0,7,0,0
56411,2025-01-24 17:06:22,0,9,1,356
55806,2025-01-24 17:06:54,0,5,0,0
99979,2025-01-24 17:16:00,0,5,0,0
74172,2025-01-24 17:32:35,0,10,0,0
82124,2025-01-24 17:35:34,1,7,0,0
33718,2025-01-24 17:46:31,0,8,0,0
26755,2025-01-24 17:54:45,0,5,0,0
22864,2025-01-24 18:00:54,0,2,0,0
77896,2025-01-24 18:00:57,0,7,0,0
25801,2025-01-24 18:06:01,1,5,1,312
87899,2025-01-24 18:08:59,1,4,1,143
65269,2025-01-24 18:10:56,0,5,1,271
63739,2025-01-24 18:12:04,0,10,1,145
55800,2025-01-24 18:34:28,0,6,0,0
19932,2025-01-24 18:47:25,0,7,1,479
60172,2025-01-24 18:53:55,1,3,1,435
51090,2025-01-24 19:01:22,0,3,0,0
94658,2025-01-24 19:02:16,0,5,0,0
17068,2025-01-24 19:05:43,0,7,0,0
2858,2025-01-24 19:11:11,0,7,0,0
25205,2025-01-24 19:15:06,1,3,1,118
97244,2025-01-24 19:16:08,1,7,0,0
14459,2025-01-24 19:25:23,0,8,0,0
36191,2025-01-24 19:39:18,0,6,0,0
24289,2025-01-24 19:41:27,0,8,1,244
59406,2025-01-24 19:46:08,1,4,1,267
64959,2025-01-24 19:57:26,0,7,0,0
54197,2025-01-24 19:59:08,0,5,0,0
1472,2025-01-24 20:10:43,1,7,0,0
80060,2025-01-24 20:10:59,0,5,1,385
29305,2025-01-24 20:17:51,1,3,0,0
76584,2025-01-24 20:18:34,0,6,0,0
72556,2025-01-24 20:45:50,0,7,0,0
92050,2025-01-24 20:55:08,0,7,1,305
88091,2025-01-24 21:00:41,1,4,1,196
84685,2025-01-24 21:04:44,0,3,0,0
73091,2025-01-24 21:06:08,0,7,1,540
8531,2025-01-24 21:09:08,0,5,1,301
8097,2025-01-24 21:30:46,0,7,1,140
23840,2025-01-24 21:42:33,1,6,1,308
88519,2025-01-24 22:00:01,0,10,0,0
32108,2025-01-24 22:09:53,0,10,0,0
22764,2025-01-24 22:19:35,1,8,1,152
33720,2025-01-24 22:21:21,1,8,0,0
80956,2025-01-24 22:22:31,0,7,1,231
15891,2025-01-24 22:39:08,0,3,0,0
61305,2025-01-24 22:54:31,1,6,0,0
33525,2025-01-24 23:08:22,1,5,0,0
79300,2025-01-24 23:22:26,0,6,0,0
56060,2025-01-24 23:45:18,0,12,0,0
61721,2025-01-24 23:49:51,0,10,0,0
74714,2025-01-25 01:53:49,0,2,0,0
95359,2025-01-25 02:01:18,0,8,1,152
82278,2025-01-25 02:03:15,0,7,0,0
92405,2025-01-25 02:21:10,1,7,1,414
7865,2025-01-25 02:24:11,1,7,1,149
94658,2025-01-25 02:54:23,1,5,1,191
45289,2025-01-25 03:12:02,0,5,0,0
89251,2025-01-25 03:22:19,0,3,1,115
69895,2025-01-25 03:43:04,0,2,0,0
36191,2025-01-25 03:45:33,0,6,0,0
68292,2025-01-25 04:06:37,1,4,1,197
43352,2025-01-25 04:14:51,0,4,1,169
55520,2025-01-25 04:40:01,0,6,1,391
39150,2025-01-25 05:01:20,0,7,0,0
66298,2025-01-25 05:02:03,0,7,0,0
30148,2025-01-25 05:13:14,0,7,1,293
29867,2025-01-25 05:41:43,1,6,0,0
78289,2025-01-25 06:25:05,0,7,0,0
84069,2025-01-25 06:32:23,0,5,1,373
6852,2025-01-25 06:38:26,0,5,0,0
42779,2025-01-25 07:10:14,1,5,0,0
71132,2025-01-25 07:14:39,0,8,0,0
30384,2025-01-25 07:30:37,1,9,0,0
29128,2025-01-25 07:46:04,1,6,1,250
48966,2025-01-25 08:00:08,0,6,1,312
28232,2025-01-25 08:43:07,0,6,0,0
26439,2025-01-25 08:44:35,0,8,0,0
5285,2025-01-25 09:02:19,1,10,0,0
73787,2025-01-25 09:13:43,0,6,1,280
41129,2025-01-25 09:15:11,0,8,0,0
74870,2025-01-25 09:40:14,0,5,0,0
23849,2025-01-25 09:42:26,0,8,0,0
82278,2025-01-25 09:46:04,0,3,0,0
24289,2025-01-25 10:01:19,0,12,0,0
8728,2025-01-25 10:18:44,0,5,1,348
43094,2025-01-25 10:21:28,0,3,0,0
68784,2025-01-25 10:23:59,0,4,1,144
23415,2025-01-25 10:26:02,1,4,0,0
3849,2025-01-25 10:38:33,0,7,1,438
81800,2025-01-25 10:40:45,1,5,0,0
55707,2025-01-25 10:43:31,0,6,1,267
39422,2025-01-25 10:52:54,0,4,0,0
86976,2025-01-25 10:55:20,0,6,0,0
75296,2025-01-25 10:59:01,0,3,1,314
93906,2025-01-25 11:07:02,1,4,1,187
57866,2025-01-25 11:38:05,0,1,0,0
23683,2025-01-25 11:45:59,1,7,0,0
11260,2025-01-25 12:02:49,1,7,0,0
61745,2025-01-25 12:04:12,0,4,0,0
54191,2025-01-25 12:04:57,1,9,1,231
91652,2025-01-25 12:11:58,0,4,0,0
1871,2025-01-25 12:26:25,1,12,1,128
92477,2025-01-25 12:28:40,0,6,1,340
69470,2025-01-25 12:41:48,0,4,0,0
40578,2025-01-25 12:46:02,0,6,0,0
97540,2025-01-25 13:05:04,1,5,1,174
22056,2025-01-25 13:07:58,0,5,1,233
1480,2025-01-25 13:08:34,0,12,0,0
51275,2025-01-25 13:31:49,0,3,0,0
62663,2025-01-25 13:34:34,0,4,0,0
87463,2025-01-25 13:42:43,1,8,0,0
46290,2025-01-25 13:56:46,0,9,0,0
27259,2025-01-25 13:59:04,0,7,0,0
74932,2025-01-25 14:09:10,0,8,1,348
57398,2025-01-25 14:19:38,0,5,0,0
52563,2025-01-25 14:21:17,1,3,0,0
80926,2025-01-25 14:37:38,1,3,1,249
5226,2025-01-25 14:40:20,0,4,0,0
38841,2025-01-25 15:08:23,0,7,0,0
29081,2025-01-25 15:13:01,0,6,0,0
96091,2025-01-25 15:14:09,0,7,0,0
21203,2025-01-25 15:37:27,0,3,0,0
72431,2025-01-25 15:47:05,0,4,1,333
2914,2025-01-25 15:53:46,0,6,1,222
38409,2025-01-25 16:05:24,1,4,0,0
42038,2025-01-25 16:18:43,0,4,0,0
98170,2025-01-25 16:22:07,0,3,0,0
33733,2025-01-25 16:29:35,0,5,0,0
53792,2025-01-25 16:39:28,0,5,1,198
61699,2025-01-25 16:41:07,0,5,0,0
40606,2025-01-25 16:44:57,0,7,0,0
1810,2025-01-25 16:46:37,0,9,0,0
23689,2025-01-25 16:47:59,0,7,0,0
46071,2025-01-25 16:52:59,1,3,1,71
70490,2025-01-25 16:55:29,0,7,0,0
7774,2025-01-25 16:58:08,0,8,0,0
88943,2025-01-25 17:29:39,1,10,1,100
5747,2025-01-25 17:34:25,0,7,0,0
12096,2025-01-25 17:49:33,1,7,0,0
1599,2025-01-25 18:14:37,0,5,0,0
4202,2025-01-25 18:19:36,0,7,1,80
99755,2025-01-25 18:20:58,0,9,1,157
88943,2025-01-25 18:44:22,0,7,0,0
8903,2025-01-25 18:55:17,0,9,0,0
88079,2025-01-25 19:03:56,0,5,0,0
24609,2025-01-25 19:09:26,0,5,0,0
3962,2025-01-25 19:18:10,1,10,0,0
70490,2025-01-25 19:24:05,0,4,1,115
37248,2025-01-25 19:58:06,0,6,0,0
55520,2025-01-25 20:07:39,0,5,0,0
54191,2025-01-25 20:45:17,1,6,0,0
30384,2025-01-25 20:52:18,0,8,0,0
61515,2025-01-25 21:10:10,1,6,1,247
84123,2025-01-25 21:14:19,0,5,0,0
65194,2025-01-25 21:17:26,0,3,0,0
2891,2025-01-25 21:23:39,1,9,0,0
33507,2025-01-25 21:26:20,0,6,0,0
33035,2025-01-25 21:28:47,0,4,0,0
69773,2025-01-25 21:31:55,0,5,1,272
98228,2025-01-25 21:32:21,0,3,0,0
7508,2025-01-25 21:44:36,1,5,0,0
79613,2025-01-25 21:46:39,0,6,0,0
30148,2025-01-25 21:52:46,0,3,0,0
13556,2025-01-25 22:30:59,0,9,1,316
56283,2025-01-25 22:33:42,0,7,1,405
67754,2025-01-25 22:38:55,0,9,0,0
90371,2025-01-25 22:41:28,0,12,0,0
87715,2025-01-25 22:42:01,1,2,0,0
78635,2025-01-25 22:49:39,0,9,1,186
15110,2025-01-25 23:01:38,0,6,0,0
27989,2025-01-25 23:06:28,1,7,0,0
62360,2025-01-25 23:17:49,1,7,1,218
23683,2025-01-25 23:33:20,0,6,0,0
97401,2025-01-25 23:36:44,1,1,0,0
55707,2025-01-25 23:40:47,0,5,0,0
11622,2025-01-25 23:48:49,0,13,0,0
25698,2025-01-25 23:58:16,0,4,1,164
71107,2025-01-26 00:01:49,0,6,1,216
79545,2025-01-26 00:03:33,0,3,0,0
3815,2025-01-26 00:05:17,0,7,0,0
51446,2025-01-26 00:44:04,0,7,1,354
7491,2025-01-26 01:01:45,0,10,0,0
58329,2025-01-26 01:19:08,0,5,0,0
19932,2025-01-26 01:38:27,0,5,0,0
37139,2025-01-26 01:49:26,0,6,1,205
46874,2025-01-26 02:58:48,1,2,0,0
68841,2025-01-26 03:21:59,0,5,0,0
94505,2025-01-26 03:39:35,0,8,1,172
72556,2025-01-26 03:45:08,0,9,0,0
57879,2025-01-26 04:26:11,1,5,0,0
43207,2025-01-26 05:01:55,0,8,0,0
80060,2025-01-26 05:15:24,0,5,0,0
3815,2025-01-26 05:17:43,0,9,0,0
55598,2025-01-26 05:23:17,0,5,0,0
49573,2025-01-26 06:04:16,1,1,0,0
37018,2025-01-26 06:19:23,0,5,0,0
60122,2025-01-26 06:19:30,0,8,0,0
19718,2025-01-26 06:22:41,0,6,1,194
97476,2025-01-26 06:39:56,0,4,1,443
41379,2025-01-26 06:40:15,0,8,1,271
56219,2025-01-26 06:53:41,0,7,1,237
8728,2025-01-26 07:34:18,1,8,0,0
58209,2025-01-26 08:05:09,0,4,0,0
62646,2025-01-26 08:09:57,0,7,0,0
43754,2025-01-26 08:35:12,1,3,1,128
40248,2025-01-26 08:44:46,1,6,1,174
94500,2025-01-26 08:46:26,1,9,0,0
29492,2025-01-26 08:48:02,0,6,0,0
13206,2025-01-26 08:50:53,0,11,1,119
81398,2025-01-26 09:23:51,0,9,0,0
88556,2025-01-26 09:35:46,0,5,0,0
78289,2025-01-26 10:13:56,0,4,0,0
64011,2025-01-26 10:21:01,1,4,0,0
45297,2025-01-26 10:23:06,0,8,0,0
3205,2025-01-26 10:23:10,0,2,0,0
90532,2025-01-26 10:24:08,0,4,0,0
57343,2025-01-26 10:35:52,1,4,0,0
60172,2025-01-26 10:46:03,1,6,0,0
79339,2025-01-26 10:47:45,0,4,0,0
18045,2025-01-26 10:51:35,0,5,1,402
31171,2025-01-26 11:18:40,1,7,0,0
88278,2025-01-26 11:19:40,0,3,0,0
34006,2025-01-26 11:19:52,0,11,0,0
96479,2025-01-26 11:22:46,0,5,0,0
80060,2025-01-26 11:30:06,0,1,1,217
88880,2025-01-26 11:32:59,0,5,1,325
11630,2025-01-26 11:33:36,0,9,0,0
14459,2025-01-26 12:13:26,1,4,1,431
69773,2025-01-26 12:14:39,1,5,0,0
97244,2025-01-26 12:24:21,0,4,1,306
1896,2025-01-26 12:37:13,0,7,0,0
1804,2025-01-26 13:00:00,0,5,0,0
41379,2025-01-26 13:00:02,1,6,0,0
71107,2025-01-26 13:02:50,1,8,0,0
55431,2025-01-26 13:04:09,0,4,1,102
5572,2025-01-26 13:22:12,0,8,0,0
19224,2025-01-26 13:28:33,0,7,1,280
88849,2025-01-26 13:30:25,1,6,1,184
57343,2025-01-26 13:55:11,1,4,1,439
40432,2025-01-26 14:35:08,0,9,0,0
59261,2025-01-26 14:39:39,0,9,1,195
81152,2025-01-26 14:48:06,0,4,0,0
79878,2025-01-26 14:48:46,1,6,0,0
73987,2025-01-26 14:56:49,0,3,1,104
4732,2025-01-26 14:58:43,1,9,0,0
49805,2025-01-26 15:16:28,0,3,1,210
70490,2025-01-26 15:25:41,0,6,0,0
87715,2025-01-26 15:25:48,0,7,1,410
30432,2025-01-26 15:35:39,0,4,1,171
47692,2025-01-26 15:45:51,1,3,0,0
77896,2025-01-26 15:49:55,0,8,1,229
66373,2025-01-26 15:51:28,0,4,0,0
26807,2025-01-26 15:55:30,0,3,1,170
12096,2025-01-26 15:59:19,1,5,0,0
57866,2025-01-26 16:06:13,0,7,1,306
60122,2025-01-26 16:12:41,1,7,1,539
72265,2025-01-26 16:21:20,0,5,1,349
19156,2025-01-26 16:32:28,1,10,1,509
37603,2025-01-26 17:20:45,0,6,0,0
8098,2025-01-26 17:27:33,0,9,0,0
7865,2025-01-26 17:38:12,0,2,1,163
62786,2025-01-26 17:59:06,0,5,0,0
99108,2025-01-26 18:08:27,0,2,0,0
96306,2025-01-26 18:13:54,1,5,0,0
26883,2025-01-26 18:19:17,0,6,0,0
18268,2025-01-26 18:27:21,1,5,0,0
25669,2025-01-26 18:37:43,1,4,0,0
44210,2025-01-26 18:38:04,1,8,0,0
69795,2025-01-26 18:51:09,1,5,0,0
8441,2025-01-26 18:52:06,0,6,1,296
5747,2025-01-26 18:52:59,1,5,1,665
59586,2025-01-26 19:02:12,1,5,0,0
99979,2025-01-26 19:06:34,0,8,0,0
73310,2025-01-26 19:11:43,1,8,0,0
75442,2025-01-26 19:12:49,1,2,1,167
59839,2025-01-26 19:25:31,0,4,0,0
85657,2025-01-26 19:32:44,0,6,0,0
75296,2025-01-26 19:41:30,1,5,1,153
50442,2025-01-26 19:52:56,1,6,0,0
2800,2025-01-26 20:00:17,0,2,0,0
6141,2025-01-26 20:10:49,0,4,1,431
19735,2025-01-26 20:16:27,0,5,0,0
46071,2025-01-26 20:42:14,0,7,1,150
1472,2025-01-26 20:51:49,1,8,0,0
86297,2025-01-26 20:55:00,1,6,0,0
19023,2025-01-26 21:02:51,0,4,0,0
19077,2025-01-26 21:17:14,0,6,1,143
92450,2025-01-26 21:28:46,0,9,0,0
45289,2025-01-26 21:31:18,0,5,1,372
88278,2025-01-26 21:31:30,0,8,1,101
34608,2025-01-26 21:37:40,0,9,1,179
30432,2025-01-26 21:40:38,1,3,0,0
80869,2025-01-26 21:42:35,0,5,0,0
65661,2025-01-26 21:43:11,0,7,0,0
93654,2025-01-26 21:46:09,0,8,1,167
74870,2025-01-26 21:55:21,0,10,1,120
41659,2025-01-26 22:05:22,0,4,0,0
45817,2025-01-26 22:08:14,0,6,1,143
22223,2025-01-26 22:08:28,0,5,1,338
22139,2025-01-26 22:11:09,0,6,0,0
10847,2025-01-26 22:11:16,0,3,0,0
69773,2025-01-26 22:31:45,0,7,1,487
34609,2025-01-26 22:42:20,0,6,0,0
57879,2025-01-26 22:50:47,0,2,0,0
57290,2025-01-26 22:56:25,0,15,0,0
95163,2025-01-26 23:03:45,0,6,0,0
96586,2025-01-26 23:24:05,0,2,0,0
96965,2025-01-26 23:27:01,0,3,1,200
88460,2025-01-27 00:00:09,0,7,0,0
59586,2025-01-27 00:10:49,1,7,0,0
8599,2025-01-27 00:24:57,0,5,0,0
97184,2025-01-27 00:28:13,0,6,0,0
20778,2025-01-27 01:23:02,0,6,0,0
39150,2025-01-27 01:52:11,0,6,0,0
66261,2025-01-27 02:08:37,1,7,1,361
61586,2025-01-27 02:25:50,0,8,1,232
91601,2025-01-27 02:32:06,1,1,1,269
39012,2025-01-27 03:02:28,0,6,0,0
60662,2025-01-27 03:03:59,1,5,0,0
39378,2025-01-27 03:04:04,0,7,0,0
61378,2025-01-27 03:13:33,1,7,1,324
96291,2025-01-27 04:14:02,1,6,0,0
64454,2025-01-27 04:59:50,1,3,0,0
60520,2025-01-27 05:23:39,0,6,1,111
37869,2025-01-27 05:37:21,1,7,1,338
90154,2025-01-27 06:17:52,0,5,0,0
5613,2025-01-27 07:05:54,1,11,0,0
91229,2025-01-27 07:10:23,0,4,1,199
73987,2025-01-27 07:29:22,1,6,0,0
67308,2025-01-27 07:34:19,1,9,0,0
21072,2025-01-27 07:38:47,1,4,1,267
81152,2025-01-27 08:09:35,1,4,1,156
30384,2025-01-27 08:13:47,0,2,1,194
59342,2025-01-27 08:15:21,1,3,0,0
96268,2025-01-27 08:21:06,0,4,1,198
43207,2025-01-27 08:33:30,1,8,0,0
58578,2025-01-27 08:50:56,0,3,1,372
88110,2025-01-27 08:56:31,0,5,1,399
19932,2025-01-27 09:00:47,1,4,1,362
15985,2025-01-27 09:01:38,0,7,0,0
55431,2025-01-27 09:17:18,0,6,1,98
28552,2025-01-27 09:32:11,1,5,1,230
3908,2025-01-27 09:42:44,1,8,1,242
84123,2025-01-27 09:49:52,0,3,1,625
48241,2025-01-27 09:53:15,0,4,0,0
1124,2025-01-27 10:05:54,1,8,0,0
63138,2025-01-27 10:06:21,0,6,0,0
98513,2025-01-27 10:14:09,1,6,0,0
17016,2025-01-27 10:14:27,1,8,0,0
30932,2025-01-27 10:16:51,1,5,1,290
30434,2025-01-27 11:03:58,0,5,0,0
81339,2025-01-27 11:04:07,0,3,1,277
64171,2025-01-27 11:11:04,1,10,1,182
86215,2025-01-27 11:19:41,0,4,0,0
52613,2025-01-27 11:35:33,0,4,1,247
12361,2025-01-27 11:51:30,0,6,1,416
25818,2025-01-27 11:53:52,1,3,0,0
71576,2025-01-27 11:57:09,0,7,1,170
2092,2025-01-27 12:09:22,1,7,0,0
49538,2025-01-27 12:09:39,1,7,0,0
13285,2025-01-27 12:10:21,0,11,0,0
25669,2025-01-27 12:16:46,0,4,0,0
83275,2025-01-27 12:33:08,0,9,0,0
13709,2025-01-27 12:40:28,0,3,0,0
36828,2025-01-27 12:49:53,0,10,1,169
99755,2025-01-27 13:01:17,0,9,0,0
43194,2025-01-27 13:12:19,0,5,0,0
20778,2025-01-27 13:18:33,1,10,0,0
93906,2025-01-27 13:21:50,0,7,0,0
80632,2025-01-27 13:30:10,1,4,1,230
77896,2025-01-27 13:38:55,1,5,1,183
94249,2025-01-27 13:40:20,1,6,0,0
15407,2025-01-27 14:20:35,0,6,0,0
33035,2025-01-27 14:22:33,0,6,1,461
62347,2025-01-27 14:40:23,0,4,0,0
21072,2025-01-27 15:09:24,0,9,0,0
24678,2025-01-27 15:16:22,0,6,0,0
96973,2025-01-27 15:18:17,1,8,1,446
16025,2025-01-27 15:34:37,0,6,1,222
88519,2025-01-27 16:09:01,1,5,1,245
86976,2025-01-27 16:10:04,0,7,0,0
21007,2025-01-27 16:10:25,0,10,0,0
82759,2025-01-27 16:19:45,0,8,0,0
93986,2025-01-27 16:34:04,0,9,0,0
35065,2025-01-27 16:39:11,0,6,0,0
90790,2025-01-27 16:58:26,0,10,1,205
22169,2025-01-27 17:13:00,0,4,0,0
54197,2025-01-27 17:15:44,0,1,0,0
58694,2025-01-27 17:24:13,0,10,1,175
16025,2025-01-27 17:55:47,0,10,1,279
1810,2025-01-27 18:13:12,0,12,1,288
33518,2025-01-27 18:31:24,0,5,0,0
48984,2025-01-27 18:34:02,0,3,1,149
95767,2025-01-27 19:11:30,1,3,0,0
90100,2025-01-27 19:25:10,0,6,0,0
19157,2025-01-27 19:33:48,0,9,0,0
85629,2025-01-27 19:47:54,0,4,1,234
32003,2025-01-27 19:50:04,0,3,0,0
11140,2025-01-27 19:50:56,0,9,0,0
9548,2025-01-27 20:00:52,1,6,1,284
3815,2025-01-27 20:01:19,0,7,0,0
58209,2025-01-27 20:27:10,0,6,1,101
2121,2025-01-27 20:36:11,1,4,1,204
33213,2025-01-27 20:44:40,0,7,1,284
83485,2025-01-27 20:47:54,1,7,0,0
81152,2025-01-27 20:53:47,0,6,0,0
78810,2025-01-27 20:58:00,0,10,1,295
79609,2025-01-27 21:12:14,0,2,0,0
90076,2025-01-27 21:21:08,0,8,0,0
51275,2025-01-27 21:25:36,0,7,0,0
87481,2025-01-27 21:45:38,0,6,0,0
97394,2025-01-27 21:55:24,0,4,0,0
22790,2025-01-27 22:04:05,0,6,0,0
26807,2025-01-27 22:41:47,0,6,0,0
1740,2025-01-27 22:45:03,1,9,0,0
41505,2025-01-27 22:49:32,0,4,0,0
34155,2025-01-27 22:51:52,0,3,1,144
2267,2025-01-27 23:02:10,0,4,0,0
5227,2025-01-27 23:03:26,0,6,1,144
24531,2025-01-27 23:03:41,0,8,0,0
91766,2025-01-27 23:10:36,0,5,0,0
918,2025-01-27 23:39:57,0,9,0,0
41926,2025-01-27 23:41:04,0,8,1,301
51275,2025-01-28 00:05:44,1,7,0,0
18268,2025-01-28 00:16:05,0,8,0,0
81897,2025-01-28 00:24:51,1,5,1,236
67089,2025-01-28 00:29:07,0,9,0,0
67542,2025-01-28 00:42:58,1,5,0,0
31813,2025-01-28 00:47:03,0,2,0,0
40211,2025-01-28 00:50:46,0,2,1,146
67754,2025-01-28 01:12:57,0,6,0,0
71107,2025-01-28 01:34:25,1,9,0,0
83471,2025-01-28 02:33:44,0,6,0,0
39441,2025-01-28 02:45:19,0,9,0,0
19735,2025-01-28 02:54:38,0,4,0,0
15425,2025-01-28 03:17:40,0,8,0,0
56096,2025-01-28 03:40:41,0,4,1,386
36903,2025-01-28 03:54:26,1,9,0,0
78289,2025-01-28 04:01:59,0,5,0,0
28644,2025-01-28 05:00:04,1,6,1,281
56219,2025-01-28 05:05:25,1,9,0,0
21203,2025-01-28 05:52:17,0,5,0,0
81379,2025-01-28 06:31:05,0,6,0,0
35105,2025-01-28 06:52:25,1,7,1,142
36858,2025-01-28 06:59:04,0,5,0,0
72556,2025-01-28 07:00:54,0,5,0,0
32003,2025-01-28 07:02:36,0,7,0,0
53854,2025-01-28 07:04:10,1,7,0,0
35692,2025-01-28 07:18:59,0,9,0,0
36913,2025-01-28 07:34:18,0,4,0,0
76269,2025-01-28 07:53:28,0,4,0,0
14008,2025-01-28 07:59:54,0,3,1,216
66706,2025-01-28 08:06:53,0,7,0,0
22169,2025-01-28 08:08:25,0,6,0,0
14635,2025-01-28 08:33:42,0,14,1,181
92375,2025-01-28 08:36:12,0,10,0,0
55800,2025-01-28 08:36:16,0,4,0,0
86645,2025-01-28 08:49:28,0,5,0,0
25698,2025-01-28 08:50:43,0,4,1,253
64121,2025-01-28 09:41:58,1,5,0,0
49003,2025-01-28 09:47:25,1,4,0,0
73187,2025-01-28 10:00:59,0,7,0,0
85788,2025-01-28 10:03:55,1,4,1,97
15891,2025-01-28 10:14:37,0,4,0,0
12373,2025-01-28 10:28:29,0,1,1,124
26439,2025-01-28 10:33:12,0,9,0,0
13363,2025-01-28 10:37:23,0,5,0,0
81481,2025-01-28 10:38:07,0,7,0,0
26046,2025-01-28 10:41:07,0,6,0,0
36685,2025-01-28 11:11:15,0,10,1,139
21836,2025-01-28 11:12:12,0,6,0,0
9922,2025-01-28 11:14:24,0,5,0,0
54263,2025-01-28 11:53:49,0,6,0,0
96268,2025-01-28 11:57:14,0,5,1,68
30843,2025-01-28 12:02:21,1,5,0,0
3922,2025-01-28 12:18:12,0,4,1,300
41611,2025-01-28 12:21:07,0,7,1,150
95765,2025-01-28 12:29:43,0,7,1,234
80014,2025-01-28 12:58:04,0,8,1,254
63528,2025-01-28 13:01:17,0,8,0,0
86198,2025-01-28 13:23:06,0,5,0,0
39172,2025-01-28 13:27:23,0,11,1,202
16025,2025-01-28 13:42:08,0,4,0,0
29898,2025-01-28 13:50:59,0,5,1,481
66504,2025-01-28 13:57:54,1,5,0,0
97169,2025-01-28 14:01:50,0,8,0,0
97515,2025-01-28 14:04:05,1,11,1,268
58694,2025-01-28 14:08:43,0,9,0,0
5407,2025-01-28 14:17:05,0,4,0,0
65841,2025-01-28 14:31:01,0,6,0,0
87715,2025-01-28 14:37:51,0,7,1,108
15123,2025-01-28 14:41:11,0,6,1,397
91745,2025-01-28 14:47:00,0,9,1,195
22980,2025-01-28 14:49:06,0,7,0,0
808,2025-01-28 14:53:42,0,5,0,0
12603,2025-01-28 15:09:16,0,7,0,0
36858,2025-01-28 15:21:07,1,12,0,0
51968,2025-01-28 15:25:03,0,8,1,250
72607,2025-01-28 15:39:04,0,5,0,0
80931,2025-01-28 15:43:05,0,3,0,0
2106,2025-01-28 15:49:20,0,7,0,0
19718,2025-01-28 16:11:00,1,4,0,0
23900,2025-01-28 16:11:12,0,10,0,0
85879,2025-01-28 16:25:35,1,6,1,204
29258,2025-01-28 16:45:58,1,5,1,563
88678,2025-01-28 16:52:02,1,4,0,0
15173,2025-01-28 17:01:25,0,4,1,126
79613,2025-01-28 17:11:38,1,10,0,0
82759,2025-01-28 17:19:14,0,6,1,87
16913,2025-01-28 17:20:46,0,9,0,0
31889,2025-01-28 17:20:47,0,10,0,0
57896,2025-01-28 17:26:09,1,6,0,0
93782,2025-01-28 17:43:39,0,4,0,0
36636,2025-01-28 17:52:23,1,4,0,0
91766,2025-01-28 18:08:25,0,3,0,0
26339,2025-01-28 18:09:53,0,6,1,305
2092,2025-01-28 18:25:35,1,10,0,0
90127,2025-01-28 18:37:45,0,4,0,0
31826,2025-01-28 18:39:55,0,5,0,0
66882,2025-01-28 18:55:51,1,5,0,0
58209,2025-01-28 19:08:01,1,7,1,168
39441,2025-01-28 19:38:48,0,5,1,155
2390,2025-01-28 19:57:35,0,6,0,0
63860,2025-01-28 20:00:06,0,5,0,0
88091,2025-01-28 20:14:54,0,6,0,0
20395,2025-01-28 20:53:57,0,3,0,0
89815,2025-01-28 20:57:55,0,5,0,0
89704,2025-01-28 21:04:35,1,7,0,0
84565,2025-01-28 21:11:27,0,6,1,184
90076,2025-01-28 21:17:04,0,3,1,358
2207,2025-01-28 21:18:59,0,6,1,248
54191,2025-01-28 21:22:12,0,8,0,0
49973,2025-01-28 21:26:34,0,11,0,0
61488,2025-01-28 21:31:03,0,6,0,0
30439,2025-01-28 21:33:39,1,9,1,136
69773,2025-01-28 21:42:41,0,5,1,386
14990,2025-01-28 22:07:29,1,5,1,362
3922,2025-01-28 22:09:25,0,5,0,0
37603,2025-01-28 22:09:40,0,6,1,197
93180,2025-01-28 22:13:35,0,8,0,0
43194,2025-01-28 22:41:17,0,5,0,0
25988,2025-01-28 22:56:58,0,8,0,0
22406,2025-01-28 23:05:52,0,12,0,0
14459,2025-01-28 23:10:36,0,6,1,225
81390,2025-01-28 23:22:45,1,6,1,257
68181,2025-01-28 23:31:01,0,9,0,0
91072,2025-01-28 23:31:44,0,7,1,241
46559,2025-01-28 23:39:24,0,8,0,0
69384,2025-01-28 23:53:33,0,7,0,0
61488,2025-01-28 23:54:06,0,5,0,0
29492,2025-01-29 00:12:12,0,9,1,131
90371,2025-01-29 00:14:11,0,8,1,260
93991,2025-01-29 00:17:48,1,4,0,0
15985,2025-01-29 00:53:44,1,6,1,104
2129,2025-01-29 00:54:14,0,6,1,335
39012,2025-01-29 00:58:54,0,3,0,0
58693,2025-01-29 01:02:03,0,6,0,0
94302,2025-01-29 01:05:49,1,10,0,0
71986,2025-01-29 01:09:13,0,5,0,0
15338,2025-01-29 01:22:12,0,5,1,213
31361,2025-01-29 01:22:12,0,6,0,0
25938,2025-01-29 01:22:26,0,2,0,0
97436,2025-01-29 01:24:02,1,7,0,0
20460,2025-01-29 01:27:47,0,7,0,0
54429,2025-01-29 01:51:46,1,6,0,0
84921,2025-01-29 02:55:33,0,8,1,654
9584,2025-01-29 03:13:09,0,9,1,193
78431,2025-01-29 03:54:01,1,6,0,0
10847,2025-01-29 03:56:37,0,6,0,0
28199,2025-01-29 04:45:10,0,7,0,0
73692,2025-01-29 06:18:38,1,6,0,0
96358,2025-01-29 06:26:59,1,11,0,0
41601,2025-01-29 07:45:33,1,2,1,317
33525,2025-01-29 07:46:14,1,3,0,0
16473,2025-01-29 08:00:23,0,5,0,0
81379,2025-01-29 08:01:10,1,6,0,0
68181,2025-01-29 08:01:32,0,7,0,0
38863,2025-01-29 08:26:41,1,6,0,0
74036,2025-01-29 08:33:13,1,5,0,0
34087,2025-01-29 08:40:46,0,7,0,0
82132,2025-01-29 08:41:29,1,9,1,318
23849,2025-01-29 09:20:39,1,6,0,0
75725,2025-01-29 09:37:10,0,4,1,201
88258,2025-01-29 10:01:56,0,6,0,0
64454,2025-01-29 10:11:59,1,8,0,0
15305,2025-01-29 10:13:21,1,3,0,0
34927,2025-01-29 10:15:53,0,4,1,352
50649,2025-01-29 10:17:26,0,5,0,0
89162,2025-01-29 10:36:33,1,4,1,520
93720,2025-01-29 10:38:45,0,3,0,0
71693,2025-01-29 10:41:38,1,8,0,0
29963,2025-01-29 10:44:36,1,6,0,0
71986,2025-01-29 10:54:49,0,6,0,0
64171,2025-01-29 10:55:15,1,5,1,182
28552,2025-01-29 11:04:14,0,7,0,0
55169,2025-01-29 11:20:29,0,3,0,0
33035,2025-01-29 11:41:42,0,4,0,0
64198,2025-01-29 11:46:33,0,8,0,0
52139,2025-01-29 11:47:35,0,3,0,0
76936,2025-01-29 11:59:05,0,3,0,0
31878,2025-01-29 12:02:05,0,2,1,229
55575,2025-01-29 12:04:00,1,2,1,229
57697,2025-01-29 12:27:23,0,2,0,0
86553,2025-01-29 12:55:51,0,5,0,0
79850,2025-01-29 12:55:57,1,12,1,596
3141,2025-01-29 12:56:04,0,10,0,0
62360,2025-01-29 13:10:11,0,9,1,164
78175,2025-01-29 13:11:07,0,2,1,428
42321,2025-01-29 13:35:29,0,5,0,0
17016,2025-01-29 13:49:12,0,5,0,0
15882,2025-01-29 14:03:28,0,8,0,0
40181,2025-01-29 14:11:24,1,1,0,0
24425,2025-01-29 14:17:01,0,4,0,0
78231,2025-01-29 14:39:30,1,4,0,0
6758,2025-01-29 14:42:01,0,8,0,0
64361,2025-01-29 14:42:23,0,3,0,0
96917,2025-01-29 14:59:58,1,10,0,0
26309,2025-01-29 15:04:40,1,7,0,0
64927,2025-01-29 15:16:21,0,2,0,0
58329,2025-01-29 15:23:24,0,6,0,0
53945,2025-01-29 15:32:34,1,9,0,0
22864,2025-01-29 15:36:11,0,11,0,0
67096,2025-01-29 15:50:08,1,10,0,0
53792,2025-01-29 16:06:29,0,7,1,447
2009,2025-01-29 16:13:14,0,4,1,187
48352,2025-01-29 16:15:36,0,5,0,0
88943,2025-01-29 16:19:15,1,4,0,0
15891,2025-01-29 16:19:41,0,5,0,0
35105,2025-01-29 16:19:57,0,3,1,380
92405,2025-01-29 16:27:31,1,8,1,235
38957,2025-01-29 16:31:50,0,10,0,0
95904,2025-01-29 16:35:59,0,8,0,0
23415,2025-01-29 17:00:41,0,5,0,0
48984,2025-01-29 17:05:26,0,6,0,0
22636,2025-01-29 17:27:03,1,5,0,0
38942,2025-01-29 17:38:45,0,7,0,0
21811,2025-01-29 18:10:28,0,5,1,132
9975,2025-01-29 18:21:35,0,5,0,0
15985,2025-01-29 18:40:57,0,4,0,0
99108,2025-01-29 18:43:46,0,7,0,0
13660,2025-01-29 18:45:02,1,7,0,0
37603,2025-01-29 18:45:32,0,8,0,0
68804,2025-01-29 18:50:48,0,10,1,157
67975,2025-01-29 18:52:25,0,8,0,0
88678,2025-01-29 18:56:38,0,4,0,0
26407,2025-01-29 18:56:48,0,4,0,0
22139,2025-01-29 19:05:28,0,3,0,0
80014,2025-01-29 19:09:29,1,6,0,0
74036,2025-01-29 19:27:38,0,2,0,0
71596,2025-01-29 19:28:14,0,6,1,219
98633,2025-01-29 19:32:00,0,7,1,248
89815,2025-01-29 19:42:10,0,6,0,0
12093,2025-01-29 19:48:11,1,5,0,0
59586,2025-01-29 19:48:56,1,5,1,206
74016,2025-01-29 19:51:52,1,4,1,287
62646,2025-01-29 19:53:26,0,5,1,539
22122,2025-01-29 20:29:34,0,1,0,0
58587,2025-01-29 20:34:28,0,8,1,80
61799,2025-01-29 20:39:35,1,5,0,0
32805,2025-01-29 20:48:10,1,2,0,0
29898,2025-01-29 21:02:47,1,3,1,376
31361,2025-01-29 21:07:33,0,8,0,0
12525,2025-01-29 21:09:29,1,7,0,0
85849,2025-01-29 21:11:18,1,9,0,0
23425,2025-01-29 21:12:26,0,7,1,180
93720,2025-01-29 21:12:31,1,10,1,152
94500,2025-01-29 21:17:19,0,6,1,125
66373,2025-01-29 21:35:30,1,6,1,561
97773,2025-01-29 21:51:19,0,9,0,0
67754,2025-01-29 21:51:26,1,4,0,0
47815,2025-01-29 22:09:50,1,6,0,0
52393,2025-01-29 22:21:27,1,3,0,0
16949,2025-01-29 22:29:50,0,6,0,0
75304,2025-01-29 22:31:40,1,2,0,0
25669,2025-01-29 22:34:05,0,5,0,0
53215,2025-01-29 22:42:35,0,4,1,381
62848,2025-01-29 22:44:02,0,5,0,0
80681,2025-01-29 22:55:53,0,8,0,0
16234,2025-01-29 22:59:02,1,6,0,0
28232,2025-01-29 23:02:15,0,5,0,0
14990,2025-01-29 23:11:31,0,11,0,0
9642,2025-01-29 23:17:00,0,9,1,215
32563,2025-01-29 23:19:48,0,5,0,0
3908,2025-01-29 23:19:56,0,7,0,0
39172,2025-01-29 23:30:04,1,3,0,0
60172,2025-01-29 23:34:49,0,3,0,0
75725,2025-01-29 23:38:47,0,7,0,0
30239,2025-01-29 23:40:01,0,6,0,0
39172,2025-01-29 23:48:16,0,5,0,0
38674,2025-01-29 23:54:42,0,7,1,116
48881,2025-01-29 23:55:01,0,11,0,0
54429,2025-01-30 00:10:47,0,7,1,107
56666,2025-01-30 00:28:11,1,3,1,102
57290,2025-01-30 00:31:29,0,6,1,229
35453,2025-01-30 00:43:37,0,5,0,0
60174,2025-01-30 01:18:32,0,5,1,221
75304,2025-01-30 02:09:03,1,12,0,0
8224,2025-01-30 02:16:00,0,5,0,0
40529,2025-01-30 02:17:42,0,5,0,0
39441,2025-01-30 02:23:48,0,6,0,0
25646,2025-01-30 02:28:08,1,6,0,0
93986,2025-01-30 02:52:37,0,7,0,0
23370,2025-01-30 02:53:32,1,8,0,0
88460,2025-01-30 03:28:22,0,6,1,207
1871,2025-01-30 03:38:06,1,8,1,241
39172,2025-01-30 03:38:28,0,2,0,0
17089,2025-01-30 03:50:20,0,5,0,0
33733,2025-01-30 04:13:48,1,7,0,0
94249,2025-01-30 04:40:17,1,5,0,0
98170,2025-01-30 06:01:26,0,7,0,0
22636,2025-01-30 06:23:53,0,4,0,0
40211,2025-01-30 06:27:10,0,5,0,0
40567,2025-01-30 06:47:00,0,4,1,491
98421,2025-01-30 06:48:46,0,4,1,126
92032,2025-01-30 07:56:42,0,7,0,0
38246,2025-01-30 08:06:09,0,4,1,495
52346,2025-01-30 08:12:12,1,5,0,0
23311,2025-01-30 08:13:14,0,5,0,0
10895,2025-01-30 08:21:36,1,10,0,0
78231,2025-01-30 08:26:02,0,2,1,545
80321,2025-01-30 08:28:27,1,5,0,0
79797,2025-01-30 08:28:52,1,3,1,301
78175,2025-01-30 08:30:44,0,7,0,0
68467,2025-01-30 08:31:59,0,4,0,0
6011,2025-01-30 08:38:58,0,5,1,183
79850,2025-01-30 08:50:59,0,3,0,0
12553,2025-01-30 09:20:44,0,7,0,0
17289,2025-01-30 09:28:13,0,11,0,0
12889,2025-01-30 09:29:10,0,12,1,227
64454,2025-01-30 09:31:18,1,3,1,377
87745,2025-01-30 09:37:09,1,9,0,0
30148,2025-01-30 09:37:16,0,6,0,0
18040,2025-01-30 09:50:41,1,7,1,367
31361,2025-01-30 09:51:28,0,6,0,0
21714,2025-01-30 10:00:03,0,7,1,176
13897,2025-01-30 10:06:26,1,6,0,0
25818,2025-01-30 10:08:43,0,6,0,0
41611,2025-01-30 10:09:12,1,5,1,335
84069,2025-01-30 10:11:41,0,5,0,0
96128,2025-01-30 10:32:15,1,9,0,0
17398,2025-01-30 10:34:56,0,9,1,300
41611,2025-01-30 10:40:33,0,5,0,0
61745,2025-01-30 10:41:55,0,6,1,333
20460,2025-01-30 11:02:04,0,4,1,278
78231,2025-01-30 11:05:42,0,13,1,232
1477,2025-01-30 11:21:36,0,2,0,0
95645,2025-01-30 11:41:29,0,6,1,193
89815,2025-01-30 11:49:20,0,7,1,307
57333,2025-01-30 12:00:58,0,6,0,0
46559,2025-01-30 12:12:43,0,8,0,0
56219,2025-01-30 12:36:27,0,6,1,255
48966,2025-01-30 12:39:44,0,6,0,0
96479,2025-01-30 12:50:26,1,2,0,0
53005,2025-01-30 12:51:03,1,6,0,0
81481,2025-01-30 13:38:28,1,4,0,0
97394,2025-01-30 13:44:23,1,8,0,0
19109,2025-01-30 13:56:56,0,8,0,0
16353,2025-01-30 14:12:52,0,3,0,0
70343,2025-01-30 14:25:06,0,4,0,0
9573,2025-01-30 14:26:06,0,3,0,0
33035,2025-01-30 14:36:15,1,6,1,453
78328,2025-01-30 14:50:46,0,7,0,0
36522,2025-01-30 14:56:26,0,6,0,0
74520,2025-01-30 15:09:08,0,6,0,0
30432,2025-01-30 15:10:06,0,9,1,171
86198,2025-01-30 15:11:01,0,8,0,0
39079,2025-01-30 15:30:41,0,5,1,146
26807,2025-01-30 15:34:47,0,7,0,0
27747,2025-01-30 15:42:28,0,7,0,0
72204,2025-01-30 15:44:40,0,7,0,0
75651,2025-01-30 15:46:09,1,5,0,0
93541,2025-01-30 15:59:52,0,7,0,0
65661,2025-01-30 16:00:57,0,8,0,0
23791,2025-01-30 16:03:27,0,4,0,0
9364,2025-01-30 16:04:55,1,8,1,261
40385,2025-01-30 16:09:38,0,6,0,0
96921,2025-01-30 16:11:28,0,9,0,0
41909,2025-01-30 16:18:23,0,3,1,118
77173,2025-01-30 16:27:32,0,5,1,168
72354,2025-01-30 16:30:57,0,4,0,0
84500,2025-01-30 16:35:12,0,7,0,0
2914,2025-01-30 16:56:39,0,4,0,0
12093,2025-01-30 17:25:06,0,8,1,231
93720,2025-01-30 17:29:29,1,2,1,206
79825,2025-01-30 17:35:23,1,3,1,490
34701,2025-01-30 17:44:37,1,7,1,142
31171,2025-01-30 17:48:36,1,7,1,123
41659,2025-01-30 17:52:05,0,8,1,153
52814,2025-01-30 17:52:43,0,1,1,557
82212,2025-01-30 18:37:49,0,8,1,136
24489,2025-01-30 18:40:58,0,7,1,182
77884,2025-01-30 18:49:24,0,10,1,151
48881,2025-01-30 18:51:29,0,5,0,0
9642,2025-01-30 19:02:07,0,8,0,0
9110,2025-01-30 19:03:33,0,10,0,0
94436,2025-01-30 19:08:36,0,5,0,0
19436,2025-01-30 19:16:15,1,6,0,0
80632,2025-01-30 19:17:32,1,6,0,0
54191,2025-01-30 19:20:17,1,3,0,0
96479,2025-01-30 19:24:32,0,6,0,0
72873,2025-01-30 19:25:54,0,3,0,0
78810,2025-01-30 19:29:21,0,9,1,155
50018,2025-01-30 19:31:37,1,10,0,0
75296,2025-01-30 20:09:31,1,4,0,0
26038,2025-01-30 20:15:07,1,2,0,0
25646,2025-01-30 20:22:52,1,10,0,0
88880,2025-01-30 20:23:57,0,7,0,0
41909,2025-01-30 20:40:17,0,6,0,0
18105,2025-01-30 21:00:21,0,10,0,0
44534,2025-01-30 21:01:21,1,7,0,0
51990,2025-01-30 21:03:03,0,3,1,138
31157,2025-01-30 21:29:26,1,2,1,405
37393,2025-01-30 21:29:40,0,10,0,0
24887,2025-01-30 21:41:49,0,6,0,0
43133,2025-01-30 21:42:18,1,9,1,207
80211,2025-01-30 21:54:40,0,5,1,197
70071,2025-01-30 22:09:30,0,6,0,0
82175,2025-01-30 22:25:11,0,6,1,237
45301,2025-01-30 22:25:39,0,7,0,0
81497,2025-01-30 22:27:54,0,7,0,0
36219,2025-01-30 22:28:17,0,8,1,457
40567,2025-01-30 22:34:34,1,4,0,0
99487,2025-01-30 22:44:12,1,6,0,0
36885,2025-01-30 23:03:23,0,5,1,199
7822,2025-01-30 23:12:09,0,3,0,0
23220,2025-01-30 23:18:34,1,5,1,241
28644,2025-01-30 23:29:14,1,0,1,205
37393,2025-01-30 23:49:31,1,6,1,129
1740,2025-01-30 23:52:46,0,6,0,0
7040,2025-01-30 23:54:46,1,6,0,0
73514,2025-01-31 00:15:46,1,7,1,228
14635,2025-01-31 00:18:18,1,6,0,0
29831,2025-01-31 00:19:01,0,5,1,95
74377,2025-01-31 01:35:56,0,6,0,0
16754,2025-01-31 01:55:52,1,3,1,202
74136,2025-01-31 01:56:03,0,11,0,0
2129,2025-01-31 02:25:18,1,4,0,0
96268,2025-01-31 02:26:34,0,4,1,209
67499,2025-01-31 02:46:58,0,3,0,0
74579,2025-01-31 02:57:12,1,4,0,0
67308,2025-01-31 04:01:55,1,5,0,0
36903,2025-01-31 04:13:09,1,8,0,0
2092,2025-01-31 04:31:21,1,7,0,0
61305,2025-01-31 04:46:01,1,6,1,102
75304,2025-01-31 04:53:52,0,7,1,149
15891,2025-01-31 04:57:25,1,8,0,0
49265,2025-01-31 05:15:22,0,4,0,0
74520,2025-01-31 05:34:02,1,6,0,0
60051,2025-01-31 05:50:53,0,3,0,0
36764,2025-01-31 06:14:45,0,5,0,0
9110,2025-01-31 06:45:26,1,3,0,0
92920,2025-01-31 06:48:39,0,6,0,0
5080,2025-01-31 06:51:58,0,4,0,0
9103,2025-01-31 07:04:52,0,8,0,0
79503,2025-01-31 07:42:16,0,5,0,0
78413,2025-01-31 08:02:54,0,5,1,246
93385,2025-01-31 08:11:16,0,10,0,0
45064,2025-01-31 08:12:55,1,6,0,0
29898,2025-01-31 08:26:00,0,5,1,90
28644,2025-01-31 08:29:07,0,6,0,0
26807,2025-01-31 08:58:46,0,7,1,201
61625,2025-01-31 09:02:18,1,5,0,0
23332,2025-01-31 09:10:09,0,8,0,0
98228,2025-01-31 09:17:25,1,6,0,0
56060,2025-01-31 09:21:56,0,8,0,0
67096,2025-01-31 09:28:38,1,2,1,218
83471,2025-01-31 09:33:51,0,9,0,0
65841,2025-01-31 09:36:58,1,7,0,0
97279,2025-01-31 09:38:36,0,6,1,234
92032,2025-01-31 09:49:43,0,11,0,0
34353,2025-01-31 09:57:15,1,7,0,0
12332,2025-01-31 09:59:32,0,8,1,252
82729,2025-01-31 10:06:30,1,5,0,0
2092,2025-01-31 10:07:18,0,6,0,0
40475,2025-01-31 10:09:52,0,10,0,0
29608,2025-01-31 10:16:38,0,6,0,0
62212,2025-01-31 10:35:09,0,3,0,0
79831,2025-01-31 10:35:28,1,6,0,0
91486,2025-01-31 10:36:29,0,7,0,0
978,2025-01-31 10:40:01,1,8,0,0
90423,2025-01-31 10:51:38,0,7,1,136
41379,2025-01-31 10:52:35,1,6,1,151
88079,2025-01-31 10:53:15,0,4,0,0
22528,2025-01-31 10:53:37,0,7,1,134
11146,2025-01-31 10:54:10,0,1,1,188
50487,2025-01-31 11:00:35,0,8,1,539
71149,2025-01-31 11:02:56,0,7,0,0
5566,2025-01-31 11:11:21,0,2,0,0
21848,2025-01-31 11:15:20,0,6,0,0
3849,2025-01-31 11:17:02,0,9,0,0
71924,2025-01-31 11:40:51,0,6,0,0
52563,2025-01-31 11:47:27,0,6,0,0
43010,2025-01-31 11:59:09,0,5,0,0
98228,2025-01-31 12:03:30,0,5,0,0
24609,2025-01-31 12:07:09,0,6,1,334
2800,2025-01-31 12:12:36,0,6,1,275
15882,2025-01-31 12:13:00,1,6,0,0
48650,2025-01-31 12:22:58,0,4,1,58
77734,2025-01-31 12:30:30,0,5,0,0
87745,2025-01-31 12:31:10,1,3,0,0
62786,2025-01-31 12:32:55,0,3,0,0
49265,2025-01-31 12:38:05,0,5,1,300
62848,2025-01-31 12:39:42,0,6,0,0
54644,2025-01-31 12:45:15,0,8,0,0
7244,2025-01-31 13:07:15,0,9,1,210
75677,2025-01-31 13:17:41,0,5,0,0
33189,2025-01-31 13:22:18,1,5,0,0
39672,2025-01-31 13:29:00,1,5,1,320
36910,2025-01-31 13:34:54,0,9,0,0
16728,2025-01-31 13:54:28,0,5,0,0
4052,2025-01-31 14:20:00,0,4,0,0
38942,2025-01-31 14:31:37,0,8,1,339
74016,2025-01-31 14:45:31,0,8,1,469
7399,2025-01-31 15:05:48,1,3,0,0
93156,2025-01-31 15:21:42,0,4,1,205
31171,2025-01-31 15:27:17,0,9,0,0
16392,2025-01-31 15:36:06,1,3,0,0
32444,2025-01-31 15:39:30,0,1,0,0
36910,2025-01-31 15:42:06,0,4,0,0
76469,2025-01-31 15:43:55,0,10,1,325
46529,2025-01-31 15:49:25,0,7,0,0
50584,2025-01-31 16:04:01,0,3,1,184
96921,2025-01-31 16:08:02,1,6,0,0
55076,2025-01-31 16:14:36,0,3,0,0
93156,2025-01-31 16:24:57,0,8,0,0
25852,2025-01-31 16:34:51,0,6,0,0
93782,2025-01-31 16:37:25,1,3,0,0
53854,2025-01-31 16:57:27,1,6,1,190
74932,2025-01-31 17:10:06,0,7,0,0
21072,2025-01-31 17:27:01,0,5,1,602
93654,2025-01-31 17:41:15,1,4,0,0
9922,2025-01-31 17:46:48,1,2,0,0
18737,2025-01-31 17:56:57,0,8,0,0
1124,2025-01-31 17:57:40,0,7,0,0
9364,2025-01-31 18:07:57,1,1,0,0
58567,2025-01-31 18:11:35,1,7,0,0
97893,2025-01-31 18:26:42,0,4,0,0
17068,2025-01-31 18:30:13,1,6,1,117
83970,2025-01-31 18:49:36,0,6,1,79
59406,2025-01-31 18:49:39,0,2,1,1059
46653,2025-01-31 19:00:15,0,4,1,365
38640,2025-01-31 19:01:18,0,3,0,0
24861,2025-01-31 19:15:34,0,6,0,0
17089,2025-01-31 19:18:07,1,7,0,0
29658,2025-01-31 19:18:36,1,4,0,0
61418,2025-01-31 19:22:42,0,7,1,303
25669,2025-01-31 19:30:58,0,7,0,0
24277,2025-01-31 19:46:09,0,8,0,0
96965,2025-01-31 19:46:44,1,5,0,0
86102,2025-01-31 19:53:07,0,5,0,0
17321,2025-01-31 19:55:39,0,7,0,0
68670,2025-01-31 20:16:17,0,13,0,0
10465,2025-01-31 20:29:54,0,7,0,0
39441,2025-01-31 20:44:55,1,4,0,0
1124,2025-01-31 20:47:25,0,7,0,0
26755,2025-01-31 21:13:27,1,8,1,246
66144,2025-01-31 21:21:14,0,7,0,0
82223,2025-01-31 21:31:56,1,5,0,0
13140,2025-01-31 21:47:43,0,2,0,0
59029,2025-01-31 21:48:40,0,7,0,0
50857,2025-01-31 21:48:56,0,3,1,224
38941,2025-01-31 21:49:57,0,4,1,312
25205,2025-01-31 21:50:13,0,9,0,0
38246,2025-01-31 21:52:53,0,4,0,0
18952,2025-01-31 22:04:25,0,6,1,272
12529,2025-01-31 22:15:30,0,4,1,413
13578,2025-01-31 22:19:21,0,8,0,0
71924,2025-01-31 22:24:33,1,5,1,148
82729,2025-01-31 22:43:35,1,6,0,0
15606,2025-01-31 22:50:20,1,6,1,262
11907,2025-01-31 22:53:27,0,7,1,317
7244,2025-01-31 23:03:54,0,8,1,152
77720,2025-01-31 23:18:36,0,7,0,0
89162,2025-01-31 23:19:25,0,7,1,442
94436,2025-01-31 23:20:32,1,4,0,0
32108,2025-01-31 23:24:10,0,8,0,0
88079,2025-01-31 23:36:04,0,5,0,0
86198,2025-01-31 23:47:47,1,4,1,176
5747,2025-01-31 23:49:23,1,9,1,218
24175,2025-01-31 23:51:02,0,6,1,198
74520,2025-01-31 23:51:26,0,12,0,0
