user_id,session_start_dttm,desktop_flag,session_duration_min,purchase_flag,purchase_amount_rub
65219,2025-08-01 00:00:04,1,8,0,0
25032,2025-08-01 00:18:03,1,6,0,0
18721,2025-08-01 00:45:43,0,4,0,0
425,2025-08-01 01:02:43,0,6,1,460
97509,2025-08-01 01:21:54,0,4,0,0
31208,2025-08-01 01:38:14,0,4,0,0
55263,2025-08-01 01:38:57,1,7,0,0
56857,2025-08-01 01:42:39,0,3,0,0
43754,2025-08-01 01:47:11,1,3,1,511
67004,2025-08-01 02:04:00,1,9,0,0
74696,2025-08-01 02:15:44,0,7,0,0
61664,2025-08-01 02:16:40,0,8,1,390
61296,2025-08-01 02:43:20,0,8,0,0
45525,2025-08-01 02:53:28,0,7,0,0
10579,2025-08-01 02:53:45,0,8,0,0
47777,2025-08-01 03:00:18,0,8,1,417
93991,2025-08-01 03:02:29,0,5,0,0
66814,2025-08-01 03:14:10,0,4,0,0
74694,2025-08-01 03:19:30,0,7,0,0
44987,2025-08-01 03:32:04,0,9,0,0
18521,2025-08-01 03:39:03,0,4,1,363
26267,2025-08-01 03:41:18,0,4,0,0
97240,2025-08-01 03:51:28,0,4,0,0
22432,2025-08-01 03:53:47,0,3,0,0
62778,2025-08-01 03:58:55,1,8,1,505
22149,2025-08-01 04:05:48,0,9,1,446
88106,2025-08-01 04:06:03,0,6,0,0
32319,2025-08-01 04:08:29,0,7,1,326
48680,2025-08-01 04:46:23,0,8,1,495
67590,2025-08-01 04:46:38,0,4,0,0
964,2025-08-01 05:00:14,1,7,0,0
8885,2025-08-01 05:02:34,1,9,1,170
62072,2025-08-01 05:03:27,1,7,1,380
92700,2025-08-01 05:03:32,1,5,0,0
78264,2025-08-01 05:06:32,0,6,0,0
36252,2025-08-01 05:21:50,1,8,1,492
1837,2025-08-01 05:38:33,0,7,0,0
57333,2025-08-01 05:47:27,1,7,1,393
43133,2025-08-01 05:49:43,0,8,0,0
23097,2025-08-01 06:22:53,0,2,0,0
53362,2025-08-01 06:36:02,1,12,1,454
47986,2025-08-01 06:45:58,0,7,0,0
19260,2025-08-01 06:53:01,1,3,0,0
34249,2025-08-01 07:11:26,0,6,1,627
31302,2025-08-01 07:12:18,0,6,0,0
23292,2025-08-01 07:20:30,0,6,0,0
33849,2025-08-01 07:25:58,1,2,0,0
77532,2025-08-01 07:27:30,0,5,0,0
87542,2025-08-01 07:54:19,1,5,0,0
16066,2025-08-01 07:55:39,1,9,0,0
95975,2025-08-01 08:13:35,0,10,0,0
52784,2025-08-01 08:13:48,0,6,0,0
65076,2025-08-01 08:19:15,0,7,0,0
37626,2025-08-01 08:39:33,1,6,1,677
69694,2025-08-01 08:39:35,1,3,0,0
34032,2025-08-01 08:45:45,0,3,0,0
4854,2025-08-01 08:49:46,0,7,0,0
73119,2025-08-01 08:52:14,0,8,0,0
83645,2025-08-01 08:52:35,0,8,0,0
20421,2025-08-01 08:54:45,0,5,1,404
46154,2025-08-01 08:56:43,1,4,0,0
76633,2025-08-01 09:01:27,0,4,0,0
25697,2025-08-01 09:10:13,1,9,0,0
73218,2025-08-01 09:16:26,0,4,0,0
83024,2025-08-01 09:20:32,1,5,1,424
36761,2025-08-01 09:20:53,0,11,1,375
77414,2025-08-01 09:25:51,1,12,1,294
28681,2025-08-01 09:28:17,1,3,1,334
81243,2025-08-01 09:35:02,0,6,0,0
91522,2025-08-01 09:37:37,0,9,0,0
8885,2025-08-01 09:42:14,0,4,0,0
74372,2025-08-01 09:49:39,1,7,0,0
25311,2025-08-01 09:58:00,1,8,0,0
8469,2025-08-01 10:06:52,0,19,0,0
425,2025-08-01 10:18:14,0,3,0,0
52563,2025-08-01 10:19:00,1,2,1,614
46323,2025-08-01 10:19:50,0,4,0,0
25621,2025-08-01 10:23:29,1,7,0,0
80235,2025-08-01 10:24:39,0,6,1,714
43529,2025-08-01 10:30:56,0,4,0,0
95414,2025-08-01 10:32:00,0,11,0,0
22785,2025-08-01 10:33:54,1,5,0,0
13867,2025-08-01 10:45:09,0,8,0,0
51412,2025-08-01 10:48:24,0,6,0,0
35134,2025-08-01 10:57:38,1,7,1,350
93342,2025-08-01 11:02:09,0,5,0,0
90415,2025-08-01 11:04:53,0,3,1,446
1837,2025-08-01 11:06:21,1,4,0,0
76030,2025-08-01 11:11:39,1,5,0,0
95157,2025-08-01 11:24:37,1,3,0,0
99337,2025-08-01 11:24:51,0,3,0,0
40484,2025-08-01 11:26:25,0,2,0,0
73606,2025-08-01 11:27:54,0,5,0,0
36866,2025-08-01 11:31:05,1,14,0,0
63173,2025-08-01 11:31:36,1,10,0,0
94151,2025-08-01 11:35:46,0,10,0,0
55525,2025-08-01 11:38:57,0,6,0,0
66814,2025-08-01 11:45:09,0,6,0,0
9146,2025-08-01 11:52:51,0,6,0,0
75442,2025-08-01 11:58:46,0,3,1,404
5052,2025-08-01 12:00:06,0,6,0,0
53284,2025-08-01 12:10:23,0,7,0,0
34151,2025-08-01 12:10:36,1,7,0,0
9968,2025-08-01 12:15:19,0,8,0,0
9934,2025-08-01 12:32:21,0,7,0,0
92554,2025-08-01 12:33:07,0,6,0,0
34740,2025-08-01 12:33:14,0,5,1,481
33035,2025-08-01 12:39:12,0,5,0,0
95765,2025-08-01 12:42:10,0,4,0,0
74696,2025-08-01 12:51:27,1,6,0,0
19100,2025-08-01 12:56:24,0,7,0,0
54685,2025-08-01 12:59:07,0,5,1,370
10465,2025-08-01 13:02:04,1,7,0,0
72873,2025-08-01 13:05:11,0,4,0,0
95414,2025-08-01 13:06:38,1,5,0,0
49806,2025-08-01 13:08:20,0,5,0,0
78972,2025-08-01 13:14:36,0,5,0,0
71708,2025-08-01 13:14:41,0,4,1,548
3962,2025-08-01 13:18:11,0,12,1,223
58901,2025-08-01 13:18:13,1,3,1,768
7045,2025-08-01 13:24:47,0,2,0,0
56392,2025-08-01 13:27:39,0,5,0,0
28822,2025-08-01 13:30:34,0,9,0,0
75100,2025-08-01 13:33:26,0,2,0,0
93179,2025-08-01 13:35:18,0,6,0,0
35362,2025-08-01 13:37:40,0,5,0,0
84548,2025-08-01 13:40:16,0,4,0,0
80382,2025-08-01 13:45:20,1,4,0,0
80441,2025-08-01 13:49:02,0,8,0,0
45840,2025-08-01 13:55:20,0,4,0,0
80441,2025-08-01 14:02:25,0,8,1,357
81366,2025-08-01 14:06:36,0,7,1,293
28822,2025-08-01 14:13:00,0,10,0,0
20976,2025-08-01 14:14:52,0,13,0,0
22210,2025-08-01 14:16:00,1,1,1,239
33035,2025-08-01 14:16:35,0,4,1,603
17711,2025-08-01 14:27:12,1,6,0,0
66814,2025-08-01 14:28:05,1,9,0,0
40450,2025-08-01 14:29:21,0,3,0,0
71149,2025-08-01 14:30:32,0,6,1,574
5458,2025-08-01 14:31:36,1,4,0,0
80235,2025-08-01 14:32:37,0,8,0,0
58974,2025-08-01 14:35:10,0,5,0,0
18897,2025-08-01 14:35:21,0,3,0,0
58372,2025-08-01 14:36:24,0,8,0,0
18803,2025-08-01 14:45:52,1,12,0,0
46910,2025-08-01 14:46:43,1,7,1,363
73806,2025-08-01 14:49:59,0,5,0,0
34457,2025-08-01 14:56:12,0,5,0,0
57399,2025-08-01 14:58:25,1,6,1,356
38835,2025-08-01 15:03:31,1,8,0,0
23097,2025-08-01 15:08:37,0,4,1,446
39053,2025-08-01 15:24:00,0,4,1,655
67720,2025-08-01 15:24:37,0,9,0,0
37100,2025-08-01 15:32:02,0,3,1,438
39777,2025-08-01 15:39:09,0,13,1,587
63410,2025-08-01 15:45:17,0,7,0,0
40007,2025-08-01 15:46:55,0,10,1,373
70337,2025-08-01 15:50:33,1,10,0,0
3798,2025-08-01 16:13:17,1,4,1,462
30685,2025-08-01 16:14:02,0,5,1,236
96305,2025-08-01 16:18:36,0,6,0,0
21551,2025-08-01 16:30:37,0,7,0,0
18055,2025-08-01 16:30:38,0,6,0,0
36093,2025-08-01 16:31:06,1,4,1,541
51916,2025-08-01 16:41:51,1,7,0,0
61762,2025-08-01 16:45:41,0,1,0,0
62719,2025-08-01 16:58:23,0,6,0,0
18302,2025-08-01 17:07:52,0,4,0,0
93432,2025-08-01 17:11:01,0,4,0,0
44891,2025-08-01 17:11:51,0,4,1,942
96101,2025-08-01 17:17:17,1,8,0,0
68350,2025-08-01 17:19:07,0,2,0,0
66473,2025-08-01 17:22:39,0,6,0,0
27767,2025-08-01 17:23:14,0,6,0,0
60917,2025-08-01 17:26:33,0,4,1,444
27285,2025-08-01 17:28:44,1,8,1,312
41742,2025-08-01 17:30:52,0,7,0,0
58694,2025-08-01 17:31:29,1,2,0,0
42588,2025-08-01 17:35:37,1,4,0,0
25454,2025-08-01 17:47:25,1,6,0,0
50941,2025-08-01 17:57:15,0,3,0,0
58974,2025-08-01 18:07:56,0,4,1,349
22895,2025-08-01 18:08:27,1,7,0,0
22522,2025-08-01 18:09:08,1,5,0,0
26550,2025-08-01 18:09:47,1,3,1,474
67903,2025-08-01 18:10:37,1,7,1,527
11865,2025-08-01 18:16:39,0,8,0,0
31803,2025-08-01 18:23:43,0,8,1,472
3421,2025-08-01 18:28:20,0,2,0,0
36616,2025-08-01 18:54:12,1,4,1,310
63259,2025-08-01 18:57:09,1,9,0,0
97451,2025-08-01 18:57:45,0,6,1,501
65710,2025-08-01 19:02:17,0,9,1,305
91465,2025-08-01 19:07:55,0,6,0,0
34340,2025-08-01 19:16:06,0,9,0,0
65582,2025-08-01 19:20:29,1,7,1,952
5606,2025-08-01 19:30:47,1,4,1,543
2909,2025-08-01 19:42:19,0,3,0,0
8966,2025-08-01 19:49:18,0,3,0,0
98314,2025-08-01 19:52:32,0,5,0,0
30746,2025-08-01 19:57:08,1,7,0,0
55701,2025-08-01 19:57:28,0,6,0,0
71149,2025-08-01 20:00:42,1,6,1,323
87705,2025-08-01 20:08:32,0,7,0,0
6936,2025-08-01 20:15:27,0,5,1,354
57740,2025-08-01 20:32:46,1,5,1,244
82825,2025-08-01 20:34:34,0,9,0,0
69935,2025-08-01 20:37:53,0,8,0,0
7873,2025-08-01 20:39:29,0,4,1,434
54614,2025-08-01 20:42:54,0,4,0,0
37869,2025-08-01 20:46:13,0,9,1,494
36825,2025-08-01 20:54:51,1,3,0,0
31208,2025-08-01 21:05:08,0,7,0,0
14624,2025-08-01 21:08:27,1,2,1,315
36572,2025-08-01 21:09:20,0,3,0,0
59037,2025-08-01 21:10:43,0,3,1,298
79909,2025-08-01 21:11:13,0,3,0,0
69758,2025-08-01 21:11:34,0,6,1,486
20189,2025-08-01 21:17:09,1,9,0,0
95406,2025-08-01 21:17:52,1,2,1,530
56626,2025-08-01 21:29:48,0,4,1,564
70314,2025-08-01 21:32:13,0,4,0,0
38036,2025-08-01 21:34:44,0,11,0,0
23199,2025-08-01 21:41:43,1,2,1,304
76901,2025-08-01 21:47:37,0,5,0,0
28447,2025-08-01 21:49:45,0,2,0,0
35736,2025-08-01 21:57:58,0,4,0,0
43010,2025-08-01 21:59:02,0,10,1,367
28685,2025-08-01 22:08:07,0,8,0,0
27031,2025-08-01 22:11:13,1,4,0,0
65726,2025-08-01 22:12:00,0,9,1,328
10395,2025-08-01 22:18:41,0,10,0,0
23630,2025-08-01 22:22:00,0,5,1,265
77832,2025-08-01 22:23:23,0,8,1,230
94436,2025-08-01 22:26:43,0,4,0,0
80187,2025-08-01 22:29:26,0,4,1,607
61396,2025-08-01 22:37:14,0,9,1,384
60712,2025-08-01 22:40:19,1,6,0,0
96479,2025-08-01 22:50:42,0,8,0,0
47433,2025-08-01 22:54:44,0,9,0,0
87530,2025-08-01 22:54:46,0,3,1,683
84685,2025-08-01 22:55:58,0,11,0,0
91096,2025-08-01 23:00:18,0,8,0,0
45289,2025-08-01 23:03:12,0,8,1,604
16425,2025-08-01 23:03:20,1,4,1,556
99810,2025-08-01 23:10:06,0,6,0,0
19260,2025-08-01 23:15:34,0,5,0,0
38815,2025-08-01 23:16:12,0,6,1,420
26249,2025-08-01 23:28:30,0,4,1,292
59844,2025-08-01 23:37:05,0,4,0,0
23630,2025-08-01 23:38:13,0,8,1,339
23392,2025-08-01 23:44:07,0,5,0,0
78785,2025-08-02 00:00:01,0,5,0,0
77532,2025-08-02 00:00:29,0,7,0,0
47092,2025-08-02 00:24:17,0,5,1,359
455,2025-08-02 00:29:40,0,5,1,489
36719,2025-08-02 00:39:30,1,7,1,307
86484,2025-08-02 00:48:39,0,8,0,0
32495,2025-08-02 00:54:58,0,5,0,0
64122,2025-08-02 00:59:18,0,4,0,0
56432,2025-08-02 01:03:43,0,5,0,0
23900,2025-08-02 01:06:52,0,6,0,0
54698,2025-08-02 01:07:02,0,4,1,469
65499,2025-08-02 01:09:51,0,5,0,0
16588,2025-08-02 01:10:16,0,17,1,412
55631,2025-08-02 01:14:42,1,5,1,324
33849,2025-08-02 01:24:01,0,8,0,0
97106,2025-08-02 01:28:09,0,7,0,0
66934,2025-08-02 01:31:01,0,3,0,0
62663,2025-08-02 01:31:03,0,10,1,495
93395,2025-08-02 01:33:25,0,3,0,0
23184,2025-08-02 01:47:19,1,3,0,0
98855,2025-08-02 02:06:30,0,8,0,0
27031,2025-08-02 02:14:35,0,7,0,0
32671,2025-08-02 02:17:19,0,2,1,337
77985,2025-08-02 02:18:09,1,2,1,414
30781,2025-08-02 02:19:52,0,6,1,247
92096,2025-08-02 02:56:10,0,7,0,0
52357,2025-08-02 03:14:08,0,10,0,0
29137,2025-08-02 03:14:44,0,6,1,330
87341,2025-08-02 03:23:16,0,5,0,0
99024,2025-08-02 03:23:56,0,7,0,0
36657,2025-08-02 03:33:08,0,6,0,0
51246,2025-08-02 03:33:56,0,9,1,537
53304,2025-08-02 03:41:57,0,5,0,0
24433,2025-08-02 04:25:59,0,3,0,0
29614,2025-08-02 04:35:09,0,8,0,0
15906,2025-08-02 04:47:32,1,6,0,0
36093,2025-08-02 05:42:07,0,3,0,0
35736,2025-08-02 06:04:56,0,5,1,455
17711,2025-08-02 06:07:56,0,4,0,0
41491,2025-08-02 06:08:02,0,6,0,0
80051,2025-08-02 06:09:47,0,4,0,0
15891,2025-08-02 06:11:58,0,7,1,471
8688,2025-08-02 06:16:41,0,5,1,327
50394,2025-08-02 06:27:38,0,12,0,0
33072,2025-08-02 07:02:05,0,3,1,289
20189,2025-08-02 07:11:34,0,6,1,211
33555,2025-08-02 07:14:56,0,7,0,0
57936,2025-08-02 07:25:32,1,6,0,0
93654,2025-08-02 07:35:50,0,5,0,0
27059,2025-08-02 07:55:08,0,6,0,0
12977,2025-08-02 08:06:23,0,3,1,464
86456,2025-08-02 08:09:10,1,7,1,418
40389,2025-08-02 08:11:18,0,9,0,0
570,2025-08-02 08:12:20,0,11,0,0
27115,2025-08-02 08:13:29,1,7,0,0
88460,2025-08-02 08:19:26,1,10,0,0
54631,2025-08-02 08:19:30,0,6,0,0
53780,2025-08-02 08:20:12,0,5,1,298
80065,2025-08-02 08:26:27,0,5,0,0
61396,2025-08-02 08:28:06,1,6,0,0
32053,2025-08-02 08:39:33,0,7,0,0
76720,2025-08-02 08:48:34,0,9,0,0
31171,2025-08-02 08:53:22,0,5,0,0
57888,2025-08-02 08:56:42,0,2,0,0
68350,2025-08-02 08:58:56,0,5,0,0
50209,2025-08-02 08:59:08,1,7,1,385
74645,2025-08-02 08:59:39,0,9,0,0
92308,2025-08-02 09:01:29,0,7,1,254
47986,2025-08-02 09:09:12,0,4,0,0
82729,2025-08-02 09:10:46,1,8,0,0
42867,2025-08-02 09:20:59,1,10,1,341
66934,2025-08-02 09:21:45,1,9,0,0
59406,2025-08-02 09:34:52,0,5,0,0
58694,2025-08-02 09:52:53,1,3,1,448
69642,2025-08-02 09:57:31,0,4,0,0
50636,2025-08-02 09:59:29,1,3,0,0
6600,2025-08-02 10:04:15,1,4,1,457
25207,2025-08-02 10:08:04,0,5,0,0
77532,2025-08-02 10:08:41,0,7,1,344
61683,2025-08-02 10:10:19,0,3,0,0
71632,2025-08-02 10:15:02,0,9,1,288
43781,2025-08-02 10:18:49,0,5,0,0
78033,2025-08-02 10:28:20,0,4,0,0
26267,2025-08-02 10:28:35,0,3,0,0
9968,2025-08-02 10:30:25,0,5,1,373
80632,2025-08-02 10:44:09,0,13,1,302
94400,2025-08-02 10:44:41,0,7,1,465
36719,2025-08-02 10:59:03,0,1,0,0
83738,2025-08-02 11:00:25,0,1,0,0
33244,2025-08-02 11:09:35,0,4,0,0
63918,2025-08-02 11:15:01,1,11,1,343
10231,2025-08-02 11:23:59,1,3,0,0
70754,2025-08-02 11:34:28,0,6,0,0
64442,2025-08-02 11:45:29,0,2,0,0
96867,2025-08-02 11:55:40,0,5,0,0
23162,2025-08-02 12:03:17,0,6,1,625
94400,2025-08-02 12:19:21,0,7,1,541
70314,2025-08-02 12:19:56,0,4,1,436
67162,2025-08-02 12:26:54,0,4,0,0
84440,2025-08-02 12:30:06,0,2,0,0
38036,2025-08-02 12:35:23,0,4,0,0
92554,2025-08-02 12:42:07,0,3,0,0
59691,2025-08-02 12:52:59,0,9,1,667
33250,2025-08-02 12:55:01,0,6,1,497
18803,2025-08-02 12:57:56,0,3,0,0
27097,2025-08-02 13:00:07,0,5,0,0
33956,2025-08-02 13:01:06,1,9,0,0
23199,2025-08-02 13:01:49,0,7,0,0
84851,2025-08-02 13:06:25,0,9,1,474
23199,2025-08-02 13:20:31,0,6,0,0
77532,2025-08-02 13:20:35,1,8,0,0
98848,2025-08-02 13:23:42,0,2,0,0
68350,2025-08-02 13:24:52,0,10,0,0
29472,2025-08-02 13:29:29,1,10,0,0
6936,2025-08-02 13:40:32,1,7,0,0
38513,2025-08-02 13:49:51,0,6,1,455
86349,2025-08-02 14:03:50,0,6,0,0
20621,2025-08-02 14:07:54,0,4,0,0
4352,2025-08-02 14:12:52,0,2,0,0
45103,2025-08-02 14:21:39,0,8,1,1054
5878,2025-08-02 14:25:52,0,7,1,491
23162,2025-08-02 14:27:20,0,2,0,0
64987,2025-08-02 14:30:22,0,5,0,0
95144,2025-08-02 14:35:30,0,8,0,0
14635,2025-08-02 14:36:02,1,1,0,0
55286,2025-08-02 14:41:07,0,4,1,402
43097,2025-08-02 14:53:19,1,4,0,0
1477,2025-08-02 14:53:27,1,11,1,467
57888,2025-08-02 14:59:50,0,4,0,0
29093,2025-08-02 15:01:32,0,7,0,0
20843,2025-08-02 15:05:13,0,7,0,0
98848,2025-08-02 15:11:38,1,9,0,0
99198,2025-08-02 15:13:38,1,3,0,0
13085,2025-08-02 15:18:20,0,10,1,423
47777,2025-08-02 15:24:06,0,7,1,430
2029,2025-08-02 15:42:34,0,11,0,0
93422,2025-08-02 15:44:49,0,9,1,632
76633,2025-08-02 15:48:36,0,6,0,0
32805,2025-08-02 15:49:38,0,4,1,350
87715,2025-08-02 15:55:01,0,5,1,330
36572,2025-08-02 15:57:00,0,11,0,0
95755,2025-08-02 15:57:55,0,6,0,0
91351,2025-08-02 16:03:48,0,4,0,0
99198,2025-08-02 16:07:49,0,2,1,354
68302,2025-08-02 16:08:25,0,6,0,0
68404,2025-08-02 16:12:46,0,12,0,0
27928,2025-08-02 16:13:42,0,8,0,0
54697,2025-08-02 16:13:54,1,8,0,0
94078,2025-08-02 16:17:01,0,7,0,0
24433,2025-08-02 16:18:20,0,7,0,0
54573,2025-08-02 16:18:30,0,7,0,0
19669,2025-08-02 16:21:03,0,9,0,0
65536,2025-08-02 16:22:51,0,3,0,0
23097,2025-08-02 16:25:31,0,6,0,0
37455,2025-08-02 16:28:32,0,5,0,0
53284,2025-08-02 16:31:21,1,11,1,457
7672,2025-08-02 16:33:28,0,2,0,0
5880,2025-08-02 16:37:59,0,4,1,346
10658,2025-08-02 16:46:46,0,9,0,0
57091,2025-08-02 16:47:32,0,9,0,0
53625,2025-08-02 16:49:11,0,6,0,0
57091,2025-08-02 16:50:15,0,9,0,0
62446,2025-08-02 16:52:02,0,14,0,0
84851,2025-08-02 17:21:33,0,5,1,564
50558,2025-08-02 17:23:56,0,4,0,0
29614,2025-08-02 17:24:56,0,7,0,0
15597,2025-08-02 17:26:15,0,7,0,0
29874,2025-08-02 17:26:27,0,4,0,0
47734,2025-08-02 17:32:30,0,8,0,0
10686,2025-08-02 17:36:14,1,3,1,395
87283,2025-08-02 17:36:37,1,2,0,0
41742,2025-08-02 17:37:17,1,9,0,0
61296,2025-08-02 17:39:31,0,5,0,0
17839,2025-08-02 17:45:25,1,3,1,731
45437,2025-08-02 17:45:38,1,7,0,0
50558,2025-08-02 17:46:19,0,3,0,0
70337,2025-08-02 17:48:25,1,6,0,0
15517,2025-08-02 17:48:45,0,8,0,0
96479,2025-08-02 17:50:03,1,6,0,0
74714,2025-08-02 17:50:15,0,8,1,291
66354,2025-08-02 17:59:54,1,8,0,0
45167,2025-08-02 18:05:45,1,2,0,0
53362,2025-08-02 18:07:28,0,2,1,393
34151,2025-08-02 18:08:54,0,12,0,0
30932,2025-08-02 18:13:43,0,4,0,0
90346,2025-08-02 18:20:54,0,3,0,0
96537,2025-08-02 18:23:47,0,3,0,0
57091,2025-08-02 18:28:40,0,7,0,0
54167,2025-08-02 18:31:12,1,2,0,0
94078,2025-08-02 18:36:02,0,8,1,669
46747,2025-08-02 18:39:31,0,5,0,0
46269,2025-08-02 18:44:20,0,5,1,323
94074,2025-08-02 18:47:48,0,4,0,0
31003,2025-08-02 18:48:23,1,4,1,234
19107,2025-08-02 18:51:47,0,7,0,0
50209,2025-08-02 18:53:55,1,5,0,0
74645,2025-08-02 18:54:21,0,3,1,370
55076,2025-08-02 19:01:58,1,6,0,0
5613,2025-08-02 19:04:11,0,9,1,453
26822,2025-08-02 19:05:00,0,4,0,0
85626,2025-08-02 19:10:50,1,8,1,789
78280,2025-08-02 19:18:39,1,8,0,0
38003,2025-08-02 19:23:56,1,10,0,0
53814,2025-08-02 19:28:09,1,8,0,0
61867,2025-08-02 19:32:13,1,3,1,351
85042,2025-08-02 19:33:15,0,7,1,596
68302,2025-08-02 19:33:33,0,6,0,0
79868,2025-08-02 19:38:19,0,6,0,0
5880,2025-08-02 19:39:31,0,5,0,0
43097,2025-08-02 19:47:52,0,6,0,0
27767,2025-08-02 19:51:42,0,5,0,0
14740,2025-08-02 20:13:56,1,7,0,0
40484,2025-08-02 20:21:56,0,7,0,0
87577,2025-08-02 20:27:20,1,5,0,0
27285,2025-08-02 20:32:39,1,5,0,0
34032,2025-08-02 20:33:04,0,10,0,0
22104,2025-08-02 20:34:10,0,7,1,254
48236,2025-08-02 20:35:10,0,5,0,0
91906,2025-08-02 20:40:08,0,6,0,0
30932,2025-08-02 20:41:29,0,4,1,304
4766,2025-08-02 20:42:53,0,4,0,0
47980,2025-08-02 20:44:05,0,7,1,377
62778,2025-08-02 20:53:37,1,11,0,0
42603,2025-08-02 20:55:02,0,10,0,0
90415,2025-08-02 20:55:54,0,12,0,0
66855,2025-08-02 20:56:29,0,4,0,0
5052,2025-08-02 20:59:40,1,5,1,392
78280,2025-08-02 21:02:56,0,7,0,0
62542,2025-08-02 21:03:20,1,3,0,0
67590,2025-08-02 21:08:08,1,7,0,0
41491,2025-08-02 21:16:42,0,3,1,541
91096,2025-08-02 21:18:49,0,6,1,241
16191,2025-08-02 21:20:19,0,7,0,0
37475,2025-08-02 21:23:54,0,7,0,0
7386,2025-08-02 21:26:38,0,5,1,591
41317,2025-08-02 21:27:12,0,5,0,0
26249,2025-08-02 21:34:47,0,3,0,0
43192,2025-08-02 21:52:50,0,7,0,0
76584,2025-08-02 21:55:29,1,6,0,0
15401,2025-08-02 21:58:12,1,4,1,309
77934,2025-08-02 21:58:30,1,9,0,0
89572,2025-08-02 22:00:55,0,5,0,0
90346,2025-08-02 22:02:12,0,5,0,0
45636,2025-08-02 22:09:01,0,5,0,0
61867,2025-08-02 22:18:06,1,4,1,420
56004,2025-08-02 22:19:59,0,5,1,586
45406,2025-08-02 22:24:14,1,6,0,0
8479,2025-08-02 22:24:58,0,5,0,0
75672,2025-08-02 22:27:45,0,9,0,0
69694,2025-08-02 22:31:23,0,7,0,0
44272,2025-08-02 22:35:35,1,4,1,435
33049,2025-08-02 22:44:43,0,4,1,321
65499,2025-08-02 22:44:47,1,4,0,0
6011,2025-08-02 22:49:53,0,4,0,0
36719,2025-08-02 22:54:32,1,5,0,0
55806,2025-08-02 22:55:24,0,9,0,0
78175,2025-08-02 22:57:10,1,3,1,279
20374,2025-08-02 23:02:59,0,4,0,0
78592,2025-08-02 23:12:25,0,0,0,0
93432,2025-08-02 23:16:31,0,4,0,0
25852,2025-08-02 23:18:33,0,7,0,0
93869,2025-08-02 23:25:25,0,5,0,0
72029,2025-08-02 23:29:39,1,5,0,0
11146,2025-08-02 23:38:02,1,11,1,233
9968,2025-08-02 23:41:59,0,8,0,0
14074,2025-08-02 23:45:19,0,10,0,0
87542,2025-08-02 23:49:57,1,6,1,403
41186,2025-08-02 23:50:09,0,4,0,0
35134,2025-08-03 00:09:42,0,6,1,252
26258,2025-08-03 00:10:03,0,3,0,0
92936,2025-08-03 00:31:13,1,6,0,0
65159,2025-08-03 00:31:22,0,5,0,0
76584,2025-08-03 00:48:59,1,11,1,489
69177,2025-08-03 01:12:50,0,5,0,0
28031,2025-08-03 01:23:25,0,5,0,0
84851,2025-08-03 01:26:36,1,4,0,0
10355,2025-08-03 01:45:09,0,4,0,0
69694,2025-08-03 02:06:17,0,4,0,0
76901,2025-08-03 02:07:45,0,4,0,0
56290,2025-08-03 02:15:02,1,8,1,286
63235,2025-08-03 02:44:38,1,8,0,0
43754,2025-08-03 02:57:23,0,6,1,418
30360,2025-08-03 03:03:09,0,6,0,0
36430,2025-08-03 03:17:03,0,7,0,0
44614,2025-08-03 03:39:54,0,2,0,0
80069,2025-08-03 03:46:09,0,9,0,0
37455,2025-08-03 03:47:09,0,8,0,0
12959,2025-08-03 03:55:58,0,9,0,0
6535,2025-08-03 04:06:56,1,4,1,623
52784,2025-08-03 04:33:09,0,8,0,0
14311,2025-08-03 04:34:01,1,3,1,310
3482,2025-08-03 04:35:13,0,4,0,0
88865,2025-08-03 04:40:12,1,1,1,267
82746,2025-08-03 04:43:27,0,7,1,456
50864,2025-08-03 04:52:14,0,3,0,0
41183,2025-08-03 04:53:53,0,4,0,0
56647,2025-08-03 05:01:34,1,11,0,0
42035,2025-08-03 05:03:17,0,5,1,510
79943,2025-08-03 05:03:52,0,8,0,0
37752,2025-08-03 05:12:24,0,4,0,0
6223,2025-08-03 05:17:44,0,5,1,345
23354,2025-08-03 05:25:24,1,9,0,0
27767,2025-08-03 05:34:34,0,6,1,575
70219,2025-08-03 05:38:52,0,5,1,570
17790,2025-08-03 05:46:13,0,6,0,0
85427,2025-08-03 05:49:45,0,4,1,366
4179,2025-08-03 06:15:38,0,5,1,794
27928,2025-08-03 06:46:16,1,6,0,0
50903,2025-08-03 07:35:05,0,7,0,0
91906,2025-08-03 07:38:32,1,5,1,317
1374,2025-08-03 07:40:29,0,9,1,383
43870,2025-08-03 07:44:52,0,4,1,529
18871,2025-08-03 07:46:25,0,5,1,206
55359,2025-08-03 07:47:46,0,8,0,0
78033,2025-08-03 07:52:30,0,4,1,339
13363,2025-08-03 07:54:27,0,7,0,0
23683,2025-08-03 07:54:35,0,14,0,0
35648,2025-08-03 08:07:59,0,6,1,322
69611,2025-08-03 08:15:57,0,4,1,432
2856,2025-08-03 08:16:33,1,8,1,337
11631,2025-08-03 08:21:21,1,3,0,0
7652,2025-08-03 08:30:53,0,10,0,0
11631,2025-08-03 08:32:06,0,8,0,0
12454,2025-08-03 08:32:55,1,8,0,0
73987,2025-08-03 08:44:40,0,4,0,0
80382,2025-08-03 08:49:15,0,2,0,0
70219,2025-08-03 08:54:44,1,9,0,0
96450,2025-08-03 09:09:27,1,6,0,0
81481,2025-08-03 09:09:35,0,6,0,0
20621,2025-08-03 09:13:34,1,6,1,310
64987,2025-08-03 09:13:45,1,9,0,0
81672,2025-08-03 09:15:46,0,9,0,0
79078,2025-08-03 09:15:52,0,2,0,0
16235,2025-08-03 09:17:45,1,5,0,0
39882,2025-08-03 09:20:54,0,8,0,0
97125,2025-08-03 09:22:45,0,11,0,0
20756,2025-08-03 09:25:09,1,9,1,238
12977,2025-08-03 09:31:13,1,8,1,281
65037,2025-08-03 09:45:33,0,3,0,0
15626,2025-08-03 09:48:57,0,7,0,0
14403,2025-08-03 09:55:12,1,7,0,0
76269,2025-08-03 10:00:50,0,9,0,0
46648,2025-08-03 10:12:11,1,9,0,0
87705,2025-08-03 10:17:10,0,10,1,360
99337,2025-08-03 10:24:41,0,7,0,0
25580,2025-08-03 10:29:17,0,6,1,391
96305,2025-08-03 10:32:11,0,4,0,0
38370,2025-08-03 10:35:29,1,4,1,428
64245,2025-08-03 10:36:32,0,5,0,0
66934,2025-08-03 10:43:27,1,7,0,0
26267,2025-08-03 10:44:11,0,4,1,417
3980,2025-08-03 10:50:18,0,6,1,591
98848,2025-08-03 10:52:16,0,6,0,0
66354,2025-08-03 10:56:49,0,8,1,568
86297,2025-08-03 11:04:25,0,9,0,0
44987,2025-08-03 11:08:43,0,8,1,306
70314,2025-08-03 11:12:19,0,7,0,0
56616,2025-08-03 11:16:28,0,8,1,467
46747,2025-08-03 11:17:30,0,8,1,429
94926,2025-08-03 11:24:44,1,3,1,372
17977,2025-08-03 11:27:15,1,6,0,0
83298,2025-08-03 11:43:45,1,7,0,0
58747,2025-08-03 11:43:59,0,7,1,327
69915,2025-08-03 11:44:01,0,8,1,374
42686,2025-08-03 11:47:02,0,4,0,0
6936,2025-08-03 11:49:29,0,9,1,602
20374,2025-08-03 11:57:19,1,9,0,0
24164,2025-08-03 12:01:39,0,7,1,500
70333,2025-08-03 12:03:29,1,11,1,305
38213,2025-08-03 12:03:39,0,5,0,0
45167,2025-08-03 12:05:55,0,9,0,0
70622,2025-08-03 12:12:43,0,4,1,798
58223,2025-08-03 12:19:42,1,3,1,422
86198,2025-08-03 12:19:42,0,9,0,0
12815,2025-08-03 12:20:18,0,7,0,0
74645,2025-08-03 12:22:06,0,2,1,416
6011,2025-08-03 12:22:58,1,6,1,409
46323,2025-08-03 12:34:24,1,1,0,0
98679,2025-08-03 12:42:53,0,2,0,0
98350,2025-08-03 12:51:36,0,8,0,0
26969,2025-08-03 12:52:15,1,6,0,0
84211,2025-08-03 12:55:19,0,5,0,0
22867,2025-08-03 13:02:16,0,8,0,0
67162,2025-08-03 13:05:09,0,8,0,0
36187,2025-08-03 13:11:44,1,6,0,0
55003,2025-08-03 13:16:55,0,3,1,311
48736,2025-08-03 13:20:14,0,5,0,0
5208,2025-08-03 13:23:55,0,4,1,197
61339,2025-08-03 13:25:54,1,5,0,0
8469,2025-08-03 13:26:21,0,7,0,0
71645,2025-08-03 13:29:25,0,12,0,0
64991,2025-08-03 13:40:23,0,8,0,0
99024,2025-08-03 13:42:04,1,7,0,0
32212,2025-08-03 13:54:38,0,5,0,0
24917,2025-08-03 13:58:49,1,6,0,0
76358,2025-08-03 14:02:54,0,5,0,0
22169,2025-08-03 14:07:48,1,4,1,366
38586,2025-08-03 14:10:20,1,3,0,0
9968,2025-08-03 14:24:34,1,4,0,0
978,2025-08-03 14:28:01,1,9,1,618
79909,2025-08-03 14:28:30,1,4,0,0
79977,2025-08-03 14:37:20,0,3,0,0
84397,2025-08-03 14:51:55,0,6,1,375
23604,2025-08-03 14:56:40,1,3,0,0
13508,2025-08-03 14:59:47,0,9,0,0
64274,2025-08-03 15:04:59,0,8,0,0
59670,2025-08-03 15:12:34,0,6,1,231
42588,2025-08-03 15:15:50,1,3,0,0
79868,2025-08-03 15:16:42,1,6,0,0
26369,2025-08-03 15:18:29,0,8,0,0
20742,2025-08-03 15:19:24,0,4,0,0
7834,2025-08-03 15:23:49,1,8,0,0
77536,2025-08-03 15:27:09,0,7,1,525
19243,2025-08-03 15:31:11,0,4,1,306
54698,2025-08-03 15:31:37,1,5,0,0
57888,2025-08-03 15:35:55,0,5,1,366
53284,2025-08-03 15:40:28,1,11,0,0
93986,2025-08-03 15:41:34,1,4,1,500
77532,2025-08-03 16:14:38,0,6,0,0
70754,2025-08-03 16:16:56,0,4,0,0
23373,2025-08-03 16:19:18,0,5,1,590
90754,2025-08-03 16:20:40,1,8,1,423
54230,2025-08-03 16:24:25,1,6,0,0
80235,2025-08-03 16:46:13,1,6,0,0
12745,2025-08-03 16:48:38,0,14,1,322
23354,2025-08-03 16:48:57,0,5,0,0
97569,2025-08-03 16:55:08,1,8,0,0
69236,2025-08-03 17:00:15,0,5,0,0
11099,2025-08-03 17:01:33,0,9,0,0
25852,2025-08-03 17:04:33,0,5,1,315
36825,2025-08-03 17:06:30,1,9,0,0
78095,2025-08-03 17:07:30,1,5,0,0
34347,2025-08-03 17:10:47,0,9,0,0
92375,2025-08-03 17:12:50,0,6,0,0
1440,2025-08-03 17:13:58,1,5,0,0
36892,2025-08-03 17:16:29,0,4,1,661
56626,2025-08-03 17:21:17,1,9,0,0
1056,2025-08-03 17:22:18,0,5,1,1031
455,2025-08-03 17:22:27,0,1,0,0
93165,2025-08-03 17:31:42,0,9,0,0
45697,2025-08-03 17:44:39,1,9,0,0
58113,2025-08-03 17:47:49,0,3,0,0
66730,2025-08-03 17:52:54,1,7,1,356
24460,2025-08-03 18:04:35,0,4,1,365
67016,2025-08-03 18:04:41,0,5,0,0
38718,2025-08-03 18:15:12,0,6,1,262
13245,2025-08-03 18:21:31,0,6,1,542
97606,2025-08-03 18:25:10,0,7,0,0
79545,2025-08-03 18:28:18,0,5,1,345
918,2025-08-03 18:34:29,0,6,1,365
3980,2025-08-03 18:38:13,0,4,0,0
60116,2025-08-03 18:43:52,0,2,0,0
38478,2025-08-03 18:45:41,0,5,0,0
9477,2025-08-03 18:48:37,1,3,0,0
3980,2025-08-03 18:50:47,1,3,1,468
79467,2025-08-03 19:04:33,0,5,0,0
38370,2025-08-03 19:05:55,0,6,0,0
80420,2025-08-03 19:08:03,0,7,0,0
58747,2025-08-03 19:08:51,0,7,1,294
54573,2025-08-03 19:16:01,0,5,0,0
15713,2025-08-03 19:16:54,0,8,0,0
87661,2025-08-03 19:17:06,1,7,0,0
90346,2025-08-03 19:19:42,0,3,1,278
70473,2025-08-03 19:24:56,0,9,0,0
71693,2025-08-03 19:26:35,0,8,0,0
32319,2025-08-03 19:30:43,0,3,0,0
70402,2025-08-03 19:31:44,1,8,0,0
65159,2025-08-03 19:32:25,0,8,0,0
31416,2025-08-03 19:32:44,0,7,0,0
43097,2025-08-03 19:35:40,1,8,1,492
74156,2025-08-03 19:42:28,1,4,0,0
24258,2025-08-03 19:43:45,1,5,0,0
199,2025-08-03 19:55:55,1,3,0,0
4149,2025-08-03 19:57:32,0,11,0,0
71632,2025-08-03 19:59:55,1,5,0,0
34347,2025-08-03 20:00:40,1,5,0,0
62663,2025-08-03 20:15:38,0,3,1,302
81880,2025-08-03 20:18:23,0,6,0,0
67016,2025-08-03 20:20:03,0,7,1,276
91195,2025-08-03 20:25:39,0,6,0,0
89222,2025-08-03 20:31:53,0,6,0,0
22294,2025-08-03 20:37:09,0,6,1,490
52001,2025-08-03 20:48:12,1,4,0,0
47401,2025-08-03 20:48:34,0,6,1,276
56392,2025-08-03 20:54:44,1,6,0,0
67162,2025-08-03 21:10:54,0,9,0,0
15650,2025-08-03 21:32:11,0,7,1,278
1781,2025-08-03 21:35:19,0,3,0,0
89222,2025-08-03 21:35:39,0,4,0,0
67542,2025-08-03 21:40:42,1,4,1,476
74699,2025-08-03 21:40:59,0,4,0,0
82774,2025-08-03 21:43:59,0,7,0,0
97451,2025-08-03 21:44:00,0,7,0,0
93395,2025-08-03 21:55:03,0,2,0,0
85764,2025-08-03 22:00:26,1,1,0,0
9824,2025-08-03 22:00:46,0,6,1,339
5491,2025-08-03 22:01:27,1,7,0,0
37626,2025-08-03 22:05:07,0,3,1,645
9007,2025-08-03 22:12:49,1,8,0,0
6936,2025-08-03 22:28:00,0,4,0,0
74694,2025-08-03 22:33:04,0,4,0,0
31186,2025-08-03 22:33:33,0,6,1,460
5487,2025-08-03 22:33:55,0,8,0,0
17977,2025-08-03 22:38:34,1,8,0,0
91351,2025-08-03 22:53:29,0,7,0,0
38003,2025-08-03 22:57:36,0,11,0,0
86693,2025-08-03 22:59:14,0,3,0,0
5643,2025-08-03 22:59:57,0,9,1,360
37690,2025-08-03 23:00:48,0,6,0,0
4440,2025-08-03 23:14:24,1,6,1,201
29093,2025-08-03 23:17:20,1,4,0,0
32053,2025-08-03 23:18:57,0,2,0,0
87577,2025-08-03 23:19:58,1,9,0,0
19445,2025-08-03 23:21:57,1,6,0,0
61378,2025-08-03 23:26:07,0,4,0,0
42686,2025-08-03 23:27:33,1,3,0,0
8479,2025-08-03 23:33:05,1,11,0,0
25454,2025-08-03 23:34:13,0,8,1,369
81563,2025-08-03 23:36:30,1,9,0,0
58117,2025-08-03 23:38:05,0,5,1,394
20374,2025-08-03 23:44:49,1,3,0,0
25454,2025-08-03 23:48:54,1,5,0,0
68778,2025-08-03 23:51:34,1,6,0,0
49004,2025-08-03 23:54:48,1,7,1,433
82825,2025-08-03 23:57:55,0,6,0,0
40212,2025-08-04 00:07:39,1,7,0,0
50941,2025-08-04 00:34:07,1,2,0,0
30901,2025-08-04 00:47:11,0,2,0,0
7317,2025-08-04 01:08:42,1,7,0,0
47980,2025-08-04 01:13:12,0,2,0,0
94078,2025-08-04 01:14:22,0,6,1,485
75004,2025-08-04 01:17:53,0,7,0,0
86882,2025-08-04 01:35:41,0,5,1,458
9578,2025-08-04 01:37:05,0,4,0,0
69871,2025-08-04 01:56:53,0,7,0,0
7958,2025-08-04 01:57:01,0,8,0,0
24245,2025-08-04 01:58:51,0,5,0,0
24609,2025-08-04 02:41:02,1,6,1,463
2359,2025-08-04 02:45:44,0,7,0,0
4694,2025-08-04 02:53:59,0,6,0,0
80187,2025-08-04 02:59:02,1,14,0,0
57488,2025-08-04 03:13:02,0,7,0,0
80286,2025-08-04 03:19:12,0,3,0,0
98996,2025-08-04 03:25:18,0,6,0,0
96537,2025-08-04 03:29:11,0,7,1,487
55663,2025-08-04 03:29:31,0,6,0,0
82825,2025-08-04 03:45:59,0,4,0,0
12685,2025-08-04 04:01:21,0,4,0,0
9922,2025-08-04 04:11:12,0,9,1,796
77150,2025-08-04 04:22:41,1,8,0,0
82959,2025-08-04 04:24:06,0,1,0,0
99744,2025-08-04 04:28:30,1,6,1,321
95157,2025-08-04 04:35:09,0,4,0,0
38133,2025-08-04 04:59:03,0,5,0,0
84104,2025-08-04 05:17:37,1,4,0,0
56111,2025-08-04 05:21:20,0,7,0,0
55076,2025-08-04 05:26:26,0,4,1,348
16655,2025-08-04 05:26:32,1,4,0,0
11099,2025-08-04 05:34:02,1,3,0,0
5381,2025-08-04 05:35:28,1,3,0,0
50428,2025-08-04 05:36:40,0,4,0,0
43097,2025-08-04 05:52:09,1,6,1,462
66165,2025-08-04 05:53:17,0,0,0,0
31171,2025-08-04 05:58:29,0,6,0,0
53215,2025-08-04 06:09:32,0,10,0,0
4854,2025-08-04 06:20:50,0,7,0,0
71693,2025-08-04 06:24:16,1,11,1,490
85626,2025-08-04 06:27:25,1,7,1,853
7537,2025-08-04 06:29:51,0,7,0,0
75620,2025-08-04 06:57:32,0,9,0,0
58223,2025-08-04 07:14:09,1,13,0,0
57290,2025-08-04 07:21:12,0,9,1,637
80754,2025-08-04 07:39:34,0,4,1,454
89007,2025-08-04 08:02:15,0,7,1,947
93422,2025-08-04 08:09:29,0,5,0,0
3048,2025-08-04 08:11:23,1,3,0,0
78938,2025-08-04 08:14:02,0,1,1,394
55003,2025-08-04 08:14:13,1,5,0,0
86484,2025-08-04 08:21:11,0,7,0,0
5052,2025-08-04 08:26:27,0,6,1,281
14095,2025-08-04 08:35:42,0,7,0,0
62982,2025-08-04 08:42:22,0,8,0,0
14838,2025-08-04 08:46:10,0,5,1,327
19412,2025-08-04 08:50:18,0,8,0,0
23375,2025-08-04 08:56:39,0,10,1,433
89685,2025-08-04 09:08:25,0,8,0,0
55525,2025-08-04 09:22:51,0,4,0,0
89685,2025-08-04 09:33:36,0,6,1,386
29124,2025-08-04 09:52:31,0,3,0,0
19445,2025-08-04 09:53:05,1,6,0,0
60917,2025-08-04 09:53:47,1,9,0,0
21203,2025-08-04 09:57:47,0,3,0,0
93165,2025-08-04 09:58:15,0,8,0,0
41183,2025-08-04 10:03:23,0,6,0,0
62446,2025-08-04 10:04:25,0,8,0,0
98848,2025-08-04 10:05:30,0,2,1,356
50145,2025-08-04 10:09:10,0,8,0,0
32805,2025-08-04 10:16:48,0,3,1,518
6193,2025-08-04 10:22:03,0,6,1,565
11865,2025-08-04 10:26:17,0,6,1,363
76469,2025-08-04 10:26:38,1,4,1,322
85500,2025-08-04 10:45:15,0,5,0,0
58331,2025-08-04 10:56:36,0,3,0,0
13503,2025-08-04 10:58:05,1,3,0,0
82175,2025-08-04 10:59:23,0,2,0,0
436,2025-08-04 11:06:31,0,7,0,0
63784,2025-08-04 11:07:22,1,5,0,0
30105,2025-08-04 11:12:28,1,3,0,0
57091,2025-08-04 11:17:42,0,6,0,0
26258,2025-08-04 11:17:58,1,5,1,343
40638,2025-08-04 11:25:30,0,7,0,0
81358,2025-08-04 11:28:11,0,13,0,0
68340,2025-08-04 11:42:43,1,4,0,0
80198,2025-08-04 11:55:55,0,4,0,0
71779,2025-08-04 11:59:36,0,6,0,0
29137,2025-08-04 12:09:23,0,7,0,0
31913,2025-08-04 12:12:59,1,4,0,0
46154,2025-08-04 12:24:21,1,2,1,309
15338,2025-08-04 12:36:19,0,7,0,0
5381,2025-08-04 12:47:17,0,2,0,0
73787,2025-08-04 12:48:38,1,12,1,249
1995,2025-08-04 12:49:58,1,6,0,0
16588,2025-08-04 12:53:14,1,9,0,0
88106,2025-08-04 12:56:31,0,4,1,414
64274,2025-08-04 12:58:22,0,6,0,0
8966,2025-08-04 12:58:45,0,6,1,464
98756,2025-08-04 13:05:05,0,7,0,0
6936,2025-08-04 13:13:54,0,7,0,0
23375,2025-08-04 13:21:17,1,9,0,0
28031,2025-08-04 13:23:17,0,7,0,0
97893,2025-08-04 13:24:25,0,5,0,0
44614,2025-08-04 13:25:55,1,6,1,404
31153,2025-08-04 13:27:10,0,3,0,0
19298,2025-08-04 13:32:42,0,3,1,318
42779,2025-08-04 13:35:10,0,10,1,271
66934,2025-08-04 13:36:34,0,8,1,306
12004,2025-08-04 13:37:51,0,10,0,0
10395,2025-08-04 13:45:05,1,7,0,0
58596,2025-08-04 13:50:59,0,3,0,0
23373,2025-08-04 13:52:26,0,5,1,443
90729,2025-08-04 13:57:20,1,3,0,0
93858,2025-08-04 13:57:44,1,9,1,505
88459,2025-08-04 13:59:54,0,10,1,412
9286,2025-08-04 14:02:53,0,8,0,0
63784,2025-08-04 14:04:12,0,6,0,0
83530,2025-08-04 14:12:34,0,4,1,332
77445,2025-08-04 14:17:18,0,9,0,0
14380,2025-08-04 14:23:52,1,8,1,395
20395,2025-08-04 14:33:15,0,4,0,0
81258,2025-08-04 14:35:21,1,3,0,0
86349,2025-08-04 14:37:39,0,6,1,520
23840,2025-08-04 14:52:57,0,4,0,0
71176,2025-08-04 15:02:24,0,6,1,477
91443,2025-08-04 15:03:08,0,2,0,0
8920,2025-08-04 15:10:57,0,9,1,605
17119,2025-08-04 15:16:38,1,3,1,388
92375,2025-08-04 15:17:51,1,7,0,0
22066,2025-08-04 15:20:52,0,5,1,444
27059,2025-08-04 15:34:38,0,4,0,0
74242,2025-08-04 15:39:57,0,5,0,0
11285,2025-08-04 15:47:32,0,6,0,0
74645,2025-08-04 15:51:15,0,8,0,0
21518,2025-08-04 15:59:51,1,4,0,0
64664,2025-08-04 16:04:58,0,6,0,0
84209,2025-08-04 16:05:45,1,7,1,474
82175,2025-08-04 16:15:33,0,5,0,0
24164,2025-08-04 16:21:51,0,10,0,0
54631,2025-08-04 16:22:30,1,4,1,397
61142,2025-08-04 16:23:23,0,4,0,0
4992,2025-08-04 16:27:52,0,8,0,0
82959,2025-08-04 16:33:38,1,7,0,0
22564,2025-08-04 16:33:57,0,6,0,0
73631,2025-08-04 16:37:45,1,7,0,0
91840,2025-08-04 16:42:15,1,7,0,0
86349,2025-08-04 16:52:06,1,3,1,402
37793,2025-08-04 16:54:38,0,4,1,584
27928,2025-08-04 16:56:36,0,6,0,0
11517,2025-08-04 16:58:54,1,4,0,0
57888,2025-08-04 17:06:24,1,6,0,0
99810,2025-08-04 17:08:39,0,5,1,342
49806,2025-08-04 17:19:56,0,6,0,0
42038,2025-08-04 17:26:41,0,5,0,0
67669,2025-08-04 17:27:15,0,7,1,256
34151,2025-08-04 17:29:23,0,6,0,0
75442,2025-08-04 17:39:38,0,4,0,0
76269,2025-08-04 18:04:52,1,6,0,0
29184,2025-08-04 18:05:31,1,8,0,0
26267,2025-08-04 18:11:07,1,5,1,483
79814,2025-08-04 18:12:49,0,3,1,342
98848,2025-08-04 18:13:39,1,4,0,0
79909,2025-08-04 18:14:32,0,3,0,0
15757,2025-08-04 18:18:08,1,5,0,0
96537,2025-08-04 18:19:17,1,5,0,0
93342,2025-08-04 18:19:59,0,13,0,0
96450,2025-08-04 18:29:22,0,6,1,511
35286,2025-08-04 18:32:19,0,7,0,0
10445,2025-08-04 18:33:02,0,7,0,0
56693,2025-08-04 18:38:28,0,6,0,0
36616,2025-08-04 18:38:34,1,10,0,0
43093,2025-08-04 18:43:42,0,7,1,802
36959,2025-08-04 18:48:30,1,5,0,0
56463,2025-08-04 19:06:20,0,4,0,0
13738,2025-08-04 19:09:18,0,4,0,0
21570,2025-08-04 19:22:00,0,4,0,0
77875,2025-08-04 19:27:54,0,9,1,286
36560,2025-08-04 19:29:27,0,5,1,477
13085,2025-08-04 19:31:30,0,5,1,345
22522,2025-08-04 19:32:58,0,5,0,0
39012,2025-08-04 19:37:00,0,10,1,367
76566,2025-08-04 19:40:52,1,6,1,746
68953,2025-08-04 19:40:54,1,4,0,0
29093,2025-08-04 19:49:15,0,8,0,0
666,2025-08-04 19:50:10,0,2,0,0
15169,2025-08-04 19:50:17,1,7,0,0
29137,2025-08-04 19:53:18,0,9,1,337
22309,2025-08-04 19:53:43,0,5,0,0
22895,2025-08-04 19:55:57,1,9,0,0
78251,2025-08-04 20:03:04,1,7,1,353
55525,2025-08-04 20:06:03,1,7,1,589
7834,2025-08-04 20:37:52,1,14,0,0
87064,2025-08-04 20:39:56,0,5,1,459
77832,2025-08-04 20:41:18,0,5,0,0
73787,2025-08-04 20:42:51,0,4,0,0
79794,2025-08-04 20:44:28,0,7,0,0
59627,2025-08-04 20:53:59,1,10,0,0
86618,2025-08-04 21:00:39,0,4,0,0
17164,2025-08-04 21:20:48,0,3,0,0
39672,2025-08-04 21:27:35,0,2,0,0
77790,2025-08-04 21:31:05,1,5,1,451
22149,2025-08-04 21:43:17,0,2,1,361
49315,2025-08-04 21:52:30,1,5,0,0
45289,2025-08-04 21:53:41,0,5,1,323
60079,2025-08-04 21:55:36,0,3,0,0
5038,2025-08-04 21:57:11,0,8,0,0
7958,2025-08-04 22:06:19,0,6,1,687
61664,2025-08-04 22:12:55,0,6,0,0
79943,2025-08-04 22:24:13,1,8,1,538
26407,2025-08-04 22:30:58,1,6,1,620
13363,2025-08-04 22:39:39,1,4,1,572
97509,2025-08-04 22:55:10,0,4,0,0
52112,2025-08-04 22:57:06,1,3,0,0
98848,2025-08-04 23:00:07,0,5,1,316
28822,2025-08-04 23:07:25,0,5,1,926
81599,2025-08-04 23:10:28,1,7,0,0
36093,2025-08-04 23:16:29,0,5,0,0
30901,2025-08-04 23:31:12,1,4,0,0
79814,2025-08-04 23:32:38,0,4,0,0
42779,2025-08-04 23:35:28,0,2,1,337
8305,2025-08-04 23:52:38,0,9,0,0
90813,2025-08-05 00:11:02,0,6,0,0
40212,2025-08-05 00:11:40,0,5,0,0
29614,2025-08-05 00:43:24,0,7,0,0
13363,2025-08-05 00:49:23,0,10,0,0
9136,2025-08-05 00:57:48,0,9,0,0
87661,2025-08-05 01:02:22,0,7,0,0
99071,2025-08-05 01:04:22,0,1,0,0
16994,2025-08-05 01:15:21,1,2,1,386
83530,2025-08-05 01:32:28,0,3,0,0
55376,2025-08-05 01:42:10,0,10,0,0
22066,2025-08-05 02:08:44,1,2,0,0
64917,2025-08-05 02:16:19,0,3,0,0
83194,2025-08-05 02:16:58,0,7,1,344
91443,2025-08-05 02:26:14,0,3,0,0
76269,2025-08-05 02:37:09,0,12,1,352
63235,2025-08-05 02:44:40,1,5,1,281
1817,2025-08-05 02:46:15,1,6,1,370
30781,2025-08-05 03:28:07,1,1,1,311
51494,2025-08-05 03:32:23,0,6,0,0
45636,2025-08-05 03:44:10,0,6,0,0
90729,2025-08-05 03:51:44,0,5,0,0
74694,2025-08-05 03:51:50,0,3,1,374
93986,2025-08-05 03:55:36,0,8,0,0
66814,2025-08-05 04:03:46,1,10,0,0
95144,2025-08-05 04:07:20,1,4,1,251
98578,2025-08-05 04:28:38,0,5,0,0
77790,2025-08-05 04:32:54,1,5,0,0
14959,2025-08-05 04:46:11,1,8,1,322
77462,2025-08-05 04:47:01,1,7,0,0
22147,2025-08-05 04:47:31,0,2,0,0
66855,2025-08-05 04:48:49,1,5,1,569
76936,2025-08-05 04:49:15,0,9,0,0
54643,2025-08-05 04:53:11,0,12,1,431
38605,2025-08-05 04:53:47,0,10,1,313
14095,2025-08-05 05:02:09,0,6,0,0
10355,2025-08-05 05:24:26,0,7,1,385
78264,2025-08-05 05:24:33,0,12,0,0
37919,2025-08-05 05:29:06,1,4,0,0
51796,2025-08-05 05:42:08,1,9,0,0
69676,2025-08-05 06:11:05,0,5,1,473
4646,2025-08-05 06:12:26,1,6,0,0
21019,2025-08-05 06:17:26,0,3,0,0
71677,2025-08-05 06:19:55,0,3,0,0
21119,2025-08-05 06:46:45,0,10,0,0
81672,2025-08-05 06:50:26,0,8,0,0
67928,2025-08-05 07:08:19,1,7,1,290
85554,2025-08-05 07:15:54,1,6,0,0
57290,2025-08-05 07:18:38,0,7,0,0
92936,2025-08-05 07:25:33,1,7,1,301
13085,2025-08-05 07:47:41,0,4,0,0
13556,2025-08-05 07:58:35,1,4,0,0
16235,2025-08-05 08:00:33,0,6,0,0
64054,2025-08-05 08:06:05,0,7,0,0
1056,2025-08-05 08:12:18,0,8,1,532
84548,2025-08-05 08:13:11,1,7,0,0
78977,2025-08-05 08:15:11,0,6,1,334
90729,2025-08-05 08:20:55,0,3,0,0
56432,2025-08-05 08:25:14,0,7,1,326
80382,2025-08-05 08:25:14,0,6,0,0
95584,2025-08-05 08:31:48,1,4,0,0
27747,2025-08-05 08:34:07,1,5,0,0
10988,2025-08-05 08:34:41,0,3,0,0
50018,2025-08-05 08:34:55,0,2,1,388
19100,2025-08-05 08:36:45,1,5,0,0
16066,2025-08-05 08:39:50,0,4,0,0
30105,2025-08-05 08:39:59,0,8,0,0
37710,2025-08-05 08:45:13,0,6,0,0
76455,2025-08-05 08:45:28,0,1,0,0
46419,2025-08-05 08:53:25,0,7,0,0
92375,2025-08-05 09:05:09,0,7,1,368
91601,2025-08-05 09:09:39,1,5,0,0
13508,2025-08-05 09:17:08,0,3,1,474
98314,2025-08-05 09:30:56,0,10,0,0
21131,2025-08-05 09:33:25,0,3,0,0
70314,2025-08-05 09:38:19,0,6,1,223
36220,2025-08-05 09:45:26,0,3,0,0
86266,2025-08-05 09:45:43,1,4,0,0
74699,2025-08-05 09:55:28,1,6,0,0
90346,2025-08-05 09:57:13,1,6,0,0
82729,2025-08-05 09:57:28,0,6,0,0
4124,2025-08-05 09:58:10,0,4,0,0
20565,2025-08-05 10:04:11,1,6,1,567
54476,2025-08-05 10:09:23,0,4,0,0
7958,2025-08-05 10:11:22,0,5,1,380
40937,2025-08-05 10:13:58,1,3,0,0
98848,2025-08-05 10:17:14,1,4,0,0
33607,2025-08-05 10:18:33,0,3,1,414
29874,2025-08-05 10:24:16,1,7,0,0
68778,2025-08-05 10:33:28,0,4,1,462
25454,2025-08-05 10:34:31,0,9,0,0
29093,2025-08-05 10:34:32,0,1,0,0
2529,2025-08-05 10:41:26,0,3,0,0
69155,2025-08-05 10:43:53,0,7,1,307
56392,2025-08-05 10:47:35,0,5,0,0
97106,2025-08-05 10:52:53,1,7,1,408
37475,2025-08-05 10:53:50,1,3,0,0
19397,2025-08-05 10:57:45,1,9,1,346
93123,2025-08-05 11:04:10,0,6,1,241
70415,2025-08-05 11:11:47,0,7,0,0
32495,2025-08-05 11:14:02,0,5,1,650
99337,2025-08-05 11:15:04,0,3,1,474
81258,2025-08-05 11:16:52,1,6,0,0
15906,2025-08-05 11:20:15,1,3,1,429
11146,2025-08-05 11:21:48,0,6,1,389
97637,2025-08-05 11:26:50,1,13,0,0
65880,2025-08-05 11:28:56,1,6,1,639
61296,2025-08-05 11:29:40,1,5,0,0
31288,2025-08-05 11:36:21,0,2,0,0
85119,2025-08-05 11:45:45,0,5,0,0
23604,2025-08-05 11:46:39,0,2,1,297
59220,2025-08-05 11:55:24,1,4,1,308
66101,2025-08-05 11:57:48,0,13,1,550
58596,2025-08-05 12:09:53,1,7,0,0
38370,2025-08-05 12:18:38,0,6,1,344
80187,2025-08-05 12:22:48,0,8,1,319
49757,2025-08-05 12:26:49,0,4,0,0
65710,2025-08-05 12:27:23,1,3,0,0
57964,2025-08-05 12:32:29,0,6,0,0
27059,2025-08-05 12:38:28,0,8,0,0
41186,2025-08-05 12:42:51,0,5,0,0
40007,2025-08-05 12:50:03,0,9,0,0
58519,2025-08-05 12:54:45,0,4,0,0
21335,2025-08-05 12:55:14,0,7,1,744
90813,2025-08-05 12:55:58,0,8,0,0
71632,2025-08-05 13:05:40,1,4,0,0
93850,2025-08-05 13:07:36,1,8,1,536
1781,2025-08-05 13:08:27,0,0,1,378
3798,2025-08-05 13:11:09,0,10,1,292
20421,2025-08-05 13:15:24,0,10,0,0
38835,2025-08-05 13:15:50,0,9,1,442
80482,2025-08-05 13:15:51,0,7,1,287
78977,2025-08-05 13:17:38,0,3,1,292
86915,2025-08-05 13:20:23,0,6,0,0
58331,2025-08-05 13:23:35,0,7,0,0
21551,2025-08-05 13:26:09,0,4,0,0
93986,2025-08-05 13:31:01,1,5,0,0
70473,2025-08-05 13:37:17,0,3,0,0
98314,2025-08-05 13:39:34,0,9,0,0
92375,2025-08-05 13:39:51,0,7,1,212
7873,2025-08-05 13:40:59,1,9,0,0
43184,2025-08-05 13:48:14,0,3,0,0
93962,2025-08-05 13:53:47,0,3,1,413
19669,2025-08-05 13:57:18,0,7,1,459
56172,2025-08-05 13:59:41,0,4,0,0
58694,2025-08-05 14:08:20,0,3,1,441
45437,2025-08-05 14:08:27,1,5,0,0
29106,2025-08-05 14:09:40,0,5,0,0
11126,2025-08-05 14:10:55,0,2,1,439
80042,2025-08-05 14:11:37,1,5,0,0
37710,2025-08-05 14:22:04,0,6,1,577
39363,2025-08-05 14:24:52,0,4,1,357
33049,2025-08-05 14:27:33,0,8,0,0
48736,2025-08-05 14:28:59,0,3,1,507
74696,2025-08-05 14:29:25,0,3,0,0
37403,2025-08-05 14:34:57,1,8,1,456
32671,2025-08-05 14:46:43,1,6,0,0
36762,2025-08-05 14:53:04,1,7,1,653
75034,2025-08-05 14:58:56,0,8,1,333
81579,2025-08-05 15:09:11,1,15,1,512
28681,2025-08-05 15:11:20,0,6,0,0
38478,2025-08-05 15:11:44,1,6,0,0
48515,2025-08-05 15:12:01,0,8,1,376
17790,2025-08-05 15:20:34,0,3,0,0
49049,2025-08-05 15:40:09,0,5,0,0
55007,2025-08-05 15:51:12,1,7,0,0
9290,2025-08-05 15:54:10,0,10,0,0
89370,2025-08-05 15:55:29,1,4,1,583
29614,2025-08-05 15:57:49,1,4,0,0
95631,2025-08-05 16:03:29,0,4,0,0
75325,2025-08-05 16:07:05,0,6,1,610
86693,2025-08-05 16:10:56,0,7,0,0
99337,2025-08-05 16:19:06,0,5,0,0
69216,2025-08-05 16:22:42,0,9,0,0
96867,2025-08-05 16:33:09,0,6,0,0
86198,2025-08-05 16:36:03,0,6,0,0
10395,2025-08-05 16:46:02,0,13,0,0
69236,2025-08-05 16:53:13,0,5,0,0
87661,2025-08-05 16:54:52,0,11,0,0
60167,2025-08-05 16:57:06,0,2,0,0
64054,2025-08-05 16:57:55,0,7,0,0
7226,2025-08-05 17:01:21,0,4,0,0
37100,2025-08-05 17:03:05,0,8,0,0
64917,2025-08-05 17:09:40,0,2,0,0
47775,2025-08-05 17:19:53,1,8,0,0
58810,2025-08-05 17:26:21,0,8,0,0
77832,2025-08-05 17:34:39,0,3,0,0
77934,2025-08-05 17:36:07,0,7,0,0
76114,2025-08-05 17:36:28,0,7,0,0
17212,2025-08-05 17:36:49,0,9,0,0
55256,2025-08-05 17:40:21,0,5,0,0
74602,2025-08-05 17:45:06,1,4,0,0
71645,2025-08-05 17:45:59,0,5,0,0
50558,2025-08-05 17:48:09,0,6,0,0
8415,2025-08-05 17:55:00,0,6,1,230
62063,2025-08-05 17:59:07,0,7,1,385
24789,2025-08-05 18:01:21,0,5,1,306
74242,2025-08-05 18:09:32,0,6,0,0
19669,2025-08-05 18:11:31,0,6,1,219
1111,2025-08-05 18:13:11,0,12,0,0
4766,2025-08-05 18:14:01,0,8,0,0
15607,2025-08-05 18:14:24,0,7,0,0
57290,2025-08-05 18:18:17,0,5,0,0
91522,2025-08-05 18:20:45,1,12,1,426
74657,2025-08-05 18:23:29,0,5,0,0
54496,2025-08-05 18:29:02,1,8,0,0
16066,2025-08-05 18:36:52,0,5,1,270
41996,2025-08-05 18:48:51,0,2,1,236
89321,2025-08-05 18:53:25,0,5,0,0
74687,2025-08-05 18:57:47,1,2,0,0
23075,2025-08-05 18:59:45,0,3,0,0
99085,2025-08-05 19:05:36,1,5,0,0
56878,2025-08-05 19:12:57,0,7,0,0
70457,2025-08-05 19:15:25,0,9,1,475
64991,2025-08-05 19:24:30,0,9,0,0
86711,2025-08-05 19:28:16,1,3,1,261
96479,2025-08-05 19:32:09,0,6,0,0
43870,2025-08-05 19:34:31,0,6,0,0
66730,2025-08-05 19:41:21,1,10,0,0
65582,2025-08-05 19:42:47,0,9,0,0
199,2025-08-05 19:43:31,0,4,0,0
76584,2025-08-05 19:45:32,1,8,1,721
33072,2025-08-05 19:47:05,0,4,0,0
93342,2025-08-05 19:47:54,0,8,1,486
75295,2025-08-05 19:48:58,0,10,0,0
86484,2025-08-05 19:51:00,0,5,1,556
26369,2025-08-05 19:55:28,0,3,0,0
72873,2025-08-05 20:02:21,0,3,1,516
59627,2025-08-05 20:03:42,0,6,1,624
43397,2025-08-05 20:09:31,1,2,1,402
12354,2025-08-05 20:11:36,1,4,1,576
21570,2025-08-05 20:17:49,0,3,0,0
65286,2025-08-05 20:20:11,0,3,1,393
56463,2025-08-05 20:26:31,0,8,1,670
36279,2025-08-05 20:39:40,0,7,0,0
62719,2025-08-05 20:40:59,0,4,1,583
67539,2025-08-05 20:48:18,0,7,0,0
25454,2025-08-05 20:50:36,1,3,0,0
33244,2025-08-05 20:55:15,0,4,1,310
15906,2025-08-05 21:19:17,0,7,0,0
36311,2025-08-05 21:26:25,1,5,1,396
89222,2025-08-05 21:27:00,0,7,0,0
50238,2025-08-05 21:46:15,1,7,0,0
77042,2025-08-05 21:49:12,0,1,0,0
71677,2025-08-05 21:54:21,1,3,0,0
49783,2025-08-05 21:55:05,0,7,0,0
97509,2025-08-05 21:58:18,0,6,0,0
89704,2025-08-05 21:59:15,0,3,0,0
34151,2025-08-05 21:59:38,0,5,0,0
67656,2025-08-05 22:00:03,0,10,0,0
57333,2025-08-05 22:05:50,0,7,1,398
80400,2025-08-05 22:15:02,1,7,1,250
80187,2025-08-05 22:18:47,0,6,0,0
51090,2025-08-05 22:26:12,0,1,0,0
75672,2025-08-05 22:26:17,0,6,1,557
32579,2025-08-05 22:31:06,1,6,0,0
29874,2025-08-05 22:35:42,0,2,1,300
58117,2025-08-05 22:40:43,0,7,0,0
67004,2025-08-05 22:45:16,0,6,0,0
92599,2025-08-05 22:54:23,0,5,0,0
91906,2025-08-05 22:56:19,1,7,0,0
36719,2025-08-05 22:57:32,0,10,1,490
82825,2025-08-05 22:59:07,0,17,0,0
9557,2025-08-05 23:02:39,0,7,1,290
88273,2025-08-05 23:07:52,0,7,0,0
12595,2025-08-05 23:09:54,0,10,0,0
97769,2025-08-05 23:12:57,0,5,1,337
98848,2025-08-05 23:14:14,0,2,1,325
97769,2025-08-05 23:15:09,0,6,0,0
90696,2025-08-05 23:31:29,1,4,1,416
38586,2025-08-05 23:38:14,1,4,0,0
3095,2025-08-05 23:41:08,0,4,0,0
34608,2025-08-05 23:48:51,1,8,1,381
26249,2025-08-06 00:02:07,1,7,0,0
7508,2025-08-06 00:02:48,0,10,1,352
53814,2025-08-06 00:13:47,0,8,0,0
69642,2025-08-06 00:40:20,0,2,0,0
13537,2025-08-06 01:25:02,0,3,1,412
12004,2025-08-06 01:33:27,0,8,0,0
36719,2025-08-06 01:36:22,0,4,1,385
78676,2025-08-06 01:39:17,1,3,0,0
42067,2025-08-06 01:55:19,1,11,1,480
73439,2025-08-06 02:01:49,0,9,0,0
27747,2025-08-06 02:05:17,1,0,0,0
78405,2025-08-06 02:07:05,1,4,0,0
80721,2025-08-06 02:09:36,0,7,1,467
30700,2025-08-06 02:14:25,0,5,0,0
84227,2025-08-06 02:35:54,1,7,0,0
21119,2025-08-06 02:40:29,0,5,0,0
94286,2025-08-06 03:21:33,1,3,1,580
26550,2025-08-06 03:37:33,0,6,1,389
60116,2025-08-06 03:41:11,1,6,1,348
1781,2025-08-06 04:02:26,0,5,1,325
53780,2025-08-06 04:06:19,0,5,0,0
83153,2025-08-06 04:18:54,0,7,0,0
55530,2025-08-06 04:24:49,1,5,0,0
46323,2025-08-06 04:28:43,0,4,0,0
86802,2025-08-06 04:30:00,0,11,0,0
1111,2025-08-06 04:35:30,0,1,1,293
45224,2025-08-06 04:36:30,0,7,1,342
30685,2025-08-06 04:36:41,0,10,0,0
6600,2025-08-06 04:45:17,0,6,0,0
24854,2025-08-06 04:47:13,0,4,0,0
91840,2025-08-06 04:47:39,0,2,0,0
17492,2025-08-06 04:59:31,1,3,0,0
86473,2025-08-06 05:38:06,0,6,1,340
74714,2025-08-06 06:02:00,1,5,0,0
85523,2025-08-06 06:04:25,0,2,0,0
77414,2025-08-06 06:08:39,0,11,1,347
73770,2025-08-06 06:16:22,0,4,0,0
91443,2025-08-06 06:28:54,1,2,0,0
8305,2025-08-06 06:41:26,1,5,1,400
23604,2025-08-06 06:50:46,1,5,1,592
21958,2025-08-06 07:23:17,0,3,0,0
20391,2025-08-06 07:24:42,0,6,0,0
83738,2025-08-06 07:30:03,0,9,0,0
23199,2025-08-06 07:30:17,1,4,0,0
56432,2025-08-06 07:32:16,1,10,1,245
36402,2025-08-06 07:37:16,0,8,0,0
33151,2025-08-06 07:43:13,0,7,1,261
33072,2025-08-06 07:58:20,0,6,1,299
49315,2025-08-06 08:00:51,1,6,1,313
58194,2025-08-06 08:08:17,0,4,0,0
78977,2025-08-06 08:21:47,0,7,0,0
73744,2025-08-06 08:27:41,0,6,0,0
37475,2025-08-06 08:31:22,0,9,1,221
95700,2025-08-06 08:34:27,0,1,1,606
79545,2025-08-06 08:36:27,0,5,0,0
67245,2025-08-06 08:37:06,0,7,1,455
56693,2025-08-06 08:41:37,0,10,0,0
52070,2025-08-06 08:43:06,1,3,1,211
8769,2025-08-06 08:52:07,1,6,0,0
48515,2025-08-06 09:00:18,0,7,0,0
52231,2025-08-06 09:01:00,0,5,0,0
30746,2025-08-06 09:10:28,0,6,0,0
15607,2025-08-06 09:15:56,1,8,1,792
16567,2025-08-06 09:16:24,1,3,0,0
56626,2025-08-06 09:23:18,0,8,0,0
68404,2025-08-06 09:24:28,0,8,1,596
35362,2025-08-06 09:24:54,0,5,0,0
74602,2025-08-06 09:28:53,0,5,0,0
44186,2025-08-06 09:30:40,0,2,0,0
45103,2025-08-06 09:37:08,0,5,1,399
80382,2025-08-06 09:39:42,0,8,0,0
24083,2025-08-06 09:40:37,0,4,0,0
10955,2025-08-06 09:43:21,1,1,1,573
17981,2025-08-06 09:46:04,0,7,1,301
47777,2025-08-06 09:46:10,0,3,0,0
80069,2025-08-06 09:46:37,1,5,1,505
93782,2025-08-06 09:52:24,1,5,0,0
10658,2025-08-06 09:54:38,1,11,0,0
6193,2025-08-06 10:00:40,0,7,1,509
97065,2025-08-06 10:01:33,0,0,0,0
14380,2025-08-06 10:11:39,1,3,1,467
19100,2025-08-06 10:19:50,1,3,0,0
93782,2025-08-06 10:19:55,0,5,1,217
30105,2025-08-06 10:35:17,0,5,1,286
30105,2025-08-06 10:36:36,0,2,1,300
80400,2025-08-06 10:39:18,0,10,1,251
88146,2025-08-06 10:51:02,0,9,1,287
54476,2025-08-06 11:00:24,1,3,0,0
28255,2025-08-06 11:01:25,0,6,1,487
37100,2025-08-06 11:06:58,0,3,0,0
30901,2025-08-06 11:09:35,0,6,0,0
80198,2025-08-06 11:10:10,1,15,0,0
85500,2025-08-06 11:11:38,0,4,1,241
2029,2025-08-06 11:12:53,0,6,0,0
8920,2025-08-06 11:19:43,0,7,1,527
95144,2025-08-06 11:22:56,0,10,0,0
21335,2025-08-06 11:40:42,1,6,0,0
14195,2025-08-06 11:44:29,0,5,1,260
30360,2025-08-06 11:50:25,0,4,1,459
32510,2025-08-06 11:50:50,1,8,0,0
86521,2025-08-06 11:51:10,1,12,0,0
33466,2025-08-06 11:55:10,0,6,0,0
67016,2025-08-06 11:57:16,0,11,1,352
77462,2025-08-06 12:06:12,1,4,1,346
53689,2025-08-06 12:06:13,1,6,0,0
10988,2025-08-06 12:09:42,0,9,0,0
37752,2025-08-06 12:14:12,1,5,0,0
14601,2025-08-06 12:23:37,1,8,0,0
86882,2025-08-06 12:23:39,0,2,1,643
59345,2025-08-06 12:27:40,0,11,1,612
10658,2025-08-06 12:39:04,0,6,1,416
65536,2025-08-06 12:40:10,0,4,0,0
58694,2025-08-06 12:54:34,0,9,0,0
62719,2025-08-06 13:00:32,0,7,0,0
91653,2025-08-06 13:21:45,0,3,0,0
43754,2025-08-06 13:28:42,0,4,1,299
82729,2025-08-06 13:29:20,0,7,0,0
56004,2025-08-06 13:31:22,1,3,1,460
96867,2025-08-06 13:45:05,0,2,1,662
81493,2025-08-06 13:46:09,1,5,0,0
12553,2025-08-06 13:47:59,1,8,1,393
35671,2025-08-06 13:57:21,0,7,0,0
24373,2025-08-06 14:00:10,1,7,0,0
52421,2025-08-06 14:07:47,0,5,0,0
14210,2025-08-06 14:09:37,0,6,1,512
83235,2025-08-06 14:20:18,0,7,1,592
19298,2025-08-06 14:27:47,0,5,1,403
7172,2025-08-06 14:34:22,0,5,0,0
10658,2025-08-06 14:36:51,0,3,0,0
24917,2025-08-06 14:40:05,1,9,0,0
77068,2025-08-06 14:50:29,0,4,1,564
17497,2025-08-06 14:57:58,1,7,1,679
10658,2025-08-06 14:58:19,0,8,1,424
46419,2025-08-06 15:04:18,0,3,0,0
43941,2025-08-06 15:04:53,0,5,0,0
13738,2025-08-06 15:04:59,1,6,0,0
89685,2025-08-06 15:07:08,0,3,0,0
49769,2025-08-06 15:09:47,0,3,1,290
33250,2025-08-06 15:13:27,1,4,1,338
46419,2025-08-06 15:14:24,0,9,0,0
56857,2025-08-06 15:16:12,1,8,1,379
14927,2025-08-06 15:21:58,0,5,0,0
10465,2025-08-06 15:28:40,1,9,0,0
20421,2025-08-06 15:29:13,0,10,1,421
34340,2025-08-06 15:39:33,0,3,0,0
89133,2025-08-06 15:48:28,0,4,1,372
78723,2025-08-06 15:50:50,0,8,0,0
56857,2025-08-06 15:56:08,0,2,1,576
31759,2025-08-06 16:01:20,1,5,1,733
19134,2025-08-06 16:04:21,1,3,0,0
24789,2025-08-06 16:09:02,0,7,0,0
20019,2025-08-06 16:26:59,0,6,1,368
8966,2025-08-06 16:47:04,0,6,0,0
57888,2025-08-06 16:47:38,0,7,0,0
13363,2025-08-06 16:48:45,0,7,1,356
18665,2025-08-06 16:57:30,0,9,0,0
5643,2025-08-06 16:57:41,0,4,1,292
10465,2025-08-06 17:01:45,0,7,0,0
90181,2025-08-06 17:06:31,0,5,0,0
3048,2025-08-06 17:11:47,1,6,0,0
99218,2025-08-06 17:20:01,0,5,1,307
72585,2025-08-06 17:20:38,0,5,1,447
41491,2025-08-06 17:23:13,1,5,0,0
23097,2025-08-06 17:27:15,0,10,1,530
92936,2025-08-06 17:33:49,0,5,0,0
55649,2025-08-06 17:40:41,0,3,0,0
78264,2025-08-06 17:49:23,1,5,0,0
15603,2025-08-06 17:54:56,0,12,0,0
55649,2025-08-06 17:55:14,0,6,1,607
33250,2025-08-06 17:56:22,0,12,0,0
41540,2025-08-06 18:08:17,1,3,1,334
85042,2025-08-06 18:08:56,0,8,1,410
40876,2025-08-06 18:20:18,1,7,0,0
76455,2025-08-06 18:25:01,0,5,1,266
42686,2025-08-06 18:33:51,1,6,0,0
19397,2025-08-06 18:37:53,1,6,0,0
86693,2025-08-06 18:44:18,0,7,0,0
84442,2025-08-06 18:45:13,0,8,0,0
86693,2025-08-06 18:57:03,0,9,1,382
45437,2025-08-06 18:58:47,1,8,1,313
37752,2025-08-06 19:00:07,0,0,0,0
18973,2025-08-06 19:00:38,0,10,1,519
97893,2025-08-06 19:01:02,1,4,0,0
53616,2025-08-06 19:08:49,1,6,1,512
46269,2025-08-06 19:13:41,1,8,0,0
57942,2025-08-06 19:18:25,1,11,1,595
61371,2025-08-06 19:19:57,0,5,0,0
87283,2025-08-06 19:20:26,0,6,1,543
54685,2025-08-06 19:25:26,0,9,0,0
28685,2025-08-06 19:32:04,1,9,0,0
79874,2025-08-06 19:35:35,0,9,1,348
3825,2025-08-06 19:40:15,0,3,0,0
9007,2025-08-06 19:48:21,0,3,0,0
81358,2025-08-06 20:04:29,1,2,0,0
86266,2025-08-06 20:20:21,0,10,1,563
24722,2025-08-06 20:20:39,0,4,0,0
78033,2025-08-06 20:29:05,0,3,1,406
84211,2025-08-06 20:35:58,0,6,1,605
12454,2025-08-06 20:44:01,1,6,1,607
10579,2025-08-06 20:45:59,0,10,0,0
38133,2025-08-06 20:47:45,0,3,1,302
964,2025-08-06 20:54:38,0,5,0,0
70457,2025-08-06 20:57:57,0,3,0,0
22812,2025-08-06 21:04:42,0,7,1,434
49553,2025-08-06 21:06:37,1,3,0,0
79814,2025-08-06 21:08:44,0,2,0,0
53215,2025-08-06 21:10:33,0,2,0,0
51796,2025-08-06 21:18:22,0,5,0,0
60712,2025-08-06 21:32:40,1,10,0,0
45697,2025-08-06 21:35:34,0,4,1,771
84567,2025-08-06 21:37:28,0,6,0,0
1222,2025-08-06 21:37:43,0,2,1,312
47401,2025-08-06 21:44:17,0,7,0,0
26501,2025-08-06 21:47:10,0,5,0,0
38291,2025-08-06 21:52:48,1,7,0,0
54697,2025-08-06 22:13:08,1,5,0,0
9824,2025-08-06 22:15:20,0,7,0,0
1979,2025-08-06 22:18:50,1,6,0,0
58810,2025-08-06 22:20:57,0,3,1,261
73793,2025-08-06 22:28:42,0,10,0,0
74671,2025-08-06 22:38:59,0,3,0,0
85484,2025-08-06 22:40:17,1,9,0,0
77457,2025-08-06 22:45:28,0,7,1,316
38513,2025-08-06 22:46:27,0,8,1,314
37403,2025-08-06 22:50:02,0,8,0,0
12553,2025-08-06 23:02:22,0,4,0,0
45406,2025-08-06 23:07:02,0,7,1,615
58974,2025-08-06 23:21:22,0,8,0,0
59406,2025-08-06 23:27:39,0,6,1,297
50170,2025-08-06 23:29:13,0,5,0,0
90539,2025-08-06 23:36:19,0,3,1,462
15607,2025-08-06 23:37:49,0,5,1,439
89256,2025-08-06 23:37:56,0,3,0,0
36719,2025-08-06 23:41:29,0,5,0,0
48742,2025-08-06 23:44:50,0,7,0,0
97047,2025-08-06 23:45:23,0,7,0,0
1538,2025-08-06 23:46:05,1,8,1,861
89733,2025-08-06 23:53:47,1,4,0,0
46269,2025-08-06 23:54:49,0,6,0,0
41942,2025-08-07 00:02:05,0,5,0,0
86456,2025-08-07 00:17:25,0,7,1,256
68275,2025-08-07 00:18:39,0,10,1,612
90415,2025-08-07 00:18:46,0,4,1,565
64220,2025-08-07 00:22:50,0,8,0,0
86915,2025-08-07 00:45:28,1,5,1,453
20391,2025-08-07 01:02:05,1,4,1,334
18641,2025-08-07 01:12:36,0,4,0,0
83153,2025-08-07 01:19:06,0,8,0,0
94990,2025-08-07 01:20:39,0,5,0,0
67016,2025-08-07 01:26:46,0,11,0,0
29940,2025-08-07 02:15:39,1,5,0,0
29184,2025-08-07 02:18:18,0,6,1,207
69377,2025-08-07 02:22:43,0,1,0,0
53683,2025-08-07 03:04:07,1,3,0,0
24996,2025-08-07 03:19:22,0,6,1,405
33019,2025-08-07 03:32:27,1,9,0,0
55944,2025-08-07 03:33:23,0,10,0,0
77934,2025-08-07 03:35:09,1,5,1,516
14635,2025-08-07 03:43:13,0,6,0,0
52070,2025-08-07 03:49:18,0,3,1,221
32924,2025-08-07 04:13:05,0,5,1,545
62646,2025-08-07 04:22:07,0,8,0,0
34151,2025-08-07 04:36:57,0,11,0,0
77414,2025-08-07 04:42:34,1,10,1,458
82347,2025-08-07 05:00:43,0,7,0,0
94436,2025-08-07 05:02:06,0,5,1,260
94286,2025-08-07 05:05:52,1,2,1,249
96735,2025-08-07 05:15:01,0,7,0,0
52980,2025-08-07 05:16:08,1,6,1,394
46154,2025-08-07 05:22:09,1,6,0,0
51412,2025-08-07 05:29:07,0,2,0,0
76075,2025-08-07 05:34:31,0,7,1,280
30901,2025-08-07 05:35:33,1,4,1,367
37403,2025-08-07 06:04:07,0,11,0,0
22157,2025-08-07 06:38:19,1,3,0,0
78356,2025-08-07 06:54:58,0,8,0,0
71149,2025-08-07 06:58:48,0,10,1,392
55806,2025-08-07 06:59:12,0,2,0,0
80286,2025-08-07 07:01:44,0,10,1,676
35960,2025-08-07 07:02:08,0,2,0,0
60079,2025-08-07 07:06:20,0,10,1,399
74694,2025-08-07 07:17:49,0,7,1,478
16377,2025-08-07 07:26:01,0,1,0,0
5038,2025-08-07 07:26:20,1,4,0,0
20621,2025-08-07 07:30:23,1,7,0,0
95180,2025-08-07 07:32:22,1,6,0,0
73239,2025-08-07 07:46:37,0,4,0,0
35362,2025-08-07 07:52:42,1,4,1,674
55631,2025-08-07 08:02:51,1,6,0,0
45406,2025-08-07 08:02:52,0,5,0,0
20203,2025-08-07 08:04:19,0,3,0,0
6223,2025-08-07 08:11:11,0,3,0,0
38003,2025-08-07 08:23:07,0,8,1,366
67539,2025-08-07 08:24:27,0,3,0,0
90415,2025-08-07 08:25:55,1,2,0,0
78723,2025-08-07 08:28:37,0,4,0,0
85789,2025-08-07 08:32:45,0,5,1,558
69676,2025-08-07 08:36:22,0,6,0,0
99337,2025-08-07 08:45:23,1,6,0,0
47401,2025-08-07 08:50:00,0,6,0,0
77101,2025-08-07 09:02:52,0,8,0,0
97047,2025-08-07 09:07:19,1,3,0,0
54698,2025-08-07 09:08:49,0,7,1,513
36657,2025-08-07 09:16:50,1,3,0,0
61320,2025-08-07 09:21:51,1,5,1,663
63860,2025-08-07 09:36:04,0,4,1,336
52001,2025-08-07 09:44:45,0,8,0,0
4149,2025-08-07 09:45:56,0,5,1,795
5381,2025-08-07 09:46:31,0,10,1,329
1115,2025-08-07 09:46:43,1,0,0,0
31288,2025-08-07 09:51:53,0,2,1,277
93962,2025-08-07 09:56:11,1,6,0,0
1235,2025-08-07 10:04:38,0,3,0,0
37144,2025-08-07 10:06:53,1,8,0,0
65475,2025-08-07 10:12:54,0,4,1,331
11794,2025-08-07 10:17:47,0,10,1,281
87336,2025-08-07 10:24:23,1,4,1,365
93510,2025-08-07 10:30:55,0,5,0,0
53689,2025-08-07 10:32:39,0,6,0,0
15626,2025-08-07 10:34:28,0,6,0,0
2505,2025-08-07 10:34:55,0,9,0,0
84789,2025-08-07 10:36:58,0,7,0,0
65536,2025-08-07 10:39:39,0,6,0,0
1538,2025-08-07 10:42:47,0,11,0,0
97509,2025-08-07 10:48:58,1,6,0,0
71779,2025-08-07 10:53:41,1,4,0,0
81493,2025-08-07 10:55:34,0,8,0,0
666,2025-08-07 11:04:45,0,5,1,276
75325,2025-08-07 11:15:43,0,6,0,0
43133,2025-08-07 11:16:54,0,4,0,0
47092,2025-08-07 11:20:48,1,3,1,840
60316,2025-08-07 11:22:11,1,5,0,0
89031,2025-08-07 11:23:42,0,10,0,0
29184,2025-08-07 11:28:20,0,3,1,285
27691,2025-08-07 11:28:41,0,6,0,0
46648,2025-08-07 11:38:58,0,3,1,247
7226,2025-08-07 11:42:42,1,8,0,0
8044,2025-08-07 11:43:20,0,5,1,379
70473,2025-08-07 11:44:07,0,3,0,0
42035,2025-08-07 11:45:47,0,4,0,0
26492,2025-08-07 11:48:35,0,7,1,438
76030,2025-08-07 11:50:28,0,6,0,0
65219,2025-08-07 11:53:37,0,6,0,0
85130,2025-08-07 11:54:43,0,4,0,0
26822,2025-08-07 12:04:32,0,9,1,672
17981,2025-08-07 12:05:32,0,6,0,0
98996,2025-08-07 12:16:11,0,4,0,0
69011,2025-08-07 12:18:55,1,4,0,0
64100,2025-08-07 12:23:52,0,4,1,427
2994,2025-08-07 12:26:08,0,4,0,0
27767,2025-08-07 12:35:33,0,6,0,0
24921,2025-08-07 12:39:08,0,6,1,866
84211,2025-08-07 12:39:09,0,4,0,0
9578,2025-08-07 12:45:22,1,2,0,0
79794,2025-08-07 12:57:10,1,9,1,478
42603,2025-08-07 13:05:41,1,7,0,0
56258,2025-08-07 13:06:42,1,9,1,386
65726,2025-08-07 13:19:52,0,5,0,0
14624,2025-08-07 13:20:22,0,5,0,0
21335,2025-08-07 13:23:09,0,6,1,432
77392,2025-08-07 13:27:39,0,5,1,283
30148,2025-08-07 13:35:03,1,2,0,0
73606,2025-08-07 13:43:44,0,3,1,265
60167,2025-08-07 13:44:51,0,6,1,792
14631,2025-08-07 13:50:30,0,6,0,0
7226,2025-08-07 13:58:47,0,10,0,0
56258,2025-08-07 14:05:10,0,7,0,0
98848,2025-08-07 14:10:28,0,5,1,309
60314,2025-08-07 14:10:54,1,4,0,0
75620,2025-08-07 14:18:16,0,5,0,0
32227,2025-08-07 14:19:39,1,5,0,0
73606,2025-08-07 14:20:18,0,7,1,351
7834,2025-08-07 14:42:22,0,6,0,0
27605,2025-08-07 14:52:26,0,4,0,0
81579,2025-08-07 14:59:38,0,9,1,303
6193,2025-08-07 15:04:14,0,6,0,0
94834,2025-08-07 15:17:33,1,3,0,0
64917,2025-08-07 15:18:52,0,5,0,0
78592,2025-08-07 15:19:17,0,7,0,0
45406,2025-08-07 15:25:11,0,5,0,0
22449,2025-08-07 15:31:22,0,9,0,0
85678,2025-08-07 15:33:34,1,6,0,0
60079,2025-08-07 15:36:06,1,6,0,0
86521,2025-08-07 15:37:49,1,4,0,0
18641,2025-08-07 15:41:46,0,3,0,0
55663,2025-08-07 15:42:54,1,9,0,0
80587,2025-08-07 15:50:20,1,3,0,0
32671,2025-08-07 15:51:11,1,2,0,0
93986,2025-08-07 16:03:58,1,6,0,0
69292,2025-08-07 16:05:21,0,10,1,409
91522,2025-08-07 16:08:39,0,4,1,479
55714,2025-08-07 16:09:16,1,12,1,399
80441,2025-08-07 16:14:29,0,2,1,484
72135,2025-08-07 16:21:10,0,5,0,0
90346,2025-08-07 16:22:34,1,5,1,321
66938,2025-08-07 16:32:22,0,9,0,0
63344,2025-08-07 16:39:11,0,5,0,0
42252,2025-08-07 16:40:23,0,11,1,491
46269,2025-08-07 16:42:06,0,10,0,0
42588,2025-08-07 16:43:52,0,9,0,0
75024,2025-08-07 16:48:52,0,5,0,0
80294,2025-08-07 16:49:28,1,7,1,252
60620,2025-08-07 17:02:15,0,6,1,360
29213,2025-08-07 17:13:32,1,3,1,458
70415,2025-08-07 17:16:31,0,6,0,0
77790,2025-08-07 17:18:11,0,3,1,493
88075,2025-08-07 17:23:11,1,7,0,0
15075,2025-08-07 17:24:05,0,3,0,0
53780,2025-08-07 17:32:05,0,9,0,0
90415,2025-08-07 17:34:49,0,8,0,0
96450,2025-08-07 17:36:31,0,4,1,493
51916,2025-08-07 17:44:06,0,5,0,0
24460,2025-08-07 17:44:52,0,3,0,0
59037,2025-08-07 17:49:00,0,6,0,0
64100,2025-08-07 17:51:44,1,4,0,0
68916,2025-08-07 17:56:21,0,6,1,378
28342,2025-08-07 17:56:31,1,9,0,0
10113,2025-08-07 18:17:05,0,1,0,0
65710,2025-08-07 18:20:42,0,6,0,0
86147,2025-08-07 18:28:58,0,4,0,0
54230,2025-08-07 18:29:19,0,7,0,0
1995,2025-08-07 18:42:11,0,13,0,0
23209,2025-08-07 18:44:05,0,6,0,0
10355,2025-08-07 18:54:21,0,5,0,0
78785,2025-08-07 18:59:12,0,7,0,0
17497,2025-08-07 19:00:48,0,5,1,645
85907,2025-08-07 19:05:29,1,5,1,807
23162,2025-08-07 19:06:20,0,5,1,438
63918,2025-08-07 19:13:27,1,6,0,0
67539,2025-08-07 19:18:58,0,7,1,245
41491,2025-08-07 19:37:19,0,12,0,0
56111,2025-08-07 19:37:20,0,8,0,0
4869,2025-08-07 19:43:18,0,6,1,423
29315,2025-08-07 19:44:00,0,8,0,0
73987,2025-08-07 19:44:00,0,7,0,0
38835,2025-08-07 19:47:38,0,8,0,0
15401,2025-08-07 19:56:32,0,9,0,0
63715,2025-08-07 19:57:00,1,6,0,0
96305,2025-08-07 20:00:38,0,9,0,0
35362,2025-08-07 20:10:16,0,8,1,606
86915,2025-08-07 20:15:24,0,5,0,0
85472,2025-08-07 20:15:59,0,6,0,0
35960,2025-08-07 20:16:58,0,5,0,0
9290,2025-08-07 20:18:12,0,5,0,0
63918,2025-08-07 20:19:59,0,6,0,0
73631,2025-08-07 20:21:28,0,6,0,0
17977,2025-08-07 20:26:01,0,8,0,0
7873,2025-08-07 20:26:59,0,4,1,258
20019,2025-08-07 20:30:51,0,9,1,408
44577,2025-08-07 20:33:58,0,9,0,0
8890,2025-08-07 20:42:14,0,6,0,0
55649,2025-08-07 20:43:37,0,7,0,0
86484,2025-08-07 20:47:54,1,8,0,0
83153,2025-08-07 20:52:42,1,3,1,401
14631,2025-08-07 21:00:29,0,2,0,0
42588,2025-08-07 21:00:50,0,6,0,0
30521,2025-08-07 21:01:15,0,4,0,0
53683,2025-08-07 21:02:10,0,6,1,687
5699,2025-08-07 21:04:47,0,9,1,347
22169,2025-08-07 21:08:10,0,4,0,0
38605,2025-08-07 21:12:06,0,3,0,0
37384,2025-08-07 21:16:41,1,7,0,0
72805,2025-08-07 21:32:19,0,5,0,0
81493,2025-08-07 21:34:45,0,9,0,0
95144,2025-08-07 21:42:41,1,5,1,369
71149,2025-08-07 21:43:36,0,8,0,0
79797,2025-08-07 21:54:39,0,8,0,0
10972,2025-08-07 22:00:34,0,5,0,0
35051,2025-08-07 22:03:27,0,11,0,0
16567,2025-08-07 22:08:46,0,6,0,0
6936,2025-08-07 22:10:35,0,3,0,0
8920,2025-08-07 22:11:36,0,5,0,0
31171,2025-08-07 22:17:00,1,6,0,0
54631,2025-08-07 22:22:37,0,8,0,0
57275,2025-08-07 22:32:27,0,3,1,552
95765,2025-08-07 22:38:53,0,5,0,0
28914,2025-08-07 22:42:21,0,7,0,0
67709,2025-08-07 22:44:30,0,3,0,0
91522,2025-08-07 22:48:03,1,8,0,0
9136,2025-08-07 23:02:59,0,6,1,449
10579,2025-08-07 23:05:24,0,6,0,0
87064,2025-08-07 23:06:42,0,6,0,0
20421,2025-08-07 23:15:46,0,2,1,527
17492,2025-08-07 23:22:27,1,6,1,316
24460,2025-08-07 23:25:05,0,8,0,0
78349,2025-08-07 23:29:33,1,7,0,0
38718,2025-08-07 23:32:20,1,9,0,0
95755,2025-08-07 23:35:10,0,5,0,0
30289,2025-08-07 23:40:32,0,4,0,0
60917,2025-08-08 00:14:33,0,7,0,0
84268,2025-08-08 00:14:53,0,5,1,618
54644,2025-08-08 00:23:18,0,8,0,0
90423,2025-08-08 00:25:08,1,3,1,582
46747,2025-08-08 00:29:35,1,5,0,0
7873,2025-08-08 00:30:20,0,5,0,0
20298,2025-08-08 00:32:42,0,8,0,0
44272,2025-08-08 00:41:24,0,3,0,0
20648,2025-08-08 00:42:51,0,3,0,0
30521,2025-08-08 00:43:09,0,5,0,0
79063,2025-08-08 00:44:20,0,6,0,0
37869,2025-08-08 01:03:07,0,5,0,0
95725,2025-08-08 01:05:34,0,7,0,0
43578,2025-08-08 01:23:11,0,5,0,0
27718,2025-08-08 01:26:12,0,4,1,417
64245,2025-08-08 01:27:51,0,2,0,0
21551,2025-08-08 01:30:21,0,5,0,0
65076,2025-08-08 01:30:28,0,4,0,0
22785,2025-08-08 01:32:25,0,12,0,0
91096,2025-08-08 01:34:19,0,8,0,0
60079,2025-08-08 01:37:10,1,7,0,0
52088,2025-08-08 01:39:45,1,7,0,0
54631,2025-08-08 01:40:46,1,6,0,0
60382,2025-08-08 01:42:11,0,2,0,0
46561,2025-08-08 01:42:14,1,7,1,331
49783,2025-08-08 01:51:33,0,5,0,0
60316,2025-08-08 02:08:33,1,5,0,0
4056,2025-08-08 02:16:13,0,6,1,497
46648,2025-08-08 02:25:56,1,6,0,0
67189,2025-08-08 02:35:58,0,2,0,0
51666,2025-08-08 03:07:24,0,6,0,0
99933,2025-08-08 03:09:50,1,6,1,342
58974,2025-08-08 03:18:13,0,6,1,230
84211,2025-08-08 03:44:32,0,3,0,0
59342,2025-08-08 03:48:55,0,6,1,452
9146,2025-08-08 03:54:28,0,8,1,340
53689,2025-08-08 03:57:12,0,7,0,0
90346,2025-08-08 04:00:52,1,5,0,0
73984,2025-08-08 04:19:59,0,7,0,0
79530,2025-08-08 04:38:04,0,5,0,0
31416,2025-08-08 04:58:36,0,9,1,725
86915,2025-08-08 04:59:38,0,5,0,0
28681,2025-08-08 05:04:11,0,1,0,0
21570,2025-08-08 05:09:14,0,12,0,0
92224,2025-08-08 05:15:08,0,11,1,427
44596,2025-08-08 05:34:28,0,8,0,0
9578,2025-08-08 05:38:33,1,3,1,514
20875,2025-08-08 05:48:02,1,7,0,0
13088,2025-08-08 05:50:43,0,3,0,0
65710,2025-08-08 06:06:43,0,7,1,348
61871,2025-08-08 06:08:52,0,2,1,278
1817,2025-08-08 06:21:37,1,9,0,0
51229,2025-08-08 06:22:35,1,1,0,0
76074,2025-08-08 06:30:19,0,5,0,0
69011,2025-08-08 06:33:49,0,5,0,0
86484,2025-08-08 06:43:45,1,7,0,0
54476,2025-08-08 06:47:35,0,6,0,0
50558,2025-08-08 06:48:10,1,5,0,0
71340,2025-08-08 07:01:32,0,5,0,0
59848,2025-08-08 07:10:06,0,8,0,0
31612,2025-08-08 07:12:30,0,6,0,0
96321,2025-08-08 07:17:02,0,3,0,0
19361,2025-08-08 07:29:10,1,5,0,0
92224,2025-08-08 07:31:30,1,9,0,0
47986,2025-08-08 07:33:11,0,4,0,0
58117,2025-08-08 08:10:48,0,7,0,0
17089,2025-08-08 08:31:04,0,3,0,0
95338,2025-08-08 08:32:33,0,3,0,0
99933,2025-08-08 08:35:41,0,7,1,463
77095,2025-08-08 08:36:06,0,3,0,0
2856,2025-08-08 08:41:25,1,5,0,0
67709,2025-08-08 08:56:06,0,5,0,0
48742,2025-08-08 09:00:36,0,7,0,0
76269,2025-08-08 09:00:50,1,7,0,0
4149,2025-08-08 09:01:35,1,10,1,344
72873,2025-08-08 09:02:06,1,5,1,358
8885,2025-08-08 09:05:26,0,11,0,0
78401,2025-08-08 09:14:23,0,5,0,0
33244,2025-08-08 09:44:45,0,4,0,0
79874,2025-08-08 09:46:47,1,5,0,0
79797,2025-08-08 09:48:59,0,3,0,0
77790,2025-08-08 09:53:46,0,7,0,0
84104,2025-08-08 09:54:58,0,5,0,0
58596,2025-08-08 09:57:10,0,13,1,393
71693,2025-08-08 10:03:28,0,6,1,374
73806,2025-08-08 10:05:46,0,7,0,0
21541,2025-08-08 10:11:17,0,9,0,0
13363,2025-08-08 10:12:29,0,9,1,506
33045,2025-08-08 10:16:52,1,5,1,216
70402,2025-08-08 10:19:53,0,6,0,0
20940,2025-08-08 10:24:42,0,6,1,419
77000,2025-08-08 10:30:43,0,2,1,332
33045,2025-08-08 10:36:44,1,8,0,0
57936,2025-08-08 10:37:51,0,7,1,528
80998,2025-08-08 10:40:38,1,4,0,0
76269,2025-08-08 10:45:09,0,6,0,0
67252,2025-08-08 10:46:46,1,2,0,0
50941,2025-08-08 10:49:19,0,1,0,0
80065,2025-08-08 10:52:13,1,13,1,489
72159,2025-08-08 10:55:32,0,5,0,0
32212,2025-08-08 11:05:28,1,8,0,0
42067,2025-08-08 11:15:26,0,6,0,0
95180,2025-08-08 11:37:29,0,4,1,230
97569,2025-08-08 11:44:10,1,2,0,0
58747,2025-08-08 11:44:38,1,8,0,0
1056,2025-08-08 11:45:18,0,7,0,0
16188,2025-08-08 11:48:55,0,5,1,384
5369,2025-08-08 11:56:40,0,3,0,0
65582,2025-08-08 11:56:57,1,6,0,0
86473,2025-08-08 11:59:22,0,6,0,0
65922,2025-08-08 12:05:26,1,10,0,0
81243,2025-08-08 12:05:37,0,9,0,0
65241,2025-08-08 12:06:46,0,9,1,548
90423,2025-08-08 12:06:49,0,10,0,0
87336,2025-08-08 12:23:26,1,2,1,470
22764,2025-08-08 12:25:07,1,5,1,329
12454,2025-08-08 12:36:01,0,6,1,561
75791,2025-08-08 12:40:54,0,9,0,0
56172,2025-08-08 12:45:07,0,6,0,0
74034,2025-08-08 12:50:58,0,5,0,0
6229,2025-08-08 13:16:00,1,1,0,0
47980,2025-08-08 13:20:20,0,3,0,0
53689,2025-08-08 13:22:26,0,8,0,0
80400,2025-08-08 13:28:20,0,2,1,547
50394,2025-08-08 13:40:08,0,4,0,0
83235,2025-08-08 13:40:24,0,9,0,0
43010,2025-08-08 13:43:06,0,3,0,0
42252,2025-08-08 13:50:36,0,7,1,369
18803,2025-08-08 13:56:27,0,6,0,0
56647,2025-08-08 13:56:58,1,6,0,0
32924,2025-08-08 13:58:46,0,6,0,0
64442,2025-08-08 14:03:48,0,5,1,297
78746,2025-08-08 14:15:50,0,4,0,0
97569,2025-08-08 14:29:19,1,6,1,387
95631,2025-08-08 14:31:46,0,10,0,0
98932,2025-08-08 14:44:56,0,8,0,0
84209,2025-08-08 14:47:21,1,5,1,252
15626,2025-08-08 14:48:45,0,4,1,438
942,2025-08-08 14:56:37,1,3,1,434
22210,2025-08-08 14:56:47,1,8,0,0
69155,2025-08-08 15:10:12,0,6,1,266
7172,2025-08-08 15:13:33,1,12,1,273
50636,2025-08-08 15:14:42,1,3,0,0
20495,2025-08-08 15:18:15,1,5,0,0
86802,2025-08-08 15:21:29,0,7,0,0
75620,2025-08-08 15:25:52,1,4,0,0
19243,2025-08-08 15:27:48,1,4,1,457
45840,2025-08-08 15:37:50,1,7,1,275
63784,2025-08-08 15:40:41,0,8,0,0
76901,2025-08-08 15:43:41,0,4,0,0
15607,2025-08-08 15:51:24,0,7,0,0
79909,2025-08-08 15:52:57,0,4,1,380
26550,2025-08-08 15:59:38,1,2,0,0
2317,2025-08-08 16:03:19,0,8,0,0
92936,2025-08-08 16:11:58,0,3,0,0
57936,2025-08-08 16:26:46,0,5,0,0
77150,2025-08-08 16:28:22,0,9,0,0
92867,2025-08-08 16:32:18,1,5,0,0
93858,2025-08-08 16:41:51,0,7,0,0
83024,2025-08-08 16:41:58,0,7,0,0
21924,2025-08-08 16:53:41,1,5,0,0
75332,2025-08-08 16:57:07,0,10,0,0
74687,2025-08-08 16:59:31,1,5,0,0
99183,2025-08-08 17:05:54,1,3,0,0
27115,2025-08-08 17:08:22,0,6,0,0
56432,2025-08-08 17:13:53,0,10,0,0
90181,2025-08-08 17:16:45,1,10,0,0
36616,2025-08-08 17:21:34,0,7,0,0
33072,2025-08-08 17:22:07,0,7,1,400
76430,2025-08-08 17:23:10,0,5,0,0
29093,2025-08-08 17:43:41,1,3,0,0
80632,2025-08-08 17:49:02,0,6,0,0
18665,2025-08-08 17:49:45,1,3,0,0
87341,2025-08-08 17:56:48,0,11,1,317
29093,2025-08-08 18:07:12,0,6,0,0
73749,2025-08-08 18:09:43,0,7,1,515
83312,2025-08-08 18:10:10,0,5,0,0
41942,2025-08-08 18:12:05,1,6,0,0
39882,2025-08-08 18:14:56,0,5,0,0
92308,2025-08-08 18:16:46,0,6,0,0
19298,2025-08-08 18:18:49,1,7,0,0
57888,2025-08-08 18:28:31,0,3,1,338
97509,2025-08-08 18:31:09,0,9,1,369
55663,2025-08-08 18:39:35,0,5,1,475
41540,2025-08-08 18:42:13,0,9,0,0
74932,2025-08-08 18:42:20,0,9,1,482
19298,2025-08-08 18:46:14,0,4,0,0
89733,2025-08-08 18:48:47,1,5,0,0
88460,2025-08-08 18:50:56,0,5,0,0
89257,2025-08-08 18:54:25,0,7,0,0
91906,2025-08-08 19:06:18,0,6,0,0
79134,2025-08-08 19:06:38,0,8,0,0
41773,2025-08-08 19:07:26,1,9,1,237
88648,2025-08-08 19:16:50,0,3,0,0
73569,2025-08-08 19:30:49,0,7,0,0
18721,2025-08-08 19:31:21,1,5,0,0
91840,2025-08-08 19:31:44,1,4,0,0
25454,2025-08-08 19:32:01,0,5,1,368
65159,2025-08-08 19:33:15,0,10,0,0
80859,2025-08-08 19:40:12,0,8,0,0
91906,2025-08-08 19:47:08,0,3,0,0
16994,2025-08-08 19:49:42,1,3,1,427
93869,2025-08-08 19:52:25,1,4,0,0
41525,2025-08-08 20:07:46,0,7,0,0
69676,2025-08-08 20:08:45,0,6,0,0
61296,2025-08-08 20:11:35,1,4,0,0
31913,2025-08-08 20:23:00,0,8,0,0
54698,2025-08-08 20:23:57,1,8,0,0
79794,2025-08-08 20:28:49,0,4,0,0
7951,2025-08-08 20:29:57,0,2,0,0
32671,2025-08-08 20:31:15,0,3,0,0
3048,2025-08-08 20:32:04,0,8,0,0
29940,2025-08-08 20:36:09,0,7,0,0
34151,2025-08-08 20:47:35,0,7,1,476
39777,2025-08-08 20:52:14,0,9,1,467
1423,2025-08-08 20:54:23,0,3,0,0
76901,2025-08-08 20:55:33,1,4,0,0
93524,2025-08-08 20:57:03,1,9,0,0
36719,2025-08-08 21:00:13,0,6,0,0
92224,2025-08-08 21:01:54,1,10,0,0
26911,2025-08-08 21:11:00,1,11,1,344
19990,2025-08-08 21:13:19,0,6,0,0
98350,2025-08-08 21:15:03,0,7,1,579
16588,2025-08-08 21:20:35,0,7,0,0
73793,2025-08-08 21:28:16,0,7,0,0
10972,2025-08-08 21:29:39,0,7,1,450
61055,2025-08-08 21:33:23,0,3,0,0
63715,2025-08-08 21:41:13,0,5,0,0
18897,2025-08-08 21:51:43,1,7,0,0
19412,2025-08-08 22:02:19,1,3,0,0
94868,2025-08-08 22:08:01,1,4,0,0
80286,2025-08-08 22:08:10,0,10,0,0
2210,2025-08-08 22:09:08,1,7,0,0
72805,2025-08-08 22:09:26,0,9,0,0
44310,2025-08-08 22:10:37,0,10,1,299
86828,2025-08-08 22:11:11,0,8,0,0
54573,2025-08-08 22:14:39,0,10,0,0
1713,2025-08-08 22:14:44,1,5,1,534
93816,2025-08-08 22:15:03,0,8,0,0
27115,2025-08-08 22:16:21,1,9,0,0
11861,2025-08-08 22:17:57,1,9,0,0
41183,2025-08-08 22:19:21,0,9,0,0
4992,2025-08-08 22:37:42,0,7,0,0
80754,2025-08-08 22:38:53,1,4,0,0
85789,2025-08-08 22:44:01,1,6,0,0
92375,2025-08-08 22:50:03,0,1,0,0
55631,2025-08-08 22:55:32,1,4,0,0
40698,2025-08-08 22:56:08,1,8,0,0
60316,2025-08-08 22:58:45,0,6,0,0
5880,2025-08-08 22:59:01,0,8,1,454
21019,2025-08-08 23:09:32,1,3,0,0
39787,2025-08-08 23:10:47,1,6,1,558
89007,2025-08-08 23:14:44,1,2,1,395
79831,2025-08-08 23:15:41,1,9,0,0
93986,2025-08-08 23:17:26,1,6,0,0
10271,2025-08-08 23:18:23,1,5,0,0
16188,2025-08-08 23:25:18,0,7,0,0
49769,2025-08-08 23:25:42,0,2,0,0
82729,2025-08-08 23:28:49,0,6,0,0
64274,2025-08-08 23:31:37,0,8,1,486
18302,2025-08-08 23:32:21,1,9,0,0
46648,2025-08-08 23:35:12,0,5,0,0
52070,2025-08-08 23:39:18,1,3,1,226
77985,2025-08-08 23:43:05,0,6,0,0
54631,2025-08-08 23:44:03,0,10,0,0
73606,2025-08-08 23:56:23,0,4,1,336
20467,2025-08-08 23:58:48,0,6,0,0
73749,2025-08-09 00:06:24,0,5,1,309
55003,2025-08-09 00:07:55,0,8,0,0
77884,2025-08-09 00:26:29,0,4,1,423
14311,2025-08-09 00:28:33,0,5,0,0
25580,2025-08-09 00:51:08,1,5,0,0
73908,2025-08-09 00:54:37,0,3,0,0
16377,2025-08-09 00:56:10,0,4,0,0
9934,2025-08-09 01:19:56,0,5,0,0
10972,2025-08-09 01:20:40,0,2,0,0
44453,2025-08-09 02:21:04,0,6,0,0
40403,2025-08-09 02:55:00,1,4,1,321
69377,2025-08-09 03:12:24,1,10,1,461
40301,2025-08-09 03:18:12,1,8,0,0
90696,2025-08-09 03:19:10,0,10,1,609
67709,2025-08-09 03:34:33,0,3,1,597
76455,2025-08-09 03:41:09,0,8,1,536
54287,2025-08-09 03:41:17,0,6,0,0
77884,2025-08-09 03:47:22,1,6,0,0
57399,2025-08-09 03:56:24,0,7,1,383
61932,2025-08-09 04:15:24,1,5,0,0
73439,2025-08-09 04:16:44,0,7,1,352
75899,2025-08-09 04:19:04,0,4,0,0
46323,2025-08-09 04:24:19,1,6,1,667
77414,2025-08-09 04:32:09,0,7,1,390
2359,2025-08-09 04:53:12,0,8,1,424
24996,2025-08-09 04:58:20,0,5,1,348
3161,2025-08-09 04:59:22,0,3,0,0
96170,2025-08-09 05:26:53,0,7,0,0
10113,2025-08-09 05:45:12,1,8,0,0
36093,2025-08-09 05:45:19,0,8,1,278
23630,2025-08-09 05:51:51,0,7,1,589
15713,2025-08-09 06:05:04,0,9,1,569
12553,2025-08-09 06:11:08,1,6,0,0
21551,2025-08-09 06:16:12,1,3,1,453
88460,2025-08-09 06:16:27,1,2,1,390
36811,2025-08-09 06:28:09,1,3,0,0
53925,2025-08-09 06:31:53,0,3,0,0
23209,2025-08-09 06:34:51,0,7,0,0
36220,2025-08-09 06:35:28,0,5,1,384
28681,2025-08-09 06:42:04,1,6,0,0
33522,2025-08-09 06:42:22,0,5,0,0
14624,2025-08-09 06:56:30,0,3,0,0
39777,2025-08-09 06:58:32,0,5,0,0
5764,2025-08-09 06:59:40,1,8,1,374
84389,2025-08-09 07:03:56,0,7,1,313
95180,2025-08-09 07:04:09,0,5,0,0
570,2025-08-09 07:05:48,1,7,0,0
40403,2025-08-09 07:08:09,0,4,1,402
52421,2025-08-09 07:13:16,0,5,0,0
22169,2025-08-09 07:14:59,0,5,1,281
30289,2025-08-09 07:32:51,1,10,0,0
666,2025-08-09 07:53:49,0,6,1,468
73606,2025-08-09 07:54:19,0,9,0,0
49570,2025-08-09 08:02:01,0,5,0,0
52563,2025-08-09 08:08:25,0,9,1,636
40638,2025-08-09 08:11:48,1,8,1,452
22169,2025-08-09 08:20:59,0,3,0,0
11947,2025-08-09 08:21:01,1,4,1,309
79943,2025-08-09 08:24:47,0,9,0,0
58702,2025-08-09 08:39:15,0,2,1,350
81563,2025-08-09 08:47:46,0,3,0,0
79530,2025-08-09 08:49:39,0,6,0,0
99444,2025-08-09 08:54:36,0,4,0,0
98118,2025-08-09 08:56:36,0,6,0,0
5764,2025-08-09 09:05:33,1,7,0,0
31186,2025-08-09 09:09:05,0,8,0,0
12325,2025-08-09 09:09:20,0,4,0,0
78037,2025-08-09 09:12:01,0,3,0,0
66814,2025-08-09 09:16:55,1,6,1,328
64100,2025-08-09 09:17:06,0,6,0,0
12959,2025-08-09 09:20:48,0,6,0,0
6600,2025-08-09 09:22:03,0,4,1,457
86585,2025-08-09 09:23:42,1,2,0,0
68275,2025-08-09 09:23:48,0,7,1,764
24851,2025-08-09 09:27:09,1,2,0,0
97509,2025-08-09 09:29:46,0,6,0,0
96134,2025-08-09 09:30:10,1,2,0,0
41436,2025-08-09 09:30:47,0,10,0,0
21570,2025-08-09 09:34:07,1,4,0,0
31913,2025-08-09 09:39:08,1,7,1,347
2856,2025-08-09 09:49:24,0,6,1,332
46474,2025-08-09 09:49:45,0,5,0,0
94151,2025-08-09 09:57:51,0,7,0,0
45058,2025-08-09 10:00:13,0,4,0,0
6023,2025-08-09 10:01:32,0,4,0,0
77447,2025-08-09 10:01:32,1,15,0,0
49806,2025-08-09 10:03:36,0,4,0,0
51987,2025-08-09 10:22:50,0,9,0,0
88106,2025-08-09 10:26:15,0,7,0,0
77414,2025-08-09 10:28:40,1,1,0,0
7317,2025-08-09 10:35:50,0,3,1,771
54697,2025-08-09 10:36:18,1,2,0,0
55376,2025-08-09 10:38:34,0,6,1,317
20374,2025-08-09 10:38:43,0,7,0,0
50864,2025-08-09 10:44:58,1,9,0,0
26969,2025-08-09 10:45:30,0,10,0,0
70219,2025-08-09 10:47:15,0,5,0,0
14403,2025-08-09 10:56:54,1,4,0,0
80721,2025-08-09 10:58:58,1,10,0,0
17803,2025-08-09 10:59:48,1,3,0,0
73606,2025-08-09 11:01:48,1,8,0,0
85764,2025-08-09 11:02:53,0,6,0,0
15075,2025-08-09 11:07:23,0,6,0,0
84604,2025-08-09 11:10:28,0,2,0,0
6229,2025-08-09 11:16:35,0,7,0,0
57444,2025-08-09 11:25:03,0,10,0,0
51987,2025-08-09 11:27:14,0,5,0,0
80998,2025-08-09 11:27:17,0,6,0,0
54552,2025-08-09 11:33:08,1,5,0,0
16377,2025-08-09 11:34:15,0,7,0,0
22785,2025-08-09 11:39:03,0,8,0,0
92940,2025-08-09 11:46:25,0,5,1,334
64442,2025-08-09 11:48:00,0,2,1,349
83320,2025-08-09 11:52:01,0,7,0,0
29315,2025-08-09 11:52:51,0,3,0,0
83134,2025-08-09 11:56:29,1,6,0,0
73514,2025-08-09 12:02:25,0,4,0,0
33533,2025-08-09 12:02:56,1,2,0,0
9557,2025-08-09 12:10:02,0,12,0,0
82447,2025-08-09 12:24:16,1,3,1,283
75024,2025-08-09 12:31:04,1,4,0,0
80854,2025-08-09 12:34:40,0,7,0,0
12815,2025-08-09 12:35:03,0,7,1,458
86521,2025-08-09 12:35:47,1,7,1,441
79324,2025-08-09 12:55:50,0,5,0,0
42087,2025-08-09 12:57:25,1,6,0,0
77801,2025-08-09 12:57:34,0,3,0,0
10972,2025-08-09 13:00:07,0,6,0,0
96867,2025-08-09 13:00:32,0,3,0,0
78175,2025-08-09 13:19:12,1,3,0,0
95231,2025-08-09 13:24:46,0,9,1,561
33555,2025-08-09 13:24:57,0,7,0,0
62778,2025-08-09 13:36:16,0,8,0,0
68302,2025-08-09 13:38:34,0,4,0,0
52930,2025-08-09 13:39:57,1,6,0,0
93524,2025-08-09 13:44:29,1,6,1,846
31186,2025-08-09 13:45:34,0,6,0,0
69611,2025-08-09 13:47:00,0,8,1,370
40301,2025-08-09 13:47:57,1,5,1,310
24164,2025-08-09 13:51:19,1,4,0,0
82825,2025-08-09 13:56:04,0,6,0,0
36825,2025-08-09 13:57:16,1,6,0,0
77150,2025-08-09 13:57:46,1,8,1,521
87064,2025-08-09 14:02:58,0,7,0,0
70622,2025-08-09 14:16:22,0,6,1,359
81626,2025-08-09 14:21:52,1,3,0,0
99024,2025-08-09 14:35:05,0,10,0,0
58627,2025-08-09 14:35:56,0,4,1,361
28685,2025-08-09 14:39:41,0,4,0,0
71340,2025-08-09 14:44:18,0,11,0,0
20391,2025-08-09 14:47:11,0,4,0,0
56857,2025-08-09 14:51:33,0,4,0,0
91195,2025-08-09 14:52:37,1,7,1,267
39777,2025-08-09 14:54:08,0,6,0,0
91653,2025-08-09 15:00:42,0,7,0,0
22066,2025-08-09 15:21:25,0,3,0,0
19026,2025-08-09 15:21:44,0,6,0,0
7317,2025-08-09 15:27:55,0,1,0,0
20742,2025-08-09 15:28:33,0,4,1,211
82669,2025-08-09 15:31:01,0,8,1,946
9578,2025-08-09 15:33:42,1,3,0,0
67777,2025-08-09 15:42:26,0,4,0,0
77101,2025-08-09 15:43:36,1,10,1,403
15401,2025-08-09 15:51:24,0,6,1,339
21131,2025-08-09 15:51:49,0,7,0,0
65331,2025-08-09 16:01:17,0,8,0,0
91944,2025-08-09 16:01:37,0,10,1,340
18290,2025-08-09 16:07:29,0,4,1,871
76358,2025-08-09 16:09:50,0,5,0,0
68578,2025-08-09 16:18:04,0,4,0,0
9477,2025-08-09 16:22:35,0,4,0,0
17849,2025-08-09 16:22:42,0,9,0,0
6229,2025-08-09 16:23:30,1,3,1,535
79503,2025-08-09 16:24:37,0,5,0,0
81153,2025-08-09 16:26:57,0,11,0,0
80198,2025-08-09 16:28:07,0,6,0,0
92559,2025-08-09 16:30:12,1,6,0,0
570,2025-08-09 16:30:37,0,7,1,458
79868,2025-08-09 16:33:04,0,4,0,0
45103,2025-08-09 16:43:13,1,2,0,0
60167,2025-08-09 16:44:46,0,15,0,0
94990,2025-08-09 16:58:47,0,2,0,0
38929,2025-08-09 17:02:47,0,6,0,0
14380,2025-08-09 17:05:40,0,7,1,364
11684,2025-08-09 17:08:14,0,7,0,0
36279,2025-08-09 17:08:15,1,2,0,0
78280,2025-08-09 17:11:38,1,2,0,0
94436,2025-08-09 17:14:11,0,2,1,271
28742,2025-08-09 17:15:04,0,10,0,0
1111,2025-08-09 17:18:13,0,10,1,548
89007,2025-08-09 17:21:18,0,5,0,0
50145,2025-08-09 17:26:29,0,5,0,0
63344,2025-08-09 17:31:25,0,8,0,0
28528,2025-08-09 17:34:38,1,8,1,356
32053,2025-08-09 17:35:02,1,6,0,0
58223,2025-08-09 17:39:07,0,7,0,0
56647,2025-08-09 17:51:44,0,5,1,592
20298,2025-08-09 18:09:53,0,4,0,0
12463,2025-08-09 18:13:53,0,10,0,0
38563,2025-08-09 18:14:40,0,9,0,0
63356,2025-08-09 18:24:55,1,6,0,0
8415,2025-08-09 18:28:06,0,6,1,387
6229,2025-08-09 18:28:15,0,5,0,0
1111,2025-08-09 18:34:04,0,4,0,0
30746,2025-08-09 18:35:42,0,6,0,0
46474,2025-08-09 18:46:21,1,7,1,384
52122,2025-08-09 18:54:15,1,1,1,359
35134,2025-08-09 18:55:03,1,3,0,0
76075,2025-08-09 19:02:29,0,6,1,369
91653,2025-08-09 19:03:06,0,8,0,0
53689,2025-08-09 19:04:08,0,8,1,330
93422,2025-08-09 19:10:35,0,5,0,0
59691,2025-08-09 19:14:09,0,7,1,299
21203,2025-08-09 19:14:27,0,6,0,0
17119,2025-08-09 19:19:14,1,3,1,269
1235,2025-08-09 19:23:52,1,2,0,0
28255,2025-08-09 19:24:12,0,4,1,348
43192,2025-08-09 19:25:27,0,5,0,0
23184,2025-08-09 19:27:33,1,6,0,0
66288,2025-08-09 19:27:42,0,4,0,0
22149,2025-08-09 19:28:38,0,8,0,0
97089,2025-08-09 19:52:13,0,2,0,0
86456,2025-08-09 19:55:27,0,6,0,0
54685,2025-08-09 19:57:02,0,7,0,0
69236,2025-08-09 19:58:58,1,7,0,0
49806,2025-08-09 19:59:45,0,6,0,0
11285,2025-08-09 20:00:23,1,10,0,0
95725,2025-08-09 20:06:09,1,7,1,413
11412,2025-08-09 20:10:03,0,7,0,0
95412,2025-08-09 20:20:15,1,9,0,0
44779,2025-08-09 20:26:41,1,9,1,446
81243,2025-08-09 20:36:41,0,6,1,317
4179,2025-08-09 20:37:00,1,8,0,0
93850,2025-08-09 20:38:16,1,0,0,0
86198,2025-08-09 20:38:50,0,8,0,0
27059,2025-08-09 20:43:07,0,5,1,429
87925,2025-08-09 20:43:17,0,3,0,0
13445,2025-08-09 20:49:38,0,5,0,0
90346,2025-08-09 20:51:58,0,7,0,0
24258,2025-08-09 20:56:45,0,5,1,578
19107,2025-08-09 21:05:59,1,10,0,0
85629,2025-08-09 21:13:00,0,8,0,0
91522,2025-08-09 21:17:14,1,10,0,0
50394,2025-08-09 21:17:36,1,5,1,764
18665,2025-08-09 21:17:54,1,8,0,0
50864,2025-08-09 21:18:45,1,4,1,410
3341,2025-08-09 21:24:00,0,7,1,790
79511,2025-08-09 21:25:24,1,6,1,320
63173,2025-08-09 21:31:18,0,5,0,0
10213,2025-08-09 21:34:56,1,6,0,0
8814,2025-08-09 21:37:42,0,11,1,554
18973,2025-08-09 21:40:12,0,7,0,0
41942,2025-08-09 21:42:10,1,10,1,555
94834,2025-08-09 21:53:49,0,6,1,358
36959,2025-08-09 21:59:11,0,10,0,0
4352,2025-08-09 21:59:52,0,2,0,0
68467,2025-08-09 22:01:18,0,6,0,0
76274,2025-08-09 22:08:41,0,7,0,0
31288,2025-08-09 22:09:09,0,5,1,329
93510,2025-08-09 22:15:27,0,6,0,0
9665,2025-08-09 22:16:08,0,6,0,0
85912,2025-08-09 22:27:35,0,5,0,0
24678,2025-08-09 22:28:25,0,8,0,0
46561,2025-08-09 22:32:13,0,6,1,353
43093,2025-08-09 22:36:16,0,9,1,451
32598,2025-08-09 22:37:06,0,10,1,307
89257,2025-08-09 22:42:22,1,3,0,0
97279,2025-08-09 22:43:45,0,4,0,0
38036,2025-08-09 22:48:12,0,7,0,0
55806,2025-08-09 22:49:25,0,7,0,0
10782,2025-08-09 22:52:43,1,6,0,0
36402,2025-08-09 22:54:29,1,8,0,0
76250,2025-08-09 22:56:53,0,5,1,275
94926,2025-08-09 22:59:47,0,7,0,0
95947,2025-08-09 23:06:30,1,5,1,443
90813,2025-08-09 23:15:37,0,5,1,288
17016,2025-08-09 23:19:07,0,4,0,0
56004,2025-08-09 23:42:36,0,5,0,0
54644,2025-08-09 23:42:53,0,7,0,0
88459,2025-08-09 23:54:54,0,9,0,0
73439,2025-08-09 23:57:12,0,3,1,406
48869,2025-08-10 00:03:54,1,4,0,0
37761,2025-08-10 00:08:42,0,8,0,0
34032,2025-08-10 00:15:00,0,4,0,0
87530,2025-08-10 00:24:11,0,3,0,0
89321,2025-08-10 00:26:14,0,4,0,0
8044,2025-08-10 00:47:41,0,5,0,0
97451,2025-08-10 00:51:37,0,6,0,0
90696,2025-08-10 01:02:22,0,2,1,506
36187,2025-08-10 01:03:05,0,8,0,0
65241,2025-08-10 01:39:44,1,5,1,384
85484,2025-08-10 01:55:00,0,8,1,263
20467,2025-08-10 01:59:40,0,7,0,0
55003,2025-08-10 02:05:21,0,2,0,0
99218,2025-08-10 02:07:55,0,7,0,0
50145,2025-08-10 02:29:38,1,7,1,562
94286,2025-08-10 02:33:51,1,3,1,408
36560,2025-08-10 02:45:20,0,8,0,0
37919,2025-08-10 03:03:42,0,11,1,475
74714,2025-08-10 03:06:59,1,3,1,452
85119,2025-08-10 03:26:37,0,6,0,0
78197,2025-08-10 03:39:48,0,4,1,460
10847,2025-08-10 04:08:12,1,2,0,0
75791,2025-08-10 04:08:18,0,8,1,491
63356,2025-08-10 04:09:26,0,6,0,0
12959,2025-08-10 04:21:00,0,8,0,0
29578,2025-08-10 04:49:24,0,8,1,440
69155,2025-08-10 04:58:35,0,9,0,0
32805,2025-08-10 04:59:17,0,4,1,525
43578,2025-08-10 05:04:05,1,6,0,0
89321,2025-08-10 05:04:15,1,6,1,344
32319,2025-08-10 05:08:04,0,6,0,0
7317,2025-08-10 05:09:08,0,6,1,353
75791,2025-08-10 05:31:49,1,11,1,435
33250,2025-08-10 05:38:33,0,5,0,0
20565,2025-08-10 05:41:42,0,8,1,310
44614,2025-08-10 05:50:47,1,7,1,336
22147,2025-08-10 06:08:25,0,2,0,0
6600,2025-08-10 06:13:40,0,7,0,0
14826,2025-08-10 06:15:25,0,6,1,293
39696,2025-08-10 06:43:27,0,7,0,0
43995,2025-08-10 06:43:49,1,5,0,0
89704,2025-08-10 07:02:30,0,4,0,0
35188,2025-08-10 07:03:43,0,8,0,0
14635,2025-08-10 07:25:09,0,6,0,0
39882,2025-08-10 07:33:02,0,6,0,0
65202,2025-08-10 07:45:53,0,2,0,0
79574,2025-08-10 07:56:05,1,6,0,0
75925,2025-08-10 07:58:27,0,4,1,542
61932,2025-08-10 08:03:44,0,8,0,0
30901,2025-08-10 08:04:00,0,3,0,0
60392,2025-08-10 08:05:00,0,3,0,0
20742,2025-08-10 08:06:33,0,6,0,0
53284,2025-08-10 08:06:55,1,7,1,486
53463,2025-08-10 08:14:03,1,11,0,0
54287,2025-08-10 08:18:58,0,3,1,557
27605,2025-08-10 08:23:04,1,6,0,0
54349,2025-08-10 08:32:38,0,7,0,0
96797,2025-08-10 08:36:00,1,2,0,0
14810,2025-08-10 08:42:59,0,4,0,0
26608,2025-08-10 08:46:29,0,6,0,0
88541,2025-08-10 08:59:57,0,5,0,0
17839,2025-08-10 09:03:46,0,4,0,0
47401,2025-08-10 09:16:30,0,6,1,591
34608,2025-08-10 09:27:01,0,4,0,0
62986,2025-08-10 09:31:33,1,11,0,0
11861,2025-08-10 09:33:40,0,7,0,0
60116,2025-08-10 09:39:31,0,10,1,422
99962,2025-08-10 09:40:51,0,7,0,0
99739,2025-08-10 09:44:43,1,6,0,0
75718,2025-08-10 09:50:22,1,8,1,492
68578,2025-08-10 09:51:50,0,7,0,0
30239,2025-08-10 09:52:47,0,5,0,0
41491,2025-08-10 09:54:30,0,3,0,0
62064,2025-08-10 10:03:44,0,6,0,0
77414,2025-08-10 10:04:27,0,4,0,0
73787,2025-08-10 10:05:18,0,6,0,0
26911,2025-08-10 10:07:27,1,6,0,0
97065,2025-08-10 10:08:52,0,3,1,296
26492,2025-08-10 10:11:20,0,6,0,0
1222,2025-08-10 10:17:07,0,5,0,0
14842,2025-08-10 10:20:10,1,8,0,0
59342,2025-08-10 10:22:41,1,6,1,417
36959,2025-08-10 10:26:57,0,6,0,0
18302,2025-08-10 10:40:24,1,4,0,0
50864,2025-08-10 10:48:29,0,7,0,0
64991,2025-08-10 10:51:11,0,7,0,0
67777,2025-08-10 10:55:41,0,3,1,429
76074,2025-08-10 11:06:26,1,5,0,0
84789,2025-08-10 11:12:04,0,6,1,449
44987,2025-08-10 11:15:46,0,7,0,0
5880,2025-08-10 11:19:06,0,9,1,733
57875,2025-08-10 11:26:00,0,4,0,0
5665,2025-08-10 11:32:20,1,11,0,0
64521,2025-08-10 11:38:57,1,9,0,0
79977,2025-08-10 11:44:30,0,4,0,0
47734,2025-08-10 11:48:25,1,7,0,0
75718,2025-08-10 11:50:55,0,4,1,376
53945,2025-08-10 11:54:57,0,6,0,0
76112,2025-08-10 11:58:13,1,3,0,0
99795,2025-08-10 11:58:13,1,6,1,373
57275,2025-08-10 12:13:24,1,7,1,632
67792,2025-08-10 12:13:48,1,5,0,0
58596,2025-08-10 12:14:07,1,6,0,0
46967,2025-08-10 12:14:24,0,7,0,0
59037,2025-08-10 12:17:29,1,4,0,0
6167,2025-08-10 12:24:08,0,8,0,0
53683,2025-08-10 12:40:14,0,7,0,0
74242,2025-08-10 12:42:03,0,6,0,0
32495,2025-08-10 12:47:00,0,6,1,483
17647,2025-08-10 12:57:49,1,8,1,691
30876,2025-08-10 13:04:16,1,8,1,503
99795,2025-08-10 13:06:54,0,5,1,393
3714,2025-08-10 13:07:47,1,5,0,0
3421,2025-08-10 13:10:22,1,5,1,385
77722,2025-08-10 13:16:31,0,9,0,0
705,2025-08-10 13:27:00,0,8,0,0
86915,2025-08-10 13:29:38,0,9,0,0
53780,2025-08-10 13:30:00,0,8,0,0
25697,2025-08-10 13:36:40,0,5,0,0
1222,2025-08-10 13:38:54,0,10,1,519
67903,2025-08-10 13:47:24,0,8,0,0
25207,2025-08-10 13:49:55,0,5,0,0
58596,2025-08-10 13:52:01,0,3,0,0
90181,2025-08-10 13:52:48,0,8,1,433
36657,2025-08-10 13:53:13,0,4,1,260
94834,2025-08-10 13:53:39,0,4,1,617
61320,2025-08-10 13:54:38,0,3,0,0
97125,2025-08-10 13:58:07,1,7,0,0
82447,2025-08-10 14:00:02,1,3,0,0
75442,2025-08-10 14:18:30,0,5,1,580
33072,2025-08-10 14:29:33,0,4,0,0
96170,2025-08-10 14:35:51,1,9,0,0
32671,2025-08-10 14:40:23,1,3,0,0
85130,2025-08-10 14:44:29,1,3,1,645
11684,2025-08-10 14:49:15,1,4,1,645
72446,2025-08-10 14:57:12,1,3,0,0
34006,2025-08-10 14:58:20,1,4,0,0
91096,2025-08-10 15:08:30,0,4,0,0
15075,2025-08-10 15:13:45,0,6,1,758
6936,2025-08-10 15:26:45,0,4,0,0
79134,2025-08-10 15:29:46,0,9,0,0
76720,2025-08-10 15:33:09,1,5,0,0
93432,2025-08-10 15:36:12,0,6,1,415
32053,2025-08-10 15:38:39,1,2,0,0
29251,2025-08-10 15:38:42,1,7,0,0
70473,2025-08-10 15:47:19,0,10,0,0
73439,2025-08-10 15:47:20,0,9,0,0
95144,2025-08-10 15:49:09,1,7,0,0
74699,2025-08-10 16:05:55,0,3,0,0
46648,2025-08-10 16:06:45,1,2,0,0
9136,2025-08-10 16:12:38,0,4,0,0
81258,2025-08-10 16:15:57,0,6,1,427
85611,2025-08-10 16:16:37,1,5,0,0
92940,2025-08-10 16:16:48,0,5,0,0
36093,2025-08-10 16:17:39,0,8,1,469
43497,2025-08-10 16:27:35,0,3,0,0
40896,2025-08-10 16:30:01,1,8,0,0
34373,2025-08-10 16:43:40,0,10,0,0
65090,2025-08-10 16:50:12,0,3,0,0
87341,2025-08-10 16:57:21,0,7,0,0
73606,2025-08-10 16:59:38,1,5,1,492
40937,2025-08-10 17:03:40,0,5,0,0
14624,2025-08-10 17:09:35,0,4,1,503
57488,2025-08-10 17:14:12,0,4,1,400
67252,2025-08-10 17:14:21,1,6,1,409
2210,2025-08-10 17:19:45,0,3,0,0
23292,2025-08-10 17:28:36,0,9,1,456
13867,2025-08-10 17:33:37,0,7,0,0
8415,2025-08-10 17:38:28,0,5,0,0
47986,2025-08-10 17:39:39,1,7,0,0
29578,2025-08-10 17:52:44,0,1,0,0
23683,2025-08-10 17:55:11,1,9,0,0
41183,2025-08-10 17:56:56,1,10,1,351
68275,2025-08-10 17:57:19,0,4,0,0
72159,2025-08-10 18:00:20,0,6,1,305
88938,2025-08-10 18:01:34,1,9,0,0
87064,2025-08-10 18:03:56,0,7,0,0
55263,2025-08-10 18:06:51,0,6,0,0
89007,2025-08-10 18:21:35,0,5,0,0
46747,2025-08-10 18:32:36,1,9,0,0
30148,2025-08-10 18:35:02,0,7,0,0
31171,2025-08-10 18:40:50,0,4,0,0
45033,2025-08-10 18:42:58,0,4,0,0
75672,2025-08-10 18:44:33,0,6,0,0
48711,2025-08-10 18:47:00,0,9,0,0
26550,2025-08-10 18:48:53,0,8,1,694
92308,2025-08-10 18:54:51,0,3,1,388
75034,2025-08-10 19:00:08,0,7,0,0
66354,2025-08-10 19:09:36,0,6,0,0
12004,2025-08-10 19:10:45,1,10,0,0
20395,2025-08-10 19:14:29,0,12,0,0
80006,2025-08-10 19:14:32,1,8,0,0
91195,2025-08-10 19:15:12,0,6,0,0
34608,2025-08-10 19:17:59,1,6,1,415
79324,2025-08-10 19:28:04,0,6,1,695
83320,2025-08-10 19:28:59,0,5,0,0
11631,2025-08-10 19:30:37,1,4,0,0
3825,2025-08-10 19:33:22,1,7,0,0
64917,2025-08-10 19:43:46,0,7,1,401
89227,2025-08-10 19:46:39,0,6,1,599
73631,2025-08-10 19:47:21,0,2,1,492
9146,2025-08-10 19:49:03,0,6,1,393
39363,2025-08-10 19:56:57,0,2,0,0
30289,2025-08-10 20:01:11,1,9,0,0
24373,2025-08-10 20:01:56,0,9,0,0
99739,2025-08-10 20:05:38,1,4,0,0
66934,2025-08-10 20:09:18,0,6,0,0
78801,2025-08-10 20:25:18,0,4,0,0
86148,2025-08-10 20:36:53,0,5,0,0
15826,2025-08-10 20:41:35,0,6,1,358
4281,2025-08-10 20:41:49,0,11,0,0
5125,2025-08-10 20:43:34,0,6,0,0
68916,2025-08-10 20:50:21,1,5,0,0
8102,2025-08-10 20:57:37,0,4,1,642
10686,2025-08-10 21:00:38,0,4,0,0
56172,2025-08-10 21:04:56,1,6,1,682
62537,2025-08-10 21:07:50,0,5,0,0
24949,2025-08-10 21:14:53,1,3,1,255
58194,2025-08-10 21:23:44,0,9,1,487
63918,2025-08-10 21:27:04,0,8,0,0
23375,2025-08-10 21:31:08,1,8,1,408
30932,2025-08-10 21:32:30,0,11,1,384
85789,2025-08-10 21:39:35,0,2,0,0
67709,2025-08-10 21:39:41,0,3,0,0
29578,2025-08-10 21:57:51,1,12,0,0
8920,2025-08-10 22:06:46,1,5,1,527
53683,2025-08-10 22:13:32,1,9,0,0
58043,2025-08-10 22:15:20,0,5,0,0
21203,2025-08-10 22:27:00,0,6,0,0
42603,2025-08-10 22:33:22,0,7,0,0
80006,2025-08-10 22:33:57,1,6,1,636
21785,2025-08-10 22:37:32,1,4,0,0
10355,2025-08-10 22:38:50,0,8,0,0
36311,2025-08-10 22:42:12,0,6,1,604
53907,2025-08-10 22:43:22,0,3,1,295
86484,2025-08-10 22:43:42,0,4,0,0
9007,2025-08-10 22:43:45,0,3,0,0
94926,2025-08-10 22:49:03,1,8,0,0
45224,2025-08-10 22:53:20,0,9,0,0
69871,2025-08-10 23:03:17,0,8,0,0
29315,2025-08-10 23:08:37,0,10,0,0
29315,2025-08-10 23:15:14,0,3,0,0
56463,2025-08-10 23:33:16,0,5,0,0
36719,2025-08-10 23:49:27,0,5,0,0
75295,2025-08-10 23:56:11,0,7,1,348
53366,2025-08-11 00:06:28,0,4,1,382
95631,2025-08-11 00:08:19,0,4,1,379
53284,2025-08-11 00:09:35,1,1,1,413
76269,2025-08-11 00:23:41,0,7,1,417
79797,2025-08-11 00:41:46,0,3,0,0
78801,2025-08-11 01:04:39,1,8,0,0
97893,2025-08-11 01:04:54,1,5,0,0
29940,2025-08-11 01:16:05,0,11,1,376
37413,2025-08-11 01:21:58,0,4,0,0
60382,2025-08-11 01:23:02,0,4,1,649
59848,2025-08-11 01:40:14,1,9,0,0
76075,2025-08-11 01:59:04,1,6,1,325
47127,2025-08-11 02:14:59,1,6,1,322
15401,2025-08-11 02:19:48,0,5,0,0
93202,2025-08-11 02:26:50,1,4,1,438
41773,2025-08-11 02:32:09,1,8,0,0
31153,2025-08-11 02:32:28,0,4,0,0
79530,2025-08-11 02:34:25,0,4,0,0
36093,2025-08-11 02:35:45,0,7,0,0
3327,2025-08-11 03:06:02,0,7,1,246
71340,2025-08-11 03:07:11,1,4,0,0
75004,2025-08-11 03:15:48,0,2,0,0
92867,2025-08-11 03:23:21,0,8,1,263
12595,2025-08-11 03:39:36,0,7,0,0
43331,2025-08-11 03:44:41,1,2,0,0
77457,2025-08-11 04:15:48,0,3,0,0
88981,2025-08-11 04:16:27,1,9,1,380
8102,2025-08-11 04:16:58,0,5,0,0
48144,2025-08-11 04:26:51,0,7,1,477
8769,2025-08-11 04:28:40,0,4,0,0
20391,2025-08-11 04:44:25,1,5,0,0
80286,2025-08-11 04:51:26,0,5,0,0
79244,2025-08-11 05:14:45,0,9,0,0
4124,2025-08-11 05:23:28,0,4,1,448
9824,2025-08-11 05:27:45,1,7,0,0
92599,2025-08-11 05:38:22,1,3,0,0
89222,2025-08-11 05:39:32,0,6,0,0
24609,2025-08-11 06:04:33,0,9,0,0
95725,2025-08-11 06:22:58,0,6,1,479
57964,2025-08-11 06:33:47,0,9,0,0
5491,2025-08-11 06:45:12,0,4,1,269
83153,2025-08-11 06:49:50,1,1,1,398
77392,2025-08-11 07:20:39,0,11,0,0
29627,2025-08-11 07:48:07,0,10,0,0
24059,2025-08-11 07:56:15,1,4,1,318
30876,2025-08-11 08:00:23,0,6,0,0
91522,2025-08-11 08:04:46,0,9,0,0
35351,2025-08-11 08:10:52,0,5,0,0
11146,2025-08-11 08:12:40,1,9,1,311
91906,2025-08-11 08:14:38,0,6,0,0
14842,2025-08-11 08:31:00,0,6,0,0
12745,2025-08-11 08:31:57,0,8,0,0
34340,2025-08-11 08:39:23,0,8,0,0
32495,2025-08-11 08:43:52,1,8,0,0
93432,2025-08-11 08:43:52,0,7,1,253
78785,2025-08-11 08:46:46,0,5,0,0
64442,2025-08-11 08:49:22,1,5,0,0
13556,2025-08-11 08:49:33,0,7,0,0
96291,2025-08-11 08:52:43,1,9,1,643
65159,2025-08-11 08:56:49,1,8,0,0
82669,2025-08-11 08:59:30,0,4,0,0
34032,2025-08-11 09:07:15,0,3,1,746
21300,2025-08-11 09:26:06,0,6,0,0
91096,2025-08-11 09:30:01,1,3,0,0
85911,2025-08-11 09:34:51,1,4,0,0
88541,2025-08-11 09:35:35,0,6,1,406
33533,2025-08-11 09:38:30,0,7,0,0
23900,2025-08-11 09:38:43,0,10,0,0
52421,2025-08-11 09:52:08,1,9,0,0
68340,2025-08-11 09:54:22,1,8,0,0
14452,2025-08-11 10:01:59,1,5,0,0
84565,2025-08-11 10:07:54,0,4,1,367
9290,2025-08-11 10:08:12,0,6,0,0
56172,2025-08-11 10:20:39,0,4,0,0
53463,2025-08-11 10:28:06,0,4,0,0
24854,2025-08-11 10:31:15,0,9,1,368
73744,2025-08-11 10:32:42,1,5,0,0
93510,2025-08-11 10:34:52,1,4,0,0
13363,2025-08-11 10:35:14,0,8,0,0
16191,2025-08-11 10:38:00,0,2,0,0
3714,2025-08-11 10:40:10,0,8,0,0
72159,2025-08-11 10:41:30,0,5,0,0
83134,2025-08-11 10:41:30,1,5,1,190
1713,2025-08-11 10:49:52,0,6,0,0
36825,2025-08-11 10:52:22,0,7,0,0
40007,2025-08-11 11:07:04,0,7,0,0
91906,2025-08-11 11:10:48,1,5,0,0
57290,2025-08-11 11:11:15,0,3,0,0
21551,2025-08-11 11:12:04,1,7,0,0
58519,2025-08-11 11:12:51,1,4,0,0
61167,2025-08-11 11:15:28,0,3,0,0
99933,2025-08-11 11:16:31,0,7,1,570
92867,2025-08-11 11:17:02,0,7,0,0
4565,2025-08-11 11:17:56,1,7,0,0
1067,2025-08-11 11:19:36,0,5,0,0
5880,2025-08-11 11:21:42,1,3,1,339
80681,2025-08-11 11:22:56,0,4,1,337
91522,2025-08-11 11:23:11,0,5,1,279
66354,2025-08-11 11:23:23,0,9,0,0
14687,2025-08-11 11:25:15,1,8,0,0
35804,2025-08-11 11:38:21,0,4,0,0
25636,2025-08-11 11:41:20,0,6,0,0
65037,2025-08-11 11:45:44,0,8,0,0
37051,2025-08-11 11:48:51,0,3,1,614
79794,2025-08-11 11:50:13,0,6,0,0
48849,2025-08-11 11:53:28,0,1,1,308
37455,2025-08-11 12:05:02,0,4,0,0
21541,2025-08-11 12:05:26,0,8,0,0
34006,2025-08-11 12:09:22,1,5,1,287
82175,2025-08-11 12:16:11,0,4,1,278
28685,2025-08-11 12:21:21,0,4,0,0
64991,2025-08-11 12:29:39,0,3,1,332
8785,2025-08-11 12:33:13,0,4,0,0
33956,2025-08-11 12:37:44,0,8,1,443
3595,2025-08-11 12:40:06,0,3,0,0
19361,2025-08-11 12:49:01,0,7,0,0
64220,2025-08-11 12:51:02,0,4,0,0
11126,2025-08-11 12:52:59,0,6,0,0
72589,2025-08-11 12:53:25,1,5,0,0
18302,2025-08-11 12:56:11,0,2,1,543
29007,2025-08-11 13:05:14,0,3,0,0
41186,2025-08-11 13:09:03,0,3,0,0
62786,2025-08-11 13:10:27,0,9,0,0
56463,2025-08-11 13:13:50,0,7,0,0
50941,2025-08-11 13:16:26,0,6,1,239
47986,2025-08-11 13:19:18,0,2,0,0
86585,2025-08-11 13:23:48,0,4,0,0
28342,2025-08-11 13:24:32,0,8,0,0
3798,2025-08-11 13:26:26,0,8,1,424
35138,2025-08-11 13:31:06,0,7,0,0
91653,2025-08-11 13:36:08,0,7,0,0
83157,2025-08-11 13:40:59,1,4,0,0
18770,2025-08-11 13:41:04,0,5,1,667
87925,2025-08-11 13:41:07,1,10,0,0
80998,2025-08-11 13:44:31,1,6,0,0
73239,2025-08-11 13:54:14,0,8,1,518
21541,2025-08-11 13:55:40,0,11,0,0
71149,2025-08-11 13:55:51,0,9,1,656
69871,2025-08-11 14:00:51,0,4,0,0
9665,2025-08-11 14:09:54,0,9,1,638
44272,2025-08-11 14:11:49,1,8,0,0
14842,2025-08-11 14:17:17,1,2,1,353
75034,2025-08-11 14:22:31,0,6,0,0
92075,2025-08-11 14:27:53,0,4,0,0
28528,2025-08-11 14:32:06,0,7,1,633
50636,2025-08-11 14:36:57,0,2,0,0
59848,2025-08-11 14:37:36,0,9,0,0
17647,2025-08-11 14:40:03,1,12,1,476
19686,2025-08-11 14:44:49,0,2,0,0
69500,2025-08-11 14:45:15,0,9,0,0
17164,2025-08-11 14:47:15,0,8,0,0
44719,2025-08-11 14:48:37,0,5,0,0
57275,2025-08-11 15:07:42,1,10,1,445
22417,2025-08-11 15:12:42,0,6,1,270
65076,2025-08-11 15:13:57,0,8,1,258
12463,2025-08-11 15:16:29,0,9,1,449
99024,2025-08-11 15:16:30,0,4,0,0
85484,2025-08-11 15:16:50,0,2,0,0
54205,2025-08-11 15:23:58,0,3,0,0
73631,2025-08-11 15:25:14,0,5,1,382
68748,2025-08-11 15:36:35,1,6,1,371
77722,2025-08-11 15:39:14,1,4,1,297
31612,2025-08-11 15:39:47,0,4,0,0
8469,2025-08-11 15:43:57,0,4,0,0
11631,2025-08-11 15:56:15,0,5,0,0
50636,2025-08-11 15:56:52,1,4,0,0
84604,2025-08-11 16:00:09,0,6,1,537
32805,2025-08-11 16:09:17,0,5,0,0
65536,2025-08-11 16:16:23,0,8,1,469
79244,2025-08-11 16:18:32,0,7,0,0
69155,2025-08-11 16:19:05,0,9,0,0
82447,2025-08-11 16:20:49,0,6,0,0
77414,2025-08-11 16:24:55,0,1,0,0
38513,2025-08-11 16:26:48,0,4,0,0
3161,2025-08-11 16:33:48,0,4,0,0
72730,2025-08-11 16:33:52,0,3,1,353
46561,2025-08-11 16:35:29,0,10,1,434
69911,2025-08-11 16:46:28,0,6,0,0
31171,2025-08-11 16:52:09,0,4,0,0
75442,2025-08-11 16:54:23,1,11,0,0
69915,2025-08-11 16:55:29,0,0,0,0
307,2025-08-11 16:55:32,0,6,0,0
56004,2025-08-11 17:03:44,0,6,1,627
14210,2025-08-11 17:04:59,1,3,1,387
36252,2025-08-11 17:08:22,0,6,1,429
88541,2025-08-11 17:10:09,1,5,1,464
42588,2025-08-11 17:17:37,0,7,0,0
81599,2025-08-11 17:19:15,0,3,0,0
28822,2025-08-11 17:19:31,1,4,0,0
80382,2025-08-11 17:21:19,1,7,0,0
76852,2025-08-11 17:22:04,0,5,0,0
82175,2025-08-11 17:24:17,1,7,0,0
30148,2025-08-11 17:30:16,0,5,0,0
36892,2025-08-11 17:36:21,0,5,0,0
77722,2025-08-11 17:40:57,1,4,0,0
54427,2025-08-11 17:43:49,0,7,0,0
90423,2025-08-11 17:45:38,0,3,1,205
19243,2025-08-11 17:54:54,0,8,0,0
74707,2025-08-11 17:57:34,0,4,1,329
37869,2025-08-11 18:05:35,1,5,1,937
73793,2025-08-11 18:12:02,1,7,0,0
18721,2025-08-11 18:13:45,0,8,0,0
33522,2025-08-11 18:15:16,0,7,1,264
17212,2025-08-11 18:16:15,1,8,1,574
75034,2025-08-11 18:19:43,0,4,0,0
32579,2025-08-11 18:28:08,0,10,0,0
33415,2025-08-11 18:28:52,0,4,0,0
814,2025-08-11 18:37:56,0,9,1,716
24059,2025-08-11 18:44:27,1,7,0,0
25580,2025-08-11 18:48:29,1,8,0,0
9934,2025-08-11 18:49:37,0,3,0,0
84567,2025-08-11 18:59:21,0,8,0,0
12354,2025-08-11 19:02:17,0,4,0,0
64442,2025-08-11 19:04:43,0,8,1,313
88837,2025-08-11 19:06:12,1,9,0,0
96537,2025-08-11 19:06:31,0,4,0,0
35138,2025-08-11 19:10:06,0,9,0,0
96460,2025-08-11 19:17:13,1,7,0,0
11146,2025-08-11 19:18:49,1,4,0,0
68916,2025-08-11 19:21:33,0,5,1,306
41491,2025-08-11 19:26:02,1,7,1,776
32026,2025-08-11 19:26:57,0,7,0,0
3595,2025-08-11 19:28:47,1,4,0,0
73119,2025-08-11 19:38:42,0,8,1,703
81626,2025-08-11 19:44:14,0,3,0,0
81366,2025-08-11 19:49:54,0,2,0,0
64245,2025-08-11 19:55:21,0,4,0,0
95406,2025-08-11 19:58:32,0,4,0,0
83074,2025-08-11 20:00:20,1,10,0,0
80051,2025-08-11 20:01:27,0,9,0,0
21570,2025-08-11 20:03:54,0,4,1,354
35138,2025-08-11 20:09:26,0,6,0,0
94834,2025-08-11 20:10:02,0,5,0,0
69011,2025-08-11 20:14:36,0,2,1,618
43184,2025-08-11 20:17:13,0,9,1,373
56647,2025-08-11 20:18:44,1,4,0,0
64176,2025-08-11 20:27:55,0,5,1,568
23162,2025-08-11 20:29:29,0,9,0,0
70473,2025-08-11 20:37:27,1,7,1,1494
70457,2025-08-11 20:43:06,0,7,0,0
23292,2025-08-11 20:56:50,1,8,0,0
33250,2025-08-11 20:58:31,1,5,1,564
22797,2025-08-11 21:08:51,0,8,1,387
27767,2025-08-11 21:28:02,0,6,0,0
46221,2025-08-11 21:28:25,0,6,1,553
88460,2025-08-11 21:35:28,0,7,1,351
45374,2025-08-11 21:35:54,0,5,0,0
80779,2025-08-11 21:41:57,0,4,0,0
41491,2025-08-11 21:42:29,0,6,0,0
53689,2025-08-11 22:14:58,0,7,0,0
5218,2025-08-11 22:23:05,0,5,1,343
38478,2025-08-11 22:23:20,1,10,1,349
80382,2025-08-11 22:35:32,0,8,0,0
77049,2025-08-11 22:46:09,0,7,0,0
22816,2025-08-11 22:46:46,0,4,1,379
35351,2025-08-11 22:54:39,0,8,0,0
64122,2025-08-11 23:03:56,0,9,0,0
8885,2025-08-11 23:10:29,1,6,1,300
88865,2025-08-11 23:10:30,1,7,0,0
53683,2025-08-11 23:11:04,0,4,0,0
1713,2025-08-11 23:14:41,0,6,0,0
80069,2025-08-11 23:22:39,0,9,1,335
26911,2025-08-11 23:23:01,0,5,0,0
56125,2025-08-11 23:23:17,1,5,0,0
79797,2025-08-11 23:32:45,0,0,0,0
78349,2025-08-11 23:41:04,0,11,0,0
14635,2025-08-11 23:49:18,0,6,0,0
36311,2025-08-11 23:49:42,0,7,0,0
3095,2025-08-11 23:52:41,0,6,1,307
58194,2025-08-12 00:04:07,0,1,1,451
20395,2025-08-12 00:10:12,1,9,0,0
75672,2025-08-12 00:24:54,1,4,0,0
3595,2025-08-12 00:56:44,0,7,0,0
92375,2025-08-12 01:06:00,0,3,0,0
964,2025-08-12 01:20:30,0,6,0,0
72360,2025-08-12 01:35:54,0,10,1,353
79831,2025-08-12 01:43:39,0,6,1,315
22417,2025-08-12 02:01:54,0,7,0,0
79977,2025-08-12 02:03:41,0,5,0,0
20019,2025-08-12 02:27:10,0,5,1,207
85523,2025-08-12 02:34:41,0,6,0,0
15607,2025-08-12 02:44:04,1,3,1,365
45995,2025-08-12 02:53:03,0,2,0,0
75004,2025-08-12 02:57:39,0,4,1,428
42686,2025-08-12 03:00:19,0,3,0,0
9934,2025-08-12 03:01:56,0,4,0,0
48849,2025-08-12 03:02:40,1,10,0,0
77101,2025-08-12 03:04:30,0,4,0,0
65536,2025-08-12 03:29:24,0,3,1,387
61871,2025-08-12 03:34:57,0,8,1,758
79943,2025-08-12 03:35:24,1,3,0,0
52421,2025-08-12 03:44:01,0,9,0,0
95406,2025-08-12 03:48:17,1,6,0,0
4179,2025-08-12 04:05:05,1,15,0,0
2894,2025-08-12 04:19:03,0,4,0,0
29137,2025-08-12 04:34:36,0,7,0,0
24258,2025-08-12 04:52:26,0,4,1,272
9477,2025-08-12 04:56:32,0,8,1,258
70402,2025-08-12 05:13:41,0,6,0,0
54644,2025-08-12 05:18:32,1,5,0,0
53689,2025-08-12 05:22:31,1,9,1,275
79545,2025-08-12 05:27:27,0,5,0,0
14842,2025-08-12 05:29:25,1,5,0,0
19343,2025-08-12 05:30:40,1,4,0,0
47775,2025-08-12 05:31:13,0,7,0,0
31208,2025-08-12 05:48:14,0,9,0,0
25621,2025-08-12 06:02:27,0,2,1,339
37752,2025-08-12 06:12:13,0,4,0,0
50394,2025-08-12 06:16:50,1,2,1,426
9477,2025-08-12 06:37:04,1,5,0,0
94074,2025-08-12 06:49:33,0,7,0,0
19260,2025-08-12 06:51:25,1,6,0,0
18575,2025-08-12 06:54:33,0,8,0,0
11996,2025-08-12 07:02:33,0,5,1,294
28681,2025-08-12 07:13:10,1,6,1,310
87908,2025-08-12 07:19:29,0,5,0,0
80014,2025-08-12 07:20:13,1,5,1,627
48144,2025-08-12 07:29:32,0,12,0,0
87925,2025-08-12 07:30:34,1,4,0,0
10355,2025-08-12 07:33:07,0,9,0,0
59627,2025-08-12 07:39:07,0,7,0,0
36187,2025-08-12 08:01:24,1,9,0,0
53814,2025-08-12 08:01:26,0,8,0,0
71693,2025-08-12 08:10:01,0,7,1,357
12463,2025-08-12 08:10:55,0,5,1,557
15906,2025-08-12 08:12:06,0,12,1,711
11996,2025-08-12 08:12:23,0,16,1,179
71693,2025-08-12 08:19:55,0,5,0,0
59627,2025-08-12 08:21:16,0,5,0,0
24921,2025-08-12 08:22:02,0,7,0,0
22147,2025-08-12 08:25:12,0,2,1,273
10988,2025-08-12 08:26:43,0,5,1,229
14734,2025-08-12 08:27:20,0,7,0,0
9287,2025-08-12 08:34:20,1,10,1,401
90100,2025-08-12 08:35:35,0,7,1,367
24531,2025-08-12 08:43:36,0,11,0,0
47986,2025-08-12 08:48:24,0,10,0,0
88460,2025-08-12 08:53:34,0,5,0,0
70622,2025-08-12 08:54:55,1,9,1,502
67162,2025-08-12 09:09:57,1,7,1,303
27097,2025-08-12 09:21:30,0,8,0,0
91195,2025-08-12 09:32:43,0,5,1,602
97848,2025-08-12 09:38:35,1,7,1,392
53814,2025-08-12 09:57:39,0,5,1,469
74707,2025-08-12 09:58:27,1,10,1,538
1374,2025-08-12 10:01:42,1,5,0,0
76720,2025-08-12 10:04:30,0,7,1,483
29124,2025-08-12 10:13:29,1,5,0,0
67928,2025-08-12 10:13:49,0,3,1,711
80294,2025-08-12 10:13:50,1,3,1,271
44760,2025-08-12 10:14:17,0,9,0,0
98996,2025-08-12 10:20:05,1,8,1,775
76358,2025-08-12 10:22:42,1,8,1,349
2210,2025-08-12 10:27:51,0,8,0,0
69895,2025-08-12 10:29:53,0,6,0,0
83918,2025-08-12 10:35:18,0,8,1,688
80400,2025-08-12 10:45:18,0,6,1,342
99024,2025-08-12 10:48:18,1,7,0,0
17796,2025-08-12 10:52:24,1,4,0,0
36252,2025-08-12 10:55:03,0,10,0,0
83194,2025-08-12 11:03:09,1,6,0,0
85626,2025-08-12 11:04:40,0,7,0,0
1713,2025-08-12 11:04:46,1,7,0,0
14738,2025-08-12 11:20:04,0,3,1,320
63173,2025-08-12 11:24:54,0,8,0,0
97475,2025-08-12 11:31:53,0,8,1,338
85912,2025-08-12 11:32:51,0,6,0,0
7818,2025-08-12 11:34:24,1,7,0,0
85611,2025-08-12 11:37:41,0,9,0,0
40937,2025-08-12 11:38:24,1,7,0,0
21119,2025-08-12 11:49:01,1,2,1,355
50394,2025-08-12 11:56:44,1,4,1,569
87530,2025-08-12 11:58:09,1,7,0,0
47127,2025-08-12 12:04:31,0,7,0,0
9007,2025-08-12 12:10:38,1,2,1,530
54085,2025-08-12 12:12:50,0,3,1,391
84442,2025-08-12 12:14:23,0,8,0,0
63259,2025-08-12 12:15:45,1,6,0,0
96170,2025-08-12 12:22:58,1,4,0,0
97773,2025-08-12 12:23:11,1,8,1,503
69895,2025-08-12 12:24:12,0,9,1,534
11996,2025-08-12 12:30:07,0,9,0,0
24678,2025-08-12 12:33:12,1,6,0,0
46419,2025-08-12 12:36:06,0,7,0,0
77049,2025-08-12 12:46:06,0,5,0,0
99955,2025-08-12 12:50:10,0,6,0,0
18692,2025-08-12 12:53:00,0,10,1,423
81499,2025-08-12 12:57:09,0,3,1,443
80681,2025-08-12 13:09:14,0,1,0,0
7172,2025-08-12 13:11:49,1,8,0,0
54614,2025-08-12 13:12:57,1,7,1,570
83074,2025-08-12 13:25:10,0,3,0,0
28685,2025-08-12 13:26:25,0,5,1,347
47127,2025-08-12 13:30:49,0,8,1,406
21019,2025-08-12 13:43:07,0,8,0,0
77037,2025-08-12 13:50:53,0,5,1,259
3421,2025-08-12 13:52:41,0,5,0,0
17119,2025-08-12 14:02:16,0,4,1,376
47433,2025-08-12 14:02:57,1,1,1,322
32227,2025-08-12 14:12:23,0,4,0,0
32319,2025-08-12 14:22:00,0,7,0,0
56111,2025-08-12 14:37:29,0,5,0,0
71360,2025-08-12 14:38:09,0,6,1,288
3034,2025-08-12 14:45:13,0,5,0,0
36719,2025-08-12 14:55:23,1,8,0,0
97848,2025-08-12 14:56:53,1,7,0,0
95788,2025-08-12 15:01:48,0,5,0,0
77049,2025-08-12 15:05:34,0,8,0,0
78401,2025-08-12 15:09:40,0,3,1,211
40007,2025-08-12 15:12:34,1,9,0,0
56795,2025-08-12 15:13:42,0,8,0,0
2909,2025-08-12 15:16:51,0,6,1,481
93782,2025-08-12 15:16:52,1,10,0,0
666,2025-08-12 15:19:43,0,3,0,0
218,2025-08-12 15:21:54,1,6,0,0
79874,2025-08-12 15:23:38,1,6,0,0
68916,2025-08-12 15:48:10,0,7,1,314
54644,2025-08-12 15:51:18,0,3,1,453
39053,2025-08-12 15:53:26,1,12,0,0
61363,2025-08-12 15:56:42,0,6,0,0
39777,2025-08-12 15:57:23,0,8,0,0
75925,2025-08-12 16:03:57,0,10,0,0
5774,2025-08-12 16:11:53,0,4,0,0
2909,2025-08-12 16:19:30,0,8,1,584
18286,2025-08-12 16:20:49,0,5,0,0
69363,2025-08-12 16:23:48,1,1,1,302
6167,2025-08-12 16:25:19,0,3,1,682
49003,2025-08-12 16:26:41,0,12,0,0
19343,2025-08-12 16:28:53,0,7,1,555
94926,2025-08-12 16:30:49,1,2,0,0
97069,2025-08-12 16:32:44,1,6,0,0
8966,2025-08-12 16:33:35,1,7,0,0
42438,2025-08-12 16:39:22,0,9,1,300
27747,2025-08-12 16:40:59,0,4,1,468
10579,2025-08-12 16:43:26,0,6,1,692
37752,2025-08-12 16:48:21,0,3,0,0
52001,2025-08-12 16:52:48,0,6,1,314
21019,2025-08-12 16:55:10,0,8,0,0
67669,2025-08-12 16:57:22,0,4,1,346
90729,2025-08-12 17:14:01,0,8,1,398
9007,2025-08-12 17:22:27,1,7,0,0
70473,2025-08-12 17:25:51,0,6,0,0
16066,2025-08-12 17:25:53,1,4,0,0
50842,2025-08-12 17:27:45,0,12,0,0
22147,2025-08-12 17:30:16,0,4,0,0
69521,2025-08-12 17:32:20,0,3,1,356
5487,2025-08-12 17:33:42,0,4,0,0
50636,2025-08-12 17:33:46,0,2,0,0
97125,2025-08-12 17:48:35,1,4,0,0
65241,2025-08-12 18:00:04,0,10,0,0
32698,2025-08-12 18:00:50,0,8,0,0
59037,2025-08-12 18:12:38,0,10,0,0
72873,2025-08-12 18:14:13,0,8,0,0
37793,2025-08-12 18:14:43,0,6,1,666
50145,2025-08-12 18:26:51,1,5,1,443
79503,2025-08-12 18:27:11,1,4,0,0
88273,2025-08-12 18:28:22,0,7,0,0
69633,2025-08-12 18:36:02,1,8,0,0
79503,2025-08-12 18:43:30,0,6,1,336
37384,2025-08-12 18:46:31,1,10,1,380
34340,2025-08-12 18:49:52,0,5,1,591
71779,2025-08-12 19:10:55,0,11,0,0
50202,2025-08-12 19:29:05,0,4,0,0
39053,2025-08-12 19:36:43,0,7,0,0
47127,2025-08-12 19:38:17,0,8,1,223
97848,2025-08-12 19:42:23,0,3,0,0
42588,2025-08-12 19:42:55,1,4,0,0
58694,2025-08-12 19:43:52,1,10,0,0
29093,2025-08-12 19:48:20,0,8,1,353
34006,2025-08-12 19:50:15,1,4,0,0
26834,2025-08-12 19:52:49,0,9,1,370
89370,2025-08-12 19:53:39,0,2,0,0
38291,2025-08-12 19:53:45,0,3,1,473
22169,2025-08-12 19:53:49,0,4,1,457
22210,2025-08-12 20:18:13,0,4,0,0
33045,2025-08-12 20:18:30,0,5,0,0
35286,2025-08-12 20:23:43,0,6,1,447
29213,2025-08-12 20:23:58,0,9,0,0
24531,2025-08-12 20:24:04,1,7,0,0
79467,2025-08-12 20:30:35,0,5,0,0
36093,2025-08-12 20:30:43,0,3,0,0
54602,2025-08-12 20:33:43,0,13,0,0
78592,2025-08-12 20:43:05,0,5,0,0
5491,2025-08-12 20:43:41,0,10,1,458
58519,2025-08-12 20:44:17,1,7,0,0
55300,2025-08-12 20:45:49,1,4,1,512
63356,2025-08-12 20:56:52,1,8,0,0
57399,2025-08-12 20:59:59,0,8,0,0
87661,2025-08-12 21:02:49,0,5,0,0
44987,2025-08-12 21:04:25,0,6,0,0
85119,2025-08-12 21:09:38,0,3,0,0
41645,2025-08-12 21:15:09,0,5,1,221
79814,2025-08-12 21:18:29,0,6,1,434
77985,2025-08-12 21:21:58,1,3,1,301
2856,2025-08-12 21:22:29,0,6,1,216
93869,2025-08-12 21:23:15,0,6,0,0
54697,2025-08-12 21:26:25,1,5,1,440
15906,2025-08-12 21:34:49,1,7,0,0
50941,2025-08-12 21:43:09,1,6,0,0
65478,2025-08-12 21:45:58,0,7,1,422
32805,2025-08-12 21:46:45,0,10,1,392
64936,2025-08-12 21:50:19,1,5,1,238
17637,2025-08-12 22:00:01,0,8,1,258
21203,2025-08-12 22:01:37,0,7,0,0
57473,2025-08-12 22:02:03,0,3,1,313
29251,2025-08-12 22:15:36,0,4,0,0
77414,2025-08-12 22:22:25,1,4,0,0
89031,2025-08-12 22:26:01,0,7,1,240
76455,2025-08-12 22:29:01,0,7,1,244
78280,2025-08-12 22:35:22,0,4,0,0
55675,2025-08-12 22:37:07,0,7,1,489
30289,2025-08-12 22:38:00,1,3,1,344
38370,2025-08-12 22:38:07,1,5,1,336
55663,2025-08-12 22:39:28,0,5,0,0
19932,2025-08-12 22:39:47,0,4,1,349
95338,2025-08-12 22:40:57,0,7,1,399
57290,2025-08-12 22:45:20,0,8,1,465
23354,2025-08-12 22:46:17,1,6,0,0
77532,2025-08-12 22:46:54,1,5,0,0
18575,2025-08-12 22:54:33,0,8,0,0
65159,2025-08-12 22:59:15,0,6,0,0
97255,2025-08-12 23:00:56,0,3,1,172
29627,2025-08-12 23:04:18,0,8,0,0
43754,2025-08-12 23:07:44,0,6,0,0
50864,2025-08-12 23:19:45,0,4,1,362
17796,2025-08-12 23:29:48,0,10,1,441
89007,2025-08-12 23:31:32,0,4,1,585
99810,2025-08-12 23:32:04,0,5,0,0
54160,2025-08-12 23:32:40,1,5,0,0
38370,2025-08-12 23:33:53,0,7,0,0
58627,2025-08-12 23:34:18,0,7,0,0
84564,2025-08-12 23:36:06,0,9,1,529
17378,2025-08-12 23:37:30,1,6,0,0
35286,2025-08-12 23:37:59,0,6,0,0
65241,2025-08-12 23:39:46,0,5,0,0
91653,2025-08-12 23:42:32,1,4,0,0
89133,2025-08-12 23:47:16,1,9,0,0
13537,2025-08-12 23:47:58,1,3,1,544
16977,2025-08-12 23:58:15,1,12,0,0
10782,2025-08-12 23:58:20,1,8,0,0
88938,2025-08-13 00:24:28,0,5,0,0
2994,2025-08-13 00:25:52,1,2,0,0
37557,2025-08-13 00:33:36,1,10,0,0
66691,2025-08-13 00:53:28,0,7,0,0
43754,2025-08-13 01:12:12,0,6,1,295
12758,2025-08-13 01:58:35,0,4,0,0
26407,2025-08-13 02:02:43,0,5,0,0
96204,2025-08-13 02:20:57,0,10,0,0
90181,2025-08-13 02:39:44,0,5,0,0
57444,2025-08-13 02:39:55,0,0,0,0
75582,2025-08-13 02:41:44,1,5,0,0
59114,2025-08-13 02:45:21,0,8,1,263
83312,2025-08-13 02:53:34,1,4,1,429
92572,2025-08-13 03:07:47,0,9,0,0
92375,2025-08-13 03:10:52,0,4,1,262
69183,2025-08-13 03:17:53,0,10,0,0
29778,2025-08-13 03:46:57,1,10,1,500
60620,2025-08-13 04:00:08,1,5,1,365
59848,2025-08-13 04:04:19,0,8,0,0
68350,2025-08-13 04:13:40,0,6,0,0
16041,2025-08-13 04:17:15,0,5,1,420
94286,2025-08-13 04:24:32,0,6,0,0
77049,2025-08-13 04:38:57,1,9,1,437
38895,2025-08-13 04:47:59,0,7,1,333
9111,2025-08-13 04:51:27,1,4,1,353
66730,2025-08-13 05:20:51,1,3,0,0
21203,2025-08-13 05:27:46,0,15,1,282
79831,2025-08-13 05:28:28,0,6,0,0
93189,2025-08-13 05:29:37,0,7,1,217
1111,2025-08-13 05:33:25,0,6,1,338
52231,2025-08-13 05:34:28,1,8,0,0
23162,2025-08-13 05:37:40,1,7,0,0
46561,2025-08-13 05:49:19,0,12,0,0
6167,2025-08-13 05:49:43,1,2,0,0
78785,2025-08-13 06:11:41,1,2,0,0
66938,2025-08-13 06:13:37,0,1,0,0
52250,2025-08-13 06:22:56,1,6,0,0
86802,2025-08-13 06:32:18,1,6,1,512
72135,2025-08-13 06:50:06,0,9,0,0
8044,2025-08-13 06:56:54,1,2,0,0
17089,2025-08-13 07:03:19,0,7,0,0
92458,2025-08-13 07:10:46,0,6,0,0
55663,2025-08-13 07:18:11,0,5,0,0
79503,2025-08-13 07:32:04,0,4,0,0
97125,2025-08-13 07:42:11,0,8,0,0
86151,2025-08-13 07:49:50,1,6,1,551
69911,2025-08-13 07:52:11,0,5,1,251
67792,2025-08-13 07:57:01,1,8,1,442
84268,2025-08-13 08:00:24,0,2,0,0
64220,2025-08-13 08:01:13,0,6,0,0
16994,2025-08-13 08:05:52,0,4,1,445
46767,2025-08-13 08:06:02,1,4,0,0
59406,2025-08-13 08:13:17,0,11,0,0
550,2025-08-13 08:36:57,1,2,0,0
24531,2025-08-13 08:45:27,1,9,1,241
40712,2025-08-13 08:45:43,0,7,0,0
65159,2025-08-13 08:51:05,0,6,1,397
2856,2025-08-13 08:55:53,0,8,1,305
47482,2025-08-13 08:59:49,0,8,0,0
41432,2025-08-13 09:01:11,1,6,0,0
7508,2025-08-13 09:22:14,0,4,0,0
44701,2025-08-13 09:25:21,1,3,1,612
46561,2025-08-13 09:30:39,1,7,0,0
35286,2025-08-13 09:31:10,0,6,0,0
60144,2025-08-13 09:35:53,0,4,0,0
87064,2025-08-13 09:37:44,0,6,0,0
34457,2025-08-13 09:47:28,1,9,0,0
97569,2025-08-13 09:49:57,1,9,0,0
55376,2025-08-13 09:53:10,1,6,0,0
88938,2025-08-13 09:55:06,1,7,1,543
29778,2025-08-13 10:03:30,0,9,1,696
29940,2025-08-13 10:09:40,0,8,0,0
66354,2025-08-13 10:11:31,1,4,0,0
42867,2025-08-13 10:12:13,0,4,1,270
7951,2025-08-13 10:12:55,0,8,0,0
77985,2025-08-13 10:17:30,0,5,1,329
60144,2025-08-13 10:19:47,1,1,1,398
8044,2025-08-13 10:26:17,0,11,0,0
78175,2025-08-13 10:38:07,0,3,1,194
36825,2025-08-13 10:40:08,0,6,0,0
57473,2025-08-13 10:40:38,0,4,0,0
10955,2025-08-13 10:49:04,0,6,0,0
22816,2025-08-13 10:54:12,0,7,0,0
52156,2025-08-13 10:58:50,0,8,0,0
10972,2025-08-13 11:00:50,1,6,0,0
8769,2025-08-13 11:01:35,0,8,0,0
10271,2025-08-13 11:03:16,1,4,0,0
44596,2025-08-13 11:05:50,0,3,1,666
74714,2025-08-13 11:06:27,1,2,0,0
18286,2025-08-13 11:06:30,0,2,0,0
66236,2025-08-13 11:20:23,1,3,0,0
36252,2025-08-13 11:22:20,0,7,1,315
92559,2025-08-13 11:29:05,0,8,1,342
60184,2025-08-13 11:29:07,0,5,0,0
99962,2025-08-13 11:30:39,0,8,0,0
75718,2025-08-13 11:33:39,1,5,1,327
40937,2025-08-13 11:38:06,0,6,0,0
38742,2025-08-13 11:39:18,1,8,1,583
40212,2025-08-13 11:45:21,0,3,0,0
48630,2025-08-13 11:52:09,1,4,0,0
71360,2025-08-13 12:02:14,0,6,0,0
72571,2025-08-13 12:03:41,1,6,0,0
3825,2025-08-13 12:09:50,0,9,0,0
2521,2025-08-13 12:11:16,1,7,0,0
19611,2025-08-13 12:15:43,0,7,1,396
17016,2025-08-13 12:18:31,1,9,0,0
35351,2025-08-13 12:19:04,0,5,1,532
42686,2025-08-13 12:21:26,1,6,0,0
77042,2025-08-13 12:24:24,1,5,1,445
63918,2025-08-13 12:29:39,0,7,1,419
41540,2025-08-13 12:35:01,1,3,0,0
58596,2025-08-13 12:42:43,1,2,0,0
1067,2025-08-13 12:43:56,0,11,1,580
79574,2025-08-13 12:44:07,0,10,1,300
6193,2025-08-13 12:45:12,1,5,0,0
94436,2025-08-13 12:48:03,0,5,1,349
61167,2025-08-13 12:52:22,0,6,0,0
26258,2025-08-13 13:03:56,0,7,0,0
81493,2025-08-13 13:05:06,0,7,1,491
18575,2025-08-13 13:05:33,0,4,0,0
967,2025-08-13 13:05:36,1,7,1,410
67928,2025-08-13 13:09:39,0,4,0,0
14624,2025-08-13 13:11:08,0,4,1,589
57275,2025-08-13 13:13:01,0,10,0,0
79971,2025-08-13 13:15:19,0,7,0,0
29472,2025-08-13 13:19:12,0,8,0,0
39747,2025-08-13 13:22:29,1,11,0,0
4149,2025-08-13 13:23:09,1,4,1,446
76358,2025-08-13 13:24:24,0,8,0,0
23354,2025-08-13 13:24:47,0,7,0,0
75841,2025-08-13 13:24:57,1,6,0,0
79868,2025-08-13 13:26:50,0,4,1,381
35671,2025-08-13 13:30:21,1,1,0,0
67503,2025-08-13 13:38:21,0,5,1,477
40212,2025-08-13 13:40:24,1,6,0,0
99795,2025-08-13 13:42:22,0,8,1,417
98996,2025-08-13 13:42:57,1,6,1,289
14452,2025-08-13 13:43:41,0,4,0,0
35891,2025-08-13 13:44:23,1,9,1,409
82447,2025-08-13 13:45:15,1,3,0,0
36657,2025-08-13 13:48:03,0,6,0,0
51666,2025-08-13 13:52:08,0,4,1,324
9477,2025-08-13 13:59:03,1,6,0,0
218,2025-08-13 14:06:41,1,6,0,0
2856,2025-08-13 14:07:15,1,8,0,0
2210,2025-08-13 14:09:45,0,6,0,0
14810,2025-08-13 14:09:51,0,8,1,605
82825,2025-08-13 14:14:10,1,2,0,0
58810,2025-08-13 14:23:29,0,3,0,0
32805,2025-08-13 14:24:56,0,4,0,0
45310,2025-08-13 14:28:30,0,5,0,0
6167,2025-08-13 14:32:59,1,9,1,601
9816,2025-08-13 14:39:35,0,4,1,657
53689,2025-08-13 14:40:25,0,4,0,0
52421,2025-08-13 14:40:40,0,6,0,0
60184,2025-08-13 14:47:33,1,6,0,0
65478,2025-08-13 14:53:34,1,8,0,0
61309,2025-08-13 14:58:32,1,10,0,0
76358,2025-08-13 15:02:37,0,8,0,0
64176,2025-08-13 15:07:26,1,8,1,490
75620,2025-08-13 15:12:20,0,7,1,471
814,2025-08-13 15:14:12,1,5,0,0
10395,2025-08-13 15:19:08,0,4,0,0
44614,2025-08-13 15:26:13,0,2,0,0
24996,2025-08-13 15:29:42,0,8,0,0
30876,2025-08-13 15:41:38,0,9,0,0
77985,2025-08-13 15:43:51,0,7,0,0
56693,2025-08-13 15:51:57,0,5,1,331
77884,2025-08-13 15:55:01,0,7,1,284
36451,2025-08-13 16:20:54,1,5,0,0
9007,2025-08-13 16:22:11,0,2,0,0
76112,2025-08-13 16:30:07,0,6,1,183
91653,2025-08-13 16:33:58,1,5,1,598
75744,2025-08-13 16:37:08,0,6,0,0
55944,2025-08-13 16:41:15,1,6,0,0
76430,2025-08-13 16:46:54,0,3,0,0
36430,2025-08-13 16:57:04,0,2,0,0
13503,2025-08-13 16:58:59,0,7,0,0
22417,2025-08-13 17:02:14,1,10,0,0
5643,2025-08-13 17:07:39,0,10,0,0
4440,2025-08-13 17:25:20,0,8,1,416
13799,2025-08-13 17:26:41,0,6,0,0
38929,2025-08-13 17:57:40,0,7,1,351
10782,2025-08-13 18:01:17,0,6,0,0
11086,2025-08-13 18:02:10,0,6,0,0
96321,2025-08-13 18:06:00,1,5,0,0
36825,2025-08-13 18:10:24,0,10,0,0
24678,2025-08-13 18:12:34,0,3,0,0
49806,2025-08-13 18:12:50,0,10,0,0
86151,2025-08-13 18:19:24,1,6,1,804
3372,2025-08-13 18:31:29,1,4,0,0
56392,2025-08-13 18:34:51,0,11,0,0
38663,2025-08-13 18:38:47,1,9,0,0
97677,2025-08-13 18:43:12,0,7,0,0
18897,2025-08-13 18:53:57,0,2,0,0
43093,2025-08-13 18:55:21,1,4,0,0
57964,2025-08-13 19:01:25,1,5,1,399
73793,2025-08-13 19:05:34,0,7,0,0
65880,2025-08-13 19:09:26,0,6,1,497
90423,2025-08-13 19:10:21,1,6,1,405
55649,2025-08-13 19:10:29,1,6,0,0
71182,2025-08-13 19:11:10,0,9,0,0
9290,2025-08-13 19:12:31,0,6,1,444
69183,2025-08-13 19:13:19,0,2,1,346
12325,2025-08-13 19:17:16,0,7,0,0
5566,2025-08-13 19:20:09,0,3,0,0
97093,2025-08-13 19:21:35,0,7,0,0
13503,2025-08-13 19:23:55,0,11,1,367
84209,2025-08-13 19:26:54,0,6,0,0
68467,2025-08-13 19:37:48,0,5,1,616
20019,2025-08-13 19:49:33,0,3,1,285
55263,2025-08-13 19:57:11,0,4,0,0
19669,2025-08-13 20:00:01,1,6,0,0
11412,2025-08-13 20:00:18,0,9,0,0
73793,2025-08-13 20:00:23,0,9,0,0
11631,2025-08-13 20:01:19,1,3,0,0
88849,2025-08-13 20:09:18,0,7,0,0
72360,2025-08-13 20:12:05,0,5,1,343
57942,2025-08-13 20:20:02,1,5,0,0
24949,2025-08-13 20:21:54,0,5,1,402
13867,2025-08-13 20:22:11,1,7,0,0
75020,2025-08-13 20:27:02,0,4,0,0
69236,2025-08-13 20:38:32,0,6,1,384
66288,2025-08-13 20:45:27,0,6,1,522
27059,2025-08-13 20:49:58,0,3,0,0
44590,2025-08-13 20:55:37,0,11,0,0
44614,2025-08-13 21:11:04,0,8,0,0
99955,2025-08-13 21:18:43,0,1,0,0
54602,2025-08-13 21:22:34,0,5,0,0
518,2025-08-13 21:23:35,0,4,0,0
63376,2025-08-13 21:39:24,0,6,1,402
37793,2025-08-13 21:44:43,1,4,0,0
12758,2025-08-13 21:45:34,0,5,0,0
62663,2025-08-13 21:48:04,1,5,1,550
41868,2025-08-13 21:58:13,0,10,1,393
99744,2025-08-13 22:00:20,0,8,0,0
96797,2025-08-13 22:00:28,0,4,0,0
83235,2025-08-13 22:04:30,0,11,0,0
42686,2025-08-13 22:10:14,1,6,0,0
3341,2025-08-13 22:19:40,0,4,0,0
17378,2025-08-13 22:26:06,0,4,0,0
47986,2025-08-13 22:26:44,0,5,1,600
35308,2025-08-13 22:26:59,0,3,0,0
80420,2025-08-13 22:30:20,1,6,0,0
16041,2025-08-13 22:38:46,0,4,0,0
93165,2025-08-13 22:44:21,0,5,0,0
3224,2025-08-13 22:48:56,0,10,0,0
38929,2025-08-13 22:49:32,0,8,1,466
66261,2025-08-13 22:50:51,0,4,0,0
51229,2025-08-13 22:54:26,1,6,0,0
56172,2025-08-13 23:08:34,0,6,0,0
97769,2025-08-13 23:15:59,0,8,1,368
87530,2025-08-13 23:16:46,1,7,0,0
70473,2025-08-13 23:25:54,1,6,0,0
39053,2025-08-13 23:27:41,0,7,1,193
54719,2025-08-13 23:30:45,1,8,1,432
21570,2025-08-13 23:31:30,0,10,0,0
97124,2025-08-13 23:42:51,1,9,0,0
26620,2025-08-13 23:49:16,0,9,0,0
49757,2025-08-13 23:53:09,0,6,0,0
53683,2025-08-14 00:07:06,1,10,0,0
19107,2025-08-14 00:11:37,0,9,1,256
3372,2025-08-14 00:14:48,1,9,1,613
3375,2025-08-14 00:20:18,0,1,1,523
10988,2025-08-14 00:24:58,0,6,0,0
61847,2025-08-14 00:27:18,0,5,0,0
31913,2025-08-14 00:31:02,1,6,0,0
78356,2025-08-14 00:54:38,1,11,0,0
8885,2025-08-14 01:06:31,1,4,0,0
4992,2025-08-14 01:08:48,0,7,0,0
47616,2025-08-14 01:22:29,0,5,0,0
32805,2025-08-14 01:28:34,0,5,1,271
16425,2025-08-14 01:30:54,1,6,1,416
40338,2025-08-14 01:50:09,0,4,0,0
61296,2025-08-14 01:57:25,0,5,1,273
36892,2025-08-14 02:13:25,0,6,1,373
85764,2025-08-14 02:21:32,0,6,0,0
21550,2025-08-14 02:24:29,0,3,0,0
23911,2025-08-14 02:32:06,0,6,0,0
36082,2025-08-14 02:41:21,1,7,0,0
39363,2025-08-14 03:03:42,0,6,0,0
68916,2025-08-14 03:04:33,0,7,1,399
74034,2025-08-14 03:08:37,0,6,1,358
88459,2025-08-14 03:19:21,0,5,0,0
38370,2025-08-14 03:32:37,1,3,0,0
30105,2025-08-14 03:36:27,1,2,0,0
74770,2025-08-14 03:42:29,0,8,0,0
35891,2025-08-14 03:45:55,1,10,0,0
96291,2025-08-14 04:08:17,0,7,0,0
15597,2025-08-14 04:12:41,0,6,0,0
73569,2025-08-14 04:44:12,0,7,0,0
97381,2025-08-14 04:46:28,0,3,0,0
53215,2025-08-14 04:52:30,0,3,0,0
37018,2025-08-14 04:55:17,1,6,1,293
33072,2025-08-14 04:57:40,1,4,1,378
7958,2025-08-14 04:57:54,0,3,0,0
70473,2025-08-14 05:16:46,0,6,0,0
16567,2025-08-14 06:15:16,0,4,0,0
12008,2025-08-14 06:26:09,1,2,0,0
93991,2025-08-14 06:30:23,0,6,1,454
10651,2025-08-14 06:40:51,0,7,0,0
23695,2025-08-14 07:05:54,1,6,0,0
31881,2025-08-14 07:06:10,0,7,0,0
97069,2025-08-14 07:09:02,1,5,0,0
33415,2025-08-14 07:12:10,0,7,0,0
77457,2025-08-14 07:22:27,0,13,1,272
69915,2025-08-14 07:27:20,0,4,0,0
23184,2025-08-14 07:27:50,0,4,0,0
39053,2025-08-14 07:38:28,0,8,0,0
91522,2025-08-14 07:53:29,0,5,0,0
85484,2025-08-14 07:56:16,0,9,0,0
8305,2025-08-14 08:00:56,1,5,0,0
19343,2025-08-14 08:05:33,0,2,1,442
3372,2025-08-14 08:07:23,1,11,1,374
84389,2025-08-14 08:16:02,0,9,0,0
59114,2025-08-14 08:18:01,0,4,0,0
54602,2025-08-14 08:19:43,1,5,0,0
91653,2025-08-14 08:21:04,0,4,0,0
43870,2025-08-14 08:21:32,0,4,0,0
12325,2025-08-14 08:22:01,1,6,1,366
88938,2025-08-14 08:26:22,0,2,1,914
70473,2025-08-14 08:35:16,0,9,0,0
82175,2025-08-14 08:36:33,0,5,1,311
9477,2025-08-14 08:37:19,1,6,0,0
68340,2025-08-14 08:40:07,1,5,0,0
40301,2025-08-14 08:43:56,0,4,0,0
3341,2025-08-14 08:52:31,0,6,0,0
93422,2025-08-14 08:54:30,0,7,1,543
69292,2025-08-14 09:06:40,1,6,0,0
73606,2025-08-14 09:06:54,0,4,1,226
62537,2025-08-14 09:11:12,1,7,1,354
69450,2025-08-14 09:11:25,1,4,0,0
79794,2025-08-14 09:23:25,0,6,0,0
73744,2025-08-14 09:23:53,0,5,0,0
56463,2025-08-14 09:24:27,0,2,0,0
93962,2025-08-14 09:28:40,0,2,0,0
47616,2025-08-14 09:33:26,0,6,0,0
73631,2025-08-14 09:50:36,0,4,1,441
30105,2025-08-14 09:52:13,1,7,0,0
19686,2025-08-14 09:54:11,0,8,1,709
80294,2025-08-14 10:03:58,0,5,0,0
77722,2025-08-14 10:10:27,0,4,0,0
47986,2025-08-14 10:10:38,1,3,0,0
86484,2025-08-14 10:10:54,0,6,1,565
81338,2025-08-14 10:19:49,0,6,0,0
79511,2025-08-14 10:20:08,0,6,0,0
23630,2025-08-14 10:25:16,0,6,0,0
41773,2025-08-14 10:25:42,0,8,1,672
73806,2025-08-14 10:30:18,0,6,0,0
77101,2025-08-14 10:32:45,1,10,1,267
85726,2025-08-14 10:33:14,0,7,0,0
85912,2025-08-14 10:39:37,0,7,0,0
52082,2025-08-14 10:43:51,1,5,0,0
72135,2025-08-14 10:47:57,0,6,0,0
5389,2025-08-14 10:51:54,1,9,0,0
4394,2025-08-14 10:57:25,1,6,0,0
38663,2025-08-14 10:57:41,0,6,0,0
61317,2025-08-14 11:05:34,1,3,0,0
49062,2025-08-14 11:06:16,1,12,0,0
43094,2025-08-14 11:06:42,0,5,1,312
10355,2025-08-14 11:15:56,0,7,1,252
518,2025-08-14 11:22:47,0,8,0,0
54085,2025-08-14 11:30:04,0,3,1,315
45866,2025-08-14 11:31:06,0,5,0,0
3798,2025-08-14 11:31:13,0,4,1,327
20374,2025-08-14 11:32:34,0,4,0,0
86266,2025-08-14 11:43:24,0,6,0,0
66326,2025-08-14 11:44:32,0,4,1,584
91195,2025-08-14 11:48:16,1,4,1,261
7818,2025-08-14 11:50:56,0,11,0,0
7672,2025-08-14 11:54:20,0,8,1,818
42035,2025-08-14 11:55:26,0,8,1,887
68292,2025-08-14 11:57:15,0,11,1,387
52421,2025-08-14 11:58:51,0,4,0,0
66938,2025-08-14 11:59:59,0,8,1,415
74242,2025-08-14 12:03:42,0,6,0,0
30876,2025-08-14 12:08:02,0,8,0,0
39906,2025-08-14 12:09:36,0,7,0,0
43773,2025-08-14 12:14:11,0,4,1,403
29137,2025-08-14 12:15:06,0,7,0,0
5464,2025-08-14 12:15:14,0,7,0,0
90754,2025-08-14 12:16:26,0,5,0,0
17414,2025-08-14 12:19:19,1,6,1,409
34373,2025-08-14 12:23:05,0,7,1,479
93395,2025-08-14 12:23:28,1,6,0,0
79909,2025-08-14 12:24:53,0,4,0,0
6193,2025-08-14 12:26:47,0,4,0,0
91562,2025-08-14 12:29:35,0,8,1,498
71621,2025-08-14 12:36:47,1,5,0,0
5473,2025-08-14 12:42:23,0,8,1,355
40301,2025-08-14 12:59:29,1,4,1,323
91522,2025-08-14 13:13:27,0,5,0,0
54166,2025-08-14 13:14:44,0,6,0,0
89182,2025-08-14 13:20:06,0,3,0,0
54697,2025-08-14 13:23:02,0,4,0,0
24678,2025-08-14 13:30:25,1,8,1,221
67792,2025-08-14 13:31:16,0,8,0,0
73631,2025-08-14 13:34:17,0,7,0,0
77790,2025-08-14 13:36:36,0,0,1,679
58113,2025-08-14 13:49:39,0,4,0,0
68340,2025-08-14 13:50:17,0,6,0,0
18721,2025-08-14 14:07:19,1,1,0,0
73984,2025-08-14 14:11:03,1,2,0,0
43093,2025-08-14 14:11:23,1,8,0,0
38790,2025-08-14 14:12:38,0,6,0,0
218,2025-08-14 14:31:10,0,4,0,0
3375,2025-08-14 14:35:06,1,7,1,269
12977,2025-08-14 14:40:55,0,9,0,0
87341,2025-08-14 14:41:47,0,5,0,0
42087,2025-08-14 14:58:59,0,5,0,0
56647,2025-08-14 15:10:33,0,7,0,0
30360,2025-08-14 15:17:39,0,12,0,0
24854,2025-08-14 15:31:02,1,4,1,784
87530,2025-08-14 15:38:01,0,6,1,670
83312,2025-08-14 15:43:10,0,3,0,0
60203,2025-08-14 15:43:35,1,9,0,0
71645,2025-08-14 15:51:44,1,10,0,0
73631,2025-08-14 15:55:27,0,7,0,0
8785,2025-08-14 16:03:07,0,1,0,0
85678,2025-08-14 16:05:49,0,9,1,367
89021,2025-08-14 16:07:29,0,4,0,0
71664,2025-08-14 16:13:53,1,6,1,617
20621,2025-08-14 16:14:48,0,8,0,0
86151,2025-08-14 16:24:18,0,9,0,0
92867,2025-08-14 16:25:51,0,5,1,306
74671,2025-08-14 16:28:06,1,10,0,0
53366,2025-08-14 16:38:06,0,7,0,0
41432,2025-08-14 16:39:32,1,6,1,639
44701,2025-08-14 16:44:02,0,3,1,610
97451,2025-08-14 16:44:33,0,5,1,556
99337,2025-08-14 17:00:29,0,4,0,0
65726,2025-08-14 17:00:57,0,4,0,0
80681,2025-08-14 17:15:30,0,10,1,1203
77884,2025-08-14 17:19:49,1,9,1,524
47777,2025-08-14 17:22:12,0,2,0,0
12454,2025-08-14 17:23:58,1,4,0,0
46956,2025-08-14 17:26:01,0,2,0,0
67928,2025-08-14 17:26:17,0,12,1,538
77985,2025-08-14 17:28:21,0,2,1,475
90729,2025-08-14 17:29:58,0,9,0,0
79530,2025-08-14 17:33:21,1,3,1,317
41432,2025-08-14 17:41:59,0,5,0,0
45995,2025-08-14 17:43:39,1,3,1,439
64442,2025-08-14 17:45:14,0,4,1,666
78592,2025-08-14 17:49:44,0,2,1,416
48711,2025-08-14 17:52:35,0,6,1,439
37761,2025-08-14 17:54:03,0,7,1,370
93664,2025-08-14 17:54:24,0,7,1,616
91522,2025-08-14 17:55:52,1,6,1,311
88425,2025-08-14 18:04:11,1,8,0,0
36252,2025-08-14 18:10:33,0,5,0,0
78349,2025-08-14 18:14:19,1,6,0,0
12325,2025-08-14 18:16:35,0,4,1,383
7672,2025-08-14 18:20:15,0,5,0,0
88110,2025-08-14 18:33:12,0,8,0,0
9286,2025-08-14 18:43:09,0,10,1,385
38742,2025-08-14 18:43:31,0,9,0,0
36220,2025-08-14 18:46:19,1,4,0,0
5991,2025-08-14 18:49:07,0,5,0,0
10686,2025-08-14 18:49:16,1,11,0,0
44614,2025-08-14 18:56:03,1,3,1,317
74242,2025-08-14 18:56:19,0,7,1,478
43497,2025-08-14 19:01:05,0,7,0,0
86413,2025-08-14 19:10:00,0,7,0,0
83235,2025-08-14 19:14:06,1,4,0,0
8102,2025-08-14 19:18:31,0,5,0,0
45033,2025-08-14 19:26:41,0,3,1,481
97515,2025-08-14 19:40:10,0,7,0,0
72360,2025-08-14 19:41:24,0,5,0,0
90539,2025-08-14 19:42:07,0,7,0,0
31288,2025-08-14 19:42:37,0,7,0,0
37384,2025-08-14 19:47:56,0,3,0,0
17492,2025-08-14 20:02:58,0,5,0,0
41645,2025-08-14 20:04:04,1,4,0,0
79530,2025-08-14 20:05:33,0,6,1,170
65536,2025-08-14 20:06:30,1,2,1,338
68953,2025-08-14 20:08:58,0,7,0,0
34353,2025-08-14 20:10:10,0,7,0,0
36892,2025-08-14 20:11:07,0,6,1,339
95180,2025-08-14 20:11:46,0,7,0,0
92559,2025-08-14 20:21:04,0,8,0,0
15517,2025-08-14 20:24:12,0,5,0,0
18456,2025-08-14 20:31:22,1,4,0,0
11609,2025-08-14 20:37:12,0,7,1,483
31193,2025-08-14 20:40:57,1,5,1,476
83558,2025-08-14 20:42:37,1,6,0,0
11812,2025-08-14 20:42:51,0,5,0,0
17895,2025-08-14 20:59:50,0,7,1,504
30521,2025-08-14 21:09:12,0,6,0,0
9287,2025-08-14 21:13:40,0,4,1,496
52264,2025-08-14 21:16:10,1,4,0,0
35094,2025-08-14 21:22:56,0,4,0,0
36402,2025-08-14 21:25:51,0,6,0,0
61664,2025-08-14 21:28:03,0,5,0,0
33849,2025-08-14 21:32:29,0,6,1,299
81153,2025-08-14 21:40:12,0,8,0,0
58223,2025-08-14 21:41:22,1,5,0,0
98350,2025-08-14 21:42:23,0,6,1,513
74034,2025-08-14 21:58:11,0,8,0,0
68275,2025-08-14 22:01:25,0,7,0,0
83157,2025-08-14 22:03:14,1,5,1,500
14838,2025-08-14 22:03:28,0,12,0,0
13088,2025-08-14 22:04:13,0,4,0,0
46561,2025-08-14 22:09:28,0,4,0,0
9824,2025-08-14 22:15:24,0,8,0,0
92458,2025-08-14 22:15:41,0,16,0,0
30781,2025-08-14 22:16:37,0,3,0,0
24460,2025-08-14 22:20:47,0,6,1,395
19298,2025-08-14 22:22:33,0,5,1,389
84565,2025-08-14 22:24:29,0,5,1,345
23184,2025-08-14 22:32:40,0,4,0,0
18290,2025-08-14 22:33:12,1,9,1,934
85907,2025-08-14 22:36:14,1,7,0,0
17119,2025-08-14 22:38:12,1,6,1,377
33522,2025-08-14 22:54:17,0,6,0,0
17119,2025-08-14 22:54:22,0,6,1,346
15517,2025-08-14 22:57:38,0,8,1,471
1115,2025-08-14 22:57:43,1,3,1,379
37626,2025-08-14 22:59:55,0,10,0,0
27115,2025-08-14 23:00:23,1,6,0,0
51916,2025-08-14 23:00:33,0,1,1,381
53362,2025-08-14 23:16:55,0,6,0,0
20019,2025-08-14 23:20:17,1,4,1,288
88646,2025-08-14 23:21:13,0,8,0,0
34608,2025-08-14 23:25:59,1,4,0,0
9934,2025-08-14 23:28:46,0,6,1,335
62064,2025-08-14 23:34:28,1,5,1,336
67792,2025-08-14 23:36:47,1,3,0,0
35351,2025-08-14 23:44:53,1,6,1,444
4124,2025-08-14 23:46:51,1,9,0,0
91723,2025-08-14 23:47:59,0,6,0,0
58194,2025-08-14 23:48:03,0,10,0,0
23683,2025-08-14 23:48:59,0,9,0,0
88981,2025-08-14 23:51:52,0,6,0,0
23683,2025-08-14 23:54:40,0,6,1,217
17414,2025-08-14 23:55:15,0,6,0,0
43754,2025-08-15 00:00:26,0,5,1,313
11996,2025-08-15 00:04:39,0,9,1,277
31153,2025-08-15 00:13:04,1,10,0,0
80779,2025-08-15 00:15:00,0,3,0,0
94312,2025-08-15 00:20:49,1,6,1,268
26822,2025-08-15 00:27:03,1,2,0,0
49436,2025-08-15 00:31:41,0,2,0,0
3224,2025-08-15 00:52:47,0,3,0,0
8415,2025-08-15 01:07:58,1,2,0,0
52156,2025-08-15 01:11:57,0,6,0,0
28447,2025-08-15 01:33:42,0,11,0,0
14810,2025-08-15 01:50:07,0,8,0,0
33151,2025-08-15 02:04:06,0,7,0,0
44701,2025-08-15 02:05:14,0,11,0,0
38563,2025-08-15 02:07:51,0,8,0,0
84960,2025-08-15 02:10:05,1,9,1,332
88938,2025-08-15 02:28:00,0,5,0,0
63376,2025-08-15 02:41:29,1,5,0,0
76566,2025-08-15 02:43:24,0,4,0,0
29472,2025-08-15 02:44:17,0,8,1,824
72393,2025-08-15 02:59:48,0,4,0,0
5835,2025-08-15 02:59:50,0,4,0,0
20742,2025-08-15 03:43:06,0,7,0,0
34373,2025-08-15 04:01:21,0,5,0,0
67777,2025-08-15 04:04:40,1,9,0,0
4440,2025-08-15 04:07:19,0,7,0,0
28681,2025-08-15 04:14:59,0,7,0,0
3034,2025-08-15 04:24:18,0,7,1,550
69521,2025-08-15 05:03:42,1,7,0,0
28685,2025-08-15 05:26:01,0,10,0,0
23097,2025-08-15 05:26:58,0,7,0,0
66354,2025-08-15 05:30:13,1,5,0,0
6593,2025-08-15 05:32:43,1,9,0,0
83558,2025-08-15 05:39:22,0,2,0,0
30876,2025-08-15 05:54:06,0,7,1,489
29251,2025-08-15 06:02:25,0,4,0,0
89257,2025-08-15 06:09:41,0,8,0,0
66934,2025-08-15 06:15:33,0,7,0,0
19264,2025-08-15 06:32:26,0,8,0,0
4942,2025-08-15 06:32:53,0,4,0,0
3095,2025-08-15 06:34:26,0,7,0,0
72589,2025-08-15 06:35:24,1,6,0,0
14403,2025-08-15 06:39:30,0,3,1,485
69915,2025-08-15 06:41:28,1,7,0,0
78592,2025-08-15 06:52:01,0,7,0,0
56857,2025-08-15 07:02:25,1,5,1,415
92554,2025-08-15 07:21:37,0,8,0,0
77722,2025-08-15 07:30:10,1,8,0,0
46342,2025-08-15 07:41:14,1,10,0,0
44573,2025-08-15 07:45:40,1,9,0,0
32227,2025-08-15 07:55:00,0,5,1,400
49049,2025-08-15 08:05:07,1,6,0,0
79324,2025-08-15 08:05:31,0,6,0,0
42252,2025-08-15 08:06:37,0,9,1,469
14826,2025-08-15 08:10:45,1,9,1,346
27115,2025-08-15 08:10:46,0,5,0,0
91723,2025-08-15 08:12:23,0,9,0,0
9578,2025-08-15 08:13:51,0,7,1,458
37557,2025-08-15 08:14:41,0,7,0,0
87661,2025-08-15 08:16:29,1,5,0,0
3205,2025-08-15 08:16:43,1,1,1,263
1817,2025-08-15 08:18:53,1,3,1,490
54685,2025-08-15 08:20:12,1,9,0,0
86473,2025-08-15 08:24:32,0,4,0,0
42252,2025-08-15 08:30:04,1,9,0,0
16377,2025-08-15 08:31:09,0,7,0,0
23375,2025-08-15 08:32:40,0,10,1,382
79868,2025-08-15 08:32:47,0,9,0,0
19420,2025-08-15 08:37:37,0,5,1,512
96450,2025-08-15 08:41:01,1,8,1,489
18770,2025-08-15 09:01:27,0,9,0,0
97769,2025-08-15 09:01:28,0,7,0,0
80886,2025-08-15 09:06:13,0,1,0,0
31408,2025-08-15 09:13:57,0,7,0,0
54263,2025-08-15 09:33:15,1,5,0,0
67709,2025-08-15 09:41:59,0,5,0,0
99444,2025-08-15 09:46:55,0,9,0,0
58007,2025-08-15 09:47:01,0,4,0,0
570,2025-08-15 09:48:35,0,11,0,0
8415,2025-08-15 09:56:17,0,7,1,279
52001,2025-08-15 10:05:41,0,7,0,0
46323,2025-08-15 10:09:18,0,7,0,0
74687,2025-08-15 10:14:55,0,4,1,404
19183,2025-08-15 10:18:28,1,4,1,298
12519,2025-08-15 10:19:27,1,10,0,0
69785,2025-08-15 10:24:03,0,3,0,0
43995,2025-08-15 10:26:52,0,7,1,297
14738,2025-08-15 10:28:54,0,6,0,0
36252,2025-08-15 10:36:21,0,5,0,0
80185,2025-08-15 10:44:32,0,5,0,0
14787,2025-08-15 10:45:24,0,5,0,0
40608,2025-08-15 10:49:11,0,1,0,0
9470,2025-08-15 10:52:01,0,3,0,0
66934,2025-08-15 10:52:08,0,6,0,0
87064,2025-08-15 10:54:12,1,4,0,0
61320,2025-08-15 11:02:51,0,8,1,593
20495,2025-08-15 11:09:57,0,10,0,0
43870,2025-08-15 11:14:28,1,5,0,0
4646,2025-08-15 11:15:56,0,6,1,571
65090,2025-08-15 11:19:25,0,7,0,0
44577,2025-08-15 11:25:11,0,4,1,249
92599,2025-08-15 11:27:27,0,7,0,0
78280,2025-08-15 11:33:39,0,5,1,525
41773,2025-08-15 11:34:13,0,8,0,0
9934,2025-08-15 11:35:29,1,3,1,358
71182,2025-08-15 11:36:25,0,5,0,0
90181,2025-08-15 11:39:30,0,8,0,0
26911,2025-08-15 11:39:38,1,6,0,0
97637,2025-08-15 11:39:51,1,4,0,0
87029,2025-08-15 11:40:11,0,6,1,817
80382,2025-08-15 11:57:48,0,8,0,0
76600,2025-08-15 12:02:04,1,3,1,274
64521,2025-08-15 12:02:35,0,4,1,471
79511,2025-08-15 12:26:56,0,2,1,382
83194,2025-08-15 12:31:03,0,5,0,0
23375,2025-08-15 12:34:09,0,3,1,588
66855,2025-08-15 12:34:41,0,7,1,373
30934,2025-08-15 12:35:39,0,5,0,0
67777,2025-08-15 12:37:47,1,4,0,0
53945,2025-08-15 12:41:22,1,3,0,0
25636,2025-08-15 12:47:26,0,8,1,275
96867,2025-08-15 12:49:45,1,8,0,0
80854,2025-08-15 12:54:46,0,7,0,0
49715,2025-08-15 13:03:11,1,3,1,449
19048,2025-08-15 13:05:30,1,6,1,341
30239,2025-08-15 13:13:24,0,5,1,428
68404,2025-08-15 13:15:08,0,9,0,0
14210,2025-08-15 13:16:37,0,8,0,0
96204,2025-08-15 13:19:44,0,7,0,0
26407,2025-08-15 13:22:28,1,7,0,0
8097,2025-08-15 13:34:58,0,5,0,0
80759,2025-08-15 13:45:54,0,5,1,343
19026,2025-08-15 13:56:20,0,8,0,0
29137,2025-08-15 14:08:24,0,7,0,0
65922,2025-08-15 14:13:34,1,4,1,607
40212,2025-08-15 14:17:31,0,5,1,446
77790,2025-08-15 14:19:26,1,9,0,0
57010,2025-08-15 14:24:41,0,9,0,0
45310,2025-08-15 14:33:07,0,7,1,429
17492,2025-08-15 14:34:00,0,9,1,318
21019,2025-08-15 14:51:58,1,2,0,0
73770,2025-08-15 15:03:13,0,7,0,0
6446,2025-08-15 15:03:42,1,4,1,258
36560,2025-08-15 15:04:02,0,8,1,278
21410,2025-08-15 15:04:04,1,6,1,308
58121,2025-08-15 15:05:57,0,8,1,323
69915,2025-08-15 15:19:42,1,9,0,0
87908,2025-08-15 15:20:12,0,5,1,617
82447,2025-08-15 15:31:47,0,5,1,223
1235,2025-08-15 15:31:58,0,5,1,505
75024,2025-08-15 15:37:10,1,7,0,0
96797,2025-08-15 15:39:26,0,11,0,0
20742,2025-08-15 15:50:25,1,4,0,0
38513,2025-08-15 15:56:50,0,10,0,0
97093,2025-08-15 15:57:33,0,6,0,0
37761,2025-08-15 16:08:38,0,5,1,311
33155,2025-08-15 16:13:47,0,3,0,0
90729,2025-08-15 16:30:04,1,4,1,407
47980,2025-08-15 16:32:27,0,5,1,499
5218,2025-08-15 16:33:19,0,10,1,498
69915,2025-08-15 16:36:10,0,9,0,0
10271,2025-08-15 16:38:48,0,4,0,0
90423,2025-08-15 16:45:36,0,4,0,0
27116,2025-08-15 16:51:46,1,8,1,242
43093,2025-08-15 16:56:38,0,3,0,0
44590,2025-08-15 16:58:33,0,3,0,0
93189,2025-08-15 17:04:05,1,6,0,0
65159,2025-08-15 17:07:38,0,6,0,0
17796,2025-08-15 17:08:38,0,5,1,420
19242,2025-08-15 17:10:28,0,9,1,393
82175,2025-08-15 17:12:50,1,6,0,0
3772,2025-08-15 17:13:51,1,7,0,0
41436,2025-08-15 17:14:22,0,10,1,552
82782,2025-08-15 17:19:28,1,7,1,341
5880,2025-08-15 17:20:51,1,6,0,0
53366,2025-08-15 17:29:35,0,4,0,0
67162,2025-08-15 17:30:24,1,10,0,0
12354,2025-08-15 17:31:50,0,10,1,666
62982,2025-08-15 17:33:46,0,6,0,0
33019,2025-08-15 17:38:14,0,2,1,228
23295,2025-08-15 17:40:31,1,9,0,0
79831,2025-08-15 17:42:19,1,6,1,316
57488,2025-08-15 17:43:05,0,12,1,506
7317,2025-08-15 17:50:14,0,7,0,0
9007,2025-08-15 18:06:44,0,5,0,0
8305,2025-08-15 18:09:19,0,9,0,0
79063,2025-08-15 18:09:41,1,5,0,0
56432,2025-08-15 18:12:09,0,1,0,0
75718,2025-08-15 18:12:13,0,4,0,0
24164,2025-08-15 18:14:16,1,5,0,0
81338,2025-08-15 18:37:11,0,10,0,0
49715,2025-08-15 18:38:59,1,5,1,275
22867,2025-08-15 18:39:32,0,4,0,0
31208,2025-08-15 18:49:53,1,2,0,0
69633,2025-08-15 19:00:39,0,6,0,0
13503,2025-08-15 19:02:05,0,7,0,0
37919,2025-08-15 19:05:05,1,8,1,644
97065,2025-08-15 19:05:43,1,7,0,0
54602,2025-08-15 19:10:01,1,5,1,460
2359,2025-08-15 19:14:12,1,3,1,532
81465,2025-08-15 19:15:01,0,8,1,488
36430,2025-08-15 19:15:27,0,9,0,0
52001,2025-08-15 19:19:07,0,12,1,483
36187,2025-08-15 19:25:34,0,9,1,744
97677,2025-08-15 19:30:11,0,7,1,582
86484,2025-08-15 19:32:26,1,0,0,0
53362,2025-08-15 19:35:14,0,9,0,0
81243,2025-08-15 19:36:53,0,4,0,0
53780,2025-08-15 19:37:37,0,8,1,361
20915,2025-08-15 19:37:53,0,4,1,343
45866,2025-08-15 19:39:03,1,8,0,0
24083,2025-08-15 19:42:23,1,11,0,0
79868,2025-08-15 19:45:31,1,4,0,0
3825,2025-08-15 19:53:16,1,3,0,0
56258,2025-08-15 19:54:31,0,6,0,0
35138,2025-08-15 20:01:29,0,6,1,317
22149,2025-08-15 20:15:04,1,6,1,623
29315,2025-08-15 20:17:17,0,5,0,0
39543,2025-08-15 20:20:27,0,9,0,0
62663,2025-08-15 20:29:03,0,7,0,0
60917,2025-08-15 20:33:04,0,5,1,667
29578,2025-08-15 20:39:29,1,6,0,0
72589,2025-08-15 20:42:34,0,10,1,340
54863,2025-08-15 20:43:29,0,2,0,0
3161,2025-08-15 20:48:12,0,8,0,0
2784,2025-08-15 20:48:44,0,6,1,329
91096,2025-08-15 20:50:49,0,3,0,0
66814,2025-08-15 20:51:10,0,11,0,0
95231,2025-08-15 20:56:43,0,1,0,0
26834,2025-08-15 21:08:46,0,9,1,326
84268,2025-08-15 21:16:39,0,7,1,307
9578,2025-08-15 21:19:29,0,10,0,0
43358,2025-08-15 21:19:48,0,8,0,0
44987,2025-08-15 21:34:28,0,8,1,298
32805,2025-08-15 21:42:50,0,6,0,0
22223,2025-08-15 21:46:49,1,4,0,0
55076,2025-08-15 21:48:05,1,6,0,0
82774,2025-08-15 21:50:43,1,3,0,0
78785,2025-08-15 22:00:11,0,8,1,403
97893,2025-08-15 22:00:11,0,6,0,0
55263,2025-08-15 22:15:44,1,5,0,0
41436,2025-08-15 22:15:48,0,3,0,0
5381,2025-08-15 22:20:38,0,7,0,0
37051,2025-08-15 22:24:42,0,3,1,687
59977,2025-08-15 22:25:09,1,5,0,0
60139,2025-08-15 22:25:42,0,10,0,0
72006,2025-08-15 22:27:44,0,7,0,0
52088,2025-08-15 22:56:28,0,5,1,502
94286,2025-08-15 22:58:28,0,4,0,0
93432,2025-08-15 23:09:05,1,8,1,340
13037,2025-08-15 23:12:25,0,4,0,0
60382,2025-08-15 23:12:44,1,7,1,329
57875,2025-08-15 23:14:18,0,5,0,0
79324,2025-08-15 23:17:53,1,6,0,0
1374,2025-08-15 23:20:05,0,6,1,352
25454,2025-08-15 23:23:04,0,7,1,407
99962,2025-08-15 23:27:23,0,2,0,0
85523,2025-08-15 23:33:01,0,6,0,0
9007,2025-08-15 23:34:50,1,4,0,0
20940,2025-08-15 23:37:16,0,4,1,1223
83320,2025-08-15 23:39:54,1,6,0,0
58641,2025-08-15 23:46:30,0,5,0,0
72029,2025-08-15 23:49:23,1,4,0,0
9922,2025-08-15 23:49:53,1,9,0,0
25580,2025-08-16 00:07:45,1,10,0,0
73218,2025-08-16 00:16:12,0,8,0,0
69871,2025-08-16 00:19:14,0,8,0,0
65331,2025-08-16 00:24:56,1,4,1,343
78311,2025-08-16 00:28:17,1,6,0,0
5369,2025-08-16 00:34:03,1,10,0,0
22678,2025-08-16 00:45:40,0,7,0,0
16066,2025-08-16 00:46:15,1,7,0,0
23209,2025-08-16 00:48:26,1,8,1,380
97451,2025-08-16 00:55:28,0,7,0,0
40896,2025-08-16 01:02:50,0,7,0,0
73514,2025-08-16 01:04:12,0,9,1,262
79977,2025-08-16 01:11:53,0,11,0,0
54160,2025-08-16 01:12:23,1,9,1,289
33385,2025-08-16 01:13:43,0,9,0,0
57473,2025-08-16 01:27:57,0,4,0,0
24949,2025-08-16 01:30:09,0,5,0,0
23290,2025-08-16 01:31:36,0,8,0,0
29263,2025-08-16 01:41:25,1,5,1,464
77457,2025-08-16 01:43:10,0,4,1,264
3206,2025-08-16 01:46:55,0,5,1,919
1781,2025-08-16 01:56:57,0,4,0,0
30934,2025-08-16 01:59:04,0,3,0,0
88849,2025-08-16 02:01:41,0,10,0,0
14738,2025-08-16 02:02:49,0,10,0,0
54835,2025-08-16 02:03:27,0,3,0,0
9816,2025-08-16 02:06:18,0,4,1,244
49570,2025-08-16 02:11:41,0,4,0,0
82447,2025-08-16 02:15:17,0,7,0,0
12183,2025-08-16 02:25:52,0,8,0,0
55376,2025-08-16 02:30:24,0,5,0,0
93422,2025-08-16 02:44:12,0,6,0,0
36560,2025-08-16 02:46:39,0,5,0,0
69500,2025-08-16 02:52:17,0,3,0,0
8885,2025-08-16 02:58:46,1,7,1,363
88110,2025-08-16 03:11:47,1,4,0,0
7818,2025-08-16 03:36:24,0,6,1,392
20374,2025-08-16 03:45:07,0,12,0,0
518,2025-08-16 03:51:21,0,7,0,0
69363,2025-08-16 03:58:49,0,6,1,331
84211,2025-08-16 04:24:20,0,7,0,0
89256,2025-08-16 04:24:55,0,5,0,0
36762,2025-08-16 04:27:57,1,7,0,0
95616,2025-08-16 04:31:21,0,6,0,0
58117,2025-08-16 04:38:09,0,7,1,380
94097,2025-08-16 04:42:33,1,9,0,0
60917,2025-08-16 04:50:03,1,5,0,0
3962,2025-08-16 05:06:50,1,5,1,812
45058,2025-08-16 05:17:05,1,5,0,0
57010,2025-08-16 05:17:45,0,2,1,397
6193,2025-08-16 05:35:09,1,7,1,554
9665,2025-08-16 05:42:18,1,13,0,0
21550,2025-08-16 05:45:19,1,1,0,0
29940,2025-08-16 05:48:36,0,1,0,0
44779,2025-08-16 05:49:27,0,9,0,0
92458,2025-08-16 06:23:12,1,8,1,383
63344,2025-08-16 06:26:40,1,7,0,0
61296,2025-08-16 06:27:38,0,3,0,0
32364,2025-08-16 06:31:38,0,8,0,0
80014,2025-08-16 06:40:03,0,6,0,0
73984,2025-08-16 06:46:55,0,9,1,475
17414,2025-08-16 06:57:47,0,8,0,0
75841,2025-08-16 07:04:12,0,6,0,0
22066,2025-08-16 07:06:31,0,3,0,0
67810,2025-08-16 07:16:33,0,4,0,0
93858,2025-08-16 07:26:15,0,8,1,270
43184,2025-08-16 07:45:06,0,7,0,0
90181,2025-08-16 07:55:25,1,2,1,434
56706,2025-08-16 07:55:29,0,4,1,480
29106,2025-08-16 07:57:37,0,6,1,473
51402,2025-08-16 07:59:51,0,10,0,0
53362,2025-08-16 08:08:39,0,10,1,331
92572,2025-08-16 08:12:03,0,4,0,0
38591,2025-08-16 08:14:35,1,6,0,0
27691,2025-08-16 08:16:55,0,6,0,0
49983,2025-08-16 08:21:57,1,4,0,0
97401,2025-08-16 08:22:29,1,11,0,0
73770,2025-08-16 08:30:07,0,4,0,0
15325,2025-08-16 08:35:45,0,5,0,0
29124,2025-08-16 08:40:32,0,4,0,0
73987,2025-08-16 08:40:58,0,8,0,0
50428,2025-08-16 08:41:35,0,11,1,407
46474,2025-08-16 08:42:42,1,6,0,0
43358,2025-08-16 08:59:13,0,2,0,0
1235,2025-08-16 09:03:44,0,6,0,0
51262,2025-08-16 09:04:27,1,6,0,0
33533,2025-08-16 09:07:11,0,8,0,0
84440,2025-08-16 09:17:53,1,6,0,0
44779,2025-08-16 09:26:05,1,1,0,0
29627,2025-08-16 09:34:12,1,5,0,0
48742,2025-08-16 09:35:23,1,10,1,450
3595,2025-08-16 09:42:45,0,11,0,0
53683,2025-08-16 09:47:08,0,11,1,694
5764,2025-08-16 09:47:47,0,1,0,0
21550,2025-08-16 09:52:55,0,5,1,346
18306,2025-08-16 09:55:56,1,10,0,0
2994,2025-08-16 10:07:56,0,7,0,0
54643,2025-08-16 10:08:08,1,8,0,0
27059,2025-08-16 10:10:58,0,3,0,0
27767,2025-08-16 10:34:42,0,5,0,0
71373,2025-08-16 10:41:56,0,9,1,279
36279,2025-08-16 10:45:40,0,5,0,0
36657,2025-08-16 10:48:19,0,5,0,0
71856,2025-08-16 10:48:27,0,6,0,0
52980,2025-08-16 10:50:15,1,10,0,0
75841,2025-08-16 10:54:25,0,5,0,0
4124,2025-08-16 10:55:33,0,5,0,0
20843,2025-08-16 10:58:08,0,9,0,0
67130,2025-08-16 11:03:54,0,5,0,0
24753,2025-08-16 11:07:30,1,8,0,0
84268,2025-08-16 11:15:17,1,10,1,579
95412,2025-08-16 11:15:32,0,4,0,0
57854,2025-08-16 11:15:40,0,4,0,0
46401,2025-08-16 11:15:57,0,3,1,512
1115,2025-08-16 11:20:54,0,3,0,0
69011,2025-08-16 11:28:21,0,4,1,847
78033,2025-08-16 11:31:59,0,6,0,0
41491,2025-08-16 11:32:07,0,10,0,0
48144,2025-08-16 11:32:32,0,3,0,0
76112,2025-08-16 11:40:38,0,5,0,0
92554,2025-08-16 11:40:58,0,7,0,0
88110,2025-08-16 11:41:10,0,8,0,0
34633,2025-08-16 11:54:26,1,4,1,414
18692,2025-08-16 11:58:48,0,3,0,0
58117,2025-08-16 11:59:49,0,5,0,0
19102,2025-08-16 12:00:51,0,6,0,0
12354,2025-08-16 12:19:42,1,3,0,0
34340,2025-08-16 12:21:29,0,4,1,320
29940,2025-08-16 12:24:40,1,7,0,0
45866,2025-08-16 12:27:04,0,6,0,0
58810,2025-08-16 12:27:29,0,4,0,0
46323,2025-08-16 12:30:00,1,9,0,0
78592,2025-08-16 12:39:38,0,4,1,523
1817,2025-08-16 12:40:13,0,7,0,0
64075,2025-08-16 12:43:49,1,9,0,0
37455,2025-08-16 12:45:04,0,3,1,322
53366,2025-08-16 13:00:54,1,6,1,446
74779,2025-08-16 13:01:23,0,7,0,0
85472,2025-08-16 13:02:03,0,6,0,0
23683,2025-08-16 13:02:15,0,6,0,0
64087,2025-08-16 13:14:44,0,1,1,434
79874,2025-08-16 13:31:01,0,3,1,525
96537,2025-08-16 13:32:12,0,14,0,0
22210,2025-08-16 13:39:12,0,1,1,342
85911,2025-08-16 13:57:21,0,7,0,0
5381,2025-08-16 14:02:23,0,4,0,0
81563,2025-08-16 14:10:46,0,6,0,0
24996,2025-08-16 14:14:08,0,7,1,336
60620,2025-08-16 14:15:04,0,7,1,412
12325,2025-08-16 14:18:09,0,5,0,0
47734,2025-08-16 14:26:48,1,8,0,0
36825,2025-08-16 14:35:44,0,6,0,0
54476,2025-08-16 14:38:06,0,11,0,0
1713,2025-08-16 14:39:09,1,7,0,0
71693,2025-08-16 14:40:22,0,5,0,0
20203,2025-08-16 14:42:11,0,7,1,280
93189,2025-08-16 14:43:21,0,7,0,0
14624,2025-08-16 14:46:39,1,5,0,0
73514,2025-08-16 14:48:16,0,4,0,0
21131,2025-08-16 14:53:30,0,3,0,0
20391,2025-08-16 14:57:01,0,3,1,435
37761,2025-08-16 15:01:51,1,4,0,0
82175,2025-08-16 15:03:44,1,8,0,0
19102,2025-08-16 15:11:45,0,11,1,365
35804,2025-08-16 15:17:42,0,12,1,816
22149,2025-08-16 15:25:23,0,4,1,633
95947,2025-08-16 15:40:19,1,7,0,0
74034,2025-08-16 15:46:00,0,10,1,403
20374,2025-08-16 15:47:50,0,7,1,451
4646,2025-08-16 15:55:27,1,5,0,0
81487,2025-08-16 16:01:18,0,7,1,397
54644,2025-08-16 16:05:31,1,4,0,0
10465,2025-08-16 16:06:35,1,5,0,0
72097,2025-08-16 16:09:40,1,9,0,0
2883,2025-08-16 16:12:19,0,6,0,0
22805,2025-08-16 16:19:21,0,1,1,305
1440,2025-08-16 16:21:45,1,8,1,472
55300,2025-08-16 16:33:51,0,7,0,0
20843,2025-08-16 16:35:02,0,4,0,0
29124,2025-08-16 16:40:38,1,5,0,0
5487,2025-08-16 16:40:52,0,4,0,0
3034,2025-08-16 16:41:29,1,9,0,0
17016,2025-08-16 16:44:46,0,6,1,605
43984,2025-08-16 16:47:51,1,4,0,0
3772,2025-08-16 16:49:54,1,11,0,0
44310,2025-08-16 16:54:26,1,10,1,302
43184,2025-08-16 16:58:37,0,7,0,0
72919,2025-08-16 16:58:57,0,6,1,306
4281,2025-08-16 17:16:03,0,6,0,0
30148,2025-08-16 17:16:54,0,8,0,0
97069,2025-08-16 17:24:46,1,6,0,0
13181,2025-08-16 17:24:58,0,7,0,0
19102,2025-08-16 17:29:13,1,6,0,0
55087,2025-08-16 17:37:42,0,8,0,0
98932,2025-08-16 17:40:43,0,0,0,0
37626,2025-08-16 17:44:35,0,15,1,464
20742,2025-08-16 17:46:27,0,9,0,0
40403,2025-08-16 17:50:46,1,11,1,256
34151,2025-08-16 18:05:44,0,3,1,496
30781,2025-08-16 18:08:01,0,8,0,0
76074,2025-08-16 18:09:13,0,5,0,0
32026,2025-08-16 18:12:08,1,7,0,0
30148,2025-08-16 18:21:07,0,10,0,0
7818,2025-08-16 18:26:06,1,7,1,299
65985,2025-08-16 18:26:07,0,9,1,385
36560,2025-08-16 18:31:08,0,14,1,443
75899,2025-08-16 18:35:24,0,8,1,375
87485,2025-08-16 18:38:44,0,11,0,0
87341,2025-08-16 18:47:38,0,4,0,0
53854,2025-08-16 18:49:47,1,4,0,0
45866,2025-08-16 18:55:56,0,7,1,513
95638,2025-08-16 18:56:32,0,5,0,0
34151,2025-08-16 18:58:27,0,1,1,286
27747,2025-08-16 19:07:52,0,3,0,0
16191,2025-08-16 19:11:59,0,4,0,0
60184,2025-08-16 19:18:50,1,10,0,0
81465,2025-08-16 19:19:01,0,7,0,0
99952,2025-08-16 19:19:03,0,5,1,899
705,2025-08-16 19:26:23,0,9,0,0
86148,2025-08-16 19:29:03,0,6,0,0
7564,2025-08-16 19:29:25,1,4,0,0
62982,2025-08-16 19:39:19,1,6,1,265
11086,2025-08-16 19:40:37,0,3,1,627
52264,2025-08-16 19:41:20,0,3,0,0
49062,2025-08-16 19:41:41,0,7,0,0
33155,2025-08-16 19:48:50,0,7,0,0
67928,2025-08-16 19:54:43,0,10,0,0
75024,2025-08-16 19:54:55,0,8,0,0
2856,2025-08-16 19:57:16,0,2,0,0
43397,2025-08-16 20:22:30,0,5,0,0
19861,2025-08-16 20:26:27,1,5,0,0
48236,2025-08-16 20:29:06,0,4,1,511
4281,2025-08-16 20:30:21,0,4,0,0
56857,2025-08-16 20:36:36,0,5,1,579
73439,2025-08-16 20:42:55,0,5,0,0
60316,2025-08-16 20:50:33,1,5,1,627
76250,2025-08-16 20:55:39,1,4,0,0
55999,2025-08-16 20:55:40,0,5,0,0
30360,2025-08-16 20:59:49,1,4,1,379
75020,2025-08-16 20:59:52,0,5,1,463
46956,2025-08-16 21:00:15,0,8,0,0
76112,2025-08-16 21:04:21,1,3,1,353
66288,2025-08-16 21:04:32,0,5,0,0
30746,2025-08-16 21:04:33,0,6,0,0
5764,2025-08-16 21:07:46,1,12,1,352
52070,2025-08-16 21:08:50,1,3,0,0
92867,2025-08-16 21:10:15,0,6,0,0
94990,2025-08-16 21:12:29,0,9,0,0
40301,2025-08-16 21:16:55,0,7,0,0
98996,2025-08-16 21:20:00,0,7,1,317
78349,2025-08-16 21:27:01,0,4,1,184
16567,2025-08-16 21:31:51,0,4,1,339
76074,2025-08-16 21:40:26,0,10,1,279
56482,2025-08-16 21:42:23,0,3,0,0
77832,2025-08-16 21:45:31,0,3,1,348
11086,2025-08-16 21:48:35,0,5,1,290
22997,2025-08-16 21:56:19,0,5,0,0
76852,2025-08-16 21:56:27,0,8,1,378
81626,2025-08-16 22:01:12,1,5,0,0
36101,2025-08-16 22:06:53,0,5,1,554
88460,2025-08-16 22:15:20,1,4,0,0
21550,2025-08-16 22:16:16,1,2,0,0
36719,2025-08-16 22:23:36,1,8,0,0
84211,2025-08-16 22:24:08,0,4,0,0
77095,2025-08-16 22:42:25,0,6,1,292
2856,2025-08-16 22:42:50,0,6,0,0
96479,2025-08-16 22:44:53,1,7,0,0
36311,2025-08-16 22:47:30,0,10,0,0
49315,2025-08-16 22:55:24,1,4,0,0
23911,2025-08-16 23:12:20,0,6,0,0
85119,2025-08-16 23:13:22,1,5,1,929
19361,2025-08-16 23:13:36,1,4,0,0
54552,2025-08-16 23:23:36,0,9,1,498
78264,2025-08-16 23:26:12,0,6,0,0
57942,2025-08-16 23:27:37,1,8,0,0
74602,2025-08-16 23:35:02,0,2,1,358
34633,2025-08-16 23:45:07,1,4,1,784
65880,2025-08-16 23:45:17,0,8,0,0
22066,2025-08-16 23:53:09,0,6,0,0
64075,2025-08-16 23:55:54,0,3,0,0
35362,2025-08-16 23:58:36,0,6,0,0
16977,2025-08-17 00:03:08,0,3,0,0
513,2025-08-17 00:13:12,0,9,1,292
74657,2025-08-17 00:24:10,0,4,0,0
54349,2025-08-17 00:29:54,1,3,1,330
74779,2025-08-17 00:33:14,0,4,0,0
75718,2025-08-17 00:49:46,1,7,0,0
92867,2025-08-17 00:51:59,0,11,1,325
71394,2025-08-17 00:55:09,1,6,1,426
19445,2025-08-17 01:09:27,1,7,0,0
74347,2025-08-17 01:10:48,1,6,1,344
6967,2025-08-17 01:37:18,0,7,1,417
93202,2025-08-17 01:52:47,0,8,0,0
513,2025-08-17 01:53:00,0,7,0,0
92700,2025-08-17 01:56:09,0,6,0,0
10395,2025-08-17 02:00:47,0,9,0,0
29578,2025-08-17 02:11:49,1,4,1,423
67754,2025-08-17 02:17:23,0,12,1,372
11086,2025-08-17 02:24:24,0,5,1,240
34006,2025-08-17 02:24:25,0,12,1,279
99810,2025-08-17 02:45:45,1,6,1,353
72029,2025-08-17 02:46:54,0,10,0,0
19611,2025-08-17 03:08:03,0,1,0,0
28031,2025-08-17 03:15:05,0,6,1,404
33956,2025-08-17 03:17:44,0,7,0,0
41942,2025-08-17 03:23:12,0,5,1,512
34347,2025-08-17 03:31:46,1,7,0,0
14320,2025-08-17 03:40:05,0,7,1,544
76633,2025-08-17 03:59:00,1,7,1,581
45525,2025-08-17 04:13:54,1,7,1,727
71182,2025-08-17 04:39:49,0,6,1,822
9138,2025-08-17 04:40:37,0,4,0,0
51796,2025-08-17 04:42:27,0,3,0,0
53814,2025-08-17 04:43:13,0,8,0,0
54160,2025-08-17 04:49:39,1,5,0,0
78676,2025-08-17 05:11:00,0,3,1,239
95584,2025-08-17 05:26:52,0,6,0,0
37626,2025-08-17 05:49:29,0,5,0,0
18692,2025-08-17 05:55:39,1,8,1,736
964,2025-08-17 06:15:28,0,7,0,0
99804,2025-08-17 06:35:46,0,6,1,379
10971,2025-08-17 06:36:46,0,5,0,0
4565,2025-08-17 06:39:31,1,5,0,0
45577,2025-08-17 06:52:24,0,6,0,0
29315,2025-08-17 06:55:04,1,5,0,0
13556,2025-08-17 06:57:21,1,9,0,0
71664,2025-08-17 07:20:08,1,5,0,0
76250,2025-08-17 07:21:17,1,5,1,276
6229,2025-08-17 07:34:11,0,5,0,0
11631,2025-08-17 07:44:29,0,7,0,0
46221,2025-08-17 07:47:27,0,10,0,0
58747,2025-08-17 08:02:23,1,6,1,371
33019,2025-08-17 08:03:46,0,3,1,769
62646,2025-08-17 08:05:51,1,4,0,0
78095,2025-08-17 08:13:16,1,3,1,449
99933,2025-08-17 08:19:24,0,7,0,0
570,2025-08-17 08:34:07,0,5,1,304
15603,2025-08-17 08:39:56,0,1,1,423
57010,2025-08-17 08:40:07,1,7,0,0
73749,2025-08-17 08:47:43,0,4,0,0
77392,2025-08-17 08:52:44,1,10,1,381
95631,2025-08-17 08:57:05,0,7,0,0
64176,2025-08-17 08:58:20,0,6,1,404
37051,2025-08-17 09:04:23,0,7,0,0
61861,2025-08-17 09:15:12,1,6,0,0
14017,2025-08-17 09:17:29,1,5,0,0
36533,2025-08-17 09:19:38,0,7,0,0
42603,2025-08-17 09:20:42,0,5,1,325
55087,2025-08-17 09:28:01,0,4,0,0
90658,2025-08-17 09:28:14,1,2,0,0
35891,2025-08-17 09:44:25,0,7,0,0
97677,2025-08-17 09:46:04,1,4,0,0
35362,2025-08-17 09:47:25,1,9,0,0
93816,2025-08-17 09:54:15,0,7,1,560
50636,2025-08-17 09:59:36,0,3,0,0
46401,2025-08-17 10:01:44,0,1,1,260
67004,2025-08-17 10:02:14,1,5,0,0
41491,2025-08-17 10:03:10,1,8,0,0
79503,2025-08-17 10:06:12,0,4,0,0
86413,2025-08-17 10:08:33,0,7,0,0
82555,2025-08-17 10:25:55,1,5,0,0
35891,2025-08-17 10:31:24,1,6,1,470
8097,2025-08-17 10:57:03,0,11,0,0
49852,2025-08-17 11:06:18,0,9,0,0
53304,2025-08-17 11:26:17,0,10,1,233
41491,2025-08-17 11:27:17,0,7,0,0
46221,2025-08-17 11:27:46,0,5,0,0
65037,2025-08-17 11:30:54,1,2,0,0
78098,2025-08-17 11:32:40,1,4,1,357
51262,2025-08-17 11:33:43,1,4,0,0
82825,2025-08-17 11:37:36,0,3,0,0
90423,2025-08-17 11:43:09,0,2,1,578
31288,2025-08-17 11:44:37,0,3,1,231
4565,2025-08-17 11:51:18,0,4,0,0
61817,2025-08-17 11:51:57,0,4,0,0
40212,2025-08-17 11:59:56,0,5,1,1059
14959,2025-08-17 12:04:16,0,10,0,0
14333,2025-08-17 12:05:01,0,11,1,321
80065,2025-08-17 12:12:56,0,1,1,636
64122,2025-08-17 12:18:20,0,5,0,0
45577,2025-08-17 12:18:22,1,2,0,0
44987,2025-08-17 12:25:02,1,6,0,0
55300,2025-08-17 12:32:41,0,5,0,0
66261,2025-08-17 12:33:12,0,7,1,312
76514,2025-08-17 12:37:32,0,4,0,0
89227,2025-08-17 12:38:46,0,11,1,311
96170,2025-08-17 12:46:37,0,8,1,336
964,2025-08-17 12:48:25,0,4,1,424
46070,2025-08-17 12:48:34,0,9,0,0
41186,2025-08-17 12:49:04,1,7,0,0
65205,2025-08-17 12:52:05,1,4,1,830
21570,2025-08-17 12:57:26,0,9,0,0
68691,2025-08-17 12:58:56,1,6,0,0
93816,2025-08-17 13:05:15,1,6,0,0
29093,2025-08-17 13:12:22,1,10,0,0
84960,2025-08-17 13:21:07,0,7,0,0
40638,2025-08-17 13:27:14,0,5,0,0
2994,2025-08-17 13:27:41,0,4,0,0
13206,2025-08-17 13:27:42,1,8,0,0
17378,2025-08-17 13:30:56,0,5,0,0
27416,2025-08-17 13:40:58,0,6,0,0
99810,2025-08-17 13:41:44,1,6,1,670
36279,2025-08-17 13:44:53,1,10,0,0
52082,2025-08-17 14:04:28,1,8,0,0
3962,2025-08-17 14:06:40,1,5,1,568
49436,2025-08-17 14:12:03,0,5,0,0
33555,2025-08-17 14:24:54,0,6,0,0
3327,2025-08-17 14:27:09,1,8,1,494
6593,2025-08-17 14:27:44,0,5,0,0
25580,2025-08-17 14:28:00,1,6,0,0
26911,2025-08-17 14:32:43,0,3,1,419
1115,2025-08-17 14:49:50,1,2,0,0
97848,2025-08-17 14:55:41,0,7,0,0
58113,2025-08-17 14:57:37,0,5,0,0
12977,2025-08-17 15:00:20,0,8,1,438
61783,2025-08-17 15:11:11,0,8,0,0
61645,2025-08-17 15:12:12,1,8,0,0
24996,2025-08-17 15:13:14,0,5,1,471
38370,2025-08-17 15:21:24,1,4,0,0
67503,2025-08-17 15:21:27,0,4,0,0
22867,2025-08-17 15:24:41,1,4,1,509
80382,2025-08-17 15:26:27,1,13,0,0
74963,2025-08-17 15:27:16,0,5,0,0
37793,2025-08-17 15:32:29,1,12,0,0
97682,2025-08-17 15:37:45,1,8,1,384
36279,2025-08-17 15:39:41,0,7,1,367
93991,2025-08-17 15:39:51,0,10,0,0
61167,2025-08-17 15:40:51,1,2,0,0
86585,2025-08-17 15:46:33,1,8,0,0
89704,2025-08-17 15:58:00,0,5,0,0
44186,2025-08-17 16:06:12,1,12,0,0
70219,2025-08-17 16:08:58,0,7,1,530
96867,2025-08-17 16:11:45,0,4,0,0
11684,2025-08-17 16:13:06,0,10,1,270
92308,2025-08-17 16:23:43,0,4,0,0
5566,2025-08-17 16:28:52,0,5,0,0
6011,2025-08-17 16:29:42,0,8,0,0
97606,2025-08-17 16:35:27,0,3,0,0
44779,2025-08-17 16:41:10,0,6,1,279
53854,2025-08-17 17:04:36,0,11,1,469
9136,2025-08-17 17:08:55,1,4,1,339
40301,2025-08-17 17:09:21,1,4,0,0
64917,2025-08-17 17:10:03,0,4,0,0
57888,2025-08-17 17:17:55,0,5,0,0
67810,2025-08-17 17:19:17,0,2,0,0
17089,2025-08-17 17:23:12,1,3,1,373
54631,2025-08-17 17:36:03,0,7,0,0
43097,2025-08-17 17:53:48,0,10,0,0
74645,2025-08-17 17:54:59,0,3,1,448
43529,2025-08-17 18:03:06,0,4,1,621
75899,2025-08-17 18:03:29,0,7,0,0
72446,2025-08-17 18:03:36,1,8,1,360
942,2025-08-17 18:07:19,1,4,0,0
8890,2025-08-17 18:11:58,1,5,0,0
65536,2025-08-17 18:12:32,1,14,0,0
21958,2025-08-17 18:15:24,0,3,0,0
49315,2025-08-17 18:21:24,1,8,0,0
14838,2025-08-17 18:24:17,1,5,0,0
40804,2025-08-17 18:28:12,0,8,0,0
61167,2025-08-17 18:46:05,0,3,0,0
63458,2025-08-17 18:53:10,0,5,0,0
70804,2025-08-17 18:56:38,0,3,0,0
34608,2025-08-17 18:56:46,0,10,0,0
84565,2025-08-17 18:59:49,1,9,0,0
77790,2025-08-17 19:00:10,0,6,0,0
94151,2025-08-17 19:02:03,0,3,0,0
50903,2025-08-17 19:12:52,0,8,0,0
28342,2025-08-17 19:15:21,1,3,0,0
78801,2025-08-17 19:17:35,0,6,1,592
5218,2025-08-17 19:20:48,1,8,1,383
28447,2025-08-17 19:29:01,0,3,0,0
56172,2025-08-17 19:30:10,0,6,0,0
1115,2025-08-17 19:30:20,0,7,0,0
9922,2025-08-17 19:31:34,0,7,0,0
79874,2025-08-17 19:31:40,1,5,0,0
48144,2025-08-17 19:33:16,1,7,1,341
65037,2025-08-17 19:33:39,0,8,0,0
80779,2025-08-17 19:35:46,1,9,0,0
33155,2025-08-17 19:35:48,1,5,0,0
98118,2025-08-17 19:36:06,0,7,1,393
33072,2025-08-17 19:36:32,0,9,0,0
90532,2025-08-17 19:37:42,0,5,1,353
68302,2025-08-17 19:42:39,0,8,0,0
15401,2025-08-17 19:46:16,1,4,1,256
49757,2025-08-17 19:47:08,0,5,0,0
86796,2025-08-17 20:11:42,1,9,1,246
72718,2025-08-17 20:12:10,0,5,1,264
48711,2025-08-17 20:24:06,0,5,0,0
72133,2025-08-17 20:30:16,0,6,0,0
81268,2025-08-17 20:43:43,0,4,0,0
47433,2025-08-17 20:43:59,0,6,0,0
74687,2025-08-17 21:03:43,1,4,0,0
15713,2025-08-17 21:04:53,1,7,0,0
84604,2025-08-17 21:12:34,0,4,0,0
80779,2025-08-17 21:22:58,0,8,0,0
82447,2025-08-17 21:24:57,0,8,1,467
36811,2025-08-17 21:25:58,1,7,0,0
36892,2025-08-17 21:26:48,0,8,1,399
78349,2025-08-17 21:33:16,0,1,0,0
79831,2025-08-17 21:35:34,0,4,0,0
53284,2025-08-17 21:44:25,0,4,1,574
56397,2025-08-17 21:45:12,0,9,0,0
4179,2025-08-17 21:53:13,0,2,0,0
72100,2025-08-17 22:02:59,0,8,0,0
7672,2025-08-17 22:03:08,1,11,1,555
23209,2025-08-17 22:12:48,0,8,0,0
73514,2025-08-17 22:21:00,0,5,0,0
15017,2025-08-17 22:25:39,0,6,0,0
42722,2025-08-17 22:30:58,0,4,1,280
86585,2025-08-17 22:39:40,0,5,0,0
32579,2025-08-17 22:51:37,0,4,0,0
60167,2025-08-17 23:03:04,0,5,0,0
84211,2025-08-17 23:04:30,0,7,1,545
99218,2025-08-17 23:08:34,1,8,0,0
36811,2025-08-17 23:10:18,0,1,0,0
96134,2025-08-17 23:15:09,1,9,0,0
54349,2025-08-17 23:17:59,0,6,0,0
99085,2025-08-17 23:18:26,0,6,0,0
87029,2025-08-17 23:22:35,0,5,1,411
65331,2025-08-17 23:29:09,1,7,1,507
67503,2025-08-17 23:33:39,0,3,1,605
7834,2025-08-17 23:47:47,0,7,0,0
67810,2025-08-18 00:29:23,0,7,0,0
94312,2025-08-18 00:31:32,0,3,0,0
23900,2025-08-18 00:41:57,0,8,1,347
95144,2025-08-18 00:48:53,0,7,0,0
41183,2025-08-18 01:01:58,1,3,0,0
76276,2025-08-18 01:03:06,0,4,0,0
6446,2025-08-18 01:47:54,1,2,1,397
35697,2025-08-18 01:51:58,1,6,0,0
87341,2025-08-18 01:58:58,0,2,0,0
74671,2025-08-18 02:14:36,1,7,0,0
87067,2025-08-18 02:20:14,0,5,1,472
89182,2025-08-18 02:34:28,1,8,0,0
90813,2025-08-18 02:39:47,1,4,0,0
56857,2025-08-18 02:55:01,0,2,1,436
53147,2025-08-18 03:15:31,0,3,0,0
39906,2025-08-18 03:20:22,1,4,0,0
55256,2025-08-18 03:55:30,1,5,0,0
97848,2025-08-18 04:04:43,1,7,0,0
68691,2025-08-18 04:15:00,0,8,1,347
53683,2025-08-18 04:46:38,1,4,0,0
25636,2025-08-18 05:03:04,1,5,0,0
71149,2025-08-18 05:12:11,0,5,0,0
79078,2025-08-18 05:27:33,1,9,1,312
5032,2025-08-18 05:37:29,0,5,0,0
34032,2025-08-18 05:45:51,0,4,1,412
34436,2025-08-18 06:25:08,1,6,0,0
89733,2025-08-18 06:49:04,0,5,0,0
89370,2025-08-18 07:09:08,1,6,0,0
71664,2025-08-18 07:16:42,0,6,0,0
48515,2025-08-18 07:25:23,0,6,1,696
44577,2025-08-18 07:33:09,1,7,0,0
31416,2025-08-18 07:35:05,1,1,1,401
72919,2025-08-18 07:39:22,1,5,0,0
56616,2025-08-18 07:43:58,0,6,1,443
91601,2025-08-18 07:54:14,1,2,0,0
35134,2025-08-18 07:55:35,0,2,0,0
51916,2025-08-18 07:56:14,1,4,1,529
74602,2025-08-18 08:00:32,0,8,1,380
18283,2025-08-18 08:02:26,0,5,0,0
46396,2025-08-18 08:02:38,1,5,1,589
5566,2025-08-18 08:03:33,0,3,0,0
77000,2025-08-18 08:04:55,0,7,1,348
199,2025-08-18 08:05:35,0,6,0,0
93189,2025-08-18 08:10:24,0,10,1,256
75620,2025-08-18 08:11:13,0,4,0,0
25580,2025-08-18 08:14:57,0,6,0,0
96460,2025-08-18 08:22:50,0,5,0,0
64274,2025-08-18 08:25:29,0,0,0,0
8751,2025-08-18 08:34:10,0,4,1,329
29124,2025-08-18 08:35:42,0,1,1,516
41040,2025-08-18 08:36:24,0,11,0,0
705,2025-08-18 08:45:11,0,6,1,266
74242,2025-08-18 08:48:14,0,5,1,408
86484,2025-08-18 09:01:26,1,6,1,316
78356,2025-08-18 09:02:28,0,16,0,0
20374,2025-08-18 09:10:53,0,3,0,0
55359,2025-08-18 09:12:53,0,6,1,605
99045,2025-08-18 09:21:17,0,3,0,0
89497,2025-08-18 09:29:27,1,9,0,0
36811,2025-08-18 09:33:22,0,11,0,0
40896,2025-08-18 09:33:47,1,11,1,543
57869,2025-08-18 09:34:51,1,4,1,627
6111,2025-08-18 09:45:34,0,7,0,0
11053,2025-08-18 09:46:42,1,3,1,317
96537,2025-08-18 09:51:13,0,3,0,0
11126,2025-08-18 10:00:18,0,8,0,0
77095,2025-08-18 10:06:55,1,5,0,0
7672,2025-08-18 10:12:05,0,7,1,774
45475,2025-08-18 10:15:25,0,8,0,0
54573,2025-08-18 10:18:35,0,6,0,0
81338,2025-08-18 10:22:16,0,2,0,0
54160,2025-08-18 10:25:09,0,12,1,298
52421,2025-08-18 10:25:23,0,8,1,702
218,2025-08-18 10:28:59,0,5,0,0
73749,2025-08-18 10:29:53,0,5,0,0
63715,2025-08-18 10:43:35,0,6,1,279
16567,2025-08-18 10:52:59,0,10,0,0
218,2025-08-18 11:13:22,0,5,0,0
85678,2025-08-18 11:13:27,1,7,1,317
39678,2025-08-18 11:25:32,0,6,0,0
28447,2025-08-18 11:32:13,0,13,1,353
4942,2025-08-18 11:38:47,0,6,0,0
96204,2025-08-18 11:41:23,1,5,0,0
50037,2025-08-18 11:42:19,0,7,0,0
91443,2025-08-18 11:43:33,0,5,0,0
84389,2025-08-18 11:48:36,1,4,0,0
5464,2025-08-18 11:54:03,0,5,0,0
29106,2025-08-18 11:58:02,0,1,1,303
24921,2025-08-18 12:01:35,0,8,0,0
91906,2025-08-18 12:04:32,0,5,0,0
14320,2025-08-18 12:05:24,0,6,0,0
1115,2025-08-18 12:05:35,1,7,0,0
58747,2025-08-18 12:08:06,0,8,0,0
19445,2025-08-18 12:08:19,0,9,1,357
42722,2025-08-18 12:11:43,0,8,1,283
45437,2025-08-18 12:14:41,1,4,1,465
46342,2025-08-18 12:15:25,0,7,0,0
23900,2025-08-18 12:15:27,1,5,1,208
6167,2025-08-18 12:17:46,0,3,1,603
83918,2025-08-18 12:21:32,1,5,0,0
85858,2025-08-18 12:23:00,0,4,1,326
15597,2025-08-18 12:25:06,0,5,0,0
7564,2025-08-18 12:28:08,1,9,1,590
95700,2025-08-18 12:29:02,0,2,1,906
6635,2025-08-18 12:32:06,0,4,0,0
49436,2025-08-18 12:32:29,1,4,0,0
85130,2025-08-18 12:38:05,0,8,0,0
96134,2025-08-18 12:38:11,0,7,0,0
80779,2025-08-18 12:43:34,0,7,0,0
84767,2025-08-18 12:45:00,0,8,1,552
43184,2025-08-18 12:59:03,0,6,0,0
5606,2025-08-18 13:18:23,0,4,0,0
84319,2025-08-18 13:18:45,1,8,0,0
89370,2025-08-18 13:26:37,0,4,1,394
2006,2025-08-18 13:28:34,0,4,0,0
96091,2025-08-18 13:47:34,1,5,1,341
93926,2025-08-18 13:47:41,0,10,1,434
54631,2025-08-18 14:00:55,0,7,1,237
58810,2025-08-18 14:02:03,0,7,0,0
23373,2025-08-18 14:03:20,0,7,0,0
1067,2025-08-18 14:10:43,1,3,1,418
24854,2025-08-18 14:10:51,0,7,0,0
4281,2025-08-18 14:11:52,0,4,0,0
80721,2025-08-18 14:18:40,1,5,0,0
26290,2025-08-18 14:23:03,0,15,0,0
47775,2025-08-18 14:32:51,1,6,0,0
73806,2025-08-18 14:34:00,1,5,0,0
50903,2025-08-18 14:37:20,0,9,1,319
49049,2025-08-18 14:43:47,0,4,0,0
83918,2025-08-18 14:46:27,0,6,1,805
51916,2025-08-18 14:47:29,0,3,0,0
97848,2025-08-18 14:48:19,1,6,1,364
76250,2025-08-18 14:48:58,0,7,0,0
88541,2025-08-18 14:55:33,1,9,0,0
49715,2025-08-18 14:58:46,1,5,0,0
16191,2025-08-18 15:00:17,1,1,0,0
64087,2025-08-18 15:00:18,1,4,0,0
58197,2025-08-18 15:00:23,0,7,0,0
30932,2025-08-18 15:10:04,0,6,1,366
35188,2025-08-18 15:14:49,0,8,1,386
95725,2025-08-18 15:19:47,1,5,0,0
68404,2025-08-18 15:24:44,0,7,0,0
22169,2025-08-18 15:27:32,1,7,0,0
87900,2025-08-18 15:28:01,0,6,1,516
90754,2025-08-18 15:28:53,0,6,1,293
66261,2025-08-18 15:33:00,0,7,0,0
75582,2025-08-18 15:34:01,0,4,0,0
41186,2025-08-18 15:34:09,1,4,0,0
46967,2025-08-18 15:39:40,0,2,0,0
82866,2025-08-18 15:40:01,1,2,0,0
67245,2025-08-18 15:40:24,0,6,0,0
99810,2025-08-18 15:52:31,0,5,1,380
55263,2025-08-18 15:56:20,1,8,0,0
35094,2025-08-18 15:56:21,0,7,0,0
2784,2025-08-18 16:00:52,0,5,0,0
96091,2025-08-18 16:07:51,0,6,1,519
5142,2025-08-18 16:11:47,0,9,0,0
12454,2025-08-18 16:16:42,1,5,1,444
47980,2025-08-18 16:25:01,0,6,1,330
80441,2025-08-18 16:25:10,0,8,0,0
79511,2025-08-18 16:27:21,1,6,1,480
97515,2025-08-18 16:29:35,1,5,0,0
14017,2025-08-18 16:29:49,1,8,1,184
6229,2025-08-18 16:32:43,0,8,1,453
307,2025-08-18 16:37:13,0,10,0,0
82746,2025-08-18 16:48:36,0,8,0,0
43529,2025-08-18 16:51:21,1,3,1,629
29124,2025-08-18 16:56:14,0,8,0,0
18055,2025-08-18 16:59:54,1,5,1,625
18302,2025-08-18 17:00:17,1,4,1,557
51796,2025-08-18 17:01:51,1,1,0,0
77720,2025-08-18 17:10:05,0,4,0,0
77801,2025-08-18 17:15:45,0,4,0,0
26407,2025-08-18 17:27:40,0,7,0,0
53463,2025-08-18 17:36:38,0,6,1,221
50842,2025-08-18 17:39:04,0,4,0,0
98350,2025-08-18 17:39:41,0,7,0,0
32319,2025-08-18 17:43:48,0,4,0,0
75332,2025-08-18 17:44:37,0,3,0,0
43252,2025-08-18 17:49:11,0,5,0,0
43093,2025-08-18 17:51:47,1,6,1,563
5389,2025-08-18 17:55:09,0,6,0,0
7834,2025-08-18 17:57:17,0,5,0,0
67050,2025-08-18 17:57:41,1,5,0,0
39543,2025-08-18 17:57:54,1,8,1,273
58641,2025-08-18 17:58:23,0,0,1,427
40804,2025-08-18 18:07:53,0,0,0,0
9294,2025-08-18 18:12:35,0,6,1,174
18306,2025-08-18 18:12:56,0,7,0,0
56616,2025-08-18 18:18:01,0,4,1,508
31288,2025-08-18 18:19:53,0,3,0,0
13037,2025-08-18 18:24:01,0,9,0,0
16188,2025-08-18 18:25:40,0,5,0,0
6229,2025-08-18 18:28:51,0,3,0,0
66354,2025-08-18 18:47:06,0,9,1,640
94436,2025-08-18 18:48:15,0,6,0,0
9922,2025-08-18 18:56:48,0,2,1,445
5491,2025-08-18 19:01:01,1,8,0,0
8814,2025-08-18 19:06:51,0,5,0,0
70232,2025-08-18 19:11:13,0,8,0,0
85858,2025-08-18 19:15:56,1,4,1,368
62982,2025-08-18 19:24:49,0,10,1,339
43133,2025-08-18 19:25:19,1,6,0,0
918,2025-08-18 19:28:48,1,5,0,0
1440,2025-08-18 19:29:34,1,6,0,0
19100,2025-08-18 19:29:40,0,6,1,506
14734,2025-08-18 19:36:10,1,8,1,456
74579,2025-08-18 19:40:07,0,4,0,0
58197,2025-08-18 19:41:00,1,8,0,0
11146,2025-08-18 19:45:17,1,2,1,361
36252,2025-08-18 19:51:11,0,8,0,0
85500,2025-08-18 19:58:46,0,7,1,562
32579,2025-08-18 20:19:22,1,2,1,300
74707,2025-08-18 20:20:35,1,4,0,0
75332,2025-08-18 20:25:23,0,6,1,342
5464,2025-08-18 20:28:41,0,4,1,261
73569,2025-08-18 20:29:31,0,3,0,0
84440,2025-08-18 20:38:43,0,0,0,0
63227,2025-08-18 20:47:18,0,2,1,357
26969,2025-08-18 20:57:40,1,5,1,559
80294,2025-08-18 20:59:30,0,3,0,0
53814,2025-08-18 21:02:05,1,6,0,0
75841,2025-08-18 21:04:59,0,16,1,401
82175,2025-08-18 21:05:14,0,2,0,0
78938,2025-08-18 21:07:35,0,5,1,407
92303,2025-08-18 21:12:18,1,9,1,397
94074,2025-08-18 21:17:06,0,5,0,0
36187,2025-08-18 21:20:41,0,4,0,0
38895,2025-08-18 21:29:53,0,3,0,0
65710,2025-08-18 21:30:01,0,6,0,0
13931,2025-08-18 21:42:57,1,8,0,0
8076,2025-08-18 21:51:52,0,3,0,0
77832,2025-08-18 21:53:22,0,6,1,510
63344,2025-08-18 22:08:52,1,8,0,0
5774,2025-08-18 22:20:57,1,7,0,0
30700,2025-08-18 22:24:09,0,7,0,0
59406,2025-08-18 22:24:24,0,14,0,0
20467,2025-08-18 22:26:59,0,8,0,0
45437,2025-08-18 22:28:08,1,3,0,0
58083,2025-08-18 22:31:45,1,6,0,0
69785,2025-08-18 22:37:25,0,2,0,0
95180,2025-08-18 22:43:22,1,4,0,0
77457,2025-08-18 22:52:16,0,8,1,255
32671,2025-08-18 22:54:03,1,13,0,0
40804,2025-08-18 22:54:08,1,10,0,0
45437,2025-08-18 22:55:58,0,3,1,420
88273,2025-08-18 22:59:45,1,12,0,0
38671,2025-08-18 23:00:39,1,7,0,0
56616,2025-08-18 23:12:27,0,3,0,0
24996,2025-08-18 23:14:30,0,7,0,0
22867,2025-08-18 23:18:00,1,3,0,0
82175,2025-08-18 23:18:44,0,4,0,0
80926,2025-08-18 23:30:08,0,5,0,0
2883,2025-08-18 23:35:02,1,7,1,293
95793,2025-08-18 23:36:35,0,6,0,0
57854,2025-08-18 23:43:58,0,5,0,0
18770,2025-08-18 23:44:28,1,9,0,0
53366,2025-08-18 23:46:31,0,6,0,0
513,2025-08-18 23:47:51,0,3,1,427
97848,2025-08-18 23:52:46,0,7,1,560
76004,2025-08-18 23:52:56,0,6,0,0
95412,2025-08-18 23:59:45,0,5,0,0
82746,2025-08-19 00:07:46,0,11,1,646
45058,2025-08-19 01:10:08,1,5,0,0
30781,2025-08-19 01:28:26,0,3,0,0
55851,2025-08-19 01:42:48,0,9,0,0
193,2025-08-19 01:51:17,0,4,1,498
61783,2025-08-19 01:58:29,1,6,0,0
26620,2025-08-19 02:07:42,0,5,0,0
53814,2025-08-19 02:22:49,0,3,1,209
96460,2025-08-19 02:23:31,1,4,1,354
92559,2025-08-19 02:41:03,0,6,0,0
24059,2025-08-19 02:44:00,1,4,0,0
86266,2025-08-19 02:54:41,0,10,0,0
90100,2025-08-19 02:59:52,0,10,0,0
60079,2025-08-19 03:09:08,0,3,0,0
5665,2025-08-19 03:14:24,0,6,0,0
82774,2025-08-19 03:14:58,0,5,0,0
98855,2025-08-19 03:29:43,0,5,1,410
43010,2025-08-19 03:42:26,0,8,1,327
54644,2025-08-19 03:46:47,0,6,0,0
24835,2025-08-19 03:47:44,0,1,0,0
28681,2025-08-19 03:55:58,0,11,0,0
36616,2025-08-19 04:14:13,0,6,0,0
43093,2025-08-19 04:21:05,0,4,0,0
2894,2025-08-19 04:34:31,0,6,0,0
69642,2025-08-19 04:50:57,0,4,1,390
80382,2025-08-19 04:57:11,1,6,1,348
57010,2025-08-19 05:06:50,1,5,1,313
55525,2025-08-19 05:28:01,0,10,1,435
85911,2025-08-19 05:28:54,1,9,0,0
36533,2025-08-19 05:35:40,0,9,1,708
88646,2025-08-19 05:36:27,0,7,0,0
91601,2025-08-19 05:46:23,0,5,0,0
47482,2025-08-19 05:56:44,1,5,0,0
12595,2025-08-19 05:59:28,0,2,0,0
21550,2025-08-19 06:01:25,0,5,0,0
16066,2025-08-19 06:06:26,0,6,1,576
34608,2025-08-19 06:07:28,0,5,0,0
72585,2025-08-19 06:34:08,0,5,0,0
61378,2025-08-19 06:44:16,1,3,1,431
85912,2025-08-19 06:49:15,0,1,0,0
2180,2025-08-19 06:55:20,0,7,0,0
58596,2025-08-19 06:58:29,0,6,0,0
12454,2025-08-19 07:08:39,1,4,1,548
54166,2025-08-19 07:24:03,1,4,0,0
23630,2025-08-19 07:35:20,0,7,0,0
89370,2025-08-19 07:37:23,0,6,0,0
76633,2025-08-19 07:44:05,0,6,0,0
44701,2025-08-19 07:53:44,1,2,1,568
41942,2025-08-19 08:02:11,0,11,0,0
97637,2025-08-19 08:03:45,1,6,0,0
56647,2025-08-19 08:04:19,1,7,0,0
86151,2025-08-19 08:04:39,1,6,0,0
85611,2025-08-19 08:11:15,1,4,1,387
79814,2025-08-19 08:17:07,0,7,0,0
71340,2025-08-19 08:19:02,0,9,0,0
82223,2025-08-19 08:22:15,0,5,0,0
64245,2025-08-19 08:22:58,0,5,0,0
81366,2025-08-19 08:29:35,1,4,0,0
63458,2025-08-19 08:31:39,0,8,0,0
93395,2025-08-19 08:33:06,0,5,0,0
55851,2025-08-19 08:35:40,0,4,0,0
57942,2025-08-19 08:37:11,1,10,0,0
89031,2025-08-19 08:38:46,0,8,1,527
36190,2025-08-19 08:43:28,0,10,1,248
45310,2025-08-19 08:47:06,0,10,1,281
1979,2025-08-19 08:48:31,0,5,0,0
22377,2025-08-19 08:48:55,1,7,0,0
6167,2025-08-19 08:56:27,0,6,0,0
96776,2025-08-19 09:02:14,1,10,0,0
37761,2025-08-19 09:12:42,0,6,1,392
14403,2025-08-19 09:17:39,0,9,1,305
65536,2025-08-19 09:24:53,0,3,1,423
55234,2025-08-19 09:33:39,0,9,0,0
51934,2025-08-19 09:41:08,0,13,0,0
13799,2025-08-19 10:00:07,0,9,0,0
61396,2025-08-19 10:08:15,0,3,1,497
78785,2025-08-19 10:14:16,0,4,0,0
16066,2025-08-19 10:15:34,1,5,0,0
30932,2025-08-19 10:24:38,1,2,1,232
82223,2025-08-19 10:25:38,0,3,1,509
79794,2025-08-19 10:33:26,1,4,0,0
77720,2025-08-19 10:34:19,0,7,0,0
12354,2025-08-19 10:45:59,1,4,0,0
80926,2025-08-19 10:50:59,0,5,0,0
89222,2025-08-19 10:53:48,0,17,1,432
24460,2025-08-19 11:00:53,1,4,0,0
93202,2025-08-19 11:01:17,0,3,1,423
942,2025-08-19 11:02:44,0,4,0,0
11228,2025-08-19 11:05:47,0,4,0,0
20621,2025-08-19 11:10:38,0,9,1,406
25549,2025-08-19 11:12:51,0,3,1,293
69155,2025-08-19 11:13:25,0,6,0,0
9816,2025-08-19 11:14:20,0,5,1,513
3327,2025-08-19 11:25:09,0,6,0,0
68596,2025-08-19 11:38:31,1,7,0,0
36811,2025-08-19 11:40:23,1,7,0,0
71621,2025-08-19 11:43:10,0,1,0,0
8305,2025-08-19 11:44:18,0,5,0,0
54835,2025-08-19 11:44:26,0,6,0,0
79850,2025-08-19 11:47:00,0,7,0,0
84422,2025-08-19 11:51:18,0,4,0,0
47986,2025-08-19 11:56:34,1,5,1,845
57473,2025-08-19 12:04:12,0,9,0,0
43184,2025-08-19 12:11:03,0,8,0,0
42588,2025-08-19 12:12:25,0,5,0,0
94078,2025-08-19 12:13:28,0,6,0,0
68691,2025-08-19 12:16:58,0,4,0,0
27767,2025-08-19 12:27:33,0,5,0,0
9665,2025-08-19 12:30:45,0,4,1,537
95788,2025-08-19 12:30:53,0,5,1,470
18721,2025-08-19 12:35:55,0,6,0,0
26969,2025-08-19 12:37:16,1,2,0,0
36657,2025-08-19 12:37:19,0,4,1,296
37100,2025-08-19 12:37:50,0,2,1,415
79874,2025-08-19 12:52:47,1,6,0,0
51916,2025-08-19 13:01:27,0,6,1,550
15075,2025-08-19 13:07:06,0,11,1,845
4924,2025-08-19 13:08:46,0,11,0,0
59220,2025-08-19 13:12:22,0,8,0,0
50428,2025-08-19 13:12:28,0,5,0,0
35891,2025-08-19 13:14:30,0,4,1,383
75899,2025-08-19 13:16:19,1,7,1,229
63227,2025-08-19 13:18:55,1,13,0,0
5572,2025-08-19 13:20:15,0,9,1,448
77238,2025-08-19 13:20:31,0,9,1,417
20742,2025-08-19 13:34:02,1,6,0,0
9470,2025-08-19 13:37:18,0,5,0,0
705,2025-08-19 13:38:25,1,8,0,0
47616,2025-08-19 13:40:56,1,7,1,619
53616,2025-08-19 13:47:38,0,5,0,0
13537,2025-08-19 13:53:31,0,6,0,0
78401,2025-08-19 13:53:59,0,4,0,0
40007,2025-08-19 14:02:34,0,8,1,493
64054,2025-08-19 14:11:48,1,7,1,538
93422,2025-08-19 14:13:47,0,6,0,0
75034,2025-08-19 14:17:15,0,7,0,0
56004,2025-08-19 14:25:45,1,7,0,0
80779,2025-08-19 14:31:42,1,4,0,0
22147,2025-08-19 14:32:53,0,3,0,0
4565,2025-08-19 14:34:18,0,1,0,0
37384,2025-08-19 14:34:55,0,4,0,0
64100,2025-08-19 14:38:42,0,7,0,0
83134,2025-08-19 14:46:51,1,10,1,422
47482,2025-08-19 14:50:01,0,7,1,398
518,2025-08-19 14:52:10,0,10,1,374
74714,2025-08-19 14:57:29,1,6,0,0
78286,2025-08-19 15:11:56,0,9,0,0
31288,2025-08-19 15:12:10,1,6,0,0
72589,2025-08-19 15:17:40,0,6,0,0
96170,2025-08-19 15:20:54,1,5,0,0
87530,2025-08-19 15:22:42,0,1,0,0
55839,2025-08-19 15:27:35,0,7,0,0
11146,2025-08-19 15:33:41,1,2,1,299
86802,2025-08-19 15:34:46,0,7,0,0
48421,2025-08-19 15:35:07,0,7,0,0
54643,2025-08-19 15:36:03,0,6,0,0
14810,2025-08-19 15:36:36,0,4,1,295
57290,2025-08-19 15:45:17,0,7,1,310
1440,2025-08-19 15:53:39,0,4,1,514
17414,2025-08-19 16:03:49,0,4,1,729
89470,2025-08-19 16:07:32,0,10,0,0
36866,2025-08-19 16:28:35,0,6,1,337
96867,2025-08-19 16:33:48,1,5,1,525
14734,2025-08-19 16:34:26,0,1,1,478
43093,2025-08-19 16:37:16,1,5,0,0
35960,2025-08-19 16:43:04,0,4,0,0
78098,2025-08-19 16:48:14,0,9,0,0
37377,2025-08-19 17:01:48,0,5,1,292
71247,2025-08-19 17:02:40,0,7,0,0
38370,2025-08-19 17:05:34,0,5,0,0
2317,2025-08-19 17:08:19,0,7,1,395
71149,2025-08-19 17:09:44,1,6,0,0
95434,2025-08-19 17:12:04,0,9,0,0
38671,2025-08-19 17:15:31,0,7,1,331
79868,2025-08-19 17:26:20,0,6,1,598
87067,2025-08-19 17:30:14,1,10,0,0
13508,2025-08-19 17:31:39,0,4,0,0
73569,2025-08-19 17:36:17,1,7,1,321
1979,2025-08-19 17:42:08,0,4,0,0
38036,2025-08-19 17:48:09,1,5,0,0
40804,2025-08-19 17:49:51,1,6,0,0
4942,2025-08-19 17:52:10,0,9,0,0
26267,2025-08-19 17:55:16,1,4,1,449
52001,2025-08-19 17:58:29,0,6,0,0
66814,2025-08-19 17:59:00,1,6,1,354
60852,2025-08-19 18:01:36,0,7,0,0
20742,2025-08-19 18:04:13,1,5,0,0
36719,2025-08-19 18:06:06,0,8,0,0
19264,2025-08-19 18:11:02,0,7,1,283
43358,2025-08-19 18:12:15,0,10,1,316
47401,2025-08-19 18:13:14,0,8,0,0
16191,2025-08-19 18:21:53,0,11,0,0
80700,2025-08-19 18:23:23,0,6,0,0
91522,2025-08-19 18:24:10,0,5,0,0
30700,2025-08-19 18:28:10,1,8,1,265
26105,2025-08-19 18:32:11,1,7,0,0
98035,2025-08-19 18:33:24,0,5,0,0
36451,2025-08-19 18:43:17,1,4,0,0
60392,2025-08-19 18:49:14,1,3,0,0
16588,2025-08-19 18:54:01,1,3,0,0
18575,2025-08-19 18:57:03,0,7,1,542
74699,2025-08-19 18:59:57,0,3,0,0
48711,2025-08-19 19:02:05,0,9,0,0
84319,2025-08-19 19:07:43,0,9,1,651
5369,2025-08-19 19:17:45,0,7,0,0
68350,2025-08-19 19:22:46,1,5,1,261
16588,2025-08-19 19:25:26,0,9,1,629
40578,2025-08-19 19:28:49,1,6,1,514
21541,2025-08-19 19:33:49,0,7,0,0
96170,2025-08-19 19:35:45,0,6,0,0
55839,2025-08-19 19:44:38,0,3,0,0
76250,2025-08-19 19:45:20,0,5,1,250
9665,2025-08-19 19:45:28,0,4,0,0
17981,2025-08-19 19:48:03,0,2,0,0
77790,2025-08-19 20:11:54,0,6,0,0
45437,2025-08-19 20:14:48,0,10,0,0
93159,2025-08-19 20:15:03,0,10,1,139
74714,2025-08-19 20:17:09,0,8,0,0
41773,2025-08-19 20:18:35,0,8,1,421
56626,2025-08-19 20:20:22,0,8,0,0
55640,2025-08-19 20:21:15,0,4,0,0
69292,2025-08-19 20:23:51,1,3,0,0
93395,2025-08-19 20:37:10,0,8,0,0
20940,2025-08-19 20:38:55,0,14,0,0
34608,2025-08-19 20:44:22,0,8,0,0
32510,2025-08-19 20:44:51,0,2,1,288
40052,2025-08-19 20:47:57,0,6,1,396
75442,2025-08-19 20:54:34,0,5,1,439
61641,2025-08-19 21:04:10,1,5,0,0
7719,2025-08-19 21:04:18,1,4,0,0
56795,2025-08-19 21:06:10,0,4,0,0
50903,2025-08-19 21:11:02,1,6,1,339
90346,2025-08-19 21:11:56,0,6,1,416
26969,2025-08-19 21:20:59,1,7,0,0
36866,2025-08-19 21:22:28,0,2,1,532
10406,2025-08-19 21:39:19,1,3,1,855
31186,2025-08-19 21:47:18,1,6,1,533
16728,2025-08-19 21:52:42,0,6,0,0
942,2025-08-19 22:14:08,0,5,1,388
71149,2025-08-19 22:14:19,0,7,0,0
70804,2025-08-19 22:16:52,1,9,1,466
55839,2025-08-19 22:19:38,0,4,1,414
55649,2025-08-19 22:20:08,0,7,0,0
36255,2025-08-19 22:22:12,1,6,0,0
41183,2025-08-19 22:25:18,0,8,0,0
40804,2025-08-19 22:38:27,0,5,0,0
92940,2025-08-19 22:43:01,1,8,0,0
36082,2025-08-19 22:45:33,0,5,0,0
78197,2025-08-19 22:45:53,1,4,0,0
9146,2025-08-19 22:47:37,0,4,0,0
36866,2025-08-19 22:53:27,0,3,0,0
73439,2025-08-19 23:04:57,1,14,0,0
55359,2025-08-19 23:05:12,1,6,0,0
23225,2025-08-19 23:08:20,0,2,0,0
61320,2025-08-19 23:12:54,1,6,0,0
46396,2025-08-19 23:17:28,0,6,1,327
56626,2025-08-19 23:21:41,1,5,0,0
71645,2025-08-19 23:31:53,1,4,0,0
68340,2025-08-19 23:35:11,0,11,0,0
77532,2025-08-19 23:36:19,0,9,1,278
82774,2025-08-19 23:38:47,0,9,1,572
39543,2025-08-19 23:48:26,0,7,0,0
23840,2025-08-19 23:48:27,0,8,0,0
78642,2025-08-19 23:48:30,0,8,1,250
71394,2025-08-19 23:49:08,0,2,0,0
77832,2025-08-19 23:49:52,0,7,0,0
92303,2025-08-19 23:51:40,0,5,0,0
42571,2025-08-19 23:53:25,0,5,1,609
95584,2025-08-19 23:58:58,0,2,0,0
72029,2025-08-20 00:08:25,0,2,0,0
62646,2025-08-20 00:15:35,0,6,0,0
80759,2025-08-20 00:18:47,0,6,0,0
54166,2025-08-20 00:19:23,1,9,1,272
27097,2025-08-20 00:22:01,0,3,0,0
75672,2025-08-20 00:23:04,0,6,1,540
20843,2025-08-20 00:25:52,0,3,0,0
81493,2025-08-20 00:45:19,1,3,1,373
45697,2025-08-20 00:52:11,0,10,0,0
26822,2025-08-20 00:57:26,0,7,0,0
96091,2025-08-20 01:10:33,0,12,1,458
84268,2025-08-20 01:12:34,0,5,1,775
42571,2025-08-20 01:15:52,0,2,0,0
59406,2025-08-20 01:15:52,1,6,1,294
5491,2025-08-20 01:16:23,0,5,0,0
16969,2025-08-20 01:23:14,1,3,0,0
8076,2025-08-20 01:36:49,1,6,1,505
68292,2025-08-20 01:37:53,1,10,0,0
93782,2025-08-20 01:42:12,0,4,0,0
2180,2025-08-20 01:42:32,0,6,0,0
81493,2025-08-20 01:47:51,1,2,1,392
53945,2025-08-20 01:56:47,0,3,1,473
84567,2025-08-20 01:56:48,0,7,0,0
94994,2025-08-20 02:12:58,0,9,0,0
83074,2025-08-20 02:16:10,0,4,1,297
92572,2025-08-20 02:16:16,0,5,0,0
33045,2025-08-20 02:34:49,0,8,0,0
58121,2025-08-20 02:35:29,1,6,1,479
34353,2025-08-20 02:58:26,0,5,1,310
55999,2025-08-20 02:58:54,1,10,0,0
40937,2025-08-20 03:16:56,0,8,1,503
98804,2025-08-20 03:32:35,0,8,1,333
80185,2025-08-20 03:32:36,0,5,0,0
84565,2025-08-20 03:34:47,1,4,0,0
32924,2025-08-20 04:02:14,0,9,0,0
91601,2025-08-20 04:17:21,0,4,0,0
73793,2025-08-20 04:26:48,0,5,0,0
56878,2025-08-20 04:30:59,0,4,1,568
57382,2025-08-20 04:41:58,0,3,0,0
15029,2025-08-20 04:47:55,0,4,1,267
27605,2025-08-20 04:50:51,1,3,0,0
57333,2025-08-20 04:58:47,0,9,1,353
96091,2025-08-20 05:30:08,0,3,1,345
80145,2025-08-20 05:32:09,0,2,1,253
69292,2025-08-20 06:09:01,0,8,0,0
64075,2025-08-20 06:20:08,1,8,0,0
59406,2025-08-20 06:28:06,1,7,0,0
42035,2025-08-20 06:36:15,1,8,1,390
88425,2025-08-20 06:38:09,0,8,1,328
53284,2025-08-20 06:40:43,0,11,1,269
57976,2025-08-20 06:59:39,0,6,1,623
4565,2025-08-20 07:13:51,0,4,0,0
20146,2025-08-20 07:14:38,0,5,0,0
76469,2025-08-20 07:24:02,0,3,1,434
18055,2025-08-20 07:24:49,1,3,0,0
58747,2025-08-20 07:30:27,0,6,0,0
86147,2025-08-20 07:38:03,1,4,0,0
79503,2025-08-20 07:49:03,0,4,0,0
97682,2025-08-20 07:54:31,0,5,1,487
73987,2025-08-20 08:09:20,0,7,0,0
93510,2025-08-20 08:10:13,0,7,0,0
5487,2025-08-20 08:13:00,1,3,1,288
82555,2025-08-20 08:14:17,0,6,0,0
19361,2025-08-20 08:14:43,1,3,0,0
80700,2025-08-20 08:27:55,0,8,0,0
41611,2025-08-20 08:32:50,0,2,0,0
89321,2025-08-20 08:40:43,0,8,0,0
36533,2025-08-20 08:40:59,0,3,1,409
93858,2025-08-20 08:45:15,0,6,1,337
78977,2025-08-20 08:45:47,0,10,0,0
12008,2025-08-20 08:50:43,1,2,1,423
86413,2025-08-20 08:54:10,0,7,0,0
61861,2025-08-20 08:55:44,1,5,0,0
21550,2025-08-20 08:56:41,1,6,1,463
5389,2025-08-20 08:57:18,0,4,1,329
31718,2025-08-20 08:57:29,1,6,0,0
68292,2025-08-20 08:57:45,0,7,0,0
54719,2025-08-20 08:58:00,0,7,0,0
79820,2025-08-20 09:00:07,1,5,0,0
85611,2025-08-20 09:03:06,1,6,0,0
9934,2025-08-20 09:07:04,0,7,1,343
36657,2025-08-20 09:07:13,0,9,0,0
32671,2025-08-20 09:07:48,1,7,1,690
39363,2025-08-20 09:08:27,0,6,0,0
58083,2025-08-20 09:15:02,0,1,0,0
74602,2025-08-20 09:17:13,1,5,0,0
82866,2025-08-20 09:19:43,0,6,1,413
56626,2025-08-20 09:22:07,0,6,1,387
15376,2025-08-20 09:27:31,1,5,0,0
80746,2025-08-20 09:28:24,0,7,0,0
85484,2025-08-20 09:35:09,0,2,0,0
94074,2025-08-20 09:35:51,1,3,0,0
95700,2025-08-20 09:41:27,0,5,0,0
9793,2025-08-20 09:49:37,0,3,0,0
80721,2025-08-20 09:51:57,1,9,1,380
55359,2025-08-20 09:54:51,0,6,1,369
35671,2025-08-20 09:55:22,0,2,0,0
3205,2025-08-20 10:03:36,0,6,1,831
79874,2025-08-20 10:08:46,1,7,0,0
24083,2025-08-20 10:09:39,1,3,1,322
22907,2025-08-20 10:12:41,0,5,1,292
70457,2025-08-20 10:13:00,0,5,0,0
13088,2025-08-20 10:19:30,1,4,0,0
79850,2025-08-20 10:21:30,0,3,0,0
79831,2025-08-20 10:28:20,0,1,0,0
96537,2025-08-20 10:28:20,1,6,0,0
2784,2025-08-20 10:29:25,1,3,0,0
55525,2025-08-20 10:37:55,1,5,1,764
83134,2025-08-20 10:38:34,0,8,0,0
19048,2025-08-20 10:45:40,1,5,1,453
84442,2025-08-20 10:49:03,0,2,0,0
55999,2025-08-20 10:49:12,0,8,0,0
15950,2025-08-20 10:53:40,0,8,0,0
85500,2025-08-20 10:56:47,0,3,1,319
54614,2025-08-20 11:02:44,0,6,1,785
24059,2025-08-20 11:08:42,0,7,1,362
14210,2025-08-20 11:10:10,1,3,1,312
69236,2025-08-20 11:20:07,0,10,1,257
80105,2025-08-20 11:20:07,1,1,0,0
97769,2025-08-20 11:20:34,0,2,1,397
14452,2025-08-20 11:25:15,0,7,0,0
28342,2025-08-20 11:33:58,0,3,0,0
52231,2025-08-20 11:36:21,0,6,1,260
63227,2025-08-20 11:37:04,0,8,1,233
39255,2025-08-20 11:37:07,1,4,1,280
49806,2025-08-20 11:38:20,0,6,0,0
87661,2025-08-20 11:54:51,0,10,0,0
64991,2025-08-20 11:56:14,1,13,1,583
3595,2025-08-20 11:56:38,1,3,0,0
30412,2025-08-20 12:02:14,1,7,1,252
88865,2025-08-20 12:06:01,0,4,0,0
68209,2025-08-20 12:06:06,1,6,1,739
55525,2025-08-20 12:07:47,0,7,1,301
85500,2025-08-20 12:08:34,0,2,1,830
92069,2025-08-20 12:09:44,0,5,0,0
14380,2025-08-20 12:13:40,0,8,0,0
95788,2025-08-20 12:15:58,0,9,1,579
90532,2025-08-20 12:17:49,1,8,0,0
10686,2025-08-20 12:19:29,0,14,0,0
23911,2025-08-20 12:32:47,0,10,0,0
45406,2025-08-20 12:35:28,0,7,1,421
13363,2025-08-20 12:45:03,0,6,1,507
27115,2025-08-20 12:55:53,0,7,0,0
78642,2025-08-20 12:57:20,0,5,0,0
89370,2025-08-20 12:57:34,1,10,1,467
33956,2025-08-20 13:05:36,0,7,0,0
14838,2025-08-20 13:09:14,1,4,0,0
74034,2025-08-20 13:11:28,0,7,0,0
32500,2025-08-20 13:29:31,0,6,1,330
54573,2025-08-20 13:30:34,0,4,0,0
84567,2025-08-20 13:32:39,0,6,0,0
59220,2025-08-20 13:33:28,1,5,0,0
58197,2025-08-20 13:33:45,0,4,0,0
59007,2025-08-20 13:36:48,1,6,0,0
49188,2025-08-20 13:37:59,0,5,1,603
61320,2025-08-20 13:39:35,0,5,1,450
59859,2025-08-20 13:43:47,0,7,0,0
13556,2025-08-20 13:44:16,1,6,0,0
22417,2025-08-20 13:46:25,0,4,0,0
60316,2025-08-20 13:53:54,0,7,0,0
75718,2025-08-20 13:55:58,1,7,1,344
24996,2025-08-20 13:56:34,1,5,0,0
45475,2025-08-20 14:01:18,0,10,0,0
44987,2025-08-20 14:03:54,0,8,0,0
61176,2025-08-20 14:03:57,0,4,1,735
74347,2025-08-20 14:07:43,0,6,1,387
26969,2025-08-20 14:33:05,0,4,1,482
42035,2025-08-20 14:33:53,0,7,1,651
38835,2025-08-20 14:43:49,0,10,0,0
44186,2025-08-20 14:44:26,0,4,0,0
90181,2025-08-20 14:48:11,0,4,0,0
71247,2025-08-20 14:53:12,0,6,1,297
9470,2025-08-20 15:01:53,0,6,0,0
87336,2025-08-20 15:03:35,0,7,0,0
20395,2025-08-20 15:05:47,0,10,1,258
47986,2025-08-20 15:08:46,1,8,0,0
75384,2025-08-20 15:21:29,1,3,1,375
31612,2025-08-20 15:23:12,0,6,0,0
40876,2025-08-20 15:23:38,1,7,0,0
51229,2025-08-20 15:23:41,0,3,0,0
14320,2025-08-20 15:29:12,0,8,0,0
47433,2025-08-20 15:31:33,1,3,1,447
9922,2025-08-20 15:37:16,0,5,0,0
6011,2025-08-20 15:39:09,0,8,1,459
92554,2025-08-20 15:44:57,0,7,0,0
1817,2025-08-20 15:54:05,0,7,0,0
38895,2025-08-20 15:54:56,1,4,0,0
268,2025-08-20 16:04:14,0,10,1,286
14787,2025-08-20 16:09:47,1,5,1,411
34457,2025-08-20 16:10:43,1,10,0,0
29643,2025-08-20 16:21:43,0,8,0,0
93179,2025-08-20 16:22:05,0,2,0,0
75384,2025-08-20 16:24:45,0,7,0,0
69642,2025-08-20 16:24:53,0,3,0,0
94074,2025-08-20 16:27:53,0,6,0,0
11947,2025-08-20 16:28:10,0,5,1,286
79868,2025-08-20 16:37:15,1,4,0,0
95947,2025-08-20 16:43:47,0,6,0,0
52563,2025-08-20 16:47:32,0,6,1,637
24239,2025-08-20 16:57:09,0,3,0,0
69155,2025-08-20 17:14:39,0,2,0,0
64917,2025-08-20 17:24:30,0,8,0,0
64245,2025-08-20 17:34:37,0,3,0,0
66326,2025-08-20 17:36:25,1,9,0,0
69450,2025-08-20 17:37:03,1,5,0,0
67792,2025-08-20 17:40:47,1,6,1,215
95793,2025-08-20 17:41:02,1,6,0,0
76112,2025-08-20 17:48:06,0,6,0,0
86413,2025-08-20 17:51:05,0,8,1,297
79977,2025-08-20 17:53:29,0,4,0,0
58641,2025-08-20 17:54:35,0,4,0,0
20960,2025-08-20 18:02:33,0,7,0,0
86473,2025-08-20 18:08:28,0,7,0,0
47734,2025-08-20 18:20:48,0,13,0,0
51666,2025-08-20 18:25:00,0,7,0,0
48144,2025-08-20 18:33:54,0,7,1,470
78033,2025-08-20 18:36:25,1,3,0,0
9968,2025-08-20 18:49:39,0,6,1,460
5835,2025-08-20 18:52:33,0,6,0,0
80896,2025-08-20 18:56:59,1,6,0,0
34340,2025-08-20 18:57:37,0,5,0,0
93422,2025-08-20 18:57:56,1,8,0,0
26258,2025-08-20 19:02:23,0,3,1,430
56878,2025-08-20 19:05:41,0,4,0,0
10395,2025-08-20 19:06:42,0,3,0,0
26369,2025-08-20 19:07:51,0,5,0,0
58747,2025-08-20 19:10:35,0,7,0,0
5208,2025-08-20 19:28:22,1,7,0,0
15075,2025-08-20 19:33:18,1,4,0,0
43565,2025-08-20 19:34:18,0,4,0,0
26290,2025-08-20 19:38:43,0,6,0,0
10276,2025-08-20 19:44:43,0,8,0,0
53683,2025-08-20 19:51:00,1,10,0,0
53683,2025-08-20 19:53:21,0,8,0,0
97401,2025-08-20 19:55:19,0,5,1,230
54685,2025-08-20 19:59:31,0,6,1,764
93179,2025-08-20 20:00:26,0,6,1,357
93926,2025-08-20 20:01:15,0,7,1,500
11228,2025-08-20 20:05:09,0,9,1,437
23373,2025-08-20 20:08:21,1,6,0,0
59114,2025-08-20 20:15:11,0,4,1,290
2359,2025-08-20 20:17:52,0,6,0,0
12519,2025-08-20 20:17:53,0,4,0,0
5142,2025-08-20 20:24:20,1,4,1,371
2397,2025-08-20 20:25:51,0,7,1,523
3095,2025-08-20 20:30:17,0,6,0,0
96537,2025-08-20 20:30:47,1,2,1,745
28552,2025-08-20 20:32:32,0,8,0,0
8890,2025-08-20 20:34:21,0,10,0,0
84567,2025-08-20 20:46:52,0,13,0,0
70804,2025-08-20 20:47:15,0,6,0,0
82866,2025-08-20 20:48:27,1,5,0,0
82774,2025-08-20 20:50:59,1,7,1,398
65076,2025-08-20 20:59:19,0,7,0,0
21410,2025-08-20 21:03:37,0,7,0,0
83157,2025-08-20 21:08:20,1,9,1,309
33049,2025-08-20 21:08:47,0,2,0,0
67252,2025-08-20 21:08:48,1,7,0,0
93991,2025-08-20 21:08:58,0,8,0,0
5665,2025-08-20 21:12:22,0,3,0,0
94312,2025-08-20 21:12:28,1,8,1,318
6635,2025-08-20 21:15:21,1,8,1,454
12325,2025-08-20 21:18:49,1,5,0,0
81599,2025-08-20 21:21:04,0,3,0,0
88837,2025-08-20 21:25:15,0,7,0,0
56392,2025-08-20 21:28:31,0,6,1,429
22377,2025-08-20 21:28:52,0,5,0,0
56626,2025-08-20 21:32:02,1,4,0,0
13238,2025-08-20 21:39:22,0,5,0,0
97773,2025-08-20 21:47:48,0,6,1,544
1056,2025-08-20 21:50:19,0,5,0,0
95144,2025-08-20 21:51:06,0,6,1,246
20457,2025-08-20 22:03:21,1,12,0,0
18456,2025-08-20 22:04:39,0,6,0,0
36279,2025-08-20 22:16:20,0,4,1,430
79868,2025-08-20 22:19:50,1,0,0,0
666,2025-08-20 22:23:59,0,4,0,0
91486,2025-08-20 22:26:17,1,8,0,0
7818,2025-08-20 22:26:56,1,4,0,0
37384,2025-08-20 22:38:41,1,6,0,0
67669,2025-08-20 22:39:04,0,7,0,0
87064,2025-08-20 22:45:49,0,7,1,304
17212,2025-08-20 22:47:33,0,8,0,0
36082,2025-08-20 22:48:13,0,5,1,386
67503,2025-08-20 22:50:51,0,7,0,0
3095,2025-08-20 22:51:13,0,7,1,468
69363,2025-08-20 22:55:48,0,10,0,0
93816,2025-08-20 22:56:22,1,4,0,0
46956,2025-08-20 22:59:26,0,5,1,306
79909,2025-08-20 23:01:46,0,7,0,0
69741,2025-08-20 23:03:11,1,7,0,0
28801,2025-08-20 23:29:01,1,5,0,0
16425,2025-08-20 23:35:07,0,3,0,0
2317,2025-08-20 23:36:10,0,4,0,0
14959,2025-08-20 23:40:08,1,10,1,425
47986,2025-08-20 23:52:49,0,3,0,0
18456,2025-08-20 23:52:50,0,5,1,585
48742,2025-08-20 23:53:14,0,3,1,685
44590,2025-08-20 23:56:09,0,10,0,0
75791,2025-08-20 23:58:04,0,5,0,0
47777,2025-08-21 00:20:41,0,6,1,304
25533,2025-08-21 00:22:43,1,4,1,464
97848,2025-08-21 00:43:19,0,1,0,0
71664,2025-08-21 00:47:17,0,5,0,0
30360,2025-08-21 01:14:23,0,8,0,0
29315,2025-08-21 01:15:34,0,9,1,580
62072,2025-08-21 01:45:48,0,6,1,455
15348,2025-08-21 02:26:56,0,10,0,0
35671,2025-08-21 02:53:00,0,1,0,0
23225,2025-08-21 02:59:50,0,4,0,0
43192,2025-08-21 03:02:55,1,5,1,238
69448,2025-08-21 03:06:19,0,3,0,0
63344,2025-08-21 03:17:37,0,2,1,279
38177,2025-08-21 03:33:49,0,7,0,0
31057,2025-08-21 03:36:10,0,8,0,0
24835,2025-08-21 03:36:54,0,2,0,0
10971,2025-08-21 03:42:11,0,4,1,556
30360,2025-08-21 03:42:47,0,4,0,0
51666,2025-08-21 03:46:34,1,5,1,310
23911,2025-08-21 03:55:28,0,6,1,285
80407,2025-08-21 04:32:46,1,2,0,0
14838,2025-08-21 04:36:22,0,6,1,502
27605,2025-08-21 04:48:50,0,9,0,0
41645,2025-08-21 04:52:54,0,10,1,750
66288,2025-08-21 04:54:32,1,8,0,0
26620,2025-08-21 04:59:38,0,3,1,1006
666,2025-08-21 05:00:04,1,7,0,0
5369,2025-08-21 05:02:39,1,11,0,0
39543,2025-08-21 05:11:49,0,8,0,0
14403,2025-08-21 05:29:37,1,5,0,0
96170,2025-08-21 05:29:44,0,5,0,0
26723,2025-08-21 05:41:31,0,2,1,438
32134,2025-08-21 05:50:30,0,2,1,885
61861,2025-08-21 05:54:29,0,9,0,0
77720,2025-08-21 06:01:50,0,3,0,0
4394,2025-08-21 06:18:20,0,5,0,0
46401,2025-08-21 06:26:50,0,10,1,316
40876,2025-08-21 06:32:44,0,1,0,0
13537,2025-08-21 06:33:20,0,5,1,187
47777,2025-08-21 07:04:52,1,6,1,398
2359,2025-08-21 07:08:28,0,4,0,0
55375,2025-08-21 07:13:54,0,5,1,567
21570,2025-08-21 07:14:20,1,3,0,0
58083,2025-08-21 07:24:56,1,8,0,0
53907,2025-08-21 07:52:22,0,8,1,222
37100,2025-08-21 08:02:49,1,1,0,0
56857,2025-08-21 08:15:28,0,3,1,800
83340,2025-08-21 08:18:20,0,6,0,0
65536,2025-08-21 08:20:03,0,4,0,0
18692,2025-08-21 08:24:24,0,9,1,974
84960,2025-08-21 08:26:09,0,4,0,0
72741,2025-08-21 08:26:59,0,10,1,696
53854,2025-08-21 08:31:57,0,11,0,0
81579,2025-08-21 08:47:03,0,6,1,752
79850,2025-08-21 08:47:22,1,9,1,517
99725,2025-08-21 08:48:12,1,10,0,0
38671,2025-08-21 08:52:34,0,6,0,0
71360,2025-08-21 09:04:02,0,4,0,0
89257,2025-08-21 09:08:24,0,7,0,0
76004,2025-08-21 09:09:12,0,4,0,0
34340,2025-08-21 09:13:46,0,4,0,0
32500,2025-08-21 09:16:33,1,10,0,0
88110,2025-08-21 09:19:42,1,7,1,467
10955,2025-08-21 09:21:44,0,4,0,0
73987,2025-08-21 09:30:01,0,4,1,707
60382,2025-08-21 09:35:47,0,3,0,0
75384,2025-08-21 09:36:29,1,8,0,0
18692,2025-08-21 09:37:06,0,11,0,0
74242,2025-08-21 09:40:07,0,8,0,0
55234,2025-08-21 09:41:28,0,4,0,0
44186,2025-08-21 09:45:29,0,3,0,0
22210,2025-08-21 09:48:19,1,5,1,438
97773,2025-08-21 10:00:55,0,5,0,0
81599,2025-08-21 10:08:24,0,7,0,0
1067,2025-08-21 10:14:14,0,6,1,463
61176,2025-08-21 10:18:04,0,4,1,382
30360,2025-08-21 10:18:08,0,8,1,469
7508,2025-08-21 10:47:26,1,10,0,0
74062,2025-08-21 10:51:36,1,5,0,0
35697,2025-08-21 10:55:12,0,6,1,315
91195,2025-08-21 10:57:38,0,5,1,233
16425,2025-08-21 11:08:02,0,5,0,0
54643,2025-08-21 11:11:06,0,7,0,0
22867,2025-08-21 11:11:48,0,5,0,0
34752,2025-08-21 11:15:16,0,5,0,0
7083,2025-08-21 11:22:05,0,8,0,0
35671,2025-08-21 11:29:26,1,11,0,0
65205,2025-08-21 11:30:30,1,8,0,0
56397,2025-08-21 11:31:30,0,6,0,0
16588,2025-08-21 11:32:28,1,4,1,452
65076,2025-08-21 11:43:55,1,5,0,0
55376,2025-08-21 11:50:43,0,2,0,0
6936,2025-08-21 11:59:46,1,4,0,0
18306,2025-08-21 12:02:04,0,3,0,0
36451,2025-08-21 12:10:55,0,7,0,0
46401,2025-08-21 12:12:07,0,7,0,0
11412,2025-08-21 12:15:51,0,12,1,296
50209,2025-08-21 12:17:00,0,8,0,0
67777,2025-08-21 12:27:15,0,4,0,0
78977,2025-08-21 12:30:55,0,8,0,0
42571,2025-08-21 12:32:02,1,8,0,0
35891,2025-08-21 12:32:55,1,6,0,0
33415,2025-08-21 12:33:47,1,12,1,340
80382,2025-08-21 12:44:45,1,6,0,0
86456,2025-08-21 12:45:05,0,6,1,336
54573,2025-08-21 12:51:05,1,4,0,0
48869,2025-08-21 12:59:52,0,6,0,0
27778,2025-08-21 13:03:53,0,8,1,284
80228,2025-08-21 13:04:32,1,5,0,0
81268,2025-08-21 13:05:33,1,9,0,0
27605,2025-08-21 13:11:34,0,4,0,0
52082,2025-08-21 13:17:33,0,6,1,271
24059,2025-08-21 13:21:12,1,5,0,0
75925,2025-08-21 13:22:05,0,11,0,0
39882,2025-08-21 13:27:24,0,5,0,0
35094,2025-08-21 13:27:29,0,9,0,0
88110,2025-08-21 13:31:02,0,4,1,559
84268,2025-08-21 13:32:26,1,8,0,0
90786,2025-08-21 13:45:49,0,7,0,0
52980,2025-08-21 13:47:52,0,7,0,0
45437,2025-08-21 13:47:54,1,6,1,336
16188,2025-08-21 13:50:20,1,7,1,393
1235,2025-08-21 13:59:09,0,3,0,0
75851,2025-08-21 14:00:13,1,4,0,0
97637,2025-08-21 14:05:17,0,4,0,0
57290,2025-08-21 14:06:11,0,6,0,0
9286,2025-08-21 14:10:08,1,6,1,310
18946,2025-08-21 14:31:06,0,9,1,424
20911,2025-08-21 14:42:13,0,4,0,0
2180,2025-08-21 14:44:51,0,2,0,0
87925,2025-08-21 14:45:43,1,10,0,0
18692,2025-08-21 14:57:27,1,7,0,0
9294,2025-08-21 15:03:34,0,10,1,404
54643,2025-08-21 15:07:16,1,10,0,0
20357,2025-08-21 15:16:26,0,3,0,0
75384,2025-08-21 15:19:14,0,5,0,0
47986,2025-08-21 15:20:09,0,5,1,522
11331,2025-08-21 15:21:13,0,6,1,600
87558,2025-08-21 15:21:36,1,12,0,0
8469,2025-08-21 15:21:54,0,10,0,0
53683,2025-08-21 15:27:44,1,5,0,0
36616,2025-08-21 15:29:18,0,4,1,422
85726,2025-08-21 15:33:33,0,3,1,587
27116,2025-08-21 15:36:38,0,3,1,466
27115,2025-08-21 15:40:51,0,12,0,0
70473,2025-08-21 15:46:01,1,4,0,0
84564,2025-08-21 15:46:10,0,9,0,0
80105,2025-08-21 15:52:37,0,7,0,0
57382,2025-08-21 16:02:43,0,5,0,0
20545,2025-08-21 16:08:49,0,8,0,0
15401,2025-08-21 16:14:05,0,4,1,379
4636,2025-08-21 16:24:12,0,9,0,0
83905,2025-08-21 16:28:23,0,6,1,563
58083,2025-08-21 16:38:50,0,3,0,0
78938,2025-08-21 16:39:29,0,9,0,0
17849,2025-08-21 16:39:56,1,5,1,386
90415,2025-08-21 16:40:14,0,8,0,0
10782,2025-08-21 16:44:07,0,10,0,0
11126,2025-08-21 16:44:47,0,4,0,0
57964,2025-08-21 16:48:51,1,5,0,0
81563,2025-08-21 16:52:53,0,10,1,393
62663,2025-08-21 17:05:55,0,6,0,0
32364,2025-08-21 17:07:20,0,5,1,381
79909,2025-08-21 17:19:46,1,6,0,0
58905,2025-08-21 17:25:37,0,3,1,335
24519,2025-08-21 17:26:14,0,8,0,0
5473,2025-08-21 17:26:54,0,7,1,391
64274,2025-08-21 17:29:05,0,7,1,226
34087,2025-08-21 17:38:44,0,5,0,0
14210,2025-08-21 17:51:31,0,6,0,0
41942,2025-08-21 17:54:25,1,2,0,0
48672,2025-08-21 17:55:21,0,4,0,0
53215,2025-08-21 17:57:41,1,5,1,579
47801,2025-08-21 18:03:28,0,2,1,414
3772,2025-08-21 18:06:25,0,9,1,420
51262,2025-08-21 18:06:40,0,5,0,0
29007,2025-08-21 18:08:31,1,3,0,0
32495,2025-08-21 18:10:08,0,7,0,0
65694,2025-08-21 18:16:29,0,3,1,300
45033,2025-08-21 18:22:54,0,6,0,0
88146,2025-08-21 18:31:34,1,5,0,0
58117,2025-08-21 18:32:09,0,8,0,0
23840,2025-08-21 18:35:50,0,7,0,0
32053,2025-08-21 18:42:36,0,4,0,0
75442,2025-08-21 18:44:31,0,4,0,0
9477,2025-08-21 18:46:21,0,8,1,577
67117,2025-08-21 18:48:07,0,4,1,281
5835,2025-08-21 18:48:34,0,13,0,0
68778,2025-08-21 18:57:19,1,5,0,0
11146,2025-08-21 18:57:29,0,4,0,0
11947,2025-08-21 18:58:37,1,4,1,404
65478,2025-08-21 19:02:53,0,11,1,434
52421,2025-08-21 19:07:55,1,5,0,0
14380,2025-08-21 19:12:14,0,12,1,358
77832,2025-08-21 19:13:37,0,8,0,0
5052,2025-08-21 19:23:16,0,3,0,0
14136,2025-08-21 19:23:34,0,6,1,297
53215,2025-08-21 19:25:36,0,4,0,0
81626,2025-08-21 19:38:14,1,8,0,0
76455,2025-08-21 19:39:34,0,7,0,0
2883,2025-08-21 19:40:06,0,8,0,0
9793,2025-08-21 19:44:44,0,7,0,0
54644,2025-08-21 19:52:41,0,10,0,0
72159,2025-08-21 20:04:39,0,1,0,0
53907,2025-08-21 20:08:40,0,6,0,0
22147,2025-08-21 20:09:47,1,5,0,0
75620,2025-08-21 20:13:17,0,7,0,0
87558,2025-08-21 20:14:42,0,4,0,0
36430,2025-08-21 20:29:50,0,6,0,0
14210,2025-08-21 20:30:05,0,5,1,262
20960,2025-08-21 20:31:59,1,4,1,457
72446,2025-08-21 20:32:31,0,7,0,0
89649,2025-08-21 20:37:05,0,7,0,0
29643,2025-08-21 20:39:30,1,6,0,0
68748,2025-08-21 20:40:43,0,5,0,0
75024,2025-08-21 20:46:45,0,11,0,0
67804,2025-08-21 20:58:35,1,5,0,0
64917,2025-08-21 21:10:11,1,5,0,0
80294,2025-08-21 21:12:50,0,4,0,0
86413,2025-08-21 21:25:46,0,3,0,0
82124,2025-08-21 21:40:16,0,7,0,0
964,2025-08-21 21:42:27,0,8,0,0
12595,2025-08-21 21:45:33,0,6,0,0
35286,2025-08-21 21:55:04,0,10,0,0
56616,2025-08-21 21:57:36,0,5,1,284
36657,2025-08-21 22:00:53,0,16,0,0
84442,2025-08-21 22:06:51,1,7,0,0
93179,2025-08-21 22:09:18,1,7,0,0
14210,2025-08-21 22:11:31,0,5,0,0
40937,2025-08-21 22:12:25,0,4,0,0
15826,2025-08-21 22:12:28,1,4,0,0
20621,2025-08-21 22:26:16,1,9,0,0
61817,2025-08-21 22:32:15,0,6,0,0
91906,2025-08-21 22:55:54,0,9,0,0
1995,2025-08-21 23:08:00,0,6,1,490
10355,2025-08-21 23:12:48,1,8,0,0
32212,2025-08-21 23:23:23,0,4,1,476
77037,2025-08-21 23:35:50,1,5,0,0
72589,2025-08-21 23:45:29,1,4,0,0
92700,2025-08-21 23:46:27,0,7,1,382
55714,2025-08-21 23:46:44,0,12,1,288
74242,2025-08-21 23:57:57,0,6,0,0
74707,2025-08-21 23:59:14,0,6,0,0
31505,2025-08-22 00:00:32,0,5,0,0
65219,2025-08-22 00:10:52,0,10,1,393
54167,2025-08-22 00:19:40,1,6,1,345
75102,2025-08-22 00:30:19,0,8,0,0
218,2025-08-22 00:30:24,0,0,0,0
58535,2025-08-22 00:30:32,0,4,0,0
41186,2025-08-22 00:32:50,1,7,1,684
99045,2025-08-22 00:35:54,0,9,0,0
14838,2025-08-22 00:46:34,0,6,0,0
92940,2025-08-22 01:50:46,0,5,1,480
39672,2025-08-22 01:57:13,0,11,0,0
10971,2025-08-22 02:12:00,0,3,1,670
67804,2025-08-22 02:18:21,0,3,0,0
17637,2025-08-22 02:49:11,0,6,0,0
76250,2025-08-22 02:51:54,0,6,0,0
4636,2025-08-22 03:01:31,0,9,0,0
54166,2025-08-22 03:07:45,1,4,1,236
70415,2025-08-22 03:36:10,0,5,0,0
19445,2025-08-22 03:43:00,1,10,0,0
60282,2025-08-22 03:58:34,0,2,1,383
92554,2025-08-22 04:16:53,1,3,1,340
64176,2025-08-22 04:20:45,0,5,1,568
19298,2025-08-22 04:33:18,1,7,0,0
48672,2025-08-22 04:39:16,0,2,0,0
97637,2025-08-22 04:42:54,0,7,1,373
8076,2025-08-22 04:53:38,1,10,0,0
26911,2025-08-22 04:56:34,0,8,0,0
80759,2025-08-22 05:08:33,1,6,1,336
84789,2025-08-22 05:12:25,0,7,1,475
74579,2025-08-22 05:23:59,0,3,1,488
18302,2025-08-22 05:24:09,0,3,0,0
93395,2025-08-22 05:27:40,0,6,0,0
20391,2025-08-22 05:38:14,1,3,0,0
90415,2025-08-22 05:50:27,0,6,1,410
65076,2025-08-22 05:53:58,0,2,0,0
50248,2025-08-22 05:54:16,1,7,1,392
1222,2025-08-22 05:54:21,0,2,0,0
74645,2025-08-22 05:58:48,0,7,0,0
8076,2025-08-22 06:55:41,0,7,1,311
79794,2025-08-22 06:58:36,0,10,0,0
44779,2025-08-22 07:44:46,0,5,0,0
93926,2025-08-22 07:58:26,1,4,1,249
18055,2025-08-22 08:07:44,0,3,0,0
41942,2025-08-22 08:11:51,0,2,0,0
72571,2025-08-22 08:14:54,0,6,0,0
52421,2025-08-22 08:18:13,1,10,0,0
24921,2025-08-22 08:20:14,0,6,0,0
37051,2025-08-22 08:21:20,0,9,0,0
7834,2025-08-22 08:27:58,1,5,1,233
86147,2025-08-22 08:30:40,0,8,1,473
35671,2025-08-22 08:34:28,0,10,0,0
49715,2025-08-22 08:37:17,0,4,0,0
86148,2025-08-22 08:55:13,1,6,1,678
68350,2025-08-22 09:02:00,0,6,0,0
4394,2025-08-22 09:07:42,1,4,1,221
18055,2025-08-22 09:10:45,0,5,0,0
64917,2025-08-22 09:11:34,0,5,1,484
24519,2025-08-22 09:13:30,0,4,0,0
54166,2025-08-22 09:21:33,0,5,0,0
18692,2025-08-22 09:27:20,0,6,1,568
95584,2025-08-22 09:37:51,1,6,0,0
82253,2025-08-22 09:41:40,0,7,1,476
57290,2025-08-22 09:42:09,0,4,0,0
76633,2025-08-22 09:44:56,0,6,1,413
83134,2025-08-22 09:47:34,1,5,0,0
16188,2025-08-22 09:50:35,0,2,0,0
84440,2025-08-22 09:55:12,0,4,0,0
67720,2025-08-22 10:00:29,0,6,1,319
10276,2025-08-22 10:01:51,1,4,1,371
88837,2025-08-22 10:19:16,0,11,0,0
39672,2025-08-22 10:22:09,0,8,0,0
77689,2025-08-22 10:22:16,0,5,0,0
38370,2025-08-22 10:40:10,1,12,0,0
57333,2025-08-22 10:43:23,0,6,0,0
36892,2025-08-22 10:44:29,0,9,1,611
22377,2025-08-22 10:52:52,1,11,0,0
32026,2025-08-22 10:55:58,1,8,0,0
61884,2025-08-22 10:56:32,0,8,0,0
38591,2025-08-22 10:59:35,1,9,0,0
68197,2025-08-22 10:59:48,0,3,0,0
8920,2025-08-22 11:03:59,0,5,0,0
90786,2025-08-22 11:05:50,0,9,0,0
8238,2025-08-22 11:09:53,0,9,0,0
30360,2025-08-22 11:12:21,1,5,0,0
69785,2025-08-22 11:12:55,0,9,0,0
85911,2025-08-22 11:16:27,0,9,0,0
21285,2025-08-22 11:29:03,1,5,1,421
32227,2025-08-22 11:32:27,0,5,0,0
2317,2025-08-22 11:33:25,1,3,0,0
1995,2025-08-22 11:34:34,1,6,0,0
89321,2025-08-22 11:40:05,0,9,1,314
73631,2025-08-22 12:09:16,0,5,0,0
25580,2025-08-22 12:23:46,0,5,0,0
69642,2025-08-22 12:24:00,0,5,0,0
14959,2025-08-22 12:27:44,0,5,0,0
46474,2025-08-22 12:36:14,0,9,1,276
1817,2025-08-22 12:40:45,1,4,0,0
88865,2025-08-22 12:43:16,0,6,0,0
86802,2025-08-22 12:44:42,0,6,0,0
58535,2025-08-22 12:45:39,0,4,0,0
34032,2025-08-22 12:46:06,1,6,0,0
9294,2025-08-22 12:58:54,0,7,0,0
84389,2025-08-22 13:02:07,1,3,1,711
29472,2025-08-22 13:03:16,0,3,0,0
92717,2025-08-22 13:17:04,0,6,1,549
24609,2025-08-22 13:30:04,0,8,0,0
45310,2025-08-22 13:46:54,0,10,0,0
84422,2025-08-22 13:49:25,0,7,0,0
5774,2025-08-22 13:50:15,1,7,0,0
13037,2025-08-22 13:55:25,0,5,0,0
84917,2025-08-22 14:13:02,1,10,0,0
9816,2025-08-22 14:15:35,0,5,1,399
61641,2025-08-22 14:17:39,1,6,1,353
76269,2025-08-22 14:23:04,0,7,0,0
24460,2025-08-22 14:30:06,1,5,0,0
93816,2025-08-22 14:31:34,1,4,0,0
86802,2025-08-22 14:35:13,1,6,0,0
64075,2025-08-22 14:35:38,0,3,0,0
22210,2025-08-22 14:37:20,0,6,0,0
43529,2025-08-22 14:43:39,0,5,1,584
30781,2025-08-22 14:48:25,1,3,1,330
71529,2025-08-22 14:53:20,0,3,0,0
5835,2025-08-22 14:55:47,1,10,0,0
6967,2025-08-22 14:56:29,1,9,1,437
2784,2025-08-22 15:07:44,0,7,0,0
86574,2025-08-22 15:10:12,0,7,1,477
58259,2025-08-22 15:15:59,0,3,1,498
2994,2025-08-22 15:25:45,0,6,0,0
67162,2025-08-22 15:29:26,0,2,0,0
76354,2025-08-22 15:33:08,0,8,0,0
74963,2025-08-22 15:35:35,0,7,0,0
16667,2025-08-22 15:49:05,0,2,0,0
71779,2025-08-22 15:51:18,0,7,1,404
14738,2025-08-22 15:51:19,0,6,0,0
97515,2025-08-22 15:56:08,0,6,1,457
967,2025-08-22 16:02:37,0,4,1,676
72919,2025-08-22 16:06:59,0,3,1,305
50202,2025-08-22 16:13:11,0,3,1,297
43781,2025-08-22 16:14:27,0,6,0,0
42571,2025-08-22 16:17:23,0,6,0,0
40896,2025-08-22 16:24:28,0,4,0,0
14959,2025-08-22 16:26:40,0,7,1,564
28447,2025-08-22 16:34:08,1,3,0,0
11331,2025-08-22 16:43:03,1,6,1,353
61286,2025-08-22 16:53:50,0,5,1,386
32698,2025-08-22 17:00:30,0,4,0,0
58627,2025-08-22 17:00:36,1,5,1,297
14210,2025-08-22 17:03:59,0,7,1,368
77037,2025-08-22 17:04:16,0,6,1,522
8097,2025-08-22 17:06:34,1,10,0,0
90346,2025-08-22 17:07:49,0,7,0,0
67117,2025-08-22 17:12:31,0,3,0,0
2784,2025-08-22 17:13:07,1,2,0,0
74034,2025-08-22 17:15:13,0,10,0,0
8814,2025-08-22 17:18:49,0,3,0,0
75102,2025-08-22 17:19:02,0,10,0,0
63173,2025-08-22 17:25:50,0,5,0,0
15376,2025-08-22 17:28:36,1,8,1,336
41432,2025-08-22 17:36:42,1,5,0,0
99755,2025-08-22 17:36:54,1,8,0,0
45840,2025-08-22 17:38:07,0,3,1,427
17796,2025-08-22 17:41:53,1,6,0,0
69895,2025-08-22 17:42:53,0,6,0,0
23225,2025-08-22 17:44:25,0,9,0,0
54647,2025-08-22 17:50:52,0,7,1,465
11146,2025-08-22 17:55:39,0,8,0,0
83157,2025-08-22 18:01:59,0,7,0,0
14787,2025-08-22 18:08:24,0,5,1,413
18302,2025-08-22 18:11:52,0,10,0,0
32510,2025-08-22 18:15:45,0,4,1,189
67754,2025-08-22 18:17:33,0,5,0,0
85912,2025-08-22 18:17:51,0,2,0,0
93202,2025-08-22 18:20:48,0,6,1,387
23911,2025-08-22 18:26:21,0,3,1,407
15348,2025-08-22 18:31:43,0,6,0,0
79574,2025-08-22 18:35:12,0,8,0,0
11517,2025-08-22 18:36:30,1,6,1,372
66814,2025-08-22 18:44:12,1,1,0,0
65985,2025-08-22 18:44:24,0,8,0,0
49806,2025-08-22 18:47:24,0,8,1,312
38795,2025-08-22 18:48:22,0,10,0,0
65710,2025-08-22 18:51:51,0,7,0,0
34032,2025-08-22 18:59:45,1,4,0,0
45437,2025-08-22 19:09:18,1,8,0,0
89227,2025-08-22 19:10:10,0,5,1,447
81243,2025-08-22 19:15:56,0,7,0,0
19445,2025-08-22 19:17:37,1,6,0,0
92533,2025-08-22 19:24:21,0,2,0,0
1724,2025-08-22 19:36:14,1,3,0,0
97696,2025-08-22 19:39:46,0,3,0,0
57936,2025-08-22 19:39:56,0,6,0,0
99312,2025-08-22 19:45:09,0,5,0,0
69642,2025-08-22 19:47:46,0,5,0,0
82746,2025-08-22 19:47:54,0,4,1,319
44272,2025-08-22 19:57:22,1,7,0,0
97381,2025-08-22 20:00:16,0,7,0,0
16425,2025-08-22 20:05:30,1,9,0,0
26723,2025-08-22 20:10:41,0,10,0,0
10686,2025-08-22 20:14:56,1,7,0,0
27691,2025-08-22 20:18:47,0,7,0,0
97637,2025-08-22 20:19:28,0,7,1,312
24609,2025-08-22 20:23:57,1,6,0,0
67709,2025-08-22 20:31:33,0,7,0,0
22867,2025-08-22 20:34:08,1,4,1,323
1056,2025-08-22 20:37:43,1,6,0,0
11126,2025-08-22 20:44:50,0,1,0,0
54160,2025-08-22 20:51:00,0,5,0,0
30781,2025-08-22 21:01:50,0,2,1,324
55649,2025-08-22 21:03:15,1,5,1,758
4565,2025-08-22 21:11:40,0,4,0,0
43184,2025-08-22 21:15:31,0,6,0,0
74242,2025-08-22 21:27:48,0,4,0,0
10782,2025-08-22 21:36:43,1,5,0,0
19861,2025-08-22 21:41:08,0,5,1,298
97637,2025-08-22 21:58:38,0,9,0,0
27059,2025-08-22 22:06:18,0,5,0,0
76358,2025-08-22 22:07:14,0,2,1,407
5491,2025-08-22 22:11:51,0,4,1,346
57399,2025-08-22 22:18:01,0,7,1,462
97451,2025-08-22 22:19:11,0,6,0,0
40301,2025-08-22 22:23:14,0,5,1,450
56878,2025-08-22 22:28:36,1,5,0,0
68505,2025-08-22 22:30:39,1,4,0,0
20146,2025-08-22 22:32:27,0,4,0,0
96291,2025-08-22 22:32:35,0,6,0,0
33618,2025-08-22 22:43:21,0,10,1,528
41040,2025-08-22 22:46:05,0,6,1,446
87530,2025-08-22 22:54:46,0,10,0,0
18286,2025-08-22 22:55:51,1,5,0,0
93432,2025-08-22 22:56:44,1,6,0,0
40007,2025-08-22 23:02:43,1,4,0,0
59848,2025-08-22 23:04:21,0,3,0,0
37377,2025-08-22 23:12:30,0,6,1,283
13088,2025-08-22 23:16:30,0,6,0,0
41942,2025-08-22 23:17:07,0,6,0,0
83918,2025-08-22 23:17:25,1,7,1,412
58702,2025-08-22 23:22:07,0,6,0,0
36276,2025-08-22 23:24:22,0,4,0,0
36311,2025-08-22 23:32:18,0,4,0,0
64087,2025-08-22 23:33:40,0,6,0,0
56616,2025-08-22 23:42:05,0,9,0,0
76720,2025-08-22 23:45:58,0,6,1,454
53481,2025-08-22 23:49:27,0,6,0,0
58113,2025-08-22 23:51:51,0,8,1,399
98350,2025-08-22 23:53:09,0,2,0,0
80014,2025-08-22 23:59:39,1,5,0,0
39747,2025-08-23 00:18:25,0,5,1,309
57399,2025-08-23 00:30:56,0,5,1,353
69930,2025-08-23 00:32:53,0,3,0,0
76358,2025-08-23 00:35:51,0,11,0,0
85911,2025-08-23 00:41:52,1,7,0,0
78251,2025-08-23 00:57:08,0,2,1,568
27059,2025-08-23 01:00:59,0,6,0,0
96460,2025-08-23 01:38:31,1,8,0,0
31416,2025-08-23 01:47:22,1,6,0,0
63138,2025-08-23 01:54:44,1,9,0,0
94898,2025-08-23 01:55:39,0,4,1,470
7083,2025-08-23 02:12:00,0,7,1,416
18283,2025-08-23 02:13:04,0,4,0,0
84564,2025-08-23 02:20:49,0,6,1,250
14826,2025-08-23 03:02:13,1,5,1,348
28681,2025-08-23 03:09:47,0,10,1,328
52156,2025-08-23 03:10:46,0,7,0,0
79574,2025-08-23 03:13:46,0,3,1,452
14017,2025-08-23 03:21:21,1,2,0,0
40212,2025-08-23 03:30:37,1,11,1,533
14333,2025-08-23 04:02:25,0,3,0,0
5473,2025-08-23 04:03:43,0,3,0,0
81499,2025-08-23 04:14:13,0,8,1,473
1979,2025-08-23 04:24:06,0,4,0,0
20911,2025-08-23 04:29:55,0,5,0,0
51666,2025-08-23 04:43:11,0,4,0,0
96134,2025-08-23 04:44:06,0,6,0,0
9968,2025-08-23 05:02:31,1,11,0,0
73770,2025-08-23 05:08:13,0,7,0,0
26407,2025-08-23 05:10:29,0,2,0,0
16922,2025-08-23 05:10:46,0,5,0,0
41436,2025-08-23 05:20:52,0,5,1,418
27140,2025-08-23 05:24:16,0,3,0,0
12325,2025-08-23 05:24:28,0,2,1,313
81402,2025-08-23 05:33:30,1,9,0,0
38513,2025-08-23 05:39:00,1,4,1,482
72133,2025-08-23 05:40:06,0,5,0,0
83074,2025-08-23 05:40:54,1,5,1,447
71779,2025-08-23 05:49:49,1,10,0,0
53005,2025-08-23 05:53:35,0,4,1,472
20915,2025-08-23 06:04:23,0,4,0,0
55530,2025-08-23 06:26:47,1,8,0,0
31193,2025-08-23 06:35:48,1,5,0,0
60116,2025-08-23 06:40:35,0,3,1,249
23840,2025-08-23 06:42:27,0,5,0,0
74657,2025-08-23 06:50:02,0,4,0,0
33956,2025-08-23 06:52:04,0,3,0,0
39777,2025-08-23 07:13:04,0,4,1,310
45027,2025-08-23 07:13:58,0,5,1,483
99955,2025-08-23 07:17:07,1,2,0,0
24460,2025-08-23 07:17:32,0,7,0,0
62907,2025-08-23 07:23:35,1,2,0,0
40196,2025-08-23 07:32:28,1,6,0,0
14738,2025-08-23 07:42:05,1,7,0,0
38835,2025-08-23 08:23:39,1,9,0,0
68110,2025-08-23 08:26:22,0,5,0,0
45515,2025-08-23 08:29:36,0,8,1,328
59406,2025-08-23 08:32:13,1,4,0,0
78746,2025-08-23 08:33:25,0,7,0,0
65985,2025-08-23 08:37:00,1,5,0,0
68596,2025-08-23 08:42:09,0,5,1,587
21285,2025-08-23 08:44:53,0,3,0,0
53147,2025-08-23 08:45:56,1,7,0,0
34978,2025-08-23 08:51:31,1,6,1,598
22377,2025-08-23 08:56:18,0,4,0,0
26620,2025-08-23 08:59:01,1,5,1,283
218,2025-08-23 09:01:44,0,6,1,340
23295,2025-08-23 09:05:46,0,4,0,0
32968,2025-08-23 09:12:29,0,3,0,0
11412,2025-08-23 09:13:42,1,10,1,571
92075,2025-08-23 09:19:09,1,7,0,0
51112,2025-08-23 09:29:43,0,11,1,244
2397,2025-08-23 09:35:17,0,6,1,451
69450,2025-08-23 09:39:45,0,8,0,0
8785,2025-08-23 09:43:24,0,4,0,0
44272,2025-08-23 09:51:32,0,3,0,0
85484,2025-08-23 09:51:50,0,5,0,0
84440,2025-08-23 09:54:27,1,1,0,0
69611,2025-08-23 09:54:59,1,6,0,0
32026,2025-08-23 10:01:17,0,7,0,0
38835,2025-08-23 10:07:09,0,5,0,0
88466,2025-08-23 10:18:39,0,5,1,339
29096,2025-08-23 10:21:13,1,5,0,0
53005,2025-08-23 10:23:25,1,10,1,339
14210,2025-08-23 10:27:57,0,10,1,406
84104,2025-08-23 10:29:31,1,2,0,0
10971,2025-08-23 10:37:08,0,9,0,0
85626,2025-08-23 10:43:44,0,13,1,626
83558,2025-08-23 10:44:56,1,4,0,0
22907,2025-08-23 10:49:44,0,3,0,0
1757,2025-08-23 10:50:54,0,8,0,0
40338,2025-08-23 10:53:02,1,8,0,0
77150,2025-08-23 10:57:37,0,4,1,443
33123,2025-08-23 11:06:27,0,4,1,646
80420,2025-08-23 11:07:50,1,9,0,0
89321,2025-08-23 11:08:24,0,8,1,461
35960,2025-08-23 11:09:24,0,3,1,491
42377,2025-08-23 11:10:06,0,9,0,0
93926,2025-08-23 11:11:45,0,9,0,0
8920,2025-08-23 11:18:23,1,6,0,0
88106,2025-08-23 11:21:11,0,3,0,0
61296,2025-08-23 11:24:53,1,7,0,0
12595,2025-08-23 11:29:13,0,5,1,703
268,2025-08-23 11:36:55,1,4,0,0
14710,2025-08-23 11:39:46,0,7,1,430
8814,2025-08-23 11:44:48,0,11,0,0
29137,2025-08-23 11:44:50,0,3,1,342
63245,2025-08-23 11:49:34,0,4,0,0
54835,2025-08-23 11:51:59,0,4,0,0
72133,2025-08-23 12:00:57,1,6,1,344
11812,2025-08-23 12:02:15,0,10,0,0
86915,2025-08-23 12:04:14,0,3,0,0
72805,2025-08-23 12:04:39,0,7,1,536
32579,2025-08-23 12:07:11,1,6,0,0
69915,2025-08-23 12:10:13,0,10,0,0
19611,2025-08-23 12:13:47,1,3,0,0
87558,2025-08-23 12:19:12,0,9,0,0
49806,2025-08-23 12:24:50,0,9,0,0
91195,2025-08-23 12:32:25,1,7,1,271
77790,2025-08-23 12:48:58,0,5,1,527
47449,2025-08-23 12:52:05,0,7,1,189
32026,2025-08-23 12:54:15,0,8,0,0
86828,2025-08-23 12:56:19,0,7,0,0
62743,2025-08-23 13:01:10,1,2,0,0
56616,2025-08-23 13:01:44,0,6,0,0
29124,2025-08-23 13:13:40,0,8,1,299
75442,2025-08-23 13:13:55,0,6,1,426
78642,2025-08-23 13:14:13,0,9,0,0
76250,2025-08-23 13:18:09,0,4,0,0
2690,2025-08-23 13:20:56,0,7,1,717
45437,2025-08-23 13:24:58,1,10,0,0
17212,2025-08-23 13:26:38,1,7,0,0
77832,2025-08-23 13:29:31,0,6,1,253
29643,2025-08-23 13:29:48,0,5,1,303
42377,2025-08-23 13:34:38,0,4,0,0
29007,2025-08-23 13:42:46,0,12,0,0
78311,2025-08-23 13:45:11,1,6,1,345
69895,2025-08-23 13:53:07,0,5,0,0
57290,2025-08-23 13:57:53,0,3,0,0
24083,2025-08-23 13:59:16,0,6,0,0
10579,2025-08-23 14:00:32,1,6,0,0
57010,2025-08-23 14:00:58,0,6,0,0
1932,2025-08-23 14:01:22,0,7,0,0
91443,2025-08-23 14:13:29,0,6,1,287
32053,2025-08-23 14:26:40,0,3,0,0
9007,2025-08-23 14:35:10,0,5,1,458
89257,2025-08-23 14:35:38,0,3,1,887
8920,2025-08-23 14:39:25,0,7,1,523
61309,2025-08-23 14:57:16,1,8,1,490
93159,2025-08-23 14:57:32,0,3,0,0
38742,2025-08-23 15:13:02,1,6,0,0
44186,2025-08-23 15:19:00,0,5,1,272
35892,2025-08-23 15:19:08,1,3,1,448
45027,2025-08-23 15:19:14,0,5,0,0
50209,2025-08-23 15:23:33,1,12,0,0
31208,2025-08-23 15:25:46,0,5,1,278
11285,2025-08-23 15:30:58,1,6,0,0
4636,2025-08-23 15:49:05,1,8,1,435
83194,2025-08-23 15:54:15,0,4,0,0
39906,2025-08-23 15:56:53,0,8,1,368
54287,2025-08-23 15:57:37,0,6,0,0
45840,2025-08-23 15:58:54,0,10,0,0
46401,2025-08-23 16:15:43,0,3,1,555
49769,2025-08-23 16:18:56,0,3,1,316
67252,2025-08-23 16:20:23,1,5,0,0
50202,2025-08-23 16:21:38,0,9,0,0
69930,2025-08-23 16:25:08,1,0,0,0
9138,2025-08-23 16:25:17,1,6,1,317
67162,2025-08-23 16:30:24,0,4,0,0
77532,2025-08-23 16:35:59,0,1,1,248
82055,2025-08-23 16:41:59,0,5,0,0
29007,2025-08-23 16:49:58,0,9,0,0
19141,2025-08-23 16:50:49,0,2,0,0
76633,2025-08-23 16:52:16,1,2,1,536
93142,2025-08-23 16:56:19,1,2,1,421
20357,2025-08-23 16:58:41,0,7,0,0
4019,2025-08-23 17:07:03,1,9,0,0
18770,2025-08-23 17:08:58,0,6,0,0
36616,2025-08-23 17:08:58,1,3,0,0
46474,2025-08-23 17:10:39,0,4,0,0
7508,2025-08-23 17:11:40,1,6,1,282
64176,2025-08-23 17:11:49,0,9,0,0
67777,2025-08-23 17:15:50,1,10,1,831
62893,2025-08-23 17:16:30,1,8,1,367
73710,2025-08-23 17:19:54,1,5,1,603
48421,2025-08-23 17:29:51,0,5,0,0
18456,2025-08-23 17:33:04,0,9,0,0
90918,2025-08-23 17:33:55,0,6,0,0
86147,2025-08-23 17:40:47,0,6,0,0
70219,2025-08-23 17:46:44,1,9,0,0
27778,2025-08-23 17:48:11,0,6,1,429
79850,2025-08-23 17:52:03,1,3,1,606
86148,2025-08-23 17:58:04,0,4,0,0
69895,2025-08-23 17:58:26,1,8,0,0
84104,2025-08-23 18:06:16,1,3,0,0
75620,2025-08-23 18:08:26,0,6,1,466
88110,2025-08-23 18:14:50,0,5,0,0
81493,2025-08-23 18:16:22,0,3,0,0
88258,2025-08-23 18:33:07,0,4,0,0
10213,2025-08-23 18:41:54,1,8,0,0
14810,2025-08-23 18:47:35,1,7,0,0
93395,2025-08-23 19:05:39,0,5,1,415
92069,2025-08-23 19:09:02,0,8,1,454
69450,2025-08-23 19:15:22,0,2,0,0
18456,2025-08-23 19:31:09,1,9,0,0
1995,2025-08-23 19:37:54,0,8,0,0
38742,2025-08-23 19:38:14,0,10,0,0
34009,2025-08-23 19:40:59,1,5,0,0
75020,2025-08-23 19:49:24,1,2,0,0
14740,2025-08-23 19:51:58,0,3,0,0
18456,2025-08-23 19:53:40,0,9,0,0
90658,2025-08-23 19:57:39,1,3,0,0
43093,2025-08-23 19:59:18,0,7,0,0
52088,2025-08-23 20:00:23,1,9,0,0
12454,2025-08-23 20:02:07,1,7,0,0
14210,2025-08-23 20:05:08,0,3,0,0
88110,2025-08-23 20:13:28,1,6,0,0
77720,2025-08-23 20:14:41,0,7,1,289
22210,2025-08-23 20:18:19,0,6,1,410
72446,2025-08-23 20:23:17,0,7,0,0
45525,2025-08-23 20:24:57,1,7,0,0
75899,2025-08-23 20:25:40,0,8,0,0
15300,2025-08-23 20:28:07,0,6,1,784
61598,2025-08-23 20:29:16,1,4,0,0
49570,2025-08-23 20:33:10,1,7,0,0
76075,2025-08-23 20:33:31,1,7,0,0
77532,2025-08-23 20:34:53,0,3,0,0
4484,2025-08-23 20:40:05,1,5,0,0
89321,2025-08-23 20:53:02,1,6,1,278
42035,2025-08-23 20:56:30,1,10,0,0
17637,2025-08-23 20:58:29,0,6,0,0
14826,2025-08-23 20:58:31,0,3,0,0
7672,2025-08-23 21:03:30,0,2,0,0
6167,2025-08-23 21:09:28,0,13,0,0
75384,2025-08-23 21:11:35,0,6,0,0
64075,2025-08-23 21:13:55,0,4,1,332
37100,2025-08-23 21:13:59,1,9,0,0
88273,2025-08-23 21:19:51,1,8,0,0
28031,2025-08-23 21:23:12,1,10,0,0
1067,2025-08-23 21:23:20,0,3,1,455
79545,2025-08-23 21:24:58,1,6,0,0
68523,2025-08-23 21:25:38,1,7,0,0
14452,2025-08-23 21:30:00,0,5,0,0
22210,2025-08-23 21:33:42,1,4,0,0
17414,2025-08-23 21:41:23,1,7,0,0
94150,2025-08-23 21:42:27,1,5,0,0
54835,2025-08-23 21:50:20,0,3,1,444
83340,2025-08-23 21:54:43,1,5,0,0
75851,2025-08-23 22:01:29,1,0,1,455
18692,2025-08-23 22:06:44,0,1,0,0
36866,2025-08-23 22:08:16,0,3,0,0
15603,2025-08-23 22:15:56,0,4,0,0
80294,2025-08-23 22:17:00,1,5,0,0
6229,2025-08-23 22:29:06,0,5,1,668
67130,2025-08-23 22:30:21,0,6,0,0
2267,2025-08-23 22:32:42,0,6,0,0
30679,2025-08-23 22:40:33,1,5,0,0
70737,2025-08-23 22:43:37,1,5,0,0
39441,2025-08-23 22:57:40,1,8,0,0
31171,2025-08-23 23:04:04,0,1,1,405
41942,2025-08-23 23:04:04,1,8,1,298
96973,2025-08-23 23:05:55,0,8,0,0
77832,2025-08-23 23:08:46,0,5,0,0
56616,2025-08-23 23:14:10,0,6,0,0
23162,2025-08-23 23:14:12,0,7,0,0
73770,2025-08-23 23:17:47,0,5,0,0
17981,2025-08-23 23:33:36,0,4,0,0
16353,2025-08-23 23:36:44,0,8,0,0
65331,2025-08-23 23:42:56,0,5,0,0
37455,2025-08-23 23:49:47,1,7,0,0
14624,2025-08-24 00:21:00,1,4,1,540
78349,2025-08-24 00:25:38,0,7,0,0
90346,2025-08-24 00:30:21,0,8,0,0
54863,2025-08-24 00:35:29,0,7,0,0
62743,2025-08-24 00:49:53,0,7,0,0
15475,2025-08-24 01:25:21,0,8,0,0
33415,2025-08-24 01:26:30,1,9,0,0
41183,2025-08-24 01:26:53,1,6,0,0
43773,2025-08-24 01:33:16,0,4,0,0
11228,2025-08-24 01:37:06,0,2,0,0
49538,2025-08-24 01:43:22,0,5,0,0
85653,2025-08-24 01:44:49,1,5,1,304
2994,2025-08-24 01:55:49,0,3,0,0
38795,2025-08-24 01:59:18,0,8,0,0
74062,2025-08-24 02:01:44,0,6,1,387
19048,2025-08-24 02:07:49,0,5,0,0
80069,2025-08-24 02:10:52,0,4,0,0
95144,2025-08-24 02:15:25,0,3,1,337
78592,2025-08-24 02:17:07,0,6,0,0
21852,2025-08-24 02:17:18,0,7,0,0
95788,2025-08-24 02:23:58,0,6,0,0
78251,2025-08-24 02:54:42,1,6,1,336
54863,2025-08-24 03:30:32,1,9,0,0
75791,2025-08-24 03:31:56,0,7,0,0
71529,2025-08-24 03:33:54,1,9,0,0
9557,2025-08-24 03:44:28,1,6,0,0
18286,2025-08-24 03:47:56,0,6,1,424
26911,2025-08-24 03:48:34,0,3,1,449
44133,2025-08-24 03:54:52,0,10,0,0
52563,2025-08-24 04:03:31,0,7,1,448
8785,2025-08-24 04:06:32,1,9,0,0
39787,2025-08-24 04:17:51,0,7,0,0
75034,2025-08-24 04:33:10,1,6,0,0
4440,2025-08-24 04:39:17,0,8,0,0
24832,2025-08-24 04:41:01,1,7,0,0
58117,2025-08-24 04:51:48,1,6,0,0
85912,2025-08-24 04:55:03,0,6,0,0
30876,2025-08-24 05:04:40,0,5,0,0
92075,2025-08-24 05:19:01,0,6,0,0
40876,2025-08-24 05:26:56,0,5,0,0
8044,2025-08-24 05:28:21,0,4,0,0
68596,2025-08-24 05:35:37,0,4,0,0
3825,2025-08-24 05:39:14,0,9,1,918
32924,2025-08-24 05:45:20,0,4,0,0
63236,2025-08-24 05:47:50,0,4,1,352
94926,2025-08-24 05:48:19,0,6,1,307
76455,2025-08-24 05:58:54,1,10,0,0
41183,2025-08-24 05:58:57,1,3,0,0
53284,2025-08-24 06:16:00,0,7,0,0
4433,2025-08-24 06:18:22,0,9,0,0
93782,2025-08-24 06:28:57,0,9,0,0
12008,2025-08-24 06:34:06,0,11,0,0
30700,2025-08-24 06:36:44,0,8,0,0
45577,2025-08-24 06:39:59,0,5,0,0
47433,2025-08-24 06:56:51,0,3,0,0
84789,2025-08-24 07:06:56,1,2,1,411
10651,2025-08-24 07:10:11,0,11,1,302
15075,2025-08-24 07:10:59,0,2,0,0
14380,2025-08-24 07:19:39,0,11,1,282
65076,2025-08-24 07:31:09,1,12,0,0
89182,2025-08-24 07:36:59,1,3,1,407
72387,2025-08-24 07:57:13,0,7,1,218
93869,2025-08-24 08:08:24,0,2,1,448
20545,2025-08-24 08:15:34,0,4,1,330
95700,2025-08-24 08:19:49,1,4,1,425
16191,2025-08-24 08:31:56,0,1,1,836
5464,2025-08-24 08:34:59,0,5,0,0
65922,2025-08-24 08:36:41,0,7,1,355
53481,2025-08-24 08:40:05,0,9,0,0
72585,2025-08-24 08:40:56,0,5,0,0
5880,2025-08-24 08:45:39,0,6,0,0
23225,2025-08-24 08:46:28,1,4,0,0
14624,2025-08-24 08:49:48,1,5,0,0
43583,2025-08-24 08:57:44,0,5,0,0
91486,2025-08-24 09:00:19,0,4,0,0
72387,2025-08-24 09:02:34,0,5,0,0
77790,2025-08-24 09:02:51,1,4,0,0
2210,2025-08-24 09:09:49,1,6,0,0
5208,2025-08-24 09:10:16,0,4,0,0
87831,2025-08-24 09:12:29,0,5,0,0
90658,2025-08-24 09:18:03,0,6,1,465
54993,2025-08-24 09:18:19,0,4,0,0
80105,2025-08-24 09:25:55,0,1,1,302
43673,2025-08-24 09:31:14,0,3,1,448
35138,2025-08-24 09:31:55,0,7,0,0
79078,2025-08-24 09:33:51,1,7,0,0
17016,2025-08-24 09:37:59,0,1,0,0
23209,2025-08-24 09:38:01,0,12,0,0
26501,2025-08-24 09:41:07,0,9,0,0
55003,2025-08-24 09:51:16,0,6,0,0
88110,2025-08-24 09:54:48,0,3,0,0
59406,2025-08-24 09:57:27,0,5,1,343
90663,2025-08-24 09:57:54,0,6,0,0
513,2025-08-24 09:59:17,0,4,0,0
45652,2025-08-24 10:01:06,0,5,1,302
19481,2025-08-24 10:03:33,0,4,1,385
58577,2025-08-24 10:09:16,0,6,0,0
80759,2025-08-24 10:16:25,1,8,1,380
78457,2025-08-24 10:18:52,1,9,0,0
58372,2025-08-24 10:21:45,0,3,0,0
75791,2025-08-24 10:24:17,1,5,1,353
99045,2025-08-24 10:25:18,0,8,0,0
43673,2025-08-24 10:30:45,0,2,0,0
67669,2025-08-24 10:32:07,1,4,0,0
95700,2025-08-24 10:41:54,0,4,0,0
16560,2025-08-24 10:44:32,0,5,0,0
54160,2025-08-24 10:44:45,1,9,0,0
1724,2025-08-24 10:45:18,1,5,0,0
58372,2025-08-24 10:45:23,0,5,0,0
91255,2025-08-24 10:47:42,0,8,0,0
78251,2025-08-24 10:47:54,0,6,0,0
40212,2025-08-24 10:49:53,0,7,1,433
8814,2025-08-24 10:51:04,1,9,1,479
36430,2025-08-24 10:57:35,0,7,0,0
58596,2025-08-24 10:57:59,1,6,1,336
95616,2025-08-24 11:08:24,0,2,1,415
37455,2025-08-24 11:15:02,0,3,1,295
86574,2025-08-24 11:17:24,0,4,1,278
74034,2025-08-24 11:19:07,1,4,0,0
9793,2025-08-24 11:20:36,1,2,1,351
90532,2025-08-24 11:24:31,0,4,0,0
84789,2025-08-24 11:25:46,0,7,0,0
43482,2025-08-24 11:28:02,0,3,0,0
44577,2025-08-24 11:29:58,1,2,1,387
32026,2025-08-24 11:31:28,1,5,0,0
64087,2025-08-24 11:34:23,1,3,1,443
19243,2025-08-24 11:35:14,1,3,0,0
86148,2025-08-24 11:40:49,1,9,0,0
5369,2025-08-24 11:41:46,0,7,1,335
33751,2025-08-24 11:44:41,0,8,1,508
26258,2025-08-24 11:47:54,0,5,1,498
12354,2025-08-24 11:50:34,0,10,0,0
97637,2025-08-24 11:53:14,0,12,0,0
17378,2025-08-24 11:57:59,0,5,0,0
86413,2025-08-24 12:02:20,0,3,1,419
61873,2025-08-24 12:05:27,0,6,0,0
47801,2025-08-24 12:11:12,0,3,0,0
18721,2025-08-24 12:11:42,0,5,0,0
49783,2025-08-24 12:13:13,0,3,0,0
80382,2025-08-24 12:13:18,1,4,0,0
39747,2025-08-24 12:14:33,1,10,1,274
98804,2025-08-24 12:14:56,0,5,0,0
43133,2025-08-24 12:17:08,0,2,0,0
42686,2025-08-24 12:22:22,0,7,1,260
91944,2025-08-24 12:22:59,0,4,0,0
81493,2025-08-24 12:27:28,0,7,0,0
48630,2025-08-24 12:29:44,1,6,0,0
34259,2025-08-24 12:32:26,1,6,0,0
48630,2025-08-24 12:36:03,0,4,1,708
49315,2025-08-24 12:47:26,1,1,1,502
64711,2025-08-24 12:49:49,0,5,1,394
78592,2025-08-24 13:00:07,0,10,0,0
19540,2025-08-24 13:10:23,0,3,0,0
8076,2025-08-24 13:13:21,0,4,0,0
30679,2025-08-24 13:15:18,0,0,1,274
55003,2025-08-24 13:18:26,1,10,1,325
70804,2025-08-24 13:22:23,1,5,0,0
11412,2025-08-24 13:23:10,1,9,0,0
58259,2025-08-24 13:26:13,1,5,0,0
75851,2025-08-24 13:39:03,1,5,0,0
71693,2025-08-24 13:41:27,0,8,0,0
80105,2025-08-24 13:42:11,1,5,0,0
42571,2025-08-24 13:43:00,0,8,0,0
73452,2025-08-24 13:44:21,0,4,0,0
33060,2025-08-24 13:50:11,0,7,0,0
15169,2025-08-24 13:53:53,0,7,0,0
36101,2025-08-24 13:55:44,0,6,1,387
24817,2025-08-24 13:57:56,0,5,0,0
2006,2025-08-24 14:01:05,0,9,0,0
99218,2025-08-24 14:02:55,1,6,1,257
99078,2025-08-24 14:03:39,1,8,1,596
67720,2025-08-24 14:10:29,0,6,0,0
94522,2025-08-24 14:14:08,0,7,0,0
74602,2025-08-24 14:16:41,0,6,0,0
50177,2025-08-24 14:17:11,0,8,0,0
84209,2025-08-24 14:17:12,0,10,0,0
30521,2025-08-24 14:26:02,0,8,0,0
24164,2025-08-24 14:31:49,1,4,1,445
10395,2025-08-24 14:33:49,0,3,0,0
81519,2025-08-24 14:42:19,1,3,1,389
78286,2025-08-24 14:44:33,0,4,0,0
55256,2025-08-24 14:49:07,0,6,0,0
75841,2025-08-24 14:50:28,0,9,1,360
95144,2025-08-24 14:53:24,1,7,1,410
39882,2025-08-24 14:54:25,0,3,0,0
65694,2025-08-24 14:56:07,1,6,1,344
17796,2025-08-24 14:59:43,0,4,0,0
40289,2025-08-24 15:02:58,1,4,1,431
89257,2025-08-24 15:04:00,0,4,1,427
77116,2025-08-24 15:05:10,0,7,0,0
3327,2025-08-24 15:05:19,0,5,1,315
93816,2025-08-24 15:05:47,0,10,0,0
23373,2025-08-24 15:07:40,1,5,1,449
6967,2025-08-24 15:11:14,0,4,1,313
45310,2025-08-24 15:12:28,0,4,0,0
34633,2025-08-24 15:23:36,0,2,0,0
89133,2025-08-24 15:25:55,0,5,0,0
1067,2025-08-24 15:32:29,0,6,1,388
34353,2025-08-24 15:39:07,0,4,1,376
53147,2025-08-24 15:44:06,0,1,0,0
21570,2025-08-24 15:49:33,0,5,0,0
45652,2025-08-24 15:56:26,0,3,0,0
13363,2025-08-24 15:57:10,0,6,1,431
49315,2025-08-24 16:01:20,0,6,1,453
59977,2025-08-24 16:03:26,1,6,0,0
72585,2025-08-24 16:07:18,0,4,1,460
17981,2025-08-24 16:17:34,0,4,0,0
70415,2025-08-24 16:19:49,0,5,0,0
18579,2025-08-24 16:21:33,1,3,1,484
20374,2025-08-24 16:22:19,0,6,1,288
10857,2025-08-24 16:26:08,1,7,0,0
19990,2025-08-24 16:30:13,1,2,1,481
91443,2025-08-24 16:37:37,0,4,0,0
85907,2025-08-24 16:41:46,1,7,0,0
91522,2025-08-24 16:51:57,0,3,1,715
13206,2025-08-24 16:52:41,0,8,0,0
55359,2025-08-24 16:52:41,0,7,0,0
31718,2025-08-24 16:53:37,0,4,0,0
1817,2025-08-24 16:55:46,0,7,1,313
88646,2025-08-24 17:02:02,1,4,0,0
97773,2025-08-24 17:06:48,0,9,1,436
24164,2025-08-24 17:17:53,0,7,0,0
64176,2025-08-24 17:36:15,0,7,0,0
67720,2025-08-24 17:45:36,0,10,0,0
22822,2025-08-24 17:46:13,1,5,1,477
80869,2025-08-24 17:51:17,0,7,0,0
78592,2025-08-24 17:56:55,1,4,0,0
94151,2025-08-24 18:08:21,0,6,1,541
40196,2025-08-24 18:30:30,0,5,1,190
91443,2025-08-24 18:40:01,0,4,1,254
2029,2025-08-24 18:40:45,0,4,0,0
56626,2025-08-24 18:41:10,0,7,0,0
65880,2025-08-24 18:45:43,0,7,0,0
93455,2025-08-24 18:47:22,0,8,0,0
64122,2025-08-24 18:49:07,0,4,0,0
34151,2025-08-24 18:49:54,1,6,0,0
64176,2025-08-24 18:55:21,1,7,0,0
81268,2025-08-24 19:03:30,1,10,0,0
93395,2025-08-24 19:07:28,1,7,1,386
49436,2025-08-24 19:11:30,0,9,0,0
67050,2025-08-24 19:14:20,0,4,0,0
75177,2025-08-24 19:15:12,1,6,0,0
5665,2025-08-24 19:21:37,0,5,0,0
18973,2025-08-24 19:21:49,1,6,0,0
38701,2025-08-24 19:26:48,0,9,0,0
57488,2025-08-24 19:28:47,0,7,0,0
99755,2025-08-24 19:28:54,0,3,0,0
74242,2025-08-24 19:29:36,0,10,1,517
90532,2025-08-24 19:30:20,0,6,0,0
36560,2025-08-24 19:33:43,0,7,1,235
78311,2025-08-24 19:43:09,0,2,0,0
88849,2025-08-24 19:44:57,0,6,0,0
14333,2025-08-24 19:45:26,0,5,1,351
43252,2025-08-24 19:47:07,0,9,0,0
38835,2025-08-24 19:47:22,0,0,1,339
61817,2025-08-24 19:59:56,0,7,1,346
54719,2025-08-24 20:13:46,0,2,1,427
81563,2025-08-24 20:17:41,1,6,1,421
54166,2025-08-24 20:33:36,1,5,0,0
36220,2025-08-24 20:34:27,0,6,1,289
72571,2025-08-24 20:39:51,0,8,1,501
33751,2025-08-24 20:44:08,1,5,1,424
10007,2025-08-24 20:44:30,0,5,0,0
58223,2025-08-24 20:46:05,0,3,0,0
69611,2025-08-24 20:46:23,1,7,0,0
46307,2025-08-24 20:59:21,0,5,0,0
978,2025-08-24 21:03:44,0,8,0,0
11631,2025-08-24 21:09:42,0,5,0,0
89222,2025-08-24 21:12:34,0,4,1,178
88541,2025-08-24 21:13:39,0,9,0,0
218,2025-08-24 21:23:15,0,2,0,0
4565,2025-08-24 21:25:45,0,8,1,343
1067,2025-08-24 21:27:27,1,6,0,0
9111,2025-08-24 21:32:06,1,4,0,0
36519,2025-08-24 21:34:43,0,6,1,408
79850,2025-08-24 21:36:56,1,8,0,0
28681,2025-08-24 21:43:48,1,8,1,172
85912,2025-08-24 21:43:53,0,8,0,0
29778,2025-08-24 21:44:05,0,9,0,0
65205,2025-08-24 21:46:46,0,4,1,971
83157,2025-08-24 21:48:31,0,10,0,0
11086,2025-08-24 21:48:56,1,5,1,511
34373,2025-08-24 21:49:15,0,7,0,0
95700,2025-08-24 21:55:00,0,4,0,0
36560,2025-08-24 21:56:50,0,5,1,293
24239,2025-08-24 21:58:37,1,8,0,0
34436,2025-08-24 22:06:59,0,7,1,631
10971,2025-08-24 22:20:39,1,5,0,0
87925,2025-08-24 22:29:07,0,9,0,0
82124,2025-08-24 22:29:45,1,8,0,0
58690,2025-08-24 22:56:46,0,6,0,0
90786,2025-08-24 23:01:43,1,8,0,0
89182,2025-08-24 23:03:31,0,4,0,0
22210,2025-08-24 23:06:03,0,6,0,0
33155,2025-08-24 23:11:00,0,8,0,0
42548,2025-08-24 23:11:05,0,7,0,0
3772,2025-08-24 23:11:47,0,8,1,247
28801,2025-08-24 23:33:03,0,5,0,0
98213,2025-08-24 23:43:25,0,8,0,0
57399,2025-08-24 23:44:50,0,3,1,649
34151,2025-08-24 23:46:00,0,7,1,281
51402,2025-08-24 23:51:18,1,6,0,0
42067,2025-08-24 23:54:43,1,5,0,0
7719,2025-08-24 23:56:46,1,4,0,0
76566,2025-08-24 23:57:37,0,8,1,205
86148,2025-08-24 23:57:58,0,4,0,0
46307,2025-08-24 23:58:02,1,8,1,269
92599,2025-08-25 00:05:26,0,4,0,0
97124,2025-08-25 00:10:50,0,2,1,672
2505,2025-08-25 00:26:46,1,7,0,0
88837,2025-08-25 00:29:24,1,6,0,0
13508,2025-08-25 00:47:16,1,3,0,0
22223,2025-08-25 00:59:31,0,13,1,385
75332,2025-08-25 01:00:58,0,6,1,936
94286,2025-08-25 01:01:22,0,2,0,0
53366,2025-08-25 01:10:00,0,9,0,0
76455,2025-08-25 01:21:18,1,7,1,447
50037,2025-08-25 01:28:11,0,11,0,0
53366,2025-08-25 01:30:15,1,9,0,0
99725,2025-08-25 01:32:38,0,9,0,0
7085,2025-08-25 01:43:10,0,4,0,0
14403,2025-08-25 01:44:03,1,5,1,329
57942,2025-08-25 01:47:48,1,6,0,0
14210,2025-08-25 01:48:36,0,10,0,0
94006,2025-08-25 01:50:19,0,6,0,0
14787,2025-08-25 02:00:36,0,6,0,0
20146,2025-08-25 02:01:06,1,3,1,361
13238,2025-08-25 02:20:40,0,3,0,0
21150,2025-08-25 02:21:24,0,4,0,0
49806,2025-08-25 02:25:28,0,5,0,0
42252,2025-08-25 02:34:35,0,3,0,0
67117,2025-08-25 02:41:50,0,8,0,0
68467,2025-08-25 02:55:13,0,13,0,0
63227,2025-08-25 02:58:56,0,6,0,0
16963,2025-08-25 03:00:04,0,3,1,466
45027,2025-08-25 03:05:29,0,10,1,492
2006,2025-08-25 03:09:48,1,2,0,0
61783,2025-08-25 03:28:22,0,6,1,303
80632,2025-08-25 03:30:28,0,5,1,259
77524,2025-08-25 03:30:58,1,3,1,464
8305,2025-08-25 03:31:22,1,3,1,263
78175,2025-08-25 03:32:55,0,7,0,0
74687,2025-08-25 03:38:31,0,8,0,0
35804,2025-08-25 03:42:50,1,9,0,0
21131,2025-08-25 04:09:12,0,5,0,0
61873,2025-08-25 04:34:00,0,11,0,0
54168,2025-08-25 04:36:03,0,4,1,408
22377,2025-08-25 04:52:46,0,6,0,0
34633,2025-08-25 05:05:41,0,11,0,0
67117,2025-08-25 05:21:19,1,5,0,0
33522,2025-08-25 05:21:28,0,5,0,0
31182,2025-08-25 05:22:42,0,5,0,0
15597,2025-08-25 05:25:45,0,8,0,0
16667,2025-08-25 05:32:01,0,9,1,598
19990,2025-08-25 05:38:57,1,7,1,263
940,2025-08-25 05:43:27,1,10,1,336
76358,2025-08-25 05:44:03,0,3,0,0
44577,2025-08-25 05:50:47,0,9,1,322
57399,2025-08-25 06:02:41,0,5,1,288
74687,2025-08-25 06:03:56,1,9,1,594
19141,2025-08-25 06:36:13,0,4,1,427
89195,2025-08-25 06:51:23,1,4,0,0
79078,2025-08-25 06:59:38,0,5,0,0
40351,2025-08-25 07:28:18,0,3,1,394
81243,2025-08-25 07:29:34,0,10,0,0
58671,2025-08-25 07:57:02,1,11,1,420
78033,2025-08-25 08:00:08,1,4,0,0
80896,2025-08-25 08:01:23,1,1,0,0
54863,2025-08-25 08:02:27,0,4,0,0
27691,2025-08-25 08:02:34,1,2,0,0
18283,2025-08-25 08:03:24,1,3,1,504
92069,2025-08-25 08:05:19,0,2,0,0
36560,2025-08-25 08:10:35,0,5,0,0
44843,2025-08-25 08:12:23,0,5,0,0
78401,2025-08-25 08:12:37,0,7,0,0
50309,2025-08-25 08:14:11,0,3,1,500
45601,2025-08-25 08:16:31,1,3,0,0
57936,2025-08-25 08:17:56,0,7,1,533
31297,2025-08-25 08:32:36,1,10,0,0
38895,2025-08-25 08:35:02,0,7,1,238
62343,2025-08-25 08:41:10,0,5,0,0
94074,2025-08-25 08:41:13,0,10,0,0
23209,2025-08-25 08:46:30,0,4,0,0
51229,2025-08-25 08:47:13,0,4,0,0
81288,2025-08-25 08:49:49,1,10,0,0
20149,2025-08-25 08:55:16,0,7,0,0
52264,2025-08-25 08:55:30,1,8,1,450
6111,2025-08-25 08:56:53,0,5,0,0
79977,2025-08-25 08:58:16,0,5,1,321
80065,2025-08-25 09:02:49,1,6,1,245
66855,2025-08-25 09:23:51,0,11,0,0
61727,2025-08-25 09:25:19,0,11,0,0
43133,2025-08-25 09:27:23,1,6,0,0
52231,2025-08-25 09:29:00,0,7,1,425
55375,2025-08-25 09:32:13,1,7,0,0
35671,2025-08-25 09:35:01,1,8,1,221
78401,2025-08-25 09:52:10,0,5,1,545
68691,2025-08-25 09:58:27,1,5,0,0
42035,2025-08-25 09:59:46,0,4,0,0
76030,2025-08-25 10:01:57,1,5,0,0
12519,2025-08-25 10:08:32,0,4,0,0
75442,2025-08-25 10:08:43,1,3,1,320
89256,2025-08-25 10:13:23,0,4,1,443
77101,2025-08-25 10:19:13,0,7,0,0
93159,2025-08-25 10:23:07,0,4,0,0
89704,2025-08-25 10:27:25,0,9,0,0
21203,2025-08-25 10:34:06,0,1,0,0
3922,2025-08-25 10:53:17,0,6,0,0
50903,2025-08-25 10:56:09,0,7,0,0
79339,2025-08-25 10:58:51,0,4,0,0
25696,2025-08-25 11:01:37,0,6,0,0
65754,2025-08-25 11:06:03,0,8,0,0
36402,2025-08-25 11:08:27,1,9,0,0
5572,2025-08-25 11:10:02,0,3,1,791
4394,2025-08-25 11:11:24,0,4,0,0
18550,2025-08-25 11:13:01,0,9,1,581
99218,2025-08-25 11:16:09,1,6,1,489
78197,2025-08-25 11:24:04,0,8,1,626
67669,2025-08-25 11:25:05,1,7,1,481
22822,2025-08-25 11:27:00,1,7,0,0
79753,2025-08-25 11:27:50,1,6,0,0
38563,2025-08-25 11:37:06,1,7,1,794
5566,2025-08-25 11:51:24,0,9,0,0
88850,2025-08-25 11:53:03,0,3,1,643
25549,2025-08-25 12:10:47,0,5,0,0
12758,2025-08-25 12:11:28,0,5,0,0
77689,2025-08-25 12:13:41,0,7,1,290
3095,2025-08-25 12:15:33,0,5,0,0
52264,2025-08-25 12:15:42,0,6,1,401
65922,2025-08-25 12:21:40,1,4,0,0
1067,2025-08-25 12:29:14,0,12,1,470
89007,2025-08-25 12:30:54,0,4,0,0
22210,2025-08-25 12:32:16,0,7,1,287
6011,2025-08-25 12:41:55,0,7,0,0
20742,2025-08-25 12:43:42,0,7,0,0
71149,2025-08-25 12:55:38,0,5,1,506
12519,2025-08-25 12:55:39,0,3,0,0
84789,2025-08-25 13:03:12,0,4,0,0
67117,2025-08-25 13:03:13,0,3,0,0
51229,2025-08-25 13:20:56,0,9,0,0
79877,2025-08-25 13:26:20,0,4,1,515
34353,2025-08-25 13:33:16,0,3,1,286
19861,2025-08-25 13:36:08,1,9,0,0
55375,2025-08-25 13:37:42,0,3,1,399
41186,2025-08-25 13:43:13,0,7,0,0
90415,2025-08-25 13:44:49,0,4,1,560
36276,2025-08-25 13:45:26,0,6,1,403
42686,2025-08-25 13:46:25,0,7,0,0
12758,2025-08-25 14:00:04,0,5,0,0
78938,2025-08-25 14:08:52,0,6,1,242
32579,2025-08-25 14:11:31,1,4,0,0
47801,2025-08-25 14:12:40,0,2,0,0
91431,2025-08-25 14:15:42,1,6,0,0
96091,2025-08-25 14:16:31,0,6,0,0
95359,2025-08-25 14:19:01,0,9,0,0
85226,2025-08-25 14:21:13,0,7,0,0
43358,2025-08-25 14:40:00,0,2,0,0
4924,2025-08-25 14:42:29,0,4,0,0
20357,2025-08-25 14:45:29,1,9,0,0
5572,2025-08-25 14:50:00,1,8,1,731
92920,2025-08-25 14:50:59,1,4,0,0
16188,2025-08-25 15:02:26,0,8,0,0
21570,2025-08-25 15:02:39,1,5,0,0
2812,2025-08-25 15:05:42,0,7,0,0
80926,2025-08-25 15:07:37,0,6,1,464
53854,2025-08-25 15:08:47,1,3,0,0
34457,2025-08-25 15:23:18,0,5,1,591
52980,2025-08-25 15:23:43,0,8,1,294
65726,2025-08-25 15:25:04,0,11,0,0
96537,2025-08-25 15:27:04,0,6,1,395
51402,2025-08-25 15:38:16,1,12,0,0
4352,2025-08-25 15:39:22,0,9,1,402
36248,2025-08-25 15:40:53,1,9,0,0
11794,2025-08-25 15:57:35,0,7,1,413
940,2025-08-25 15:59:51,1,5,0,0
96170,2025-08-25 16:03:01,0,6,0,0
56004,2025-08-25 16:05:48,1,7,1,487
15075,2025-08-25 16:09:27,0,5,0,0
67754,2025-08-25 16:13:06,1,9,0,0
27465,2025-08-25 16:14:46,0,6,1,447
89736,2025-08-25 16:24:01,0,5,0,0
66236,2025-08-25 16:24:38,1,5,0,0
76250,2025-08-25 16:24:44,0,3,0,0
29578,2025-08-25 16:25:10,0,9,0,0
92920,2025-08-25 16:26:54,0,4,0,0
20710,2025-08-25 16:27:35,1,4,1,648
26092,2025-08-25 16:28:08,0,2,0,0
7221,2025-08-25 16:29:02,1,5,0,0
12038,2025-08-25 16:29:02,0,5,1,230
11086,2025-08-25 16:30:49,0,11,0,0
1067,2025-08-25 16:32:59,0,5,0,0
37793,2025-08-25 16:37:31,0,2,0,0
45893,2025-08-25 16:40:00,0,8,1,574
61727,2025-08-25 16:42:48,0,6,0,0
88981,2025-08-25 16:50:48,0,12,0,0
46667,2025-08-25 16:52:39,1,7,0,0
6446,2025-08-25 16:55:32,0,6,0,0
41040,2025-08-25 16:57:26,0,15,1,898
40196,2025-08-25 17:01:15,0,6,0,0
37672,2025-08-25 17:04:32,1,8,0,0
80896,2025-08-25 17:06:39,0,8,1,278
90415,2025-08-25 17:07:46,1,5,0,0
20710,2025-08-25 17:09:04,1,10,0,0
48604,2025-08-25 17:15:03,0,3,0,0
35960,2025-08-25 17:32:57,1,14,1,416
78457,2025-08-25 17:34:22,1,3,0,0
14826,2025-08-25 17:37:40,1,3,0,0
81430,2025-08-25 17:49:43,0,7,0,0
23911,2025-08-25 17:51:55,0,8,0,0
63137,2025-08-25 17:52:00,0,4,0,0
55376,2025-08-25 18:16:06,0,2,0,0
48236,2025-08-25 18:28:22,1,5,0,0
12595,2025-08-25 18:30:12,0,4,0,0
94092,2025-08-25 18:31:26,0,7,0,0
34885,2025-08-25 18:32:18,0,8,0,0
36519,2025-08-25 18:35:36,0,3,1,208
24817,2025-08-25 18:38:26,0,8,1,1287
22907,2025-08-25 18:41:44,0,7,0,0
80069,2025-08-25 18:42:00,1,6,0,0
20940,2025-08-25 18:51:37,0,7,1,524
13363,2025-08-25 18:53:48,0,8,0,0
96170,2025-08-25 18:59:58,0,7,0,0
21852,2025-08-25 19:02:33,0,6,1,590
55375,2025-08-25 19:04:53,0,5,1,372
43984,2025-08-25 19:09:54,0,8,0,0
96149,2025-08-25 19:11:28,0,4,1,388
34353,2025-08-25 19:11:40,1,9,0,0
84565,2025-08-25 19:17:40,0,4,0,0
93455,2025-08-25 19:23:30,0,5,0,0
50037,2025-08-25 19:28:49,0,4,1,399
18731,2025-08-25 19:40:37,0,6,1,380
72159,2025-08-25 20:06:49,1,5,0,0
80746,2025-08-25 20:09:48,0,11,1,323
93986,2025-08-25 20:28:59,0,9,0,0
29315,2025-08-25 20:32:54,0,9,1,383
6167,2025-08-25 20:44:40,0,7,0,0
22139,2025-08-25 20:45:23,1,9,0,0
30876,2025-08-25 20:45:52,1,3,1,311
80420,2025-08-25 20:50:05,1,7,0,0
89497,2025-08-25 20:51:14,0,2,1,448
55525,2025-08-25 20:52:06,0,5,0,0
37919,2025-08-25 20:56:42,0,9,1,459
72097,2025-08-25 21:03:49,1,4,1,694
41868,2025-08-25 21:06:10,0,6,0,0
23911,2025-08-25 21:10:55,0,10,0,0
67093,2025-08-25 21:11:23,0,5,0,0
38718,2025-08-25 21:15:20,1,5,0,0
51916,2025-08-25 21:18:33,0,7,0,0
71360,2025-08-25 21:18:43,1,8,0,0
17796,2025-08-25 21:27:07,0,5,0,0
18456,2025-08-25 21:35:55,0,11,0,0
18946,2025-08-25 21:37:15,0,4,0,0
71779,2025-08-25 21:39:47,0,5,1,518
26620,2025-08-25 21:44:55,0,3,0,0
53814,2025-08-25 21:46:17,1,10,0,0
24460,2025-08-25 21:47:47,0,6,1,304
79820,2025-08-25 21:57:53,1,6,0,0
76075,2025-08-25 22:07:01,0,3,0,0
20395,2025-08-25 22:08:59,0,4,0,0
76030,2025-08-25 22:10:21,0,5,0,0
76354,2025-08-25 22:14:59,0,6,1,375
26969,2025-08-25 22:17:37,1,7,0,0
39053,2025-08-25 22:19:15,0,5,1,304
82866,2025-08-25 22:20:02,0,6,0,0
5369,2025-08-25 22:20:46,1,6,0,0
33618,2025-08-25 22:22:38,0,6,0,0
35094,2025-08-25 22:25:54,0,7,1,502
79503,2025-08-25 22:29:38,0,6,1,268
16922,2025-08-25 22:34:11,0,2,0,0
18055,2025-08-25 22:39:04,0,4,1,510
3327,2025-08-25 22:42:15,0,7,1,761
17796,2025-08-25 22:44:19,0,3,0,0
40721,2025-08-25 22:45:52,0,11,0,0
53005,2025-08-25 22:46:43,0,1,0,0
68748,2025-08-25 22:49:29,0,8,1,358
8769,2025-08-25 22:52:59,0,6,0,0
87067,2025-08-25 22:53:10,0,8,1,399
13799,2025-08-25 22:53:50,0,1,0,0
77049,2025-08-25 22:54:29,0,9,0,0
73119,2025-08-25 22:54:56,0,4,0,0
91443,2025-08-25 22:55:23,0,8,1,459
63245,2025-08-25 23:01:50,0,5,0,0
30746,2025-08-25 23:05:47,0,8,0,0
88541,2025-08-25 23:15:22,1,7,0,0
2611,2025-08-25 23:17:41,1,3,0,0
45310,2025-08-25 23:21:18,0,6,0,0
27140,2025-08-25 23:25:00,0,4,0,0
67709,2025-08-25 23:30:34,1,9,0,0
35138,2025-08-25 23:32:28,0,6,0,0
3825,2025-08-25 23:35:48,0,4,0,0
16392,2025-08-25 23:38:45,0,4,0,0
28791,2025-08-25 23:39:32,1,4,0,0
18946,2025-08-25 23:39:40,0,9,1,233
47801,2025-08-25 23:39:50,0,2,1,528
94875,2025-08-25 23:40:58,0,12,1,371
82124,2025-08-25 23:41:53,1,8,1,272
24996,2025-08-25 23:48:16,0,4,0,0
68841,2025-08-25 23:50:50,1,5,0,0
82447,2025-08-25 23:52:22,0,4,0,0
5142,2025-08-25 23:52:52,0,3,0,0
50309,2025-08-25 23:59:04,0,3,0,0
36187,2025-08-26 00:31:33,0,8,1,421
86802,2025-08-26 00:33:18,0,4,1,396
6229,2025-08-26 00:36:59,1,8,1,438
85484,2025-08-26 00:41:16,0,7,0,0
36248,2025-08-26 00:56:12,1,5,1,460
98963,2025-08-26 01:22:47,1,7,0,0
307,2025-08-26 01:33:36,0,8,0,0
95359,2025-08-26 01:39:26,1,9,1,317
89182,2025-08-26 01:39:54,0,6,1,523
58121,2025-08-26 01:52:45,1,7,0,0
4030,2025-08-26 02:10:14,0,5,0,0
89195,2025-08-26 02:17:45,0,7,0,0
44186,2025-08-26 02:21:12,0,9,0,0
43094,2025-08-26 02:22:10,0,7,0,0
87485,2025-08-26 02:26:24,0,6,0,0
21285,2025-08-26 02:31:50,0,10,0,0
7221,2025-08-26 02:43:48,1,3,1,391
44779,2025-08-26 02:46:59,0,9,1,563
24531,2025-08-26 02:49:40,1,10,0,0
16191,2025-08-26 02:50:09,1,3,0,0
54643,2025-08-26 02:54:34,1,8,0,0
77689,2025-08-26 02:59:29,1,9,1,363
12595,2025-08-26 03:01:16,1,6,0,0
48025,2025-08-26 03:09:01,1,8,0,0
74347,2025-08-26 03:11:23,0,4,1,549
20395,2025-08-26 03:22:06,0,4,0,0
44719,2025-08-26 03:22:34,0,10,1,572
4924,2025-08-26 03:33:48,0,6,0,0
87661,2025-08-26 03:40:47,0,7,0,0
77392,2025-08-26 03:44:08,1,5,0,0
77532,2025-08-26 03:47:51,0,7,1,252
95700,2025-08-26 03:53:45,0,3,1,533
24148,2025-08-26 03:56:16,1,4,1,554
8832,2025-08-26 03:58:24,0,4,0,0
58641,2025-08-26 04:02:23,0,7,1,434
30932,2025-08-26 04:05:37,1,11,0,0
56857,2025-08-26 04:11:30,0,3,0,0
8305,2025-08-26 04:11:37,0,7,1,350
87831,2025-08-26 04:16:05,0,8,0,0
11331,2025-08-26 04:21:02,0,7,0,0
6389,2025-08-26 04:31:17,0,12,0,0
8076,2025-08-26 04:34:46,0,3,0,0
88981,2025-08-26 05:32:22,0,5,0,0
90729,2025-08-26 05:38:21,0,6,0,0
16191,2025-08-26 05:41:55,0,6,1,636
17414,2025-08-26 05:44:11,0,2,0,0
53366,2025-08-26 05:56:21,0,2,0,0
24059,2025-08-26 06:35:07,0,7,0,0
94286,2025-08-26 06:54:24,0,2,0,0
19445,2025-08-26 07:04:16,0,4,0,0
32026,2025-08-26 07:11:25,0,8,0,0
75791,2025-08-26 07:12:10,0,4,0,0
47801,2025-08-26 07:23:15,0,5,0,0
94522,2025-08-26 07:23:32,1,3,0,0
42722,2025-08-26 07:25:20,1,11,0,0
85726,2025-08-26 07:31:51,1,4,1,451
85611,2025-08-26 07:38:26,0,11,0,0
93455,2025-08-26 07:42:36,1,7,0,0
13181,2025-08-26 07:47:11,0,5,1,290
48630,2025-08-26 07:53:27,0,4,0,0
84564,2025-08-26 08:00:27,0,6,0,0
18731,2025-08-26 08:02:18,1,9,1,537
32227,2025-08-26 08:02:32,1,8,0,0
58259,2025-08-26 08:13:53,0,4,0,0
370,2025-08-26 08:15:02,0,7,0,0
87558,2025-08-26 08:15:57,0,4,0,0
68275,2025-08-26 08:16:00,0,6,1,487
43984,2025-08-26 08:19:22,0,8,0,0
98213,2025-08-26 08:20:22,0,5,0,0
25893,2025-08-26 08:20:42,1,7,0,0
56397,2025-08-26 08:22:58,1,2,0,0
36276,2025-08-26 08:27:42,1,8,0,0
52231,2025-08-26 08:30:15,0,3,0,0
88777,2025-08-26 08:49:45,1,9,0,0
28031,2025-08-26 08:50:50,0,9,1,364
66934,2025-08-26 08:52:17,0,10,0,0
6127,2025-08-26 09:02:41,1,8,0,0
55087,2025-08-26 09:10:59,0,7,0,0
46307,2025-08-26 09:17:59,0,5,0,0
37672,2025-08-26 09:22:48,0,4,0,0
34340,2025-08-26 09:23:49,0,4,0,0
73744,2025-08-26 09:26:58,0,4,0,0
68275,2025-08-26 09:33:02,1,3,0,0
82774,2025-08-26 09:35:48,0,3,0,0
11053,2025-08-26 09:35:52,0,6,1,251
7083,2025-08-26 09:37:35,0,2,1,333
58974,2025-08-26 09:39:00,0,6,0,0
28388,2025-08-26 09:50:52,0,3,0,0
36657,2025-08-26 09:53:15,0,8,0,0
54647,2025-08-26 09:54:59,0,5,0,0
41183,2025-08-26 10:02:42,0,6,0,0
14210,2025-08-26 10:03:48,1,1,1,559
61873,2025-08-26 10:04:52,0,10,0,0
86147,2025-08-26 10:08:44,0,7,1,445
76075,2025-08-26 10:14:42,0,8,1,305
40564,2025-08-26 10:19:44,1,7,1,592
64521,2025-08-26 10:25:24,0,4,0,0
20875,2025-08-26 10:32:28,1,3,0,0
73744,2025-08-26 10:37:03,0,7,0,0
79511,2025-08-26 10:43:44,0,7,1,343
49570,2025-08-26 10:49:45,0,7,0,0
39882,2025-08-26 10:54:39,0,3,0,0
10271,2025-08-26 11:00:40,0,2,0,0
94427,2025-08-26 11:07:04,0,7,1,566
17492,2025-08-26 11:07:36,0,7,0,0
5052,2025-08-26 11:12:53,1,5,0,0
34608,2025-08-26 11:13:24,0,8,1,581
54552,2025-08-26 11:20:44,0,4,0,0
41810,2025-08-26 11:28:56,1,8,0,0
79868,2025-08-26 11:31:04,1,5,1,481
70473,2025-08-26 11:39:15,0,4,0,0
53463,2025-08-26 11:40:48,1,8,1,426
36565,2025-08-26 11:49:58,0,6,1,469
44987,2025-08-26 11:52:41,0,7,0,0
55263,2025-08-26 11:56:15,0,7,0,0
50177,2025-08-26 12:00:08,0,2,0,0
80700,2025-08-26 12:21:47,1,4,0,0
29643,2025-08-26 12:24:14,1,2,0,0
60382,2025-08-26 12:24:44,1,11,0,0
68523,2025-08-26 12:28:29,0,2,1,730
77689,2025-08-26 12:28:31,1,10,1,293
78913,2025-08-26 12:33:18,0,6,0,0
69915,2025-08-26 12:50:59,0,6,0,0
10355,2025-08-26 12:55:47,0,5,0,0
51262,2025-08-26 12:56:02,1,2,1,463
70415,2025-08-26 13:04:14,0,9,1,338
87485,2025-08-26 13:06:45,0,8,1,849
93395,2025-08-26 13:09:58,1,3,1,348
34326,2025-08-26 13:10:44,0,8,1,305
65694,2025-08-26 13:11:37,1,3,0,0
74657,2025-08-26 13:15:05,0,5,0,0
26822,2025-08-26 13:23:15,0,2,0,0
17016,2025-08-26 13:23:43,0,7,0,0
59977,2025-08-26 13:23:51,1,5,1,502
7834,2025-08-26 13:33:21,0,3,1,304
71149,2025-08-26 13:37:11,0,6,1,435
86796,2025-08-26 13:43:05,1,7,0,0
78938,2025-08-26 13:47:46,1,3,1,505
86151,2025-08-26 13:48:47,0,8,1,342
54104,2025-08-26 13:50:19,0,8,0,0
41436,2025-08-26 13:51:26,0,3,0,0
40301,2025-08-26 13:53:56,0,9,0,0
36560,2025-08-26 13:59:04,0,6,0,0
21150,2025-08-26 14:07:13,0,9,0,0
67130,2025-08-26 14:08:57,0,4,0,0
38701,2025-08-26 14:09:35,0,4,0,0
97124,2025-08-26 14:12:44,0,4,1,356
49769,2025-08-26 14:15:55,1,5,0,0
71664,2025-08-26 14:26:17,0,8,1,462
55376,2025-08-26 14:32:23,0,8,0,0
83558,2025-08-26 14:37:22,1,12,0,0
56463,2025-08-26 14:50:37,0,1,1,445
58535,2025-08-26 15:11:43,0,4,0,0
28379,2025-08-26 15:15:00,0,10,0,0
58007,2025-08-26 15:21:57,1,4,0,0
84564,2025-08-26 15:24:37,1,4,1,212
43418,2025-08-26 15:31:29,1,5,0,0
27691,2025-08-26 15:49:43,1,5,0,0
28261,2025-08-26 15:51:35,1,7,0,0
39882,2025-08-26 15:56:35,0,4,0,0
5052,2025-08-26 16:00:03,0,3,0,0
80746,2025-08-26 16:00:29,0,3,0,0
91824,2025-08-26 16:05:17,0,6,0,0
4599,2025-08-26 16:06:32,0,12,0,0
86507,2025-08-26 16:12:34,0,5,1,377
22223,2025-08-26 16:21:09,1,5,1,458
98213,2025-08-26 16:21:22,0,11,1,428
99085,2025-08-26 16:28:21,0,6,0,0
99218,2025-08-26 16:31:11,0,6,0,0
38291,2025-08-26 16:34:09,0,8,1,349
50309,2025-08-26 16:35:55,1,6,1,488
43773,2025-08-26 16:45:17,0,5,1,277
38795,2025-08-26 16:46:54,0,8,0,0
68350,2025-08-26 16:57:56,0,7,0,0
69741,2025-08-26 17:14:03,0,4,0,0
79159,2025-08-26 17:19:46,1,5,1,347
91824,2025-08-26 17:26:52,0,9,1,410
66855,2025-08-26 17:30:25,0,5,1,349
61817,2025-08-26 17:34:09,0,7,1,375
29124,2025-08-26 17:38:37,0,4,0,0
99804,2025-08-26 17:48:32,0,7,0,0
18721,2025-08-26 17:49:04,1,7,1,361
44843,2025-08-26 17:55:26,0,8,0,0
20146,2025-08-26 17:57:50,1,4,0,0
44779,2025-08-26 18:02:08,0,6,0,0
57333,2025-08-26 18:04:43,0,6,0,0
76114,2025-08-26 18:07:09,0,6,0,0
64711,2025-08-26 18:21:42,1,8,1,354
88541,2025-08-26 18:22:08,0,2,0,0
75020,2025-08-26 18:24:15,0,1,1,430
29007,2025-08-26 18:29:00,1,6,0,0
54168,2025-08-26 18:30:18,1,7,0,0
53406,2025-08-26 18:31:48,0,6,0,0
57942,2025-08-26 18:37:29,0,5,0,0
39441,2025-08-26 18:44:06,0,7,1,449
35138,2025-08-26 18:47:54,0,5,0,0
42686,2025-08-26 18:49:18,0,4,1,237
15826,2025-08-26 18:50:27,1,6,0,0
27778,2025-08-26 18:52:35,0,4,0,0
45688,2025-08-26 18:54:08,0,7,1,331
35286,2025-08-26 18:55:43,0,5,0,0
72159,2025-08-26 19:00:47,0,4,0,0
22223,2025-08-26 19:04:03,1,5,1,418
88938,2025-08-26 19:04:54,1,9,0,0
88541,2025-08-26 19:10:00,0,5,0,0
61296,2025-08-26 19:16:00,1,13,1,447
40338,2025-08-26 19:16:50,0,8,0,0
53481,2025-08-26 19:20:23,0,8,0,0
13181,2025-08-26 19:22:42,1,6,0,0
14710,2025-08-26 19:23:45,0,5,1,234
9934,2025-08-26 19:25:28,1,11,0,0
90658,2025-08-26 19:26:09,0,5,0,0
20742,2025-08-26 19:26:30,0,4,0,0
89256,2025-08-26 19:26:33,0,5,1,455
40196,2025-08-26 19:41:13,0,5,1,262
31225,2025-08-26 19:42:31,1,4,0,0
71529,2025-08-26 19:45:02,1,5,0,0
7756,2025-08-26 19:48:22,1,4,0,0
80896,2025-08-26 19:50:36,0,5,0,0
2029,2025-08-26 19:53:33,0,2,0,0
44272,2025-08-26 19:54:09,0,6,1,509
60852,2025-08-26 19:56:03,0,6,0,0
75700,2025-08-26 19:57:53,0,4,1,376
28342,2025-08-26 19:58:01,0,4,0,0
21119,2025-08-26 20:01:22,0,4,0,0
43995,2025-08-26 20:06:16,0,5,0,0
69934,2025-08-26 20:06:48,1,6,0,0
76276,2025-08-26 20:06:51,0,2,0,0
5389,2025-08-26 20:08:14,0,3,1,297
81750,2025-08-26 20:08:45,0,8,0,0
41491,2025-08-26 20:24:40,0,8,0,0
93422,2025-08-26 20:34:01,0,9,0,0
81288,2025-08-26 20:39:31,0,8,0,0
89133,2025-08-26 20:48:27,1,4,0,0
20357,2025-08-26 20:49:14,0,12,0,0
79977,2025-08-26 20:53:01,0,0,0,0
68596,2025-08-26 20:58:12,1,9,1,712
41649,2025-08-26 21:01:56,0,4,0,0
40804,2025-08-26 21:04:39,0,7,0,0
74657,2025-08-26 21:06:41,0,8,0,0
7672,2025-08-26 21:20:19,0,5,1,318
37490,2025-08-26 21:23:06,0,8,1,409
16667,2025-08-26 21:29:26,1,1,1,378
76354,2025-08-26 21:33:35,1,7,0,0
46307,2025-08-26 21:39:48,0,6,1,618
42571,2025-08-26 21:43:31,1,3,0,0
87485,2025-08-26 21:50:09,0,0,0,0
2267,2025-08-26 21:56:50,0,6,1,603
13556,2025-08-26 22:00:09,0,8,1,337
67933,2025-08-26 22:00:45,1,6,0,0
23295,2025-08-26 22:05:35,0,4,0,0
96867,2025-08-26 22:07:34,1,8,1,662
92936,2025-08-26 22:14:13,0,6,0,0
38701,2025-08-26 22:26:06,0,6,1,464
36255,2025-08-26 22:45:10,0,2,0,0
31182,2025-08-26 22:57:51,1,6,1,362
94023,2025-08-26 22:59:52,0,7,0,0
85611,2025-08-26 23:01:17,1,8,1,517
88466,2025-08-26 23:09:12,0,8,1,403
76250,2025-08-26 23:09:27,0,9,0,0
57290,2025-08-26 23:18:09,0,6,1,880
61641,2025-08-26 23:22:04,0,9,0,0
13931,2025-08-26 23:33:50,1,7,0,0
56219,2025-08-26 23:41:16,1,5,0,0
99810,2025-08-26 23:43:44,0,6,1,998
41436,2025-08-26 23:50:09,0,5,1,542
45866,2025-08-26 23:54:04,0,8,0,0
94312,2025-08-26 23:55:37,0,5,0,0
20298,2025-08-26 23:57:03,0,5,0,0
82055,2025-08-26 23:57:25,0,6,0,0
40876,2025-08-27 00:00:26,0,12,0,0
94286,2025-08-27 00:04:59,0,5,0,0
98331,2025-08-27 00:14:46,1,8,1,724
16503,2025-08-27 00:26:46,1,8,0,0
59977,2025-08-27 00:32:34,1,4,1,408
26092,2025-08-27 00:52:20,1,12,0,0
92867,2025-08-27 00:54:20,0,7,0,0
31881,2025-08-27 01:00:00,1,9,0,0
46307,2025-08-27 01:07:14,0,10,0,0
59977,2025-08-27 01:11:46,0,8,1,418
60392,2025-08-27 01:20:37,0,5,0,0
31186,2025-08-27 01:32:43,0,10,0,0
28286,2025-08-27 01:38:45,0,4,0,0
10276,2025-08-27 02:15:06,0,6,0,0
86507,2025-08-27 02:20:40,1,7,0,0
7818,2025-08-27 02:21:24,0,4,0,0
65726,2025-08-27 02:41:35,0,6,0,0
38177,2025-08-27 02:42:08,1,5,0,0
570,2025-08-27 02:42:10,0,5,0,0
77689,2025-08-27 02:47:16,0,5,0,0
66670,2025-08-27 02:52:41,0,5,0,0
60184,2025-08-27 02:59:51,0,4,1,566
96776,2025-08-27 03:20:16,0,7,1,348
40896,2025-08-27 03:27:55,0,4,1,370
40289,2025-08-27 03:42:42,1,8,0,0
88460,2025-08-27 03:49:15,1,4,0,0
45406,2025-08-27 03:54:59,1,11,0,0
33618,2025-08-27 03:56:17,0,5,0,0
7818,2025-08-27 03:57:11,0,2,0,0
80294,2025-08-27 04:29:20,0,10,0,0
69363,2025-08-27 04:33:00,1,5,0,0
69611,2025-08-27 04:47:26,0,8,1,445
41186,2025-08-27 04:53:51,0,8,0,0
69236,2025-08-27 04:55:38,0,12,0,0
40196,2025-08-27 05:05:18,1,3,0,0
75841,2025-08-27 05:19:16,1,5,0,0
35308,2025-08-27 05:27:37,0,4,1,856
33385,2025-08-27 05:43:22,1,3,1,503
84442,2025-08-27 05:44:05,1,6,1,419
8778,2025-08-27 05:50:28,1,2,0,0
29315,2025-08-27 06:32:44,1,7,1,425
40937,2025-08-27 06:33:56,0,6,1,464
10007,2025-08-27 06:41:37,0,5,0,0
13085,2025-08-27 06:48:23,0,3,0,0
5434,2025-08-27 06:53:28,1,3,0,0
62646,2025-08-27 07:03:12,0,5,0,0
96867,2025-08-27 07:06:04,0,7,1,347
56482,2025-08-27 07:11:46,1,0,0,0
38641,2025-08-27 07:40:51,1,12,1,317
12354,2025-08-27 07:43:24,0,6,0,0
61817,2025-08-27 07:44:13,0,8,0,0
78175,2025-08-27 07:44:23,0,8,0,0
74707,2025-08-27 07:50:37,0,7,0,0
26969,2025-08-27 07:51:22,0,5,0,0
61396,2025-08-27 08:04:34,0,3,0,0
97773,2025-08-27 08:23:51,0,4,0,0
9968,2025-08-27 08:36:00,1,1,0,0
66354,2025-08-27 08:36:23,0,6,1,428
18848,2025-08-27 08:38:47,1,3,1,387
97696,2025-08-27 08:46:18,0,6,0,0
45601,2025-08-27 08:48:55,0,8,1,588
26258,2025-08-27 08:51:29,0,3,0,0
34151,2025-08-27 08:52:53,0,3,0,0
39787,2025-08-27 08:58:15,0,7,0,0
95616,2025-08-27 09:01:53,1,8,1,331
75024,2025-08-27 09:01:59,0,7,0,0
13366,2025-08-27 09:02:37,0,5,0,0
54476,2025-08-27 09:04:25,0,10,0,0
46529,2025-08-27 09:11:03,1,6,0,0
54602,2025-08-27 09:18:44,0,6,0,0
14452,2025-08-27 09:32:16,0,6,0,0
63344,2025-08-27 09:33:25,0,4,0,0
78746,2025-08-27 09:38:39,1,8,0,0
60852,2025-08-27 09:48:56,1,5,0,0
54685,2025-08-27 09:57:53,0,6,1,634
93342,2025-08-27 10:17:10,0,5,0,0
44987,2025-08-27 10:18:54,0,5,1,379
97773,2025-08-27 10:19:34,0,4,0,0
31288,2025-08-27 10:20:55,0,7,0,0
73119,2025-08-27 10:33:25,0,5,1,631
70415,2025-08-27 10:33:35,1,6,0,0
55525,2025-08-27 10:55:22,1,3,0,0
942,2025-08-27 10:55:33,1,4,1,671
84397,2025-08-27 10:56:03,0,5,0,0
73606,2025-08-27 10:56:23,0,7,0,0
43299,2025-08-27 10:58:58,0,9,1,233
31416,2025-08-27 11:02:12,0,5,0,0
18456,2025-08-27 11:17:04,1,4,1,476
1235,2025-08-27 11:19:01,0,12,1,485
25454,2025-08-27 11:19:08,0,7,1,534
87579,2025-08-27 11:23:17,1,9,0,0
98963,2025-08-27 11:29:28,0,6,0,0
43299,2025-08-27 11:29:32,1,10,0,0
3978,2025-08-27 11:31:54,1,4,0,0
79244,2025-08-27 11:33:10,0,3,0,0
77238,2025-08-27 11:40:20,0,10,0,0
80441,2025-08-27 11:55:16,0,7,1,211
93422,2025-08-27 11:55:59,1,5,0,0
54980,2025-08-27 11:58:31,0,7,1,492
11861,2025-08-27 12:03:34,1,5,1,884
37377,2025-08-27 12:09:28,0,2,0,0
4136,2025-08-27 12:13:43,0,13,0,0
47616,2025-08-27 12:16:26,0,3,0,0
44709,2025-08-27 12:26:59,0,8,1,427
29124,2025-08-27 12:28:35,0,4,0,0
19481,2025-08-27 12:36:13,1,8,0,0
86198,2025-08-27 12:36:25,1,7,1,351
98804,2025-08-27 12:43:40,0,5,1,373
54085,2025-08-27 12:47:16,0,3,0,0
1115,2025-08-27 13:01:32,1,4,1,348
84565,2025-08-27 13:02:45,1,8,1,451
72100,2025-08-27 13:03:24,0,5,0,0
58627,2025-08-27 13:11:25,1,5,0,0
34032,2025-08-27 13:17:16,0,3,0,0
88106,2025-08-27 13:21:57,0,6,0,0
68350,2025-08-27 13:25:22,1,6,0,0
8097,2025-08-27 13:26:34,1,4,0,0
77934,2025-08-27 13:27:35,0,7,0,0
61949,2025-08-27 13:30:47,0,7,1,201
72585,2025-08-27 13:31:23,1,3,1,442
18931,2025-08-27 13:33:48,0,3,0,0
99804,2025-08-27 13:35:07,1,7,1,307
97879,2025-08-27 13:41:45,0,7,0,0
29578,2025-08-27 13:42:51,0,6,0,0
9146,2025-08-27 13:51:11,0,6,0,0
78349,2025-08-27 13:54:10,1,7,0,0
19861,2025-08-27 13:57:42,1,6,1,629
30781,2025-08-27 14:01:59,0,5,0,0
92217,2025-08-27 14:02:25,1,5,0,0
71826,2025-08-27 14:03:11,0,6,0,0
47980,2025-08-27 14:12:17,0,7,0,0
15300,2025-08-27 14:18:46,0,7,0,0
56706,2025-08-27 14:21:27,0,8,0,0
61286,2025-08-27 14:29:57,0,5,0,0
7085,2025-08-27 14:32:21,1,10,1,742
15401,2025-08-27 14:37:59,1,8,0,0
26267,2025-08-27 14:45:39,0,4,0,0
6111,2025-08-27 14:46:13,0,6,0,0
61847,2025-08-27 14:51:54,0,6,0,0
56939,2025-08-27 14:53:16,1,3,1,631
86553,2025-08-27 14:56:19,0,3,1,477
50202,2025-08-27 14:56:22,0,8,1,320
4732,2025-08-27 14:56:49,1,15,1,390
11331,2025-08-27 15:04:30,1,3,0,0
38718,2025-08-27 15:08:54,0,8,0,0
4440,2025-08-27 15:17:06,1,6,0,0
77884,2025-08-27 15:26:56,1,5,1,305
87831,2025-08-27 15:32:11,0,6,1,312
46474,2025-08-27 15:37:30,0,6,0,0
90786,2025-08-27 15:41:58,0,5,0,0
46529,2025-08-27 15:42:59,0,7,0,0
2784,2025-08-27 15:47:36,0,5,1,511
74645,2025-08-27 15:52:58,0,6,0,0
68110,2025-08-27 15:58:41,1,3,0,0
15348,2025-08-27 15:59:53,1,6,1,350
68350,2025-08-27 16:00:32,0,4,1,399
41942,2025-08-27 16:06:12,0,5,1,491
66288,2025-08-27 16:06:31,0,7,0,0
31913,2025-08-27 16:18:31,1,4,1,189
17497,2025-08-27 16:25:19,0,4,0,0
89871,2025-08-27 16:27:41,0,5,1,510
59007,2025-08-27 16:28:54,1,11,1,490
93816,2025-08-27 16:30:40,0,6,0,0
22210,2025-08-27 16:31:07,1,6,1,251
29384,2025-08-27 16:35:52,1,8,0,0
56397,2025-08-27 16:37:45,0,10,1,410
56463,2025-08-27 16:39:11,0,9,0,0
22864,2025-08-27 16:49:44,1,2,0,0
84564,2025-08-27 16:50:07,1,7,1,295
35308,2025-08-27 16:50:18,0,7,0,0
79868,2025-08-27 16:50:35,0,10,0,0
64100,2025-08-27 16:52:59,0,9,1,357
9111,2025-08-27 16:57:32,0,6,0,0
47485,2025-08-27 16:57:39,0,7,0,0
62893,2025-08-27 16:58:46,1,5,0,0
54643,2025-08-27 17:00:13,0,2,0,0
77720,2025-08-27 17:01:43,0,3,0,0
66214,2025-08-27 17:07:26,1,6,0,0
4394,2025-08-27 17:14:13,0,8,0,0
58596,2025-08-27 17:20:24,0,5,0,0
39787,2025-08-27 17:26:16,0,8,0,0
77000,2025-08-27 17:45:40,1,9,0,0
72133,2025-08-27 17:48:54,0,3,1,512
80211,2025-08-27 17:49:42,1,4,1,507
15603,2025-08-27 17:52:55,1,6,1,361
91431,2025-08-27 17:56:37,0,6,1,371
97608,2025-08-27 18:04:47,0,7,1,295
92936,2025-08-27 18:06:36,0,7,1,184
62719,2025-08-27 18:07:15,0,5,0,0
2994,2025-08-27 18:12:01,0,8,0,0
37650,2025-08-27 18:17:58,0,10,0,0
31171,2025-08-27 18:24:00,1,7,0,0
15348,2025-08-27 18:24:19,0,7,0,0
36248,2025-08-27 18:24:34,1,6,0,0
22169,2025-08-27 18:29:53,0,8,0,0
95793,2025-08-27 18:32:23,0,2,0,0
12519,2025-08-27 18:35:27,1,7,0,0
48742,2025-08-27 18:37:42,0,7,0,0
9294,2025-08-27 18:46:16,1,5,1,367
37384,2025-08-27 18:46:22,0,4,0,0
67503,2025-08-27 18:59:21,0,10,0,0
11609,2025-08-27 19:05:16,0,6,0,0
74347,2025-08-27 19:11:05,1,4,0,0
76250,2025-08-27 19:16:58,1,5,0,0
16922,2025-08-27 19:18:06,1,12,0,0
34457,2025-08-27 19:20:29,1,7,0,0
80065,2025-08-27 19:22:07,0,7,0,0
71247,2025-08-27 19:27:06,1,5,0,0
67503,2025-08-27 19:27:53,0,4,0,0
89256,2025-08-27 19:38:42,1,8,0,0
5464,2025-08-27 19:40:41,0,6,0,0
31297,2025-08-27 19:43:07,0,8,0,0
1817,2025-08-27 19:50:57,0,2,0,0
27116,2025-08-27 19:55:36,0,7,0,0
66214,2025-08-27 19:55:45,1,5,0,0
89256,2025-08-27 19:55:50,0,1,0,0
19861,2025-08-27 19:58:07,0,5,1,567
69292,2025-08-27 20:00:02,0,5,0,0
91948,2025-08-27 20:03:25,0,5,0,0
82124,2025-08-27 20:07:18,1,7,0,0
86796,2025-08-27 20:09:24,0,8,0,0
79971,2025-08-27 20:12:37,0,8,0,0
12519,2025-08-27 20:23:09,0,3,0,0
31153,2025-08-27 20:27:26,0,8,0,0
83264,2025-08-27 20:30:19,0,2,1,420
80869,2025-08-27 20:32:39,0,3,0,0
8785,2025-08-27 20:50:53,0,4,0,0
54552,2025-08-27 20:50:56,1,4,1,480
36187,2025-08-27 20:52:04,1,4,0,0
33229,2025-08-27 20:55:17,0,8,0,0
1995,2025-08-27 21:01:17,0,2,0,0
53714,2025-08-27 21:02:43,0,11,1,310
15593,2025-08-27 21:03:51,1,10,1,314
65241,2025-08-27 21:04:04,0,6,0,0
38036,2025-08-27 21:08:11,0,9,1,249
96204,2025-08-27 21:13:48,0,4,0,0
8920,2025-08-27 21:14:02,0,3,0,0
76566,2025-08-27 21:14:12,0,9,1,483
59848,2025-08-27 21:16:28,0,5,1,336
34259,2025-08-27 21:22:06,0,8,0,0
83194,2025-08-27 21:23:01,0,5,0,0
30148,2025-08-27 21:26:03,0,9,1,664
93432,2025-08-27 21:26:16,1,4,1,314
34633,2025-08-27 21:27:25,0,6,0,0
91497,2025-08-27 21:43:08,0,4,1,460
51642,2025-08-27 21:44:39,1,10,0,0
74034,2025-08-27 21:45:00,1,9,0,0
53463,2025-08-27 21:51:17,0,8,1,297
88460,2025-08-27 21:53:25,0,3,0,0
6127,2025-08-27 21:58:37,1,6,0,0
47734,2025-08-27 22:06:30,1,8,1,359
3595,2025-08-27 22:06:50,0,10,0,0
57879,2025-08-27 22:08:33,1,9,1,388
95638,2025-08-27 22:12:58,0,3,1,504
75620,2025-08-27 22:13:13,1,6,0,0
4565,2025-08-27 22:14:54,1,6,0,0
26969,2025-08-27 22:20:23,0,4,0,0
24817,2025-08-27 22:21:55,0,8,1,690
2317,2025-08-27 22:23:00,0,7,1,376
46967,2025-08-27 22:25:40,0,6,0,0
31225,2025-08-27 22:26:22,0,4,1,245
58372,2025-08-27 22:35:28,0,9,0,0
16392,2025-08-27 22:43:50,0,5,0,0
54160,2025-08-27 22:48:52,0,7,0,0
14738,2025-08-27 22:49:56,0,4,1,206
80486,2025-08-27 22:50:35,1,5,0,0
36811,2025-08-27 22:53:15,1,8,0,0
47108,2025-08-27 22:59:00,0,4,1,661
92717,2025-08-27 23:02:01,0,5,0,0
54643,2025-08-27 23:06:22,0,4,1,339
57942,2025-08-27 23:10:22,0,11,1,274
51229,2025-08-27 23:11:50,0,4,0,0
19298,2025-08-27 23:18:02,0,5,0,0
26407,2025-08-27 23:19:47,0,9,1,542
78457,2025-08-27 23:27:44,1,3,0,0
75024,2025-08-27 23:31:35,1,3,1,313
5606,2025-08-27 23:33:46,0,5,0,0
40578,2025-08-27 23:35:09,0,5,0,0
17497,2025-08-27 23:39:06,0,3,1,594
88110,2025-08-27 23:41:19,0,4,1,390
42252,2025-08-27 23:43:28,0,6,0,0
96537,2025-08-27 23:44:45,1,8,0,0
60392,2025-08-27 23:53:32,1,6,0,0
51309,2025-08-28 00:13:57,0,11,0,0
18575,2025-08-28 00:15:05,0,5,0,0
5572,2025-08-28 00:18:42,1,1,0,0
99952,2025-08-28 00:22:37,0,5,1,744
55428,2025-08-28 00:27:57,0,7,1,315
83921,2025-08-28 00:34:21,0,4,0,0
84422,2025-08-28 00:37:47,0,5,0,0
9665,2025-08-28 00:44:14,0,6,0,0
79794,2025-08-28 00:46:05,0,4,0,0
48144,2025-08-28 00:59:24,0,4,0,0
38036,2025-08-28 01:19:08,1,6,1,423
71826,2025-08-28 01:25:27,0,6,0,0
6193,2025-08-28 01:25:57,0,5,0,0
2210,2025-08-28 01:34:55,0,4,1,402
16588,2025-08-28 01:42:54,1,8,1,328
23225,2025-08-28 01:45:35,0,10,1,350
88981,2025-08-28 02:00:42,0,10,0,0
43583,2025-08-28 02:04:34,0,5,1,157
55234,2025-08-28 02:24:29,1,8,0,0
1067,2025-08-28 02:42:33,0,4,0,0
96091,2025-08-28 02:51:52,0,10,0,0
93422,2025-08-28 02:54:28,0,6,1,585
3375,2025-08-28 03:04:54,0,9,0,0
87341,2025-08-28 03:07:36,0,3,0,0
38663,2025-08-28 03:14:11,0,8,1,299
30239,2025-08-28 03:44:48,1,11,0,0
34326,2025-08-28 03:57:15,0,8,0,0
43358,2025-08-28 04:01:07,0,7,1,621
92458,2025-08-28 04:03:08,0,6,1,345
81402,2025-08-28 04:04:34,0,4,1,485
92572,2025-08-28 04:05:09,0,7,0,0
96305,2025-08-28 04:05:33,0,6,0,0
8778,2025-08-28 04:35:30,0,11,0,0
20940,2025-08-28 04:49:02,0,5,1,389
90415,2025-08-28 04:49:03,0,10,0,0
46967,2025-08-28 04:52:40,0,12,0,0
39906,2025-08-28 05:00:36,1,2,0,0
88106,2025-08-28 05:02:33,0,6,0,0
54160,2025-08-28 05:03:43,0,5,1,258
83264,2025-08-28 05:16:59,0,11,1,475
19861,2025-08-28 05:34:43,0,3,0,0
22805,2025-08-28 05:40:12,0,3,0,0
95631,2025-08-28 05:40:33,1,4,0,0
85226,2025-08-28 05:43:11,0,4,1,576
26092,2025-08-28 05:59:21,0,3,1,532
69377,2025-08-28 05:59:54,1,6,1,333
61817,2025-08-28 06:26:29,1,8,0,0
78095,2025-08-28 06:26:43,0,7,0,0
68748,2025-08-28 06:38:48,1,4,1,384
57473,2025-08-28 06:43:34,0,12,1,252
77689,2025-08-28 07:00:55,1,6,1,364
39441,2025-08-28 07:01:42,0,6,0,0
95981,2025-08-28 07:08:50,1,7,0,0
49570,2025-08-28 07:19:22,0,2,0,0
44133,2025-08-28 07:20:58,0,9,0,0
89227,2025-08-28 07:23:53,0,11,0,0
73452,2025-08-28 07:32:34,1,5,1,427
15950,2025-08-28 07:33:14,0,7,0,0
36376,2025-08-28 07:46:20,0,8,0,0
31441,2025-08-28 07:49:44,0,5,0,0
90754,2025-08-28 07:49:55,0,5,0,0
38795,2025-08-28 08:01:17,1,5,0,0
33019,2025-08-28 08:02:59,0,5,1,660
76074,2025-08-28 08:18:39,0,7,0,0
70804,2025-08-28 08:28:55,1,9,0,0
30746,2025-08-28 08:30:08,0,6,1,339
53689,2025-08-28 08:32:19,0,7,0,0
98804,2025-08-28 08:34:20,0,4,0,0
54476,2025-08-28 08:39:09,1,6,1,460
58939,2025-08-28 08:39:12,0,9,0,0
11331,2025-08-28 08:47:56,1,8,1,390
38640,2025-08-28 08:48:32,0,3,0,0
74285,2025-08-28 09:03:46,0,8,0,0
13363,2025-08-28 09:11:49,1,3,1,336
31408,2025-08-28 09:15:11,0,7,0,0
31208,2025-08-28 09:17:45,0,8,0,0
76074,2025-08-28 09:17:45,1,6,0,0
15475,2025-08-28 09:21:24,0,6,0,0
80896,2025-08-28 09:25:58,0,12,1,399
70804,2025-08-28 09:34:25,0,7,0,0
32134,2025-08-28 09:35:19,0,5,1,456
18692,2025-08-28 09:43:22,0,6,0,0
96170,2025-08-28 09:43:37,1,4,0,0
14017,2025-08-28 09:48:21,0,6,1,294
92134,2025-08-28 09:54:21,0,5,1,565
36892,2025-08-28 09:56:03,1,9,1,466
91653,2025-08-28 10:08:32,0,3,0,0
17796,2025-08-28 10:11:55,0,5,0,0
57473,2025-08-28 10:12:52,0,8,1,268
67777,2025-08-28 10:14:24,0,4,0,0
79078,2025-08-28 10:18:22,1,8,1,344
40608,2025-08-28 10:23:38,0,6,0,0
2180,2025-08-28 10:23:49,1,8,1,413
57936,2025-08-28 10:24:01,1,5,1,420
28447,2025-08-28 10:26:16,0,7,0,0
97255,2025-08-28 10:26:40,0,4,0,0
85130,2025-08-28 10:28:02,1,7,1,372
75925,2025-08-28 10:28:51,1,10,0,0
21131,2025-08-28 10:33:29,0,8,1,170
87558,2025-08-28 10:35:22,0,9,1,495
77029,2025-08-28 10:54:42,0,8,1,300
97637,2025-08-28 11:01:40,0,11,0,0
80859,2025-08-28 11:04:41,0,3,0,0
32212,2025-08-28 11:05:23,0,3,1,433
30148,2025-08-28 11:06:33,0,6,0,0
11812,2025-08-28 11:12:02,0,5,0,0
80065,2025-08-28 11:12:09,0,7,0,0
88849,2025-08-28 11:12:41,0,3,0,0
35892,2025-08-28 11:18:16,0,4,1,407
68076,2025-08-28 11:18:22,0,4,0,0
92458,2025-08-28 11:20:17,0,8,1,308
15826,2025-08-28 11:31:14,0,4,0,0
31171,2025-08-28 11:32:08,1,5,0,0
60465,2025-08-28 11:35:04,0,7,1,248
90381,2025-08-28 11:36:32,0,4,0,0
21203,2025-08-28 11:39:03,1,3,0,0
307,2025-08-28 11:42:14,0,8,0,0
73119,2025-08-28 11:42:38,1,9,0,0
38742,2025-08-28 11:48:48,1,7,0,0
91497,2025-08-28 11:50:10,0,4,0,0
78311,2025-08-28 11:56:22,0,7,0,0
80382,2025-08-28 11:57:33,0,5,0,0
65076,2025-08-28 12:01:07,0,9,0,0
17849,2025-08-28 12:03:29,0,8,0,0
15029,2025-08-28 12:04:41,0,6,0,0
86547,2025-08-28 12:07:12,0,11,1,237
15475,2025-08-28 12:11:20,0,3,0,0
18197,2025-08-28 12:12:59,1,5,0,0
80145,2025-08-28 12:24:33,0,6,0,0
20146,2025-08-28 12:25:03,0,7,1,486
43673,2025-08-28 12:26:43,0,4,1,304
68748,2025-08-28 12:27:19,1,3,1,598
7508,2025-08-28 12:27:27,0,6,0,0
91522,2025-08-28 12:29:29,1,9,0,0
45893,2025-08-28 12:32:21,1,8,0,0
47777,2025-08-28 12:34:56,0,8,1,860
69930,2025-08-28 12:38:21,0,6,1,437
53147,2025-08-28 12:39:07,0,7,1,416
86147,2025-08-28 12:39:21,0,3,0,0
84422,2025-08-28 12:40:05,0,2,0,0
41436,2025-08-28 12:40:07,0,2,1,638
1817,2025-08-28 13:07:45,0,6,0,0
18290,2025-08-28 13:11:32,0,5,1,631
68141,2025-08-28 13:13:49,0,7,0,0
57869,2025-08-28 13:24:17,0,6,0,0
55003,2025-08-28 13:26:15,1,7,0,0
80286,2025-08-28 13:28:31,0,6,1,474
40196,2025-08-28 13:32:03,0,4,1,388
32212,2025-08-28 13:33:59,0,5,0,0
45058,2025-08-28 13:34:31,0,6,0,0
32227,2025-08-28 13:34:57,1,10,0,0
11609,2025-08-28 13:38:13,1,10,1,303
11684,2025-08-28 13:48:17,0,6,1,311
10395,2025-08-28 13:49:07,1,4,0,0
2180,2025-08-28 13:51:18,0,7,0,0
3946,2025-08-28 13:59:06,0,7,0,0
81519,2025-08-28 14:01:58,0,12,0,0
54644,2025-08-28 14:07:48,0,8,0,0
69292,2025-08-28 14:09:42,0,4,0,0
74242,2025-08-28 14:10:13,0,9,1,335
66431,2025-08-28 14:11:29,0,7,0,0
71149,2025-08-28 14:19:39,0,6,0,0
70343,2025-08-28 14:29:11,0,9,0,0
31297,2025-08-28 14:32:20,0,7,0,0
18721,2025-08-28 14:35:18,1,7,0,0
705,2025-08-28 14:43:08,0,4,1,371
23840,2025-08-28 14:49:04,0,5,1,580
29124,2025-08-28 14:56:32,0,4,0,0
94312,2025-08-28 14:57:22,0,5,1,360
20545,2025-08-28 15:01:07,0,9,1,482
19298,2025-08-28 15:06:41,0,7,0,0
12183,2025-08-28 15:08:34,0,5,1,494
10406,2025-08-28 15:11:45,0,9,1,477
16188,2025-08-28 15:11:49,0,4,0,0
43358,2025-08-28 15:15:32,1,5,0,0
77414,2025-08-28 15:15:55,0,2,1,254
91119,2025-08-28 15:16:41,1,8,0,0
18197,2025-08-28 15:42:51,1,8,0,0
82460,2025-08-28 15:47:13,0,4,0,0
89497,2025-08-28 15:48:08,0,4,1,409
38701,2025-08-28 15:49:01,0,7,0,0
19990,2025-08-28 15:49:58,0,9,0,0
92554,2025-08-28 15:53:47,0,8,0,0
99955,2025-08-28 15:54:02,1,6,0,0
58223,2025-08-28 16:01:46,0,5,0,0
27649,2025-08-28 16:12:29,1,6,1,447
26969,2025-08-28 16:14:26,0,5,0,0
97592,2025-08-28 16:22:03,1,7,0,0
83074,2025-08-28 16:32:49,1,8,0,0
32968,2025-08-28 16:36:45,0,4,0,0
95981,2025-08-28 16:52:01,0,4,1,453
66326,2025-08-28 16:56:41,0,2,1,380
967,2025-08-28 16:57:18,0,8,0,0
14452,2025-08-28 17:02:29,0,7,0,0
22147,2025-08-28 17:05:14,0,9,0,0
47734,2025-08-28 17:06:47,1,6,0,0
98331,2025-08-28 17:09:31,0,3,1,450
16425,2025-08-28 17:11:21,1,9,0,0
43397,2025-08-28 17:11:54,0,8,0,0
28286,2025-08-28 17:13:48,0,6,0,0
38718,2025-08-28 17:18:29,0,2,0,0
27140,2025-08-28 17:23:18,0,8,0,0
68197,2025-08-28 17:28:57,1,5,1,368
73571,2025-08-28 17:29:21,0,5,0,0
68596,2025-08-28 17:30:57,0,7,0,0
33072,2025-08-28 17:37:20,1,5,0,0
19686,2025-08-28 17:46:14,0,6,0,0
47734,2025-08-28 17:49:44,0,4,0,0
58637,2025-08-28 17:50:27,0,7,1,414
56397,2025-08-28 18:10:17,0,5,0,0
16425,2025-08-28 18:13:12,0,7,1,534
24164,2025-08-28 18:21:36,0,4,0,0
23373,2025-08-28 18:29:59,0,8,0,0
94436,2025-08-28 18:33:34,0,6,1,367
23295,2025-08-28 18:36:19,0,4,1,616
18848,2025-08-28 18:36:53,1,6,0,0
41702,2025-08-28 18:37:55,0,7,0,0
47449,2025-08-28 18:40:38,0,6,1,328
92134,2025-08-28 18:41:51,0,7,1,411
30876,2025-08-28 18:52:11,1,10,1,463
44987,2025-08-28 19:16:03,0,8,0,0
87530,2025-08-28 19:17:22,0,11,0,0
56219,2025-08-28 19:21:46,0,11,0,0
37919,2025-08-28 19:27:08,0,7,0,0
11331,2025-08-28 19:34:06,0,6,1,779
15401,2025-08-28 19:34:46,1,5,0,0
60184,2025-08-28 19:37:28,0,6,1,577
31913,2025-08-28 19:39:18,1,7,1,549
42867,2025-08-28 19:41:19,0,10,1,376
52088,2025-08-28 19:57:21,0,7,0,0
58117,2025-08-28 20:07:17,0,7,0,0
24817,2025-08-28 20:18:15,0,5,0,0
80185,2025-08-28 20:27:15,1,6,1,315
35286,2025-08-28 20:34:57,0,7,0,0
67117,2025-08-28 20:41:03,1,5,0,0
76276,2025-08-28 20:45:12,0,7,0,0
99312,2025-08-28 20:47:34,0,9,1,493
65159,2025-08-28 20:50:14,0,5,0,0
3291,2025-08-28 20:52:10,0,7,1,338
62743,2025-08-28 20:53:32,0,6,1,429
50753,2025-08-28 20:54:44,1,4,1,768
54166,2025-08-28 20:56:37,0,4,1,476
61883,2025-08-28 20:56:47,0,8,0,0
78591,2025-08-28 21:10:58,0,12,0,0
65219,2025-08-28 21:12:14,0,3,0,0
72133,2025-08-28 21:13:39,0,11,1,388
9111,2025-08-28 21:20:45,0,6,0,0
65241,2025-08-28 21:21:30,0,1,1,877
61949,2025-08-28 21:21:46,0,6,0,0
44453,2025-08-28 21:23:27,0,5,0,0
14320,2025-08-28 21:24:35,0,8,0,0
18579,2025-08-28 21:30:00,1,12,1,325
42170,2025-08-28 21:31:31,0,3,0,0
57869,2025-08-28 21:32:31,0,10,0,0
45652,2025-08-28 21:38:12,0,4,1,307
96306,2025-08-28 21:56:49,0,6,0,0
3095,2025-08-28 21:58:27,0,5,0,0
5572,2025-08-28 22:07:20,0,6,0,0
72216,2025-08-28 22:08:59,1,5,0,0
75899,2025-08-28 22:15:18,0,8,0,0
66288,2025-08-28 22:15:52,1,8,0,0
77037,2025-08-28 22:19:23,0,5,1,209
58259,2025-08-28 22:20:17,1,3,0,0
18848,2025-08-28 22:21:35,0,8,0,0
75700,2025-08-28 22:26:25,0,6,0,0
33751,2025-08-28 22:27:43,0,4,0,0
4030,2025-08-28 22:39:39,1,9,0,0
40289,2025-08-28 22:47:22,0,3,0,0
54614,2025-08-28 22:56:45,0,10,1,557
43773,2025-08-28 22:57:11,0,7,0,0
39787,2025-08-28 22:59:03,0,13,0,0
97124,2025-08-28 23:01:25,1,4,1,405
18973,2025-08-28 23:02:57,0,2,0,0
64343,2025-08-28 23:05:33,0,3,1,742
16667,2025-08-28 23:08:54,1,2,0,0
9572,2025-08-28 23:09:33,0,6,1,374
5389,2025-08-28 23:22:54,1,6,0,0
18105,2025-08-28 23:24:15,0,3,0,0
40289,2025-08-28 23:28:22,0,7,0,0
42867,2025-08-28 23:35:25,0,4,0,0
91601,2025-08-28 23:43:53,0,5,0,0
96001,2025-08-28 23:48:21,0,3,1,487
92458,2025-08-28 23:50:27,0,4,0,0
32579,2025-08-29 00:01:30,1,9,1,270
51402,2025-08-29 00:48:20,1,4,0,0
90415,2025-08-29 00:49:36,0,5,0,0
27059,2025-08-29 01:10:12,1,8,1,425
98756,2025-08-29 01:10:15,0,6,0,0
46070,2025-08-29 01:10:27,0,1,1,613
63376,2025-08-29 01:15:12,1,3,0,0
16377,2025-08-29 01:24:20,1,5,1,548
68209,2025-08-29 01:31:47,1,4,0,0
74063,2025-08-29 01:34:08,0,6,0,0
75925,2025-08-29 01:45:54,0,3,0,0
34006,2025-08-29 01:57:13,0,3,1,600
91653,2025-08-29 01:59:53,1,2,0,0
31913,2025-08-29 02:06:30,1,9,1,299
69363,2025-08-29 02:07:40,1,7,0,0
31182,2025-08-29 02:22:15,0,4,0,0
97701,2025-08-29 02:27:52,0,12,0,0
18665,2025-08-29 02:33:59,0,4,0,0
15950,2025-08-29 02:35:41,0,6,0,0
98331,2025-08-29 02:45:57,0,7,1,647
18377,2025-08-29 02:48:28,1,7,0,0
9007,2025-08-29 02:55:56,1,4,0,0
61949,2025-08-29 03:02:57,0,4,0,0
45525,2025-08-29 03:08:00,0,6,1,566
45515,2025-08-29 03:20:02,0,7,1,306
74347,2025-08-29 03:21:07,0,5,0,0
8117,2025-08-29 03:22:49,0,6,0,0
98963,2025-08-29 03:25:54,1,5,0,0
13181,2025-08-29 03:45:57,0,4,0,0
55256,2025-08-29 03:48:31,0,5,0,0
74714,2025-08-29 03:53:01,0,3,0,0
69814,2025-08-29 04:03:40,1,9,0,0
59220,2025-08-29 04:09:24,0,4,1,417
62786,2025-08-29 04:18:20,0,6,0,0
65159,2025-08-29 04:22:05,0,4,1,534
2812,2025-08-29 04:24:59,0,4,0,0
6446,2025-08-29 04:45:31,0,7,0,0
36248,2025-08-29 05:02:32,1,9,1,625
38790,2025-08-29 05:04:38,0,3,0,0
61176,2025-08-29 05:40:55,0,1,0,0
6981,2025-08-29 05:51:47,1,6,1,495
93986,2025-08-29 06:06:46,1,7,0,0
54614,2025-08-29 06:13:20,1,10,0,0
14959,2025-08-29 06:39:50,0,5,1,514
77934,2025-08-29 06:41:39,0,5,0,0
69292,2025-08-29 06:48:47,0,5,0,0
25670,2025-08-29 06:51:16,0,8,0,0
78401,2025-08-29 06:54:11,0,6,0,0
67093,2025-08-29 07:13:09,0,6,0,0
79511,2025-08-29 07:16:41,0,5,1,331
66063,2025-08-29 07:21:29,1,8,0,0
84564,2025-08-29 07:31:27,0,4,1,307
99671,2025-08-29 07:38:25,0,4,1,262
48348,2025-08-29 07:54:48,1,4,0,0
64991,2025-08-29 08:09:10,0,4,0,0
94898,2025-08-29 08:09:47,0,5,0,0
3034,2025-08-29 08:21:01,0,8,0,0
8514,2025-08-29 08:31:17,1,4,0,0
3595,2025-08-29 08:31:54,0,8,0,0
78197,2025-08-29 08:34:50,1,5,0,0
96867,2025-08-29 08:35:21,0,9,0,0
77116,2025-08-29 08:37:57,0,11,0,0
27140,2025-08-29 08:38:31,0,6,1,343
75781,2025-08-29 08:50:13,0,7,1,398
49419,2025-08-29 08:51:19,1,3,0,0
35094,2025-08-29 08:55:02,0,7,0,0
45475,2025-08-29 09:08:31,0,3,0,0
99933,2025-08-29 09:10:14,0,5,0,0
48736,2025-08-29 09:12:09,1,3,0,0
6127,2025-08-29 09:14:35,1,7,1,317
71693,2025-08-29 09:15:09,0,4,0,0
73744,2025-08-29 09:34:43,0,4,0,0
14333,2025-08-29 09:41:16,0,5,0,0
40638,2025-08-29 09:44:22,0,5,0,0
92069,2025-08-29 09:48:31,0,4,0,0
49436,2025-08-29 10:05:01,0,7,0,0
9294,2025-08-29 10:08:44,0,6,0,0
90415,2025-08-29 10:10:33,1,7,0,0
54160,2025-08-29 10:16:59,0,10,0,0
18731,2025-08-29 10:22:19,0,3,0,0
33229,2025-08-29 10:29:13,1,5,0,0
5052,2025-08-29 10:30:24,0,6,0,0
77832,2025-08-29 10:32:25,0,5,0,0
33123,2025-08-29 10:35:02,0,6,1,598
77414,2025-08-29 10:36:29,0,4,0,0
5643,2025-08-29 10:37:45,0,9,0,0
97608,2025-08-29 10:39:39,0,8,1,688
18721,2025-08-29 10:48:49,1,3,0,0
45103,2025-08-29 10:49:23,0,6,1,558
67669,2025-08-29 10:49:44,0,1,1,366
78913,2025-08-29 10:49:56,0,4,0,0
48236,2025-08-29 10:56:10,0,7,1,280
6229,2025-08-29 11:00:40,1,7,1,442
1235,2025-08-29 11:06:55,0,7,0,0
78746,2025-08-29 11:07:06,0,7,0,0
84305,2025-08-29 11:09:25,1,9,0,0
34151,2025-08-29 11:11:25,0,7,0,0
42035,2025-08-29 11:27:05,1,8,1,686
25893,2025-08-29 11:38:05,0,8,1,462
56795,2025-08-29 11:48:37,0,6,0,0
77049,2025-08-29 11:59:55,1,10,1,306
91653,2025-08-29 12:02:35,1,7,0,0
95616,2025-08-29 12:07:21,0,3,0,0
77238,2025-08-29 12:11:28,0,6,0,0
42252,2025-08-29 12:17:22,1,4,0,0
83264,2025-08-29 12:28:43,1,8,1,374
43094,2025-08-29 12:31:10,0,9,0,0
61664,2025-08-29 12:31:58,0,7,1,315
942,2025-08-29 12:35:59,1,3,1,715
64927,2025-08-29 12:38:55,1,4,0,0
58223,2025-08-29 12:41:07,0,8,1,346
78033,2025-08-29 12:42:36,0,6,0,0
69741,2025-08-29 12:45:13,0,7,1,290
49852,2025-08-29 12:45:31,0,3,1,549
91653,2025-08-29 12:50:37,1,3,0,0
36279,2025-08-29 12:51:49,0,5,0,0
23097,2025-08-29 12:58:53,0,6,0,0
83340,2025-08-29 13:00:42,0,11,0,0
36453,2025-08-29 13:16:23,0,5,1,584
88459,2025-08-29 13:19:40,1,6,0,0
88777,2025-08-29 13:21:08,1,5,1,308
2267,2025-08-29 13:28:53,0,5,1,885
22147,2025-08-29 13:34:45,1,4,0,0
8814,2025-08-29 13:38:55,0,10,0,0
9665,2025-08-29 13:45:29,0,5,0,0
18931,2025-08-29 13:54:30,1,3,0,0
39441,2025-08-29 13:55:10,1,7,0,0
49062,2025-08-29 13:55:32,0,2,1,454
28031,2025-08-29 13:57:35,1,6,0,0
24460,2025-08-29 14:00:46,1,7,0,0
4732,2025-08-29 14:01:07,0,4,0,0
43995,2025-08-29 14:06:50,0,5,0,0
27059,2025-08-29 14:07:27,0,10,0,0
39543,2025-08-29 14:14:52,1,8,1,270
67200,2025-08-29 14:15:20,0,7,0,0
57382,2025-08-29 14:17:16,0,12,0,0
68336,2025-08-29 14:22:39,0,3,1,420
47777,2025-08-29 14:25:03,0,6,1,642
74870,2025-08-29 14:27:40,0,12,1,437
26105,2025-08-29 14:29:29,0,8,0,0
76469,2025-08-29 14:42:11,1,3,1,591
67917,2025-08-29 14:43:15,1,9,0,0
97065,2025-08-29 14:47:58,1,6,0,0
9007,2025-08-29 14:48:59,0,5,0,0
51146,2025-08-29 14:55:18,1,8,1,448
11053,2025-08-29 14:58:20,0,10,0,0
38971,2025-08-29 14:58:27,1,5,0,0
93402,2025-08-29 14:59:11,0,7,0,0
5473,2025-08-29 15:01:56,1,1,0,0
49436,2025-08-29 15:12:15,0,5,1,404
29124,2025-08-29 15:12:26,0,3,1,324
29124,2025-08-29 15:12:39,1,11,1,213
77116,2025-08-29 15:17:05,1,3,0,0
58974,2025-08-29 15:17:35,0,1,1,518
31288,2025-08-29 15:21:23,0,3,0,0
39230,2025-08-29 15:29:09,0,3,1,386
44453,2025-08-29 15:30:53,0,6,1,878
87579,2025-08-29 15:35:10,0,4,0,0
27465,2025-08-29 15:35:49,1,6,0,0
32579,2025-08-29 15:36:54,0,5,0,0
15401,2025-08-29 15:37:30,0,13,1,380
82223,2025-08-29 15:40:39,0,6,0,0
77037,2025-08-29 15:41:57,0,4,1,378
43754,2025-08-29 15:44:59,0,4,1,365
7672,2025-08-29 15:49:10,0,8,0,0
65726,2025-08-29 15:54:25,0,5,0,0
67720,2025-08-29 15:54:28,0,5,0,0
11684,2025-08-29 15:54:52,1,6,0,0
61873,2025-08-29 16:10:39,0,3,0,0
47401,2025-08-29 16:11:01,0,7,0,0
6593,2025-08-29 16:11:08,0,9,0,0
34340,2025-08-29 16:12:32,1,4,0,0
58197,2025-08-29 16:16:22,0,8,0,0
74242,2025-08-29 16:16:41,0,5,0,0
57399,2025-08-29 16:28:34,0,8,0,0
29589,2025-08-29 16:37:47,0,3,0,0
18302,2025-08-29 16:45:55,1,9,0,0
54614,2025-08-29 16:47:53,1,7,0,0
98855,2025-08-29 16:51:10,0,2,0,0
44272,2025-08-29 16:58:14,1,11,0,0
85911,2025-08-29 17:03:37,0,7,1,475
35697,2025-08-29 17:08:57,0,4,0,0
33751,2025-08-29 17:20:38,0,9,0,0
2616,2025-08-29 17:32:07,1,5,0,0
44453,2025-08-29 17:34:32,1,6,0,0
9793,2025-08-29 17:34:56,1,10,0,0
92069,2025-08-29 17:36:53,1,4,0,0
25636,2025-08-29 17:37:14,0,10,0,0
71779,2025-08-29 17:38:40,0,7,0,0
39543,2025-08-29 17:40:46,0,4,0,0
73631,2025-08-29 17:48:46,0,6,0,0
72741,2025-08-29 17:52:15,0,4,0,0
87067,2025-08-29 17:56:14,0,8,0,0
8117,2025-08-29 18:01:48,0,10,1,471
21550,2025-08-29 18:09:22,0,6,0,0
58117,2025-08-29 18:14:54,0,4,0,0
52563,2025-08-29 18:15:57,0,9,0,0
67777,2025-08-29 18:20:00,0,9,0,0
16188,2025-08-29 18:21:08,0,10,0,0
91824,2025-08-29 18:22:08,1,8,0,0
79794,2025-08-29 18:33:43,0,9,0,0
41040,2025-08-29 18:35:00,1,6,0,0
33019,2025-08-29 18:39:12,1,5,0,0
16353,2025-08-29 18:42:21,0,9,0,0
87900,2025-08-29 18:42:34,0,12,1,434
76004,2025-08-29 18:42:47,0,5,0,0
64991,2025-08-29 18:47:23,0,4,1,352
91653,2025-08-29 18:48:08,0,6,1,608
30542,2025-08-29 18:50:58,0,3,0,0
99979,2025-08-29 18:53:47,0,11,0,0
4019,2025-08-29 18:53:50,0,6,1,298
94436,2025-08-29 18:54:44,1,5,0,0
29589,2025-08-29 18:57:14,1,5,1,364
77238,2025-08-29 18:59:11,0,5,0,0
4961,2025-08-29 19:08:56,0,7,0,0
9793,2025-08-29 19:11:27,1,1,0,0
59497,2025-08-29 19:12:32,1,5,0,0
7153,2025-08-29 19:15:01,0,4,1,500
80420,2025-08-29 19:30:50,0,3,0,0
69377,2025-08-29 19:40:48,1,5,0,0
42650,2025-08-29 19:45:27,1,5,1,950
56693,2025-08-29 19:50:03,0,6,0,0
26258,2025-08-29 19:56:42,0,4,0,0
91601,2025-08-29 20:03:24,0,7,0,0
89133,2025-08-29 20:03:36,0,5,0,0
46773,2025-08-29 20:04:06,1,10,0,0
85911,2025-08-29 20:07:16,0,6,0,0
48515,2025-08-29 20:12:47,1,6,1,580
32968,2025-08-29 20:14:21,0,5,0,0
41432,2025-08-29 20:22:12,0,6,0,0
75620,2025-08-29 20:24:40,0,2,1,297
52563,2025-08-29 20:32:28,0,2,1,436
70666,2025-08-29 20:32:59,1,5,1,421
76045,2025-08-29 20:33:11,1,6,0,0
15597,2025-08-29 20:34:29,0,4,0,0
29464,2025-08-29 20:36:32,1,11,0,0
87908,2025-08-29 20:43:55,0,5,0,0
68778,2025-08-29 20:43:57,0,2,0,0
35188,2025-08-29 20:57:46,1,7,0,0
72029,2025-08-29 21:00:25,1,8,0,0
80254,2025-08-29 21:07:48,0,8,0,0
84305,2025-08-29 21:09:49,1,15,0,0
51642,2025-08-29 21:16:14,1,9,0,0
70666,2025-08-29 21:17:23,1,5,0,0
34373,2025-08-29 21:23:09,0,6,0,0
93869,2025-08-29 21:27:07,0,13,1,734
7399,2025-08-29 21:27:48,0,2,0,0
16922,2025-08-29 21:31:57,0,4,1,454
77116,2025-08-29 21:35:55,1,6,0,0
94926,2025-08-29 21:39:44,1,4,1,293
69611,2025-08-29 21:41:06,0,8,0,0
3772,2025-08-29 21:45:16,1,7,0,0
68209,2025-08-29 21:45:36,0,6,1,595
2616,2025-08-29 21:47:58,1,4,0,0
50052,2025-08-29 21:53:49,0,6,1,358
16922,2025-08-29 21:54:03,0,6,0,0
47401,2025-08-29 21:56:00,0,6,0,0
38718,2025-08-29 22:03:32,1,9,0,0
8238,2025-08-29 22:04:49,1,5,1,487
33849,2025-08-29 22:07:45,1,4,1,458
18946,2025-08-29 22:10:21,0,3,0,0
91522,2025-08-29 22:18:26,1,11,1,486
964,2025-08-29 22:23:25,1,6,1,968
19128,2025-08-29 22:26:49,0,4,1,571
34087,2025-08-29 22:31:26,0,5,0,0
26501,2025-08-29 22:37:15,0,7,1,363
77238,2025-08-29 22:46:53,0,8,1,479
30105,2025-08-29 22:47:04,0,6,0,0
16353,2025-08-29 22:49:28,0,6,0,0
79868,2025-08-29 22:50:43,0,2,0,0
88648,2025-08-29 23:09:46,1,2,0,0
14675,2025-08-29 23:13:46,1,5,0,0
18377,2025-08-29 23:19:46,1,4,0,0
78197,2025-08-29 23:36:08,1,7,1,233
69450,2025-08-29 23:39:44,0,1,1,204
7399,2025-08-29 23:40:00,1,8,0,0
78913,2025-08-29 23:41:47,0,5,0,0
71247,2025-08-29 23:48:07,0,7,1,675
28286,2025-08-29 23:50:32,1,3,0,0
78785,2025-08-30 00:15:10,0,3,0,0
46070,2025-08-30 00:39:54,0,6,0,0
26369,2025-08-30 00:42:32,0,10,1,152
53814,2025-08-30 00:43:32,1,6,1,413
34032,2025-08-30 00:45:23,0,8,0,0
10971,2025-08-30 00:52:44,1,7,0,0
79078,2025-08-30 00:58:37,0,11,1,554
58259,2025-08-30 00:58:48,1,7,0,0
36443,2025-08-30 01:02:17,1,4,0,0
66265,2025-08-30 01:11:27,0,2,1,352
88865,2025-08-30 01:16:55,1,6,0,0
80065,2025-08-30 01:21:37,0,6,0,0
21203,2025-08-30 01:28:23,0,7,0,0
36047,2025-08-30 01:33:49,0,11,1,318
73569,2025-08-30 01:38:37,0,8,0,0
7719,2025-08-30 01:45:28,0,8,0,0
44719,2025-08-30 01:53:14,0,5,1,356
6967,2025-08-30 01:59:15,0,12,0,0
60917,2025-08-30 02:19:27,0,4,0,0
87908,2025-08-30 02:20:20,0,13,0,0
83320,2025-08-30 02:23:29,1,10,0,0
81487,2025-08-30 02:25:52,0,8,1,436
11861,2025-08-30 02:31:49,0,6,0,0
69633,2025-08-30 02:37:33,0,5,0,0
79814,2025-08-30 02:38:12,0,9,0,0
57942,2025-08-30 02:47:43,0,5,0,0
59848,2025-08-30 03:31:06,1,8,1,338
65922,2025-08-30 03:44:16,0,8,0,0
18197,2025-08-30 03:50:45,0,4,0,0
61176,2025-08-30 03:55:13,1,6,0,0
71826,2025-08-30 04:05:53,1,3,1,323
86553,2025-08-30 04:15:12,1,7,0,0
77934,2025-08-30 04:18:49,0,2,0,0
73119,2025-08-30 04:25:22,0,10,1,506
49436,2025-08-30 04:30:21,0,5,0,0
44272,2025-08-30 04:40:02,0,7,0,0
64245,2025-08-30 04:40:45,1,7,0,0
80721,2025-08-30 04:59:58,0,3,0,0
51765,2025-08-30 05:17:31,1,6,0,0
20960,2025-08-30 05:23:10,0,5,1,646
73806,2025-08-30 05:26:37,0,3,0,0
82223,2025-08-30 05:26:53,0,7,0,0
67804,2025-08-30 05:34:49,0,4,0,0
68415,2025-08-30 05:39:21,0,10,1,272
65922,2025-08-30 05:42:54,0,7,0,0
62537,2025-08-30 05:54:39,1,7,0,0
44577,2025-08-30 06:03:13,0,7,1,317
64711,2025-08-30 06:15:35,0,8,0,0
88459,2025-08-30 06:19:28,1,5,0,0
15053,2025-08-30 06:26:12,0,5,0,0
23162,2025-08-30 06:27:17,0,5,0,0
41183,2025-08-30 06:44:48,0,7,0,0
37490,2025-08-30 07:04:57,1,4,1,277
57875,2025-08-30 07:17:24,1,4,1,336
18575,2025-08-30 07:33:34,1,6,0,0
78746,2025-08-30 07:40:18,0,11,1,337
45475,2025-08-30 07:45:09,0,4,0,0
58223,2025-08-30 07:45:12,0,5,0,0
66261,2025-08-30 07:49:48,0,3,1,259
62786,2025-08-30 07:54:31,0,4,1,366
16503,2025-08-30 08:00:24,0,5,0,0
42548,2025-08-30 08:03:30,0,2,0,0
81750,2025-08-30 08:07:21,0,6,1,594
33154,2025-08-30 08:12:28,0,6,0,0
4433,2025-08-30 08:22:28,0,11,0,0
15173,2025-08-30 08:22:56,0,1,1,403
52231,2025-08-30 08:28:29,0,6,0,0
18579,2025-08-30 08:28:45,1,7,0,0
1067,2025-08-30 08:30:11,0,3,1,843
88574,2025-08-30 08:31:49,1,6,1,225
78175,2025-08-30 08:32:25,0,6,1,515
96776,2025-08-30 08:41:38,1,3,0,0
13962,2025-08-30 08:46:25,0,9,0,0
65205,2025-08-30 08:51:44,0,12,0,0
16969,2025-08-30 08:54:02,0,9,1,655
47485,2025-08-30 08:54:11,0,5,1,349
84305,2025-08-30 08:54:30,1,6,0,0
49817,2025-08-30 08:54:58,1,4,0,0
93422,2025-08-30 08:58:57,0,5,0,0
57875,2025-08-30 09:08:04,0,9,1,558
9298,2025-08-30 09:10:13,0,6,0,0
78801,2025-08-30 09:12:17,0,4,0,0
29087,2025-08-30 09:12:37,0,5,0,0
51112,2025-08-30 09:13:34,1,7,1,288
49769,2025-08-30 09:20:58,0,3,0,0
35188,2025-08-30 09:24:17,0,5,0,0
64087,2025-08-30 09:24:50,1,0,1,385
83134,2025-08-30 09:29:00,1,10,0,0
37051,2025-08-30 09:34:23,0,5,0,0
83024,2025-08-30 09:36:52,0,6,0,0
56996,2025-08-30 10:07:31,0,6,0,0
7719,2025-08-30 10:07:50,1,5,0,0
58702,2025-08-30 10:13:20,0,8,1,416
59406,2025-08-30 10:16:36,0,7,1,199
55041,2025-08-30 10:18:40,0,3,0,0
82147,2025-08-30 10:20:47,0,9,1,381
4961,2025-08-30 10:21:24,0,4,0,0
51332,2025-08-30 10:29:29,0,5,1,478
79814,2025-08-30 10:38:30,0,2,0,0
76114,2025-08-30 10:47:03,0,4,0,0
70219,2025-08-30 10:52:50,0,5,0,0
60282,2025-08-30 11:00:32,0,6,0,0
23630,2025-08-30 11:12:02,1,7,1,378
75700,2025-08-30 11:12:26,1,5,0,0
38513,2025-08-30 11:17:10,0,4,0,0
12196,2025-08-30 11:19:20,0,7,0,0
36101,2025-08-30 11:19:33,0,2,0,0
60382,2025-08-30 11:28:19,0,5,0,0
70804,2025-08-30 11:36:08,0,8,0,0
24996,2025-08-30 11:42:11,1,8,0,0
40862,2025-08-30 11:44:20,1,5,0,0
39594,2025-08-30 11:53:48,1,9,1,905
50177,2025-08-30 11:55:14,0,4,0,0
20710,2025-08-30 12:01:02,1,7,0,0
15713,2025-08-30 12:05:30,0,3,0,0
44133,2025-08-30 12:09:32,0,8,0,0
55577,2025-08-30 12:09:55,1,5,0,0
18055,2025-08-30 12:10:13,1,8,1,317
75020,2025-08-30 12:15:29,0,8,0,0
1668,2025-08-30 12:25:14,0,4,0,0
46070,2025-08-30 12:25:17,1,6,1,479
18848,2025-08-30 12:30:25,0,6,0,0
1995,2025-08-30 12:30:28,0,8,1,318
49062,2025-08-30 12:30:59,1,5,1,285
79574,2025-08-30 12:31:35,0,6,0,0
11517,2025-08-30 12:37:00,0,7,1,646
68523,2025-08-30 12:39:19,0,5,0,0
46667,2025-08-30 12:41:20,0,6,1,821
78251,2025-08-30 12:41:43,0,5,0,0
21365,2025-08-30 12:49:40,0,10,0,0
93395,2025-08-30 12:50:39,0,4,0,0
55375,2025-08-30 12:50:47,0,7,0,0
1995,2025-08-30 12:55:38,0,5,0,0
13533,2025-08-30 13:06:13,0,5,0,0
48630,2025-08-30 13:06:34,0,8,1,669
3825,2025-08-30 13:16:09,1,4,0,0
27097,2025-08-30 13:20:07,1,6,1,520
30679,2025-08-30 13:32:51,0,6,0,0
99085,2025-08-30 13:35:45,0,8,0,0
5464,2025-08-30 13:40:39,0,6,0,0
84389,2025-08-30 13:42:42,1,7,1,415
6981,2025-08-30 13:44:50,1,8,1,432
19183,2025-08-30 13:58:06,1,5,0,0
39230,2025-08-30 14:00:32,0,6,0,0
95180,2025-08-30 14:05:44,1,14,1,348
41186,2025-08-30 14:08:09,0,6,1,979
60316,2025-08-30 14:12:15,0,6,0,0
99085,2025-08-30 14:12:49,0,6,1,369
18665,2025-08-30 14:12:56,0,9,0,0
16209,2025-08-30 14:13:09,0,4,1,369
23295,2025-08-30 14:15:53,0,4,0,0
57290,2025-08-30 14:15:55,0,6,0,0
17849,2025-08-30 14:16:35,0,5,1,614
45893,2025-08-30 14:22:57,1,5,1,386
24921,2025-08-30 14:39:12,0,2,0,0
34373,2025-08-30 14:48:58,1,4,0,0
92308,2025-08-30 14:51:25,0,10,0,0
38591,2025-08-30 14:54:23,0,6,0,0
64521,2025-08-30 15:01:55,0,6,0,0
43874,2025-08-30 15:02:06,1,7,0,0
94427,2025-08-30 15:05:16,1,7,0,0
15512,2025-08-30 15:06:14,0,6,1,639
43184,2025-08-30 15:07:49,0,5,1,751
13206,2025-08-30 15:18:08,0,5,1,232
41186,2025-08-30 15:18:44,0,7,1,317
99933,2025-08-30 15:20:52,1,7,0,0
79820,2025-08-30 15:22:28,0,13,0,0
28801,2025-08-30 15:27:01,0,8,0,0
37752,2025-08-30 15:28:19,0,10,0,0
18377,2025-08-30 15:36:06,0,5,1,473
99218,2025-08-30 15:51:18,0,5,1,778
88574,2025-08-30 15:51:58,1,8,1,319
19298,2025-08-30 15:55:52,0,10,0,0
48849,2025-08-30 15:58:21,0,4,1,733
91601,2025-08-30 15:59:10,0,8,0,0
38790,2025-08-30 15:59:54,0,3,0,0
51916,2025-08-30 16:04:25,0,6,0,0
42650,2025-08-30 16:05:00,0,5,1,856
43984,2025-08-30 16:18:19,0,8,0,0
24148,2025-08-30 16:18:56,0,5,0,0
22805,2025-08-30 16:19:16,0,7,0,0
9138,2025-08-30 16:24:43,0,7,0,0
36101,2025-08-30 16:25:10,0,4,0,0
2317,2025-08-30 16:34:55,1,2,0,0
94421,2025-08-30 16:37:00,0,2,0,0
16085,2025-08-30 16:37:30,0,5,1,314
8117,2025-08-30 16:39:57,0,4,1,390
74687,2025-08-30 16:48:26,0,6,0,0
18302,2025-08-30 16:52:00,0,9,0,0
31297,2025-08-30 16:55:29,1,4,0,0
26324,2025-08-30 16:56:00,1,5,0,0
51518,2025-08-30 16:57:10,1,2,0,0
16191,2025-08-30 16:59:17,1,4,0,0
31718,2025-08-30 17:03:55,1,2,1,444
91497,2025-08-30 17:07:37,1,4,0,0
14740,2025-08-30 17:18:39,0,6,1,441
14838,2025-08-30 17:27:26,1,3,0,0
18931,2025-08-30 17:29:28,0,6,1,412
8920,2025-08-30 17:31:24,1,6,0,0
76899,2025-08-30 17:34:02,0,4,0,0
4961,2025-08-30 17:35:41,0,7,1,436
46070,2025-08-30 17:36:24,1,4,1,591
15053,2025-08-30 17:47:25,0,8,1,280
72159,2025-08-30 17:51:05,0,10,0,0
78591,2025-08-30 17:51:47,0,12,0,0
86574,2025-08-30 17:52:24,1,5,0,0
37793,2025-08-30 17:58:06,0,6,0,0
11609,2025-08-30 18:03:34,0,8,0,0
68804,2025-08-30 18:05:42,0,8,1,491
38591,2025-08-30 18:09:33,0,8,0,0
98331,2025-08-30 18:14:55,0,6,1,595
36443,2025-08-30 18:41:13,1,9,0,0
57399,2025-08-30 18:57:27,1,7,0,0
88208,2025-08-30 19:16:36,0,4,0,0
76414,2025-08-30 19:17:27,1,10,0,0
80869,2025-08-30 19:22:18,0,2,0,0
55663,2025-08-30 19:25:59,0,9,0,0
96006,2025-08-30 19:29:26,0,8,1,289
23162,2025-08-30 19:30:37,1,6,0,0
18721,2025-08-30 19:33:43,0,6,0,0
43984,2025-08-30 19:43:05,0,6,0,0
40564,2025-08-30 19:43:55,0,6,0,0
70804,2025-08-30 20:07:55,0,5,1,491
8044,2025-08-30 20:14:56,0,7,0,0
14624,2025-08-30 20:22:15,1,7,0,0
64245,2025-08-30 20:29:59,1,8,0,0
5665,2025-08-30 20:31:36,0,9,1,484
9286,2025-08-30 20:37:38,1,5,0,0
6106,2025-08-30 20:44:14,0,4,0,0
46541,2025-08-30 20:50:28,1,5,0,0
41942,2025-08-30 20:50:50,1,6,0,0
71149,2025-08-30 20:55:47,1,4,0,0
61396,2025-08-30 21:02:29,0,6,0,0
11996,2025-08-30 21:09:27,0,7,0,0
76455,2025-08-30 21:10:00,1,7,1,531
91017,2025-08-30 21:11:40,0,6,0,0
14149,2025-08-30 21:15:15,0,9,0,0
98421,2025-08-30 21:17:01,0,4,1,388
54643,2025-08-30 21:20:45,0,7,0,0
38718,2025-08-30 21:20:54,1,5,1,313
25580,2025-08-30 21:21:02,0,9,1,348
86882,2025-08-30 21:22:53,0,6,0,0
83194,2025-08-30 21:26:50,0,7,0,0
6981,2025-08-30 21:38:12,1,0,1,465
19420,2025-08-30 21:40:07,1,4,0,0
20395,2025-08-30 21:46:43,1,4,0,0
75582,2025-08-30 22:02:00,0,6,0,0
81366,2025-08-30 22:10:53,0,6,0,0
92217,2025-08-30 22:17:47,0,6,0,0
11812,2025-08-30 22:18:11,0,6,1,460
68596,2025-08-30 22:19:42,1,5,1,333
90415,2025-08-30 22:21:03,0,4,1,379
58596,2025-08-30 22:22:56,1,7,0,0
92572,2025-08-30 22:30:21,0,5,1,266
42548,2025-08-30 22:30:36,1,5,0,0
55530,2025-08-30 22:31:20,0,9,1,407
24083,2025-08-30 23:02:09,1,2,0,0
77934,2025-08-30 23:02:28,0,4,0,0
94421,2025-08-30 23:04:37,1,6,1,361
61483,2025-08-30 23:05:28,0,3,0,0
26267,2025-08-30 23:07:58,0,3,1,238
52980,2025-08-30 23:11:13,1,6,0,0
35351,2025-08-30 23:15:11,1,3,0,0
57290,2025-08-30 23:16:22,0,7,1,345
70947,2025-08-30 23:30:04,0,3,1,536
92069,2025-08-30 23:32:39,1,7,1,756
59497,2025-08-30 23:36:00,0,7,0,0
29578,2025-08-30 23:38:20,0,10,0,0
88865,2025-08-30 23:42:26,1,2,0,0
30876,2025-08-30 23:45:09,1,9,0,0
27892,2025-08-30 23:46:16,0,2,0,0
85726,2025-08-31 00:11:52,0,6,0,0
75582,2025-08-31 00:16:37,1,5,0,0
91431,2025-08-31 00:17:34,0,5,0,0
2029,2025-08-31 00:18:53,0,5,1,321
78746,2025-08-31 00:25:08,0,5,1,339
8514,2025-08-31 00:34:15,0,7,0,0
32968,2025-08-31 00:36:02,0,1,0,0
34885,2025-08-31 00:57:35,0,10,0,0
76030,2025-08-31 01:13:26,0,9,0,0
41183,2025-08-31 01:28:16,0,5,1,360
65694,2025-08-31 01:30:48,0,5,0,0
99085,2025-08-31 01:40:16,0,5,0,0
23295,2025-08-31 01:47:30,1,4,0,0
36279,2025-08-31 01:51:27,0,12,0,0
44453,2025-08-31 01:59:12,0,3,1,308
43673,2025-08-31 02:09:59,0,6,1,258
9138,2025-08-31 02:14:28,1,8,0,0
75899,2025-08-31 02:20:58,0,5,0,0
56706,2025-08-31 02:49:28,0,6,0,0
19128,2025-08-31 02:56:13,0,7,0,0
9296,2025-08-31 02:58:02,1,7,0,0
87900,2025-08-31 03:01:52,0,4,1,484
15401,2025-08-31 03:06:47,0,8,1,301
73793,2025-08-31 03:17:02,1,8,1,296
92069,2025-08-31 03:17:10,1,6,0,0
14990,2025-08-31 03:35:38,0,4,0,0
40196,2025-08-31 03:35:54,1,13,0,0
6127,2025-08-31 03:46:07,0,8,0,0
86828,2025-08-31 03:46:46,0,9,1,469
10406,2025-08-31 03:53:37,0,10,1,477
9296,2025-08-31 03:53:56,0,7,0,0
27605,2025-08-31 04:02:02,0,4,0,0
57290,2025-08-31 04:05:33,0,6,0,0
72805,2025-08-31 04:13:15,0,8,0,0
15593,2025-08-31 04:33:59,0,4,0,0
46448,2025-08-31 04:52:31,1,4,0,0
27649,2025-08-31 04:53:26,0,5,1,607
37100,2025-08-31 04:56:20,1,6,1,330
9007,2025-08-31 04:57:59,0,10,0,0
36866,2025-08-31 05:01:59,0,5,1,542
37384,2025-08-31 05:14:19,1,4,0,0
81599,2025-08-31 05:20:52,0,2,0,0
5572,2025-08-31 05:21:38,1,4,1,730
17497,2025-08-31 05:22:26,0,6,0,0
36430,2025-08-31 05:24:49,1,4,0,0
78251,2025-08-31 05:28:31,1,6,0,0
80926,2025-08-31 05:37:09,1,8,0,0
16353,2025-08-31 05:40:47,0,9,1,623
55663,2025-08-31 06:04:59,0,8,0,0
76030,2025-08-31 06:12:31,1,8,1,266
43184,2025-08-31 06:13:39,0,5,1,410
55839,2025-08-31 06:15:34,0,5,1,596
67200,2025-08-31 06:17:35,1,5,1,572
15169,2025-08-31 06:38:21,0,4,0,0
73793,2025-08-31 06:49:17,0,3,0,0
75899,2025-08-31 06:52:33,0,8,0,0
77392,2025-08-31 06:59:17,0,5,0,0
32134,2025-08-31 07:10:29,1,3,0,0
74034,2025-08-31 07:17:06,0,10,0,0
13962,2025-08-31 07:27:02,0,7,0,0
45515,2025-08-31 07:29:11,1,6,1,294
62064,2025-08-31 07:58:02,0,9,1,567
47320,2025-08-31 08:01:18,0,9,0,0
89736,2025-08-31 08:05:50,1,5,0,0
24817,2025-08-31 08:07:34,0,4,0,0
66063,2025-08-31 08:14:17,0,8,1,357
25454,2025-08-31 08:15:51,0,4,0,0
59848,2025-08-31 08:24:30,0,5,0,0
6193,2025-08-31 08:34:19,0,8,0,0
61884,2025-08-31 08:38:50,0,2,1,396
48144,2025-08-31 08:40:03,0,2,0,0
9298,2025-08-31 08:40:31,0,4,0,0
25636,2025-08-31 08:41:29,0,9,0,0
27465,2025-08-31 08:44:24,0,7,0,0
20467,2025-08-31 08:45:23,0,6,0,0
9296,2025-08-31 08:46:32,0,8,0,0
77029,2025-08-31 08:48:44,0,8,0,0
60184,2025-08-31 09:01:00,1,7,0,0
54835,2025-08-31 09:02:30,0,6,0,0
85500,2025-08-31 09:04:40,1,6,1,491
86101,2025-08-31 09:13:26,0,7,1,494
42686,2025-08-31 09:18:25,0,1,1,403
10971,2025-08-31 09:24:34,0,5,0,0
45475,2025-08-31 09:24:56,0,3,0,0
48348,2025-08-31 09:26:31,0,10,0,0
9146,2025-08-31 09:34:03,0,7,0,0
16392,2025-08-31 09:36:29,0,8,1,413
27465,2025-08-31 09:36:35,0,9,0,0
15401,2025-08-31 09:37:22,0,4,0,0
48348,2025-08-31 09:45:40,1,4,0,0
70947,2025-08-31 09:46:30,0,6,1,588
38835,2025-08-31 09:46:46,0,3,0,0
31612,2025-08-31 09:47:04,0,5,0,0
84422,2025-08-31 09:51:17,1,6,0,0
87067,2025-08-31 09:56:45,1,7,0,0
39777,2025-08-31 09:57:24,0,6,0,0
7508,2025-08-31 09:59:55,0,2,0,0
95281,2025-08-31 10:03:09,0,5,1,547
32053,2025-08-31 10:06:00,0,3,0,0
45652,2025-08-31 10:15:19,0,8,0,0
20545,2025-08-31 10:20:51,0,3,1,486
83558,2025-08-31 10:21:12,0,3,0,0
42377,2025-08-31 10:21:34,1,5,1,557
67089,2025-08-31 10:22:59,0,6,1,376
48399,2025-08-31 10:26:57,0,7,0,0
51765,2025-08-31 10:39:54,0,5,0,0
48348,2025-08-31 10:41:10,0,5,0,0
73452,2025-08-31 10:45:31,0,5,0,0
20457,2025-08-31 10:50:44,0,4,0,0
85911,2025-08-31 10:57:15,1,2,0,0
78197,2025-08-31 10:57:43,0,7,1,556
52070,2025-08-31 10:57:48,0,5,0,0
19686,2025-08-31 10:59:58,0,15,0,0
99952,2025-08-31 11:00:26,0,5,0,0
15053,2025-08-31 11:03:41,0,5,1,230
6111,2025-08-31 11:06:50,1,8,0,0
57382,2025-08-31 11:10:22,1,5,1,278
86553,2025-08-31 11:11:45,1,5,0,0
69895,2025-08-31 11:14:05,0,3,0,0
36376,2025-08-31 11:21:31,1,5,1,390
98855,2025-08-31 11:31:41,0,2,0,0
54685,2025-08-31 11:33:11,1,1,0,0
2317,2025-08-31 11:37:03,1,2,1,349
68340,2025-08-31 11:47:48,1,6,1,407
68415,2025-08-31 11:49:09,0,2,0,0
45087,2025-08-31 11:49:25,0,5,0,0
2359,2025-08-31 11:59:41,0,4,0,0
88648,2025-08-31 12:07:00,1,4,1,541
79794,2025-08-31 12:07:19,0,7,1,416
79814,2025-08-31 12:08:59,1,6,0,0
79868,2025-08-31 12:18:43,0,6,1,453
49852,2025-08-31 12:19:55,0,8,1,369
13472,2025-08-31 12:26:48,1,5,0,0
77392,2025-08-31 12:31:50,0,5,0,0
68433,2025-08-31 12:33:37,0,12,0,0
73806,2025-08-31 12:35:18,0,5,1,369
53854,2025-08-31 12:38:37,0,6,0,0
55525,2025-08-31 12:38:48,0,6,1,442
69934,2025-08-31 12:40:43,0,9,0,0
65985,2025-08-31 12:41:17,0,8,0,0
12038,2025-08-31 12:45:15,1,6,0,0
85912,2025-08-31 12:57:09,0,2,1,715
69930,2025-08-31 12:58:58,0,11,0,0
4732,2025-08-31 13:04:12,1,8,0,0
68141,2025-08-31 13:06:02,0,7,0,0
51112,2025-08-31 13:09:08,1,4,0,0
78913,2025-08-31 13:18:30,0,5,0,0
9688,2025-08-31 13:24:26,0,3,0,0
43482,2025-08-31 13:24:31,1,5,0,0
51229,2025-08-31 13:25:59,0,5,0,0
73569,2025-08-31 13:27:01,1,9,0,0
55999,2025-08-31 13:29:34,0,12,1,409
72100,2025-08-31 13:35:21,0,12,0,0
96460,2025-08-31 13:41:07,0,5,1,600
91601,2025-08-31 13:42:06,1,4,0,0
88110,2025-08-31 13:43:09,0,13,1,179
76430,2025-08-31 13:51:09,0,8,0,0
66063,2025-08-31 13:52:35,0,4,0,0
11609,2025-08-31 13:56:32,0,3,1,612
57964,2025-08-31 13:57:58,1,7,0,0
86132,2025-08-31 14:09:03,0,7,0,0
11996,2025-08-31 14:20:59,0,8,1,487
79971,2025-08-31 14:21:15,0,4,0,0
94023,2025-08-31 14:25:31,1,5,0,0
38895,2025-08-31 14:26:06,0,8,1,426
73606,2025-08-31 14:39:39,0,4,0,0
83235,2025-08-31 14:40:58,1,6,0,0
91443,2025-08-31 14:44:54,0,6,0,0
32698,2025-08-31 14:52:28,0,5,0,0
78095,2025-08-31 14:54:15,1,5,0,0
7221,2025-08-31 14:58:39,0,6,0,0
75700,2025-08-31 14:58:45,1,1,0,0
79078,2025-08-31 14:59:15,0,6,1,371
85912,2025-08-31 14:59:16,0,6,0,0
49570,2025-08-31 14:59:22,0,6,0,0
80886,2025-08-31 14:59:50,0,8,0,0
14826,2025-08-31 15:01:31,0,7,1,457
80211,2025-08-31 15:02:55,0,8,1,340
10355,2025-08-31 15:04:15,0,7,0,0
87558,2025-08-31 15:09:28,1,4,0,0
60139,2025-08-31 15:09:52,1,8,0,0
4019,2025-08-31 15:13:24,0,9,0,0
93693,2025-08-31 15:19:03,0,3,0,0
34633,2025-08-31 15:22:27,0,2,0,0
30932,2025-08-31 15:26:50,0,3,0,0
65478,2025-08-31 15:28:00,0,2,0,0
62072,2025-08-31 15:44:17,0,6,0,0
10406,2025-08-31 15:46:16,1,9,1,432
43754,2025-08-31 15:47:49,1,7,0,0
5389,2025-08-31 15:47:51,0,7,1,539
66288,2025-08-31 15:48:05,0,6,0,0
68784,2025-08-31 15:55:21,0,4,0,0
25580,2025-08-31 16:02:36,0,4,0,0
69377,2025-08-31 16:17:51,0,8,0,0
34087,2025-08-31 16:32:37,0,2,0,0
38866,2025-08-31 16:36:54,1,7,0,0
58641,2025-08-31 16:38:21,1,5,0,0
26105,2025-08-31 16:47:29,0,3,1,691
43497,2025-08-31 16:48:33,0,4,0,0
78706,2025-08-31 16:51:28,1,9,0,0
13472,2025-08-31 16:55:44,0,6,0,0
83340,2025-08-31 16:56:10,0,6,0,0
48348,2025-08-31 17:06:09,0,4,0,0
77238,2025-08-31 17:14:48,0,7,0,0
58671,2025-08-31 17:19:55,1,8,0,0
55851,2025-08-31 17:26:19,1,5,0,0
30105,2025-08-31 17:30:32,0,2,0,0
55851,2025-08-31 17:35:24,1,7,0,0
67539,2025-08-31 17:35:51,0,9,1,549
83157,2025-08-31 17:36:20,0,8,0,0
99804,2025-08-31 17:41:37,0,6,0,0
66261,2025-08-31 17:43:54,0,11,0,0
26369,2025-08-31 17:48:56,0,7,0,0
20545,2025-08-31 17:56:48,0,7,1,479
48348,2025-08-31 18:04:25,0,6,0,0
88574,2025-08-31 18:09:30,0,4,1,345
61783,2025-08-31 18:11:06,0,10,1,437
28261,2025-08-31 18:12:01,0,6,0,0
69292,2025-08-31 18:12:56,0,3,0,0
61363,2025-08-31 18:19:40,0,4,0,0
41183,2025-08-31 18:26:19,1,5,1,342
942,2025-08-31 18:38:50,1,6,1,412
66246,2025-08-31 18:42:48,0,4,0,0
44987,2025-08-31 18:49:07,0,6,1,362
46401,2025-08-31 18:50:12,1,4,1,377
58810,2025-08-31 18:53:14,0,8,0,0
37051,2025-08-31 18:53:35,0,11,1,728
89182,2025-08-31 18:54:37,0,6,0,0
56939,2025-08-31 19:06:08,0,8,0,0
91948,2025-08-31 19:10:59,1,5,0,0
16085,2025-08-31 19:19:29,0,6,0,0
14734,2025-08-31 19:27:32,1,7,1,272
82555,2025-08-31 19:29:39,0,4,0,0
75899,2025-08-31 19:38:48,0,9,1,719
62537,2025-08-31 19:41:22,0,5,0,0
69292,2025-08-31 19:42:06,1,4,1,181
6106,2025-08-31 19:46:25,0,7,0,0
15826,2025-08-31 19:52:29,1,4,0,0
39787,2025-08-31 19:59:45,0,2,0,0
61817,2025-08-31 20:00:22,0,8,0,0
65478,2025-08-31 20:00:43,0,3,0,0
82971,2025-08-31 20:02:10,0,4,1,473
86132,2025-08-31 20:04:00,0,4,1,271
45577,2025-08-31 20:07:43,0,5,0,0
64122,2025-08-31 20:10:24,1,9,0,0
70947,2025-08-31 20:10:29,0,2,1,410
36082,2025-08-31 20:13:09,0,5,1,800
83921,2025-08-31 20:13:52,0,4,0,0
82362,2025-08-31 20:18:04,0,5,1,452
2317,2025-08-31 20:19:03,1,8,1,432
28801,2025-08-31 20:23:02,1,5,0,0
20940,2025-08-31 20:29:29,0,7,1,497
79511,2025-08-31 20:38:44,0,7,0,0
38177,2025-08-31 20:39:53,0,7,0,0
63866,2025-08-31 20:44:45,0,10,1,340
58083,2025-08-31 20:45:49,0,3,1,454
14136,2025-08-31 20:46:23,0,3,1,430
88110,2025-08-31 20:59:30,0,6,0,0
78801,2025-08-31 20:59:51,0,2,0,0
70947,2025-08-31 21:04:21,0,7,1,471
9294,2025-08-31 21:11:37,1,4,1,373
58671,2025-08-31 21:20:48,1,5,0,0
50309,2025-08-31 21:28:07,0,3,0,0
24609,2025-08-31 21:37:09,0,5,0,0
15169,2025-08-31 21:40:01,0,5,1,340
77934,2025-08-31 21:43:49,0,8,1,258
62537,2025-08-31 21:53:15,0,7,0,0
9967,2025-08-31 21:55:52,0,5,1,386
82253,2025-08-31 22:02:48,0,4,1,384
54631,2025-08-31 22:06:31,0,5,1,288
33415,2025-08-31 22:08:39,0,5,0,0
35286,2025-08-31 22:13:16,0,2,0,0
44709,2025-08-31 22:13:39,0,3,0,0
56939,2025-08-31 22:15:01,1,4,0,0
36279,2025-08-31 22:17:39,1,5,0,0
79909,2025-08-31 22:23:39,0,8,0,0
8097,2025-08-31 22:24:26,0,4,1,579
89227,2025-08-31 22:27:15,1,6,0,0
46958,2025-08-31 22:32:14,0,9,0,0
86070,2025-08-31 22:35:15,0,4,0,0
74172,2025-08-31 22:37:25,0,6,0,0
73631,2025-08-31 22:41:59,0,6,0,0
13712,2025-08-31 22:45:59,0,2,0,0
73615,2025-08-31 22:48:21,0,6,0,0
29589,2025-08-31 22:54:00,0,8,1,513
52247,2025-08-31 22:56:49,0,11,1,402
18731,2025-08-31 22:56:56,0,8,0,0
55087,2025-08-31 22:57:18,1,10,1,440
56996,2025-08-31 23:05:44,0,8,0,0
23630,2025-08-31 23:09:16,1,12,0,0
52563,2025-08-31 23:10:04,1,12,1,450
25549,2025-08-31 23:14:44,1,3,0,0
64087,2025-08-31 23:16:43,0,8,0,0
61847,2025-08-31 23:18:53,1,8,0,0
99312,2025-08-31 23:23:05,0,11,0,0
91824,2025-08-31 23:24:55,0,9,0,0
98756,2025-08-31 23:29:17,0,5,0,0
82147,2025-08-31 23:31:04,1,6,1,528
75829,2025-08-31 23:32:56,0,3,0,0
58637,2025-08-31 23:33:13,0,7,0,0
61396,2025-08-31 23:35:06,1,8,0,0
17981,2025-08-31 23:46:04,0,6,1,582
58810,2025-08-31 23:57:03,0,9,1,352
