user_id,session_start_dttm,desktop_flag,session_duration_min,purchase_flag,purchase_amount_rub
23683,2025-09-01 00:24:04,0,7,0,0
76807,2025-09-01 00:30:15,0,6,0,0
45475,2025-09-01 00:40:10,1,2,1,183
32134,2025-09-01 00:44:53,1,5,0,0
70457,2025-09-01 00:52:31,0,7,0,0
79814,2025-09-01 00:54:48,0,6,0,0
80632,2025-09-01 01:07:17,0,6,0,0
31881,2025-09-01 01:21:20,1,5,1,378
16969,2025-09-01 01:21:56,0,5,0,0
99979,2025-09-01 01:31:01,0,7,0,0
73571,2025-09-01 01:33:30,0,3,0,0
16880,2025-09-01 01:44:47,1,8,0,0
14136,2025-09-01 02:04:28,0,4,0,0
97848,2025-09-01 02:09:02,1,3,0,0
34608,2025-09-01 02:11:43,1,2,0,0
45103,2025-09-01 02:14:34,0,4,0,0
9146,2025-09-01 02:45:33,0,9,0,0
2778,2025-09-01 03:07:55,0,5,1,402
85626,2025-09-01 03:16:05,0,5,0,0
9146,2025-09-01 03:20:59,0,8,0,0
41183,2025-09-01 03:34:14,0,2,0,0
14452,2025-09-01 03:35:28,0,9,0,0
37752,2025-09-01 03:55:27,0,6,1,352
10971,2025-09-01 03:55:40,0,4,0,0
97124,2025-09-01 03:58:29,1,4,0,0
54835,2025-09-01 04:11:36,1,5,1,243
41868,2025-09-01 04:15:34,1,7,0,0
8135,2025-09-01 04:55:03,0,9,0,0
58223,2025-09-01 05:08:25,1,5,0,0
57473,2025-09-01 05:16:33,0,6,0,0
45995,2025-09-01 05:16:57,1,5,0,0
15603,2025-09-01 05:22:42,0,3,0,0
76045,2025-09-01 05:42:04,1,6,1,128
20742,2025-09-01 05:56:45,1,6,0,0
48650,2025-09-01 06:00:55,1,8,1,345
1979,2025-09-01 06:08:12,0,9,0,0
88574,2025-09-01 06:25:39,0,4,0,0
77689,2025-09-01 06:26:27,0,3,1,356
54647,2025-09-01 06:33:34,0,6,0,0
94421,2025-09-01 06:35:39,1,6,0,0
75925,2025-09-01 06:39:08,1,8,1,260
68841,2025-09-01 06:39:22,0,2,0,0
82447,2025-09-01 06:44:22,0,5,0,0
77716,2025-09-01 06:51:46,1,6,0,0
18575,2025-09-01 06:55:11,0,5,0,0
8350,2025-09-01 07:10:17,1,6,1,254
89256,2025-09-01 07:45:44,1,7,0,0
61286,2025-09-01 07:47:11,0,8,1,408
76414,2025-09-01 07:51:43,1,4,0,0
89733,2025-09-01 07:52:15,1,7,0,0
94436,2025-09-01 08:03:31,0,9,1,337
55256,2025-09-01 08:07:01,1,5,0,0
35286,2025-09-01 08:08:42,1,3,0,0
6389,2025-09-01 08:15:57,0,4,0,0
67917,2025-09-01 08:24:16,0,4,0,0
49188,2025-09-01 08:31:05,0,9,0,0
12580,2025-09-01 08:48:20,0,7,0,0
94957,2025-09-01 08:54:05,0,7,1,354
9138,2025-09-01 08:58:38,0,10,1,340
88110,2025-09-01 08:59:51,0,8,0,0
99171,2025-09-01 09:20:16,0,11,1,204
6127,2025-09-01 09:20:48,1,4,0,0
13962,2025-09-01 09:21:10,1,5,0,0
9286,2025-09-01 09:23:25,0,9,1,321
23373,2025-09-01 09:24:05,0,7,0,0
90381,2025-09-01 09:29:21,0,5,0,0
57382,2025-09-01 09:29:50,0,10,0,0
29384,2025-09-01 09:35:13,0,4,0,0
38742,2025-09-01 09:42:34,0,8,1,304
45866,2025-09-01 09:43:24,0,6,0,0
39906,2025-09-01 09:56:51,1,6,0,0
27691,2025-09-01 09:57:00,0,5,0,0
88208,2025-09-01 10:07:45,1,5,0,0
18377,2025-09-01 10:11:17,0,8,0,0
48849,2025-09-01 10:23:08,0,5,0,0
89321,2025-09-01 10:27:02,0,5,1,245
59888,2025-09-01 10:27:45,0,8,0,0
6011,2025-09-01 10:31:05,1,8,0,0
56939,2025-09-01 10:31:29,1,6,0,0
38895,2025-09-01 10:38:06,0,4,0,0
85226,2025-09-01 10:42:15,1,6,1,168
97701,2025-09-01 10:45:31,1,3,1,241
38246,2025-09-01 10:52:50,0,4,0,0
45027,2025-09-01 10:56:16,1,3,0,0
9828,2025-09-01 11:30:15,0,8,0,0
28552,2025-09-01 11:32:37,0,8,1,228
89871,2025-09-01 11:35:35,0,4,0,0
8117,2025-09-01 11:37:01,0,7,0,0
68841,2025-09-01 11:55:32,0,6,1,210
16377,2025-09-01 11:59:26,1,3,1,226
54167,2025-09-01 12:04:17,1,7,0,0
41040,2025-09-01 12:09:04,1,7,0,0
84440,2025-09-01 12:10:56,0,6,0,0
61883,2025-09-01 12:13:57,0,8,0,0
22377,2025-09-01 12:26:19,1,7,0,0
35308,2025-09-01 12:28:11,1,5,1,309
50309,2025-09-01 12:35:29,0,7,1,253
55851,2025-09-01 12:39:48,0,5,0,0
79868,2025-09-01 12:49:15,0,7,0,0
54831,2025-09-01 12:50:04,0,3,0,0
66265,2025-09-01 13:02:10,0,6,1,328
19420,2025-09-01 13:03:47,0,5,1,267
95975,2025-09-01 13:07:02,0,3,1,458
4484,2025-09-01 13:10:06,0,9,0,0
96938,2025-09-01 13:10:17,1,7,1,227
89736,2025-09-01 13:12:50,0,10,1,565
70457,2025-09-01 13:17:20,0,7,1,786
54631,2025-09-01 13:17:21,0,6,1,378
23199,2025-09-01 13:25:59,0,9,0,0
32924,2025-09-01 13:33:51,0,8,0,0
90918,2025-09-01 13:39:55,1,7,0,0
94436,2025-09-01 13:40:41,0,7,0,0
16969,2025-09-01 13:42:06,0,8,0,0
54168,2025-09-01 13:59:26,1,4,1,281
48869,2025-09-01 14:10:19,0,7,0,0
43099,2025-09-01 14:12:23,0,4,0,0
64171,2025-09-01 14:26:11,0,8,1,293
68977,2025-09-01 14:26:47,0,5,0,0
59848,2025-09-01 14:33:17,0,9,0,0
10651,2025-09-01 14:35:36,0,8,0,0
58939,2025-09-01 14:37:12,1,2,1,351
39787,2025-09-01 14:39:56,1,5,0,0
15029,2025-09-01 14:48:27,0,7,1,406
29081,2025-09-01 15:07:50,0,2,0,0
12455,2025-09-01 15:08:11,1,6,0,0
36533,2025-09-01 15:09:06,1,4,0,0
55041,2025-09-01 15:12:58,0,8,1,308
14734,2025-09-01 15:18:18,0,8,0,0
75899,2025-09-01 15:23:45,1,11,0,0
3034,2025-09-01 15:47:59,0,9,1,617
84397,2025-09-01 15:55:36,0,5,0,0
35079,2025-09-01 15:59:48,0,6,0,0
36255,2025-09-01 16:10:49,1,5,0,0
40052,2025-09-01 16:10:52,1,7,0,0
14740,2025-09-01 16:12:28,0,6,1,171
67503,2025-09-01 16:15:23,1,7,0,0
67200,2025-09-01 16:17:01,0,6,0,0
24531,2025-09-01 16:19:52,1,11,1,432
82774,2025-09-01 16:21:33,0,6,0,0
77233,2025-09-01 16:22:22,0,3,1,735
6023,2025-09-01 16:24:52,0,3,0,0
78635,2025-09-01 16:25:39,0,7,0,0
82111,2025-09-01 16:29:36,0,5,0,0
99800,2025-09-01 16:32:25,0,5,1,178
71182,2025-09-01 16:51:54,1,4,0,0
18665,2025-09-01 16:57:38,0,7,1,247
68076,2025-09-01 16:58:31,0,8,0,0
68336,2025-09-01 17:00:00,0,7,0,0
40052,2025-09-01 17:01:10,1,5,1,288
31225,2025-09-01 17:05:16,0,3,0,0
93782,2025-09-01 17:09:31,1,4,0,0
98756,2025-09-01 17:13:01,0,8,0,0
37384,2025-09-01 17:14:59,0,5,0,0
28031,2025-09-01 17:17:51,0,7,0,0
6106,2025-09-01 17:27:56,1,7,0,0
16188,2025-09-01 17:32:59,1,4,0,0
25696,2025-09-01 17:34:03,0,8,1,403
9296,2025-09-01 17:37:25,1,5,1,267
22139,2025-09-01 17:38:32,1,5,0,0
18550,2025-09-01 17:38:55,0,3,0,0
53147,2025-09-01 17:39:08,1,7,0,0
25636,2025-09-01 17:45:11,0,2,1,179
46474,2025-09-01 17:46:16,0,8,1,180
66814,2025-09-01 17:54:51,0,6,0,0
93189,2025-09-01 17:59:25,0,4,0,0
9934,2025-09-01 18:00:25,0,4,0,0
490,2025-09-01 18:17:01,0,7,0,0
94868,2025-09-01 18:19:00,1,10,0,0
41186,2025-09-01 18:28:49,1,6,1,355
7317,2025-09-01 18:31:17,0,7,0,0
78311,2025-09-01 18:31:43,0,4,1,617
37490,2025-09-01 18:32:04,0,8,0,0
74285,2025-09-01 18:36:38,0,5,0,0
34885,2025-09-01 18:39:07,0,7,1,408
63227,2025-09-01 18:39:43,0,6,0,0
75442,2025-09-01 18:42:12,0,7,0,0
88208,2025-09-01 18:45:53,0,5,1,356
14380,2025-09-01 18:48:08,1,2,0,0
43583,2025-09-01 18:49:55,0,9,1,407
74779,2025-09-01 18:53:33,0,9,0,0
8044,2025-09-01 18:59:11,0,6,0,0
38133,2025-09-01 19:00:18,1,14,0,0
89649,2025-09-01 19:02:08,1,5,0,0
58671,2025-09-01 19:08:53,1,4,0,0
91431,2025-09-01 19:11:38,0,9,0,0
59888,2025-09-01 19:12:24,1,7,0,0
36565,2025-09-01 19:21:49,1,4,1,807
88258,2025-09-01 19:22:23,0,7,1,249
49783,2025-09-01 19:39:06,1,7,0,0
62646,2025-09-01 19:42:04,0,5,0,0
47335,2025-09-01 20:05:27,0,12,0,0
17849,2025-09-01 20:09:58,0,6,1,234
30521,2025-09-01 20:11:04,0,11,0,0
9146,2025-09-01 20:11:18,1,9,0,0
17839,2025-09-01 20:19:12,0,7,1,1103
65726,2025-09-01 20:24:58,0,4,1,193
48399,2025-09-01 20:30:38,0,5,0,0
22678,2025-09-01 20:30:39,0,7,1,199
31612,2025-09-01 20:53:49,0,3,0,0
31718,2025-09-01 20:55:56,1,10,0,0
25745,2025-09-01 20:57:02,0,12,0,0
85653,2025-09-01 21:02:05,1,3,0,0
54980,2025-09-01 21:08:15,0,6,0,0
79503,2025-09-01 21:10:21,0,10,1,338
74671,2025-09-01 21:15:14,1,4,1,456
74779,2025-09-01 21:16:53,0,4,0,0
59888,2025-09-01 21:23:23,1,5,1,226
97410,2025-09-01 21:26:41,0,14,0,0
65694,2025-09-01 21:47:02,1,12,0,0
42865,2025-09-01 21:47:56,0,4,0,0
13962,2025-09-01 21:55:51,0,8,0,0
62893,2025-09-01 21:59:53,1,4,0,0
84440,2025-09-01 22:00:44,0,9,0,0
98213,2025-09-01 22:01:03,1,2,1,355
25670,2025-09-01 22:06:30,1,5,1,416
78913,2025-09-01 22:06:40,0,11,1,247
45893,2025-09-01 22:08:16,1,6,0,0
26267,2025-09-01 22:08:51,0,6,1,237
45577,2025-09-01 22:15:49,0,7,0,0
5,2025-09-01 22:25:08,0,3,0,0
43299,2025-09-01 22:29:49,1,13,0,0
98350,2025-09-01 22:31:12,0,9,0,0
93986,2025-09-01 22:44:50,0,4,0,0
36453,2025-09-01 22:47:20,1,5,0,0
82124,2025-09-01 22:47:20,1,7,1,274
27416,2025-09-01 22:56:29,0,7,0,0
71164,2025-09-01 22:58:43,0,3,0,0
60139,2025-09-01 23:05:19,1,3,1,355
57942,2025-09-01 23:06:38,0,8,0,0
40876,2025-09-01 23:18:24,0,8,1,440
8785,2025-09-01 23:20:44,0,4,0,0
21570,2025-09-01 23:23:28,1,8,1,188
78706,2025-09-01 23:29:26,0,5,1,265
64176,2025-09-01 23:35:51,0,2,1,457
39543,2025-09-01 23:53:47,1,7,0,0
54085,2025-09-01 23:57:24,1,4,0,0
91017,2025-09-01 23:59:22,0,5,0,0
58223,2025-09-02 00:03:28,0,6,0,0
4959,2025-09-02 00:31:04,0,5,0,0
89370,2025-09-02 01:11:00,0,7,1,405
30746,2025-09-02 01:15:48,0,4,1,501
4732,2025-09-02 01:26:34,1,4,0,0
13472,2025-09-02 01:28:48,0,8,0,0
94436,2025-09-02 01:31:28,0,2,0,0
86132,2025-09-02 01:34:08,1,5,0,0
73606,2025-09-02 01:41:48,0,9,1,314
19611,2025-09-02 01:42:39,1,8,0,0
17849,2025-09-02 01:50:28,0,7,0,0
12163,2025-09-02 02:09:02,0,5,0,0
51437,2025-09-02 02:28:07,0,10,0,0
67804,2025-09-02 02:28:26,0,6,0,0
42460,2025-09-02 02:34:46,0,3,0,0
56857,2025-09-02 02:36:09,0,7,0,0
39777,2025-09-02 02:58:28,0,7,1,229
86429,2025-09-02 02:59:43,1,8,0,0
48562,2025-09-02 03:06:25,1,6,0,0
14787,2025-09-02 03:11:12,1,3,1,334
37919,2025-09-02 03:14:45,0,7,0,0
33250,2025-09-02 03:31:40,1,10,0,0
9294,2025-09-02 03:32:02,1,5,0,0
66214,2025-09-02 03:32:08,1,6,0,0
28388,2025-09-02 03:32:22,1,7,0,0
5464,2025-09-02 03:44:05,0,7,1,447
36811,2025-09-02 04:29:19,0,6,0,0
26324,2025-09-02 04:38:32,0,7,1,332
10971,2025-09-02 04:48:28,0,4,0,0
76600,2025-09-02 04:53:40,1,3,0,0
99078,2025-09-02 04:59:20,1,4,0,0
6111,2025-09-02 05:00:16,0,8,0,0
38641,2025-09-02 05:28:22,0,4,0,0
20146,2025-09-02 05:46:45,0,10,0,0
20911,2025-09-02 05:51:10,1,4,0,0
66288,2025-09-02 05:51:54,0,5,0,0
48869,2025-09-02 06:04:01,0,4,0,0
490,2025-09-02 06:11:47,0,8,0,0
21231,2025-09-02 06:36:09,0,10,0,0
73571,2025-09-02 06:42:06,1,6,1,471
91465,2025-09-02 06:43:15,0,14,0,0
80886,2025-09-02 06:53:02,1,4,0,0
56626,2025-09-02 06:55:35,0,9,0,0
48189,2025-09-02 06:56:28,0,6,0,0
98118,2025-09-02 06:56:35,1,8,1,393
86198,2025-09-02 07:04:44,1,11,1,423
69915,2025-09-02 07:15:21,0,4,1,203
9665,2025-09-02 07:37:31,1,8,0,0
5964,2025-09-02 07:48:50,0,8,0,0
46478,2025-09-02 08:13:04,0,7,1,670
11812,2025-09-02 08:13:28,1,7,0,0
2812,2025-09-02 08:21:58,1,8,0,0
81499,2025-09-02 08:22:55,1,9,0,0
34354,2025-09-02 08:33:02,0,4,0,0
20298,2025-09-02 08:34:03,0,3,0,0
43995,2025-09-02 08:39:17,0,5,0,0
36187,2025-09-02 08:39:53,0,4,0,0
67964,2025-09-02 08:50:55,1,4,0,0
10782,2025-09-02 09:01:38,0,1,1,410
42865,2025-09-02 09:05:08,0,5,0,0
26092,2025-09-02 09:10:36,1,12,1,338
46307,2025-09-02 09:16:50,0,3,0,0
67917,2025-09-02 09:22:17,0,2,1,420
36451,2025-09-02 09:38:22,0,6,1,683
20030,2025-09-02 09:40:50,1,4,0,0
88850,2025-09-02 09:43:12,0,7,0,0
44453,2025-09-02 09:50:28,1,9,0,0
72718,2025-09-02 10:02:54,0,8,1,323
31441,2025-09-02 10:02:55,0,5,0,0
12454,2025-09-02 10:08:22,0,6,0,0
67669,2025-09-02 10:26:30,0,4,0,0
37490,2025-09-02 10:38:05,0,5,0,0
80420,2025-09-02 10:47:10,0,8,1,290
13962,2025-09-02 10:48:48,0,8,1,369
75024,2025-09-02 10:58:00,0,5,1,353
53463,2025-09-02 10:58:07,1,6,0,0
72265,2025-09-02 11:10:14,0,4,0,0
38701,2025-09-02 11:16:48,1,4,1,406
20710,2025-09-02 11:18:57,0,8,0,0
13712,2025-09-02 11:20:58,1,8,0,0
13085,2025-09-02 11:22:26,0,4,0,0
1817,2025-09-02 11:26:30,0,5,0,0
14320,2025-09-02 11:26:35,0,11,1,559
84565,2025-09-02 11:27:22,0,5,0,0
96776,2025-09-02 11:35:54,0,5,0,0
67720,2025-09-02 11:40:41,0,7,1,322
15053,2025-09-02 11:46:15,1,4,1,249
40338,2025-09-02 11:48:27,0,3,0,0
37919,2025-09-02 11:53:40,0,11,1,256
36252,2025-09-02 11:56:57,0,6,0,0
40134,2025-09-02 12:00:35,0,6,0,0
87485,2025-09-02 12:06:20,0,7,0,0
59848,2025-09-02 12:14:53,0,6,0,0
50331,2025-09-02 12:18:15,0,5,0,0
70947,2025-09-02 12:18:25,0,11,0,0
18692,2025-09-02 12:29:40,0,5,1,482
80896,2025-09-02 12:38:08,0,6,0,0
23295,2025-09-02 12:42:20,0,1,0,0
3922,2025-09-02 13:04:10,0,4,0,0
92075,2025-09-02 13:25:47,0,9,1,222
21150,2025-09-02 13:31:39,0,11,0,0
58627,2025-09-02 13:32:20,1,10,1,210
60314,2025-09-02 13:34:29,0,4,1,281
85703,2025-09-02 13:35:12,1,9,1,204
96460,2025-09-02 13:46:06,0,9,0,0
53406,2025-09-02 13:46:45,0,5,0,0
51112,2025-09-02 13:47:49,1,2,0,0
4599,2025-09-02 13:51:55,1,4,0,0
36519,2025-09-02 13:56:22,1,9,0,0
32319,2025-09-02 13:56:59,1,2,1,274
66236,2025-09-02 14:09:11,1,8,0,0
31881,2025-09-02 14:11:47,0,5,0,0
60295,2025-09-02 14:14:15,0,5,0,0
33956,2025-09-02 14:30:12,0,4,0,0
68110,2025-09-02 14:34:43,0,5,0,0
3291,2025-09-02 14:47:05,1,5,0,0
74023,2025-09-02 14:47:34,0,5,0,0
88610,2025-09-02 14:47:38,0,5,0,0
77116,2025-09-02 14:49:06,1,9,1,544
7508,2025-09-02 14:58:17,1,8,1,235
99078,2025-09-02 15:04:25,0,4,0,0
37672,2025-09-02 15:07:30,0,6,1,262
83194,2025-09-02 15:12:49,0,5,1,576
69363,2025-09-02 15:20:12,0,4,0,0
20467,2025-09-02 15:21:42,1,6,0,0
86132,2025-09-02 15:22:53,0,2,1,333
14380,2025-09-02 15:32:23,0,5,0,0
53814,2025-09-02 15:35:24,0,6,0,0
14403,2025-09-02 15:40:02,1,4,0,0
9294,2025-09-02 15:40:16,0,6,1,159
20298,2025-09-02 15:42:27,0,3,0,0
61783,2025-09-02 16:03:22,1,4,1,258
15376,2025-09-02 16:06:03,0,7,1,145
2317,2025-09-02 16:07:56,0,9,1,278
4484,2025-09-02 16:08:18,1,1,1,778
33385,2025-09-02 16:08:56,0,3,0,0
54980,2025-09-02 16:17:55,1,5,1,358
47616,2025-09-02 16:21:03,0,5,0,0
61598,2025-09-02 16:26:13,0,5,0,0
38246,2025-09-02 16:26:19,1,6,0,0
8514,2025-09-02 16:34:09,0,2,1,466
18931,2025-09-02 16:39:45,0,8,1,277
20940,2025-09-02 16:40:26,0,5,1,815
79814,2025-09-02 16:44:17,0,12,1,227
63236,2025-09-02 16:45:13,0,5,1,325
76720,2025-09-02 16:45:52,0,6,0,0
54980,2025-09-02 16:47:01,0,5,1,503
43133,2025-09-02 16:59:01,0,4,1,404
97773,2025-09-02 16:59:54,0,6,0,0
82782,2025-09-02 17:00:38,0,6,1,377
17212,2025-09-02 17:01:55,0,6,1,196
8514,2025-09-02 17:02:27,0,4,0,0
61176,2025-09-02 17:08:21,1,6,1,341
23209,2025-09-02 17:09:47,0,6,1,199
76600,2025-09-02 17:11:38,1,10,0,0
58121,2025-09-02 17:13:00,0,4,0,0
22417,2025-09-02 17:14:48,0,3,1,364
58083,2025-09-02 17:16:35,0,7,0,0
40638,2025-09-02 17:17:39,1,10,0,0
20843,2025-09-02 17:17:54,0,7,0,0
88541,2025-09-02 17:30:48,0,3,1,154
69948,2025-09-02 17:43:55,0,3,0,0
13472,2025-09-02 17:43:56,0,2,0,0
32924,2025-09-02 17:47:24,0,4,0,0
23225,2025-09-02 17:54:03,1,5,0,0
7293,2025-09-02 17:58:54,0,6,0,0
88273,2025-09-02 18:02:13,0,5,0,0
2210,2025-09-02 18:02:27,0,8,0,0
87032,2025-09-02 18:06:24,0,4,0,0
87485,2025-09-02 18:12:15,1,6,0,0
33060,2025-09-02 18:13:22,0,6,0,0
72589,2025-09-02 18:17:19,0,10,1,352
19540,2025-09-02 18:18:50,0,4,1,262
30700,2025-09-02 18:25:49,0,5,0,0
82774,2025-09-02 18:31:11,0,6,1,294
37793,2025-09-02 18:36:42,0,3,0,0
34353,2025-09-02 18:43:37,1,9,1,250
33751,2025-09-02 18:52:35,0,6,1,473
64796,2025-09-02 18:52:41,1,5,0,0
51916,2025-09-02 19:02:33,0,7,0,0
52553,2025-09-02 19:02:59,1,9,0,0
69611,2025-09-02 19:04:22,1,5,0,0
87530,2025-09-02 19:11:43,0,9,1,218
82055,2025-09-02 19:16:11,0,4,0,0
23209,2025-09-02 19:18:39,0,6,0,0
31718,2025-09-02 19:26:55,0,5,0,0
95638,2025-09-02 19:39:15,1,6,0,0
64796,2025-09-02 19:49:01,1,9,0,0
92920,2025-09-02 20:03:17,0,11,0,0
83558,2025-09-02 20:03:24,0,3,0,0
20940,2025-09-02 20:13:28,1,6,0,0
87715,2025-09-02 20:16:47,0,10,0,0
49806,2025-09-02 20:23:23,1,5,1,260
26501,2025-09-02 20:29:15,0,3,0,0
15300,2025-09-02 20:30:23,0,3,0,0
9138,2025-09-02 20:30:57,0,6,0,0
77233,2025-09-02 20:35:24,1,5,1,324
37039,2025-09-02 20:35:38,1,5,0,0
14149,2025-09-02 20:41:18,0,5,1,395
89061,2025-09-02 21:02:32,0,8,0,0
12183,2025-09-02 21:13:39,0,3,0,0
6193,2025-09-02 21:23:22,1,10,0,0
28261,2025-09-02 21:24:03,1,6,0,0
38591,2025-09-02 21:24:58,0,3,1,181
22805,2025-09-02 21:25:26,0,6,1,485
64991,2025-09-02 21:25:33,0,11,1,295
8814,2025-09-02 21:25:37,0,3,0,0
60144,2025-09-02 21:27:54,0,4,0,0
33395,2025-09-02 21:36:30,0,5,1,140
73571,2025-09-02 21:43:25,1,5,0,0
85500,2025-09-02 21:51:41,0,10,0,0
78095,2025-09-02 21:55:52,0,7,0,0
32053,2025-09-02 21:59:05,1,3,0,0
47616,2025-09-02 22:02:52,0,3,1,336
4959,2025-09-02 22:31:06,0,6,0,0
27416,2025-09-02 22:35:38,0,5,0,0
11861,2025-09-02 22:39:14,0,6,1,251
570,2025-09-02 22:47:42,1,4,1,208
59463,2025-09-02 22:51:11,0,8,0,0
10579,2025-09-02 22:59:27,0,7,0,0
96949,2025-09-02 23:04:57,0,2,0,0
47485,2025-09-02 23:27:29,0,5,1,187
43583,2025-09-02 23:32:57,0,6,1,261
570,2025-09-02 23:39:25,0,4,0,0
57290,2025-09-02 23:48:53,0,8,1,617
54719,2025-09-02 23:54:00,1,5,1,216
80859,2025-09-02 23:58:01,1,4,0,0
26501,2025-09-02 23:59:17,1,7,0,0
96170,2025-09-03 00:11:15,1,7,1,348
36453,2025-09-03 00:17:49,0,4,1,334
63866,2025-09-03 00:23:08,1,3,1,471
96585,2025-09-03 01:04:26,1,7,0,0
97255,2025-09-03 01:13:55,0,8,0,0
56315,2025-09-03 01:25:27,1,3,0,0
31182,2025-09-03 01:42:05,0,7,0,0
69915,2025-09-03 01:45:06,0,6,0,0
84782,2025-09-03 01:47:09,1,4,0,0
33395,2025-09-03 02:07:03,0,8,1,296
16209,2025-09-03 02:09:12,0,5,0,0
9296,2025-09-03 02:17:31,1,4,1,309
96947,2025-09-03 02:30:18,0,7,0,0
39594,2025-09-03 02:32:49,1,6,0,0
19298,2025-09-03 02:36:26,1,7,0,0
72718,2025-09-03 02:43:13,0,10,1,285
75620,2025-09-03 02:49:02,0,4,0,0
44977,2025-09-03 02:49:59,0,3,0,0
72446,2025-09-03 02:59:57,1,4,0,0
85626,2025-09-03 03:00:03,1,5,1,256
69292,2025-09-03 03:02:31,0,5,0,0
25149,2025-09-03 03:05:37,1,8,1,630
31926,2025-09-03 03:05:48,1,4,0,0
93816,2025-09-03 03:37:55,0,5,1,461
19141,2025-09-03 03:43:18,1,1,0,0
55076,2025-09-03 03:51:26,0,9,1,247
34436,2025-09-03 04:00:33,1,4,1,333
42588,2025-09-03 04:05:30,1,7,1,367
80700,2025-09-03 04:06:43,1,6,0,0
2883,2025-09-03 04:08:46,0,5,0,0
24726,2025-09-03 04:10:02,0,8,1,638
69741,2025-09-03 04:10:50,0,5,0,0
79814,2025-09-03 04:58:52,0,8,0,0
37919,2025-09-03 05:03:28,1,5,1,481
56878,2025-09-03 05:06:18,1,8,1,418
88146,2025-09-03 05:20:31,0,3,0,0
78706,2025-09-03 05:41:15,0,9,0,0
58702,2025-09-03 05:57:13,1,5,1,260
22346,2025-09-03 06:08:35,1,7,0,0
65241,2025-09-03 06:10:16,1,8,1,341
26267,2025-09-03 06:26:18,1,4,0,0
11285,2025-09-03 06:48:39,1,9,1,413
56392,2025-09-03 06:57:46,0,4,1,383
2267,2025-09-03 07:26:14,0,4,0,0
64100,2025-09-03 07:34:23,0,6,1,206
13085,2025-09-03 07:50:04,0,6,0,0
62982,2025-09-03 07:55:33,1,9,0,0
16802,2025-09-03 07:57:00,0,9,1,179
55525,2025-09-03 08:09:40,0,4,0,0
51112,2025-09-03 08:10:00,0,3,0,0
9688,2025-09-03 08:22:54,0,8,0,0
66261,2025-09-03 08:24:35,0,8,0,0
24460,2025-09-03 08:26:38,0,7,0,0
38640,2025-09-03 08:26:57,0,5,0,0
87297,2025-09-03 08:29:16,1,8,0,0
9294,2025-09-03 08:29:56,1,9,0,0
47777,2025-09-03 08:32:09,0,8,0,0
49570,2025-09-03 08:40:24,0,4,1,497
24832,2025-09-03 08:41:28,0,10,0,0
30542,2025-09-03 08:43:58,1,8,0,0
9572,2025-09-03 08:58:05,0,6,0,0
20960,2025-09-03 09:00:29,0,6,0,0
73770,2025-09-03 09:10:41,0,6,0,0
72097,2025-09-03 09:15:15,0,5,0,0
10651,2025-09-03 09:18:26,0,11,0,0
99128,2025-09-03 09:20:02,1,8,0,0
10971,2025-09-03 09:26:48,0,7,0,0
65726,2025-09-03 09:39:16,1,4,0,0
60079,2025-09-03 09:44:09,0,3,0,0
56673,2025-09-03 09:48:39,0,12,1,281
93850,2025-09-03 09:49:33,0,7,1,425
7756,2025-09-03 10:01:26,0,2,0,0
1979,2025-09-03 10:01:53,0,1,1,330
56616,2025-09-03 10:15:01,1,5,1,161
17504,2025-09-03 10:17:20,0,6,0,0
7293,2025-09-03 10:19:20,0,6,0,0
51309,2025-09-03 10:23:16,0,8,0,0
82782,2025-09-03 10:24:43,1,10,0,0
30412,2025-09-03 10:41:49,1,9,0,0
14380,2025-09-03 10:42:26,0,8,0,0
3327,2025-09-03 10:55:17,0,8,0,0
87900,2025-09-03 11:01:14,0,2,0,0
99171,2025-09-03 11:09:54,0,6,1,348
87237,2025-09-03 11:15:53,0,11,1,142
58197,2025-09-03 11:16:46,1,7,0,0
20875,2025-09-03 11:17:52,0,7,1,519
4959,2025-09-03 11:24:06,0,9,0,0
3946,2025-09-03 11:28:17,0,11,0,0
6208,2025-09-03 11:30:03,1,5,0,0
96170,2025-09-03 11:35:53,0,6,0,0
89256,2025-09-03 11:39:35,0,4,1,540
51642,2025-09-03 11:52:13,1,6,1,389
64811,2025-09-03 12:03:49,0,6,0,0
77116,2025-09-03 12:05:21,0,8,0,0
81288,2025-09-03 12:10:39,0,9,0,0
10651,2025-09-03 12:14:15,0,5,0,0
19420,2025-09-03 12:21:29,0,5,1,307
74645,2025-09-03 12:23:37,0,4,0,0
12354,2025-09-03 12:29:16,0,7,1,467
78095,2025-09-03 12:43:27,0,4,1,188
77884,2025-09-03 12:47:31,0,3,0,0
43583,2025-09-03 12:50:41,0,7,0,0
89736,2025-09-03 12:51:10,0,8,0,0
42035,2025-09-03 12:53:27,0,4,0,0
96867,2025-09-03 12:56:41,0,7,0,0
43184,2025-09-03 13:01:06,0,7,0,0
30876,2025-09-03 13:14:45,1,9,0,0
18946,2025-09-03 13:22:16,1,3,1,185
56482,2025-09-03 13:28:13,0,3,1,264
218,2025-09-03 13:43:01,0,4,0,0
87157,2025-09-03 13:54:52,0,2,1,246
3772,2025-09-03 13:59:51,0,4,1,263
88046,2025-09-03 14:09:54,0,9,1,371
79244,2025-09-03 14:12:04,0,7,1,239
490,2025-09-03 14:17:15,0,7,0,0
78801,2025-09-03 14:35:59,0,5,0,0
37793,2025-09-03 14:36:07,0,4,0,0
5434,2025-09-03 14:42:14,1,9,0,0
18579,2025-09-03 14:52:13,0,5,0,0
89733,2025-09-03 14:54:45,0,6,0,0
22773,2025-09-03 14:55:57,1,7,0,0
79850,2025-09-03 15:07:46,0,8,0,0
56996,2025-09-03 15:14:54,1,4,0,0
3482,2025-09-03 15:16:54,0,4,1,218
19792,2025-09-03 15:18:20,0,7,0,0
37377,2025-09-03 15:24:07,0,5,0,0
36311,2025-09-03 15:26:34,0,2,0,0
46773,2025-09-03 15:32:21,0,9,0,0
35286,2025-09-03 15:32:42,1,9,1,476
12595,2025-09-03 15:42:09,0,3,0,0
72589,2025-09-03 15:51:32,0,6,1,439
39906,2025-09-03 15:57:19,0,5,1,345
91195,2025-09-03 16:13:59,0,7,0,0
84268,2025-09-03 16:19:15,0,2,1,182
22377,2025-09-03 16:26:37,0,9,1,659
97210,2025-09-03 16:37:32,0,6,1,507
82971,2025-09-03 16:39:50,0,6,0,0
11805,2025-09-03 16:40:44,0,8,0,0
81430,2025-09-03 16:41:54,0,5,0,0
4019,2025-09-03 16:49:06,1,6,0,0
78251,2025-09-03 17:03:08,0,2,1,361
34353,2025-09-03 17:03:28,1,5,0,0
55851,2025-09-03 17:09:35,1,5,0,0
96128,2025-09-03 17:10:24,1,1,0,0
57629,2025-09-03 17:10:49,0,1,0,0
48680,2025-09-03 17:21:58,0,9,1,270
55415,2025-09-03 17:22:06,0,9,1,192
64811,2025-09-03 17:28:55,0,3,0,0
36255,2025-09-03 17:37:39,1,0,1,397
61664,2025-09-03 17:58:55,0,11,0,0
98804,2025-09-03 18:01:00,0,3,0,0
53406,2025-09-03 18:01:52,0,6,1,358
96006,2025-09-03 18:03:50,0,3,0,0
85764,2025-09-03 18:10:03,0,5,1,190
16667,2025-09-03 18:18:20,0,7,1,226
24949,2025-09-03 18:19:05,0,5,0,0
40578,2025-09-03 18:22:06,0,8,0,0
59671,2025-09-03 18:23:17,0,6,0,0
97124,2025-09-03 18:24:00,0,5,1,690
95515,2025-09-03 18:35:58,1,4,1,159
12163,2025-09-03 18:44:09,1,7,0,0
67448,2025-09-03 18:46:09,0,9,1,619
97418,2025-09-03 18:51:17,0,10,0,0
89227,2025-09-03 19:00:40,0,2,1,302
94097,2025-09-03 19:02:54,0,10,0,0
22149,2025-09-03 19:04:32,0,4,1,422
60910,2025-09-03 19:10:38,0,6,0,0
39101,2025-09-03 19:11:06,0,3,0,0
30832,2025-09-03 19:16:04,0,7,0,0
87485,2025-09-03 19:16:58,0,5,0,0
54993,2025-09-03 19:17:01,0,8,0,0
71182,2025-09-03 19:25:04,0,4,0,0
40876,2025-09-03 19:42:31,0,8,0,0
88046,2025-09-03 19:43:09,0,6,0,0
90786,2025-09-03 19:43:42,0,5,0,0
83194,2025-09-03 19:58:14,0,6,0,0
72446,2025-09-03 20:01:12,0,6,0,0
89007,2025-09-03 20:05:30,0,6,0,0
24059,2025-09-03 20:14:15,1,6,1,275
45013,2025-09-03 20:15:51,0,9,0,0
53463,2025-09-03 20:16:38,0,3,1,280
10395,2025-09-03 20:20:04,0,3,1,206
90915,2025-09-03 20:21:52,0,5,0,0
95793,2025-09-03 20:38:12,0,10,1,309
24609,2025-09-03 20:40:54,1,3,0,0
43133,2025-09-03 20:43:39,1,7,0,0
75700,2025-09-03 20:50:34,1,6,0,0
4179,2025-09-03 20:52:13,0,3,0,0
71668,2025-09-03 21:19:12,0,7,1,246
62343,2025-09-03 21:37:54,1,4,0,0
23840,2025-09-03 21:39:37,0,5,1,254
93189,2025-09-03 21:43:45,1,5,0,0
16969,2025-09-03 21:46:50,1,3,1,252
20875,2025-09-03 22:04:51,1,11,1,231
23184,2025-09-03 22:12:09,1,5,1,347
32968,2025-09-03 22:14:16,1,5,1,401
54614,2025-09-03 22:14:50,0,5,1,772
17212,2025-09-03 22:15:47,0,2,0,0
77790,2025-09-03 22:15:57,1,5,1,296
81268,2025-09-03 22:20:17,1,14,0,0
3264,2025-09-03 22:33:06,0,2,0,0
4440,2025-09-03 22:39:24,1,6,1,334
1979,2025-09-03 22:46:55,0,4,0,0
43874,2025-09-03 23:02:53,0,4,1,288
34009,2025-09-03 23:05:57,1,4,0,0
78311,2025-09-03 23:13:23,1,9,0,0
47108,2025-09-03 23:15:34,0,6,0,0
82111,2025-09-03 23:29:02,1,5,0,0
9146,2025-09-03 23:30:04,0,2,1,276
85907,2025-09-03 23:38:05,1,7,0,0
43565,2025-09-03 23:53:29,0,7,1,221
86101,2025-09-04 00:01:15,1,1,1,287
6106,2025-09-04 00:15:56,0,5,0,0
55076,2025-09-04 00:18:02,0,8,0,0
80249,2025-09-04 00:32:38,1,4,0,0
91653,2025-09-04 00:33:20,0,2,0,0
53814,2025-09-04 00:41:50,0,3,0,0
93782,2025-09-04 00:56:06,0,6,1,337
39882,2025-09-04 01:14:36,0,3,1,183
99933,2025-09-04 01:19:26,1,4,0,0
36248,2025-09-04 01:46:40,1,11,0,0
82362,2025-09-04 01:56:40,0,3,1,239
66288,2025-09-04 02:03:27,0,2,0,0
23648,2025-09-04 02:16:22,0,10,0,0
57964,2025-09-04 02:18:29,0,6,0,0
16085,2025-09-04 02:19:35,0,8,0,0
35138,2025-09-04 02:47:49,0,7,1,345
34163,2025-09-04 02:52:24,1,5,1,372
76045,2025-09-04 02:58:42,0,5,1,290
30234,2025-09-04 03:16:32,0,7,1,369
40196,2025-09-04 03:17:00,0,5,0,0
95682,2025-09-04 03:20:31,0,8,0,0
38742,2025-09-04 03:29:32,1,6,1,247
2883,2025-09-04 03:30:06,0,2,0,0
61598,2025-09-04 03:32:05,0,5,0,0
70804,2025-09-04 03:33:23,0,0,0,0
88258,2025-09-04 03:38:20,0,6,0,0
64927,2025-09-04 03:53:08,0,8,0,0
90350,2025-09-04 04:07:19,0,2,0,0
54287,2025-09-04 04:12:18,1,4,0,0
63376,2025-09-04 04:19:39,0,8,0,0
52980,2025-09-04 04:27:38,1,7,0,0
19242,2025-09-04 04:27:56,1,4,0,0
94312,2025-09-04 04:41:03,1,8,1,273
57629,2025-09-04 04:43:22,0,7,1,259
89182,2025-09-04 04:43:56,0,4,0,0
66265,2025-09-04 04:54:27,0,2,0,0
94868,2025-09-04 05:31:47,0,7,0,0
91944,2025-09-04 05:37:22,0,4,1,332
68804,2025-09-04 05:40:18,0,2,0,0
22678,2025-09-04 05:44:46,1,5,1,198
72571,2025-09-04 05:51:16,1,3,0,0
89061,2025-09-04 05:59:52,0,4,1,337
96149,2025-09-04 06:13:52,1,7,1,288
72159,2025-09-04 06:19:46,0,4,1,401
89784,2025-09-04 06:22:30,0,6,0,0
71856,2025-09-04 06:30:09,1,8,1,222
12455,2025-09-04 06:30:51,1,5,0,0
70343,2025-09-04 06:33:59,0,6,0,0
61745,2025-09-04 06:41:46,0,10,1,347
99962,2025-09-04 06:52:35,0,7,0,0
88208,2025-09-04 06:55:20,0,5,1,202
87067,2025-09-04 06:57:08,0,4,0,0
3922,2025-09-04 07:15:23,0,9,0,0
8135,2025-09-04 07:23:34,1,6,0,0
88488,2025-09-04 07:28:12,0,8,0,0
7221,2025-09-04 07:31:33,1,5,1,331
19420,2025-09-04 08:00:46,1,5,1,221
60392,2025-09-04 08:02:40,0,6,1,174
34163,2025-09-04 08:02:59,1,4,1,731
93759,2025-09-04 08:09:27,0,4,0,0
21785,2025-09-04 08:11:57,0,5,1,435
24165,2025-09-04 08:18:11,0,5,0,0
99157,2025-09-04 08:35:31,0,4,1,257
19540,2025-09-04 08:44:49,1,3,1,277
65219,2025-09-04 08:54:27,0,9,0,0
67252,2025-09-04 08:54:38,0,5,1,328
91486,2025-09-04 08:58:23,1,7,1,184
63344,2025-09-04 09:02:35,0,7,0,0
88865,2025-09-04 09:02:52,1,1,0,0
99078,2025-09-04 09:11:31,0,2,1,463
10406,2025-09-04 09:11:52,1,6,1,364
5964,2025-09-04 09:21:49,1,4,1,441
33019,2025-09-04 09:25:47,0,10,0,0
32134,2025-09-04 09:30:27,1,7,1,329
84442,2025-09-04 09:41:16,0,4,1,266
93432,2025-09-04 09:42:26,1,11,1,259
89195,2025-09-04 09:46:20,1,6,0,0
51437,2025-09-04 09:47:00,0,5,0,0
37490,2025-09-04 09:49:43,0,7,0,0
82669,2025-09-04 10:02:42,1,6,0,0
86147,2025-09-04 10:17:24,0,8,0,0
33155,2025-09-04 10:17:50,1,9,1,133
79971,2025-09-04 10:20:01,0,9,1,344
69871,2025-09-04 10:22:18,0,4,0,0
22149,2025-09-04 10:27:04,1,7,0,0
86547,2025-09-04 10:30:26,1,1,0,0
15348,2025-09-04 10:32:56,1,5,1,255
39543,2025-09-04 10:35:23,0,10,1,240
57896,2025-09-04 10:35:45,1,5,1,345
64087,2025-09-04 10:38:46,1,7,1,290
64991,2025-09-04 10:39:25,1,2,0,0
92308,2025-09-04 10:40:10,0,7,1,349
32515,2025-09-04 10:45:06,0,11,0,0
14452,2025-09-04 10:49:15,0,4,0,0
88849,2025-09-04 10:53:09,0,2,1,219
12595,2025-09-04 10:54:29,0,8,1,327
89244,2025-09-04 10:56:27,0,6,0,0
77934,2025-09-04 10:59:01,0,6,1,196
96776,2025-09-04 11:14:11,0,7,1,209
45013,2025-09-04 11:21:11,0,9,0,0
43482,2025-09-04 11:21:38,1,9,0,0
88648,2025-09-04 11:26:53,1,6,0,0
1995,2025-09-04 11:33:29,0,11,0,0
23648,2025-09-04 11:37:28,0,4,1,180
53463,2025-09-04 11:39:07,0,4,0,0
94868,2025-09-04 11:46:58,1,4,0,0
21852,2025-09-04 11:47:09,0,8,1,380
47108,2025-09-04 11:52:29,0,7,0,0
16101,2025-09-04 11:53:29,1,8,0,0
58637,2025-09-04 11:56:49,1,6,0,0
97418,2025-09-04 11:58:50,0,9,0,0
16066,2025-09-04 11:59:01,0,5,0,0
60079,2025-09-04 12:11:53,0,6,0,0
83134,2025-09-04 12:21:24,0,7,1,290
24678,2025-09-04 12:28:29,0,12,0,0
77392,2025-09-04 12:31:14,1,6,1,165
2778,2025-09-04 12:44:35,1,6,1,284
74963,2025-09-04 12:45:41,0,7,0,0
79971,2025-09-04 12:48:05,0,4,0,0
92936,2025-09-04 12:49:45,1,4,0,0
69883,2025-09-04 12:54:39,1,3,0,0
36252,2025-09-04 12:54:48,0,7,1,390
9146,2025-09-04 12:56:54,0,5,0,0
69448,2025-09-04 12:57:20,0,8,1,590
99804,2025-09-04 13:03:55,1,6,0,0
63227,2025-09-04 13:10:05,0,7,0,0
73770,2025-09-04 13:11:37,0,4,0,0
84633,2025-09-04 13:13:22,1,5,0,0
27691,2025-09-04 13:25:54,0,8,0,0
68523,2025-09-04 13:32:55,0,5,0,0
964,2025-09-04 13:35:15,0,9,0,0
46773,2025-09-04 13:36:38,0,5,0,0
43781,2025-09-04 13:36:44,0,4,0,0
70219,2025-09-04 13:38:29,0,6,0,0
7719,2025-09-04 13:45:23,0,6,0,0
86132,2025-09-04 13:47:18,1,7,1,311
55577,2025-09-04 13:56:15,0,8,0,0
74645,2025-09-04 13:56:50,0,10,0,0
10276,2025-09-04 14:03:10,0,8,0,0
78311,2025-09-04 14:04:56,1,3,0,0
82818,2025-09-04 14:12:18,0,8,0,0
74356,2025-09-04 14:19:14,0,9,1,358
21550,2025-09-04 14:24:03,0,9,0,0
75925,2025-09-04 14:27:38,1,10,0,0
55375,2025-09-04 14:29:32,1,4,0,0
64087,2025-09-04 14:34:07,0,3,0,0
33060,2025-09-04 14:38:18,0,8,0,0
57875,2025-09-04 14:42:53,0,2,1,212
48189,2025-09-04 14:49:30,0,7,0,0
72571,2025-09-04 14:54:07,0,2,0,0
22689,2025-09-04 15:08:01,1,6,0,0
42865,2025-09-04 15:10:34,0,3,0,0
99962,2025-09-04 15:18:47,1,2,1,441
67709,2025-09-04 15:28:29,0,6,0,0
66504,2025-09-04 15:31:50,0,7,0,0
80211,2025-09-04 15:32:07,0,6,0,0
8920,2025-09-04 15:44:56,1,4,0,0
28801,2025-09-04 15:48:36,0,8,0,0
78311,2025-09-04 15:50:06,0,6,1,430
53463,2025-09-04 16:01:33,0,5,1,231
68596,2025-09-04 16:05:52,0,5,0,0
72100,2025-09-04 16:06:59,0,2,1,206
17839,2025-09-04 16:08:31,0,7,0,0
7756,2025-09-04 16:12:13,0,3,1,288
72589,2025-09-04 16:12:17,0,6,1,177
67765,2025-09-04 16:12:35,0,5,0,0
74034,2025-09-04 16:17:05,0,2,1,325
10971,2025-09-04 16:23:56,1,7,0,0
4709,2025-09-04 16:26:00,0,7,1,358
89061,2025-09-04 16:26:37,1,4,0,0
942,2025-09-04 16:27:49,0,7,1,568
14149,2025-09-04 16:28:51,0,7,1,459
73606,2025-09-04 16:31:01,0,11,1,372
75177,2025-09-04 16:40:36,1,3,0,0
78635,2025-09-04 16:43:59,1,6,0,0
45995,2025-09-04 16:47:03,0,11,1,317
67117,2025-09-04 16:47:17,0,7,1,167
22147,2025-09-04 16:48:23,0,7,0,0
3291,2025-09-04 17:01:08,0,6,0,0
76810,2025-09-04 17:04:32,0,9,0,0
86101,2025-09-04 17:12:12,1,5,1,566
78457,2025-09-04 17:14:26,0,6,1,296
7293,2025-09-04 17:19:23,1,5,1,271
23648,2025-09-04 17:27:44,0,4,1,241
98963,2025-09-04 17:28:39,1,6,1,321
96006,2025-09-04 17:38:24,0,2,0,0
73119,2025-09-04 17:41:41,0,3,0,0
84565,2025-09-04 17:43:40,0,9,1,304
48672,2025-09-04 18:00:15,0,7,0,0
36616,2025-09-04 18:03:42,0,4,0,0
49584,2025-09-04 18:12:31,0,8,0,0
85631,2025-09-04 18:22:18,0,4,0,0
28552,2025-09-04 18:26:59,1,2,0,0
54643,2025-09-04 18:38:51,0,4,0,0
83726,2025-09-04 18:59:11,1,5,0,0
89649,2025-09-04 19:06:51,1,4,1,351
73571,2025-09-04 19:07:08,0,11,0,0
82147,2025-09-04 19:12:38,0,9,0,0
30781,2025-09-04 19:21:25,0,4,1,417
88460,2025-09-04 19:22:26,0,6,0,0
25818,2025-09-04 19:22:36,0,10,0,0
77545,2025-09-04 19:25:03,0,4,0,0
68336,2025-09-04 19:26:18,0,9,0,0
57869,2025-09-04 19:27:19,0,3,0,0
12210,2025-09-04 19:28:16,0,7,0,0
40937,2025-09-04 19:30:44,0,4,1,331
54476,2025-09-04 19:33:47,0,5,0,0
28286,2025-09-04 19:37:00,0,6,0,0
84397,2025-09-04 19:45:12,1,2,0,0
79814,2025-09-04 19:46:15,1,7,0,0
54719,2025-09-04 19:49:58,0,2,0,0
88146,2025-09-04 19:56:59,1,7,0,0
34633,2025-09-04 20:10:32,0,5,0,0
24531,2025-09-04 20:13:52,0,5,0,0
6451,2025-09-04 20:15:24,0,5,1,222
10007,2025-09-04 20:31:42,0,9,0,0
11053,2025-09-04 20:35:20,0,7,1,315
35302,2025-09-04 20:44:45,0,11,0,0
16802,2025-09-04 20:45:51,0,4,0,0
88466,2025-09-04 20:52:14,0,11,1,495
16191,2025-09-04 20:56:50,0,10,0,0
48519,2025-09-04 20:57:16,0,9,1,234
24148,2025-09-04 21:06:52,0,6,0,0
7508,2025-09-04 21:06:59,0,5,0,0
89182,2025-09-04 21:15:00,0,4,0,0
46401,2025-09-04 21:18:35,0,5,0,0
48424,2025-09-04 21:21:18,0,6,1,150
26105,2025-09-04 21:28:31,1,3,1,354
17289,2025-09-04 21:49:56,0,5,0,0
87558,2025-09-04 22:06:23,1,6,1,284
5643,2025-09-04 22:07:28,0,4,0,0
83921,2025-09-04 22:12:56,0,4,0,0
26620,2025-09-04 22:17:43,1,11,0,0
8785,2025-09-04 22:33:18,0,3,0,0
90658,2025-09-04 22:38:08,0,5,0,0
20621,2025-09-04 22:45:45,0,11,0,0
11861,2025-09-04 22:52:16,0,6,1,238
36762,2025-09-04 22:53:07,0,5,0,0
77790,2025-09-04 22:53:24,0,8,0,0
39787,2025-09-04 22:54:58,0,10,0,0
88938,2025-09-04 22:56:15,1,3,1,310
81487,2025-09-04 23:11:02,1,8,1,246
43984,2025-09-04 23:15:50,1,9,1,138
61664,2025-09-04 23:16:20,1,11,0,0
81402,2025-09-04 23:22:47,0,5,0,0
808,2025-09-04 23:24:53,0,3,0,0
48236,2025-09-04 23:25:10,0,3,0,0
94006,2025-09-04 23:26:49,0,4,0,0
19298,2025-09-04 23:43:01,1,7,0,0
95975,2025-09-04 23:47:03,1,9,1,363
82818,2025-09-04 23:48:05,1,4,1,282
75925,2025-09-04 23:48:29,0,5,0,0
45524,2025-09-04 23:49:33,0,6,0,0
49852,2025-09-04 23:52:19,1,3,0,0
76810,2025-09-04 23:55:36,0,7,0,0
45525,2025-09-04 23:56:03,1,6,1,383
88648,2025-09-05 00:04:01,0,9,1,344
29315,2025-09-05 00:08:47,1,10,0,0
7083,2025-09-05 00:09:29,0,8,1,517
18045,2025-09-05 00:15:58,0,7,0,0
19420,2025-09-05 00:16:30,0,5,0,0
13464,2025-09-05 00:27:59,0,7,0,0
99171,2025-09-05 00:32:29,0,8,1,408
96450,2025-09-05 00:47:40,0,6,1,372
64343,2025-09-05 00:49:57,0,5,1,312
21852,2025-09-05 00:51:09,1,10,0,0
22223,2025-09-05 00:55:35,1,6,1,286
27691,2025-09-05 00:57:20,0,1,0,0
76720,2025-09-05 01:08:48,0,7,0,0
83905,2025-09-05 01:12:50,1,7,1,382
98331,2025-09-05 01:31:33,0,4,0,0
31926,2025-09-05 01:35:45,0,9,0,0
37039,2025-09-05 01:36:39,0,4,1,376
87715,2025-09-05 01:38:01,1,4,0,0
64176,2025-09-05 01:47:55,1,10,0,0
33955,2025-09-05 01:57:29,0,7,1,245
54167,2025-09-05 02:07:37,0,6,0,0
97848,2025-09-05 02:16:35,0,3,0,0
40134,2025-09-05 03:16:33,0,7,0,0
87530,2025-09-05 03:25:28,0,7,1,404
72097,2025-09-05 04:00:31,0,7,0,0
62893,2025-09-05 04:00:51,0,4,1,230
56283,2025-09-05 04:06:59,0,5,0,0
2210,2025-09-05 04:17:23,0,9,0,0
17289,2025-09-05 04:57:24,0,7,0,0
94006,2025-09-05 05:06:13,1,6,0,0
48189,2025-09-05 05:41:42,1,7,0,0
57447,2025-09-05 05:42:06,1,2,0,0
69363,2025-09-05 05:44:34,0,1,0,0
23971,2025-09-05 05:45:37,0,5,0,0
31718,2025-09-05 06:28:27,0,7,0,0
70737,2025-09-05 06:28:38,0,3,0,0
64087,2025-09-05 06:32:15,1,4,1,632
20495,2025-09-05 06:37:02,1,3,0,0
9138,2025-09-05 06:42:02,1,5,0,0
3772,2025-09-05 06:55:52,1,6,1,415
69948,2025-09-05 06:56:24,1,6,0,0
75700,2025-09-05 07:06:11,0,8,1,292
4440,2025-09-05 07:08:50,0,2,0,0
91443,2025-09-05 07:10:39,0,3,0,0
8117,2025-09-05 07:20:18,0,5,1,560
72133,2025-09-05 07:50:40,0,6,0,0
78472,2025-09-05 08:00:09,0,8,0,0
21958,2025-09-05 08:05:42,0,8,1,423
56463,2025-09-05 08:09:49,0,6,0,0
53615,2025-09-05 08:11:14,1,7,0,0
47485,2025-09-05 08:22:26,0,4,1,454
80249,2025-09-05 08:26:16,0,7,0,0
97608,2025-09-05 08:39:43,0,3,0,0
12008,2025-09-05 08:40:09,0,4,1,301
5991,2025-09-05 08:41:23,1,3,0,0
61294,2025-09-05 08:49:22,0,3,0,0
24609,2025-09-05 09:03:27,1,8,0,0
12354,2025-09-05 09:08:21,0,7,0,0
47616,2025-09-05 09:16:05,0,4,1,359
90532,2025-09-05 09:18:11,1,4,1,385
54085,2025-09-05 09:29:24,0,4,0,0
41432,2025-09-05 09:34:26,1,6,1,391
71182,2025-09-05 09:37:45,0,8,0,0
94658,2025-09-05 09:40:08,1,5,0,0
62064,2025-09-05 09:41:10,0,9,0,0
90802,2025-09-05 09:49:06,1,8,0,0
31171,2025-09-05 09:49:13,0,5,0,0
9298,2025-09-05 09:51:40,0,4,0,0
63227,2025-09-05 09:56:28,0,3,1,236
62072,2025-09-05 09:59:25,0,7,1,296
74156,2025-09-05 09:59:34,0,6,1,366
97682,2025-09-05 10:02:04,0,6,0,0
29589,2025-09-05 10:03:07,0,7,1,261
43044,2025-09-05 10:08:48,0,3,0,0
97035,2025-09-05 10:30:42,0,4,0,0
49436,2025-09-05 10:34:08,1,5,0,0
40638,2025-09-05 10:40:41,0,4,0,0
38563,2025-09-05 10:58:14,0,8,0,0
14826,2025-09-05 11:04:22,0,6,1,654
29007,2025-09-05 11:08:29,0,7,1,320
26911,2025-09-05 11:16:59,1,1,1,435
13206,2025-09-05 11:18:32,0,10,0,0
22867,2025-09-05 11:34:45,1,10,0,0
75718,2025-09-05 11:35:34,0,3,1,368
28031,2025-09-05 11:44:23,1,9,0,0
38083,2025-09-05 11:45:56,1,5,1,279
74657,2025-09-05 11:58:37,1,7,1,281
83726,2025-09-05 12:17:54,0,9,0,0
53690,2025-09-05 12:22:07,0,7,0,0
96305,2025-09-05 12:25:03,0,1,1,212
57290,2025-09-05 12:45:57,1,3,0,0
60079,2025-09-05 12:55:11,0,6,0,0
67709,2025-09-05 12:56:45,0,5,0,0
30679,2025-09-05 13:07:37,1,4,0,0
45577,2025-09-05 13:11:01,0,8,0,0
82362,2025-09-05 13:18:16,0,7,1,372
28897,2025-09-05 13:18:50,0,4,1,354
23995,2025-09-05 13:23:23,0,6,0,0
50544,2025-09-05 13:23:34,1,3,1,431
78457,2025-09-05 13:28:29,1,6,0,0
79850,2025-09-05 13:37:06,0,7,1,991
60910,2025-09-05 13:43:10,0,5,0,0
12455,2025-09-05 14:03:01,1,5,0,0
16503,2025-09-05 14:16:13,0,3,0,0
67720,2025-09-05 14:17:20,0,7,0,0
78356,2025-09-05 14:18:31,0,12,1,456
436,2025-09-05 14:19:25,1,5,0,0
808,2025-09-05 14:26:21,0,9,0,0
94436,2025-09-05 14:27:49,0,4,0,0
51082,2025-09-05 14:34:08,0,8,0,0
35079,2025-09-05 14:34:52,1,5,0,0
97210,2025-09-05 14:39:19,0,8,1,345
55999,2025-09-05 14:45:21,0,7,0,0
99962,2025-09-05 14:46:10,1,8,0,0
90802,2025-09-05 14:46:25,0,5,0,0
48529,2025-09-05 14:49:31,0,3,1,642
65922,2025-09-05 14:49:36,0,3,0,0
45374,2025-09-05 14:51:33,1,10,1,688
78401,2025-09-05 14:54:16,1,7,0,0
91601,2025-09-05 14:56:13,0,9,0,0
370,2025-09-05 14:56:56,0,3,0,0
47616,2025-09-05 14:59:35,0,8,0,0
3224,2025-09-05 15:11:39,0,6,0,0
60910,2025-09-05 15:18:01,1,6,0,0
97410,2025-09-05 15:19:39,0,6,1,393
22417,2025-09-05 15:41:36,1,7,0,0
38614,2025-09-05 15:42:16,0,3,0,0
49062,2025-09-05 15:43:09,1,7,0,0
1995,2025-09-05 15:45:59,0,6,1,203
51642,2025-09-05 16:00:05,1,9,1,188
93782,2025-09-05 16:06:39,0,8,0,0
57314,2025-09-05 16:09:41,0,10,0,0
16191,2025-09-05 16:09:42,1,5,0,0
82055,2025-09-05 16:10:50,0,2,0,0
58259,2025-09-05 16:13:57,0,6,1,282
3327,2025-09-05 16:20:12,0,4,0,0
9934,2025-09-05 16:22:11,0,8,0,0
37384,2025-09-05 16:24:19,1,11,0,0
41702,2025-09-05 16:28:43,0,5,0,0
97606,2025-09-05 16:30:14,0,9,0,0
37377,2025-09-05 16:33:39,0,4,1,334
3766,2025-09-05 16:36:09,0,4,0,0
46070,2025-09-05 16:47:57,0,4,1,408
41601,2025-09-05 16:52:09,1,3,0,0
36187,2025-09-05 17:00:04,0,3,0,0
94658,2025-09-05 17:22:41,0,1,0,0
23225,2025-09-05 17:27:40,0,10,0,0
84633,2025-09-05 17:32:58,0,8,0,0
18286,2025-09-05 17:45:10,0,3,0,0
8305,2025-09-05 18:00:12,1,6,0,0
68275,2025-09-05 18:12:01,0,5,0,0
25533,2025-09-05 18:12:30,0,7,0,0
67669,2025-09-05 18:20:02,1,10,0,0
17839,2025-09-05 18:29:37,0,12,1,319
88208,2025-09-05 18:53:21,1,3,1,291
34063,2025-09-05 19:07:04,0,9,0,0
12595,2025-09-05 19:09:10,0,5,0,0
11880,2025-09-05 19:30:18,0,4,0,0
50331,2025-09-05 19:30:25,1,6,0,0
97773,2025-09-05 19:37:29,1,5,1,665
60295,2025-09-05 19:44:26,0,6,1,165
93586,2025-09-05 19:48:20,0,4,0,0
17860,2025-09-05 19:49:42,0,8,0,0
46307,2025-09-05 19:49:58,0,4,1,444
67521,2025-09-05 19:55:16,1,6,1,311
49806,2025-09-05 20:10:46,0,8,0,0
68340,2025-09-05 20:12:08,1,5,1,410
58197,2025-09-05 20:13:30,1,7,0,0
9793,2025-09-05 20:19:58,0,7,0,0
38246,2025-09-05 20:22:23,1,9,0,0
2909,2025-09-05 20:31:02,1,7,0,0
95359,2025-09-05 20:45:34,1,4,0,0
60316,2025-09-05 20:46:53,0,3,0,0
90918,2025-09-05 20:51:51,0,11,0,0
11684,2025-09-05 20:52:47,0,7,1,276
26267,2025-09-05 20:52:49,0,0,1,269
96134,2025-09-05 20:52:49,0,6,0,0
73744,2025-09-05 21:04:50,1,14,0,0
18373,2025-09-05 21:11:12,0,6,0,0
29124,2025-09-05 21:13:19,0,5,0,0
87579,2025-09-05 21:24:13,0,4,0,0
45840,2025-09-05 21:29:38,1,4,0,0
44272,2025-09-05 21:31:17,0,3,1,291
87715,2025-09-05 21:34:08,1,5,1,321
99810,2025-09-05 21:34:21,0,7,0,0
43358,2025-09-05 21:39:18,1,8,0,0
97592,2025-09-05 21:43:43,1,7,0,0
83340,2025-09-05 21:45:03,1,6,0,0
53406,2025-09-05 21:46:06,0,14,0,0
21644,2025-09-05 21:46:25,1,11,0,0
95359,2025-09-05 21:54:47,0,6,1,301
68784,2025-09-05 21:55:20,0,8,0,0
55999,2025-09-05 22:00:28,0,6,0,0
31171,2025-09-05 22:01:09,1,4,1,200
93782,2025-09-05 22:03:10,0,8,0,0
7890,2025-09-05 22:09:10,1,6,1,258
36866,2025-09-05 22:10:03,1,5,0,0
35697,2025-09-05 22:11:29,0,6,0,0
41601,2025-09-05 22:12:30,0,9,0,0
14149,2025-09-05 22:16:26,0,1,0,0
2029,2025-09-05 22:17:19,0,4,1,311
26969,2025-09-05 22:25:39,0,5,0,0
81402,2025-09-05 22:35:06,1,5,0,0
77716,2025-09-05 22:36:47,0,4,0,0
2909,2025-09-05 22:38:18,0,4,1,567
88849,2025-09-05 22:38:24,0,6,0,0
38640,2025-09-05 22:40:05,1,5,0,0
51309,2025-09-05 22:43:41,0,11,1,359
86198,2025-09-05 22:52:48,0,4,1,241
8814,2025-09-05 23:00:01,0,7,0,0
59993,2025-09-05 23:06:20,1,7,0,0
570,2025-09-05 23:06:30,0,3,0,0
50202,2025-09-05 23:06:56,0,4,0,0
29578,2025-09-05 23:19:06,0,5,0,0
79503,2025-09-05 23:19:52,1,4,1,378
78457,2025-09-05 23:24:36,0,6,1,809
84422,2025-09-05 23:26:23,1,4,0,0
8097,2025-09-05 23:36:05,1,9,0,0
77000,2025-09-05 23:48:06,1,7,0,0
3030,2025-09-05 23:59:11,0,4,1,245
99622,2025-09-06 00:05:17,0,6,1,258
47767,2025-09-06 00:05:22,0,6,0,0
95631,2025-09-06 00:24:03,0,2,0,0
370,2025-09-06 00:26:03,0,9,0,0
23657,2025-09-06 00:46:18,0,8,0,0
63236,2025-09-06 00:50:49,0,6,1,260
97769,2025-09-06 00:51:44,1,8,0,0
21785,2025-09-06 01:12:05,0,5,1,470
68977,2025-09-06 01:13:47,0,3,0,0
44272,2025-09-06 01:20:19,0,2,1,322
45866,2025-09-06 01:23:57,0,6,1,354
25893,2025-09-06 01:30:31,0,4,1,151
6063,2025-09-06 01:40:43,0,5,0,0
5142,2025-09-06 01:50:44,0,3,0,0
80441,2025-09-06 02:03:24,0,3,0,0
75102,2025-09-06 02:14:28,0,1,0,0
93850,2025-09-06 02:32:12,0,8,1,382
54414,2025-09-06 02:48:26,1,9,0,0
94898,2025-09-06 02:50:20,1,9,0,0
38563,2025-09-06 03:08:22,0,4,1,453
92936,2025-09-06 03:57:19,0,5,0,0
68193,2025-09-06 04:24:15,0,7,1,253
33072,2025-09-06 04:35:33,0,6,0,0
87029,2025-09-06 04:37:14,1,5,0,0
76213,2025-09-06 04:57:59,0,6,0,0
6981,2025-09-06 05:09:17,1,6,0,0
90658,2025-09-06 05:09:25,1,5,0,0
78431,2025-09-06 05:10:16,0,4,0,0
8661,2025-09-06 05:22:20,0,12,0,0
11146,2025-09-06 05:29:34,1,6,1,343
28681,2025-09-06 05:47:38,0,9,0,0
94436,2025-09-06 05:57:26,0,8,0,0
22346,2025-09-06 06:08:40,1,7,0,0
14710,2025-09-06 06:30:28,0,7,0,0
2909,2025-09-06 06:34:09,0,4,0,0
26620,2025-09-06 06:34:21,0,6,0,0
58259,2025-09-06 06:45:32,0,8,1,306
16377,2025-09-06 06:49:28,1,9,0,0
23184,2025-09-06 06:53:04,0,7,0,0
64100,2025-09-06 06:55:18,0,6,1,341
25745,2025-09-06 07:04:28,1,11,0,0
29552,2025-09-06 07:05:42,1,6,0,0
25745,2025-09-06 07:11:46,1,9,0,0
71576,2025-09-06 07:12:51,0,6,1,673
75384,2025-09-06 07:35:45,1,4,0,0
31225,2025-09-06 07:47:47,0,4,0,0
54647,2025-09-06 07:48:05,0,0,0,0
20875,2025-09-06 08:10:03,1,7,0,0
70947,2025-09-06 08:11:44,0,11,1,330
72265,2025-09-06 08:15:32,0,6,0,0
9153,2025-09-06 08:16:28,0,4,1,180
96450,2025-09-06 08:26:43,0,5,0,0
942,2025-09-06 08:35:01,0,6,1,652
5491,2025-09-06 08:40:48,0,3,0,0
81750,2025-09-06 08:40:53,0,2,0,0
58197,2025-09-06 08:41:08,1,5,0,0
73218,2025-09-06 08:41:16,0,4,1,550
14842,2025-09-06 08:45:46,0,5,1,305
99671,2025-09-06 09:03:51,1,10,0,0
53473,2025-09-06 09:08:34,0,5,1,386
98804,2025-09-06 09:12:56,0,5,0,0
71779,2025-09-06 09:14:30,0,4,1,243
48711,2025-09-06 09:22:07,0,5,0,0
54032,2025-09-06 09:25:04,0,6,0,0
59848,2025-09-06 09:34:01,1,8,0,0
7518,2025-09-06 09:36:29,0,4,0,0
96537,2025-09-06 09:49:12,0,6,1,481
8599,2025-09-06 09:54:23,0,10,1,227
12210,2025-09-06 09:55:31,1,3,0,0
78033,2025-09-06 09:58:29,0,2,0,0
76213,2025-09-06 10:09:48,0,4,0,0
17981,2025-09-06 10:28:20,0,5,0,0
75791,2025-09-06 10:28:24,1,2,1,609
46773,2025-09-06 10:38:10,0,4,1,351
81499,2025-09-06 10:48:27,0,9,0,0
56392,2025-09-06 11:12:26,0,4,0,0
23209,2025-09-06 11:18:21,1,5,0,0
34704,2025-09-06 11:27:03,0,4,0,0
19183,2025-09-06 11:31:08,0,8,0,0
90381,2025-09-06 11:35:35,1,5,0,0
36430,2025-09-06 11:36:40,1,8,0,0
98963,2025-09-06 11:43:50,1,3,1,320
61932,2025-09-06 11:47:02,0,6,0,0
1088,2025-09-06 11:54:34,0,7,1,286
16588,2025-09-06 12:00:50,1,5,0,0
90658,2025-09-06 12:02:13,0,4,0,0
90539,2025-09-06 12:04:30,1,5,0,0
48515,2025-09-06 12:04:49,1,7,1,168
94875,2025-09-06 12:07:11,0,6,1,286
29315,2025-09-06 12:29:33,0,7,0,0
14838,2025-09-06 12:34:19,0,2,0,0
43754,2025-09-06 12:34:45,0,7,0,0
9153,2025-09-06 12:36:45,0,6,0,0
80014,2025-09-06 12:38:03,1,5,0,0
11631,2025-09-06 12:38:58,0,2,0,0
95281,2025-09-06 12:45:53,0,6,0,0
52088,2025-09-06 12:45:59,0,10,0,0
60139,2025-09-06 12:50:15,0,5,1,310
58194,2025-09-06 12:50:51,0,7,0,0
90802,2025-09-06 12:52:59,0,9,1,395
291,2025-09-06 13:03:21,0,9,1,456
9793,2025-09-06 13:03:24,0,9,0,0
5606,2025-09-06 13:06:00,0,4,0,0
68433,2025-09-06 13:07:19,1,8,0,0
51916,2025-09-06 13:08:48,1,11,0,0
36248,2025-09-06 13:21:31,0,6,0,0
43099,2025-09-06 13:26:18,0,5,0,0
73218,2025-09-06 13:30:10,1,5,1,282
89195,2025-09-06 13:30:51,1,7,0,0
86553,2025-09-06 13:35:33,1,5,1,178
72097,2025-09-06 13:36:09,0,8,1,331
9934,2025-09-06 13:39:28,0,3,0,0
68748,2025-09-06 13:53:36,0,6,0,0
90350,2025-09-06 13:58:07,0,8,0,0
26088,2025-09-06 14:06:40,0,4,0,0
31193,2025-09-06 14:22:17,1,11,0,0
18392,2025-09-06 14:38:57,0,2,0,0
17981,2025-09-06 14:40:27,0,6,0,0
25670,2025-09-06 14:40:31,0,4,1,326
12571,2025-09-06 14:43:54,0,6,1,288
69814,2025-09-06 14:44:56,0,7,0,0
5464,2025-09-06 14:49:55,0,5,0,0
26267,2025-09-06 14:50:02,0,10,1,269
60282,2025-09-06 14:52:24,0,3,1,273
26863,2025-09-06 14:58:15,0,6,1,370
20467,2025-09-06 14:59:22,1,2,1,228
12163,2025-09-06 15:05:22,0,5,1,350
60465,2025-09-06 15:33:06,0,6,1,158
81645,2025-09-06 15:50:31,0,10,0,0
41859,2025-09-06 15:53:19,0,5,0,0
14826,2025-09-06 15:54:18,1,2,1,347
85611,2025-09-06 15:54:55,0,9,0,0
6274,2025-09-06 15:56:28,0,6,0,0
77414,2025-09-06 15:58:27,0,4,0,0
31297,2025-09-06 15:58:40,1,7,0,0
36560,2025-09-06 16:01:25,0,8,0,0
27892,2025-09-06 16:10:01,0,2,0,0
83905,2025-09-06 16:14:34,0,10,0,0
48711,2025-09-06 16:17:09,0,7,1,458
36443,2025-09-06 16:18:01,0,4,0,0
16969,2025-09-06 16:20:37,0,4,1,495
10276,2025-09-06 16:23:10,0,9,0,0
66144,2025-09-06 16:33:36,0,8,0,0
11861,2025-09-06 16:39:48,0,8,0,0
1932,2025-09-06 16:41:26,0,3,0,0
26822,2025-09-06 16:42:21,0,6,0,0
69741,2025-09-06 16:54:30,0,4,1,244
95515,2025-09-06 17:08:56,0,3,0,0
27966,2025-09-06 17:27:38,0,7,1,292
26116,2025-09-06 17:31:27,0,4,0,0
2755,2025-09-06 17:33:03,0,6,0,0
65922,2025-09-06 17:33:54,0,7,0,0
20843,2025-09-06 17:41:16,1,3,1,280
93455,2025-09-06 17:48:39,0,8,0,0
60282,2025-09-06 17:56:48,0,8,0,0
34384,2025-09-06 18:09:41,0,3,1,347
48025,2025-09-06 18:10:01,0,7,0,0
1067,2025-09-06 18:10:12,1,5,1,314
49678,2025-09-06 18:11:55,1,6,1,263
94006,2025-09-06 18:19:40,0,6,1,152
89733,2025-09-06 18:26:20,0,4,1,258
9153,2025-09-06 18:34:36,1,4,0,0
86354,2025-09-06 18:35:54,1,6,0,0
95975,2025-09-06 18:40:21,1,5,0,0
32364,2025-09-06 18:45:07,0,8,0,0
98804,2025-09-06 18:46:23,0,5,0,0
89445,2025-09-06 18:48:16,0,10,0,0
74356,2025-09-06 18:48:38,1,6,0,0
86132,2025-09-06 18:53:50,0,11,1,420
20467,2025-09-06 18:58:56,0,6,0,0
95584,2025-09-06 19:08:36,0,6,1,352
26881,2025-09-06 19:08:46,0,5,1,442
43389,2025-09-06 19:08:59,1,8,0,0
16392,2025-09-06 19:10:08,0,7,1,847
22147,2025-09-06 19:13:16,0,7,0,0
51332,2025-09-06 19:13:21,1,8,0,0
33955,2025-09-06 19:20:32,0,5,1,207
63344,2025-09-06 19:22:16,0,4,0,0
22790,2025-09-06 19:36:14,0,6,1,327
26834,2025-09-06 19:44:09,1,9,0,0
50331,2025-09-06 19:46:00,0,5,1,423
81599,2025-09-06 19:46:37,0,6,1,542
42686,2025-09-06 19:57:17,0,6,0,0
32515,2025-09-06 20:01:02,1,10,0,0
5880,2025-09-06 20:02:38,1,3,0,0
63236,2025-09-06 20:11:54,0,4,0,0
54166,2025-09-06 20:18:39,1,4,0,0
95793,2025-09-06 20:24:02,1,7,0,0
63866,2025-09-06 20:42:41,0,7,0,0
6451,2025-09-06 20:45:43,0,7,1,322
68784,2025-09-06 20:46:27,1,6,1,369
91195,2025-09-06 20:51:25,0,8,0,0
78591,2025-09-06 20:54:24,1,5,0,0
9092,2025-09-06 20:54:59,0,7,0,0
99671,2025-09-06 20:58:52,0,0,0,0
74356,2025-09-06 21:09:57,1,8,0,0
43773,2025-09-06 21:18:15,1,5,1,201
43984,2025-09-06 21:25:58,0,10,0,0
72159,2025-09-06 21:30:20,1,3,0,0
97255,2025-09-06 21:47:20,0,4,1,343
34032,2025-09-06 21:52:55,0,4,0,0
12163,2025-09-06 21:54:23,0,7,0,0
36402,2025-09-06 22:01:24,0,5,0,0
45840,2025-09-06 22:08:52,0,6,0,0
88574,2025-09-06 22:11:12,0,3,0,0
61664,2025-09-06 22:15:50,0,7,1,279
47401,2025-09-06 22:18:38,0,7,0,0
15475,2025-09-06 22:31:51,1,3,0,0
89704,2025-09-06 22:50:29,0,7,0,0
80926,2025-09-06 22:57:45,0,8,0,0
19792,2025-09-06 23:00:23,0,8,0,0
76807,2025-09-06 23:08:31,0,11,1,393
69611,2025-09-06 23:11:54,0,9,1,554
74356,2025-09-06 23:13:54,1,8,0,0
91465,2025-09-06 23:23:17,1,3,0,0
11880,2025-09-06 23:28:24,0,5,0,0
44415,2025-09-06 23:28:24,0,7,0,0
34750,2025-09-06 23:28:49,0,3,1,274
47401,2025-09-06 23:34:26,0,6,0,0
32698,2025-09-06 23:41:58,0,9,0,0
63866,2025-09-06 23:48:04,0,4,0,0
77233,2025-09-06 23:50:47,0,6,0,0
48144,2025-09-06 23:52:35,0,5,0,0
18197,2025-09-07 00:16:49,1,6,0,0
10988,2025-09-07 00:23:49,0,9,0,0
13712,2025-09-07 00:28:56,0,6,0,0
53814,2025-09-07 00:39:13,0,3,1,360
45652,2025-09-07 01:56:50,0,9,0,0
33217,2025-09-07 02:15:03,1,10,1,532
94658,2025-09-07 02:17:32,0,5,0,0
8778,2025-09-07 02:28:16,1,3,0,0
2778,2025-09-07 02:47:07,1,5,0,0
23295,2025-09-07 03:00:22,1,6,0,0
14149,2025-09-07 03:18:20,0,9,1,687
40937,2025-09-07 03:22:02,0,8,0,0
8814,2025-09-07 03:46:09,0,5,0,0
57942,2025-09-07 03:47:47,0,7,0,0
76045,2025-09-07 03:49:08,0,11,0,0
45893,2025-09-07 03:49:30,0,4,0,0
38036,2025-09-07 03:52:00,0,6,1,327
44577,2025-09-07 04:06:26,1,6,0,0
38928,2025-09-07 04:08:45,1,7,0,0
38835,2025-09-07 04:55:23,0,7,0,0
57447,2025-09-07 04:58:43,0,2,1,446
5389,2025-09-07 05:10:32,0,8,0,0
91486,2025-09-07 05:15:22,1,8,0,0
35960,2025-09-07 05:16:45,0,8,1,666
27465,2025-09-07 05:23:52,1,8,0,0
28778,2025-09-07 05:32:31,0,5,0,0
26822,2025-09-07 05:43:54,0,5,0,0
41859,2025-09-07 06:07:44,0,6,0,0
27892,2025-09-07 06:09:21,1,5,1,201
82774,2025-09-07 06:14:24,0,7,0,0
47401,2025-09-07 06:14:31,0,3,0,0
76075,2025-09-07 06:17:14,1,11,1,404
53616,2025-09-07 06:24:13,0,6,0,0
8814,2025-09-07 06:31:34,1,7,1,525
65499,2025-09-07 06:43:32,0,4,0,0
95631,2025-09-07 06:44:15,1,9,0,0
58694,2025-09-07 06:44:30,1,9,1,306
89021,2025-09-07 06:50:03,0,2,0,0
78913,2025-09-07 06:56:48,0,6,0,0
78197,2025-09-07 07:09:15,0,9,0,0
43044,2025-09-07 07:16:06,0,8,0,0
54168,2025-09-07 07:24:03,0,5,1,379
3264,2025-09-07 07:26:34,0,7,1,218
8814,2025-09-07 07:49:41,0,9,0,0
94097,2025-09-07 08:04:51,0,6,0,0
22864,2025-09-07 08:13:34,1,12,0,0
50309,2025-09-07 08:15:23,0,5,0,0
69871,2025-09-07 08:22:18,0,8,0,0
43358,2025-09-07 08:22:50,0,8,0,0
33395,2025-09-07 08:34:49,1,8,0,0
45601,2025-09-07 08:37:05,0,4,1,469
97879,2025-09-07 08:39:34,0,6,1,276
79831,2025-09-07 08:40:51,1,13,0,0
15597,2025-09-07 08:44:14,1,6,1,388
96134,2025-09-07 08:49:04,0,5,0,0
20960,2025-09-07 08:49:39,1,7,1,414
62663,2025-09-07 09:00:55,0,5,0,0
76075,2025-09-07 09:08:07,1,6,0,0
57888,2025-09-07 09:13:04,1,9,1,324
27140,2025-09-07 09:14:48,0,2,0,0
82818,2025-09-07 09:15:07,1,7,0,0
75672,2025-09-07 09:20:13,0,6,0,0
75700,2025-09-07 09:40:07,0,6,1,341
99218,2025-09-07 09:44:33,1,2,1,821
33072,2025-09-07 09:45:58,0,5,0,0
44415,2025-09-07 09:50:20,1,6,0,0
35697,2025-09-07 09:54:13,0,7,0,0
88208,2025-09-07 09:57:36,1,5,0,0
64176,2025-09-07 10:03:11,0,8,0,0
2616,2025-09-07 10:07:55,1,2,0,0
93179,2025-09-07 10:09:37,1,5,1,292
36047,2025-09-07 10:14:32,0,6,1,367
15173,2025-09-07 10:26:23,1,13,0,0
1430,2025-09-07 10:35:52,1,7,0,0
41093,2025-09-07 10:37:11,1,6,1,333
48788,2025-09-07 10:39:30,1,2,0,0
43094,2025-09-07 10:51:02,1,4,0,0
11053,2025-09-07 10:52:45,0,6,1,269
62343,2025-09-07 10:58:50,0,7,0,0
44133,2025-09-07 11:05:49,0,12,0,0
14624,2025-09-07 11:07:48,1,6,0,0
51229,2025-09-07 11:17:17,0,5,0,0
86547,2025-09-07 11:21:20,0,7,0,0
2812,2025-09-07 11:25:11,0,4,0,0
45652,2025-09-07 11:25:20,0,7,0,0
88849,2025-09-07 11:32:47,0,6,0,0
46651,2025-09-07 11:37:23,0,4,1,492
80896,2025-09-07 11:39:19,1,4,0,0
86101,2025-09-07 11:48:17,0,6,0,0
78173,2025-09-07 11:49:36,1,5,1,241
26088,2025-09-07 11:50:04,0,6,0,0
67804,2025-09-07 11:53:29,0,10,1,729
99085,2025-09-07 11:59:18,0,3,0,0
19298,2025-09-07 12:00:05,1,6,0,0
38268,2025-09-07 12:01:35,0,10,0,0
291,2025-09-07 12:02:22,1,3,0,0
69948,2025-09-07 12:09:21,0,3,1,172
91486,2025-09-07 12:13:25,1,4,0,0
49062,2025-09-07 12:13:39,0,8,1,353
75678,2025-09-07 12:15:45,0,6,0,0
808,2025-09-07 12:23:31,0,7,0,0
10007,2025-09-07 12:36:47,1,7,0,0
7508,2025-09-07 12:39:02,0,5,1,243
74602,2025-09-07 12:44:12,0,5,0,0
60465,2025-09-07 12:46:09,0,4,1,377
69934,2025-09-07 13:05:21,0,4,0,0
99955,2025-09-07 13:05:26,1,6,0,0
13533,2025-09-07 13:12:02,1,9,0,0
12580,2025-09-07 13:15:17,0,5,1,303
15267,2025-09-07 13:28:41,1,6,0,0
16802,2025-09-07 13:29:36,0,9,0,0
79511,2025-09-07 13:31:14,0,6,1,584
44891,2025-09-07 13:37:10,0,8,0,0
82866,2025-09-07 13:38:11,0,9,0,0
36519,2025-09-07 13:40:28,0,7,1,294
56673,2025-09-07 13:41:57,0,3,0,0
5052,2025-09-07 13:51:45,0,5,1,320
18848,2025-09-07 13:53:23,1,7,0,0
16025,2025-09-07 13:56:05,0,5,0,0
69948,2025-09-07 14:05:12,1,11,1,212
55846,2025-09-07 14:07:08,1,5,0,0
42147,2025-09-07 14:09:19,0,6,1,190
82111,2025-09-07 14:13:41,1,8,1,347
20911,2025-09-07 14:16:48,0,8,0,0
36101,2025-09-07 14:21:18,0,4,0,0
9153,2025-09-07 14:21:34,0,4,0,0
84633,2025-09-07 14:22:04,1,6,0,0
75925,2025-09-07 14:23:05,0,7,1,410
67503,2025-09-07 14:26:07,0,5,0,0
5473,2025-09-07 14:32:22,0,4,0,0
96343,2025-09-07 14:36:24,0,8,0,0
58596,2025-09-07 14:43:07,0,3,0,0
49817,2025-09-07 14:50:52,1,7,1,294
56996,2025-09-07 14:53:33,0,4,0,0
64100,2025-09-07 15:01:35,0,5,0,0
86141,2025-09-07 15:04:50,1,5,1,210
7818,2025-09-07 15:05:26,0,2,0,0
41942,2025-09-07 15:06:29,0,8,0,0
58197,2025-09-07 15:06:36,0,3,1,684
99078,2025-09-07 15:09:48,0,10,0,0
69448,2025-09-07 15:17:41,0,9,1,250
27097,2025-09-07 15:42:47,0,4,0,0
72100,2025-09-07 15:44:42,0,2,0,0
55999,2025-09-07 15:45:25,0,4,0,0
76566,2025-09-07 15:46:07,1,7,1,255
6981,2025-09-07 15:52:55,1,10,0,0
16728,2025-09-07 15:57:18,0,6,0,0
65478,2025-09-07 16:01:06,1,3,1,203
87530,2025-09-07 16:24:21,0,5,0,0
44977,2025-09-07 16:29:37,1,3,0,0
28778,2025-09-07 16:36:14,0,2,0,0
49817,2025-09-07 16:41:39,0,6,0,0
87715,2025-09-07 16:46:12,0,6,1,238
26116,2025-09-07 16:47:13,0,7,0,0
45601,2025-09-07 17:00:04,0,5,1,383
77832,2025-09-07 17:01:52,0,4,1,411
22678,2025-09-07 17:02:52,0,4,0,0
44987,2025-09-07 17:05:53,0,4,0,0
83726,2025-09-07 17:12:18,0,5,0,0
26822,2025-09-07 17:13:25,0,6,1,593
10291,2025-09-07 17:17:46,1,11,0,0
78197,2025-09-07 17:17:51,0,8,0,0
9138,2025-09-07 17:21:51,0,3,0,0
49806,2025-09-07 17:26:52,0,11,0,0
99078,2025-09-07 17:31:42,1,6,0,0
86915,2025-09-07 17:34:59,0,5,0,0
16667,2025-09-07 17:40:15,0,6,0,0
90918,2025-09-07 17:40:22,1,5,0,0
75925,2025-09-07 17:46:24,0,4,0,0
64176,2025-09-07 18:02:20,0,7,1,492
45601,2025-09-07 18:06:40,1,4,0,0
47108,2025-09-07 18:08:53,0,4,0,0
31430,2025-09-07 18:15:42,0,3,0,0
57936,2025-09-07 18:22:18,0,9,0,0
7672,2025-09-07 18:41:50,1,9,0,0
80420,2025-09-07 18:45:11,1,4,0,0
56869,2025-09-07 18:48:38,0,7,1,599
97348,2025-09-07 18:52:44,1,4,0,0
59497,2025-09-07 18:54:01,0,4,0,0
63518,2025-09-07 18:57:44,1,3,0,0
61783,2025-09-07 18:58:00,0,7,1,192
86070,2025-09-07 19:07:34,0,7,1,273
50202,2025-09-07 19:10:55,0,7,0,0
5,2025-09-07 19:11:43,1,5,0,0
95700,2025-09-07 19:13:22,0,5,1,491
25454,2025-09-07 19:25:52,0,4,1,216
57869,2025-09-07 19:26:17,0,5,0,0
97418,2025-09-07 19:28:27,1,6,0,0
51146,2025-09-07 19:31:30,1,7,1,261
24096,2025-09-07 19:32:55,0,4,0,0
10276,2025-09-07 19:55:42,1,10,0,0
40608,2025-09-07 20:05:08,0,3,0,0
40876,2025-09-07 20:09:13,0,9,1,392
28853,2025-09-07 20:14:46,1,4,0,0
47798,2025-09-07 20:19:19,0,10,0,0
6389,2025-09-07 20:21:43,0,4,0,0
55663,2025-09-07 20:23:53,1,2,1,259
36519,2025-09-07 20:28:21,0,8,0,0
400,2025-09-07 20:32:15,0,9,0,0
85500,2025-09-07 20:37:29,1,4,0,0
29128,2025-09-07 20:47:35,1,7,1,211
97410,2025-09-07 20:47:51,0,1,0,0
17212,2025-09-07 20:50:27,0,8,0,0
76075,2025-09-07 20:56:40,0,3,0,0
76469,2025-09-07 20:59:32,0,10,1,290
50177,2025-09-07 21:24:47,0,9,1,400
8514,2025-09-07 21:31:22,0,1,0,0
57875,2025-09-07 21:35:52,0,7,0,0
81402,2025-09-07 21:41:01,0,5,0,0
38513,2025-09-07 21:42:27,0,3,0,0
436,2025-09-07 21:50:31,0,3,1,219
64711,2025-09-07 22:06:53,0,8,0,0
57879,2025-09-07 22:08:14,1,2,0,0
33063,2025-09-07 22:20:39,0,9,1,303
74779,2025-09-07 22:20:57,0,6,0,0
92458,2025-09-07 22:24:57,0,3,1,325
23184,2025-09-07 22:27:20,0,8,0,0
57290,2025-09-07 22:34:11,0,7,0,0
66063,2025-09-07 22:36:45,0,6,1,164
52553,2025-09-07 22:46:14,0,6,0,0
16922,2025-09-07 22:46:26,0,5,0,0
22773,2025-09-07 22:51:31,1,12,1,281
1430,2025-09-07 22:57:22,0,11,0,0
76566,2025-09-07 23:07:24,0,6,1,292
71182,2025-09-07 23:11:01,0,4,0,0
94658,2025-09-07 23:16:36,0,5,1,192
18283,2025-09-07 23:19:12,0,4,0,0
40608,2025-09-07 23:20:41,1,4,0,0
91642,2025-09-07 23:42:18,0,9,1,247
12038,2025-09-07 23:45:29,0,9,1,228
79159,2025-09-07 23:51:56,0,8,0,0
77238,2025-09-07 23:53:46,0,8,1,290
10782,2025-09-07 23:54:48,1,4,0,0
94875,2025-09-07 23:59:08,0,4,0,0
10007,2025-09-08 00:20:05,1,4,0,0
98118,2025-09-08 00:30:57,0,6,1,568
80249,2025-09-08 00:44:49,0,3,0,0
95975,2025-09-08 00:46:34,0,3,1,712
80420,2025-09-08 00:51:55,0,4,0,0
26590,2025-09-08 00:57:36,0,9,1,282
23648,2025-09-08 01:02:17,0,11,1,282
38083,2025-09-08 01:23:35,0,6,1,200
88273,2025-09-08 01:40:58,0,7,0,0
68899,2025-09-08 01:41:46,1,2,0,0
46958,2025-09-08 01:45:08,1,5,1,246
48604,2025-09-08 01:47:46,1,5,0,0
86828,2025-09-08 01:50:28,0,6,1,206
75791,2025-09-08 01:52:44,0,8,0,0
74023,2025-09-08 01:57:52,0,5,1,209
31359,2025-09-08 01:58:17,0,3,0,0
2994,2025-09-08 02:06:20,0,8,1,432
85631,2025-09-08 02:11:25,0,5,0,0
16377,2025-09-08 02:13:20,1,5,0,0
57888,2025-09-08 02:46:05,1,6,0,0
2267,2025-09-08 02:52:23,0,9,0,0
15516,2025-09-08 03:39:47,0,5,0,0
25454,2025-09-08 03:49:28,0,6,1,274
48305,2025-09-08 03:57:12,0,3,0,0
53463,2025-09-08 04:24:55,1,3,0,0
17981,2025-09-08 04:47:20,1,13,1,255
94846,2025-09-08 04:49:50,0,12,1,240
98756,2025-09-08 05:12:41,0,6,0,0
86585,2025-09-08 05:26:28,1,8,0,0
15123,2025-09-08 05:35:44,0,4,1,275
89227,2025-09-08 05:42:36,0,4,1,261
40608,2025-09-08 05:58:43,0,1,1,471
68340,2025-09-08 05:59:35,0,3,0,0
18034,2025-09-08 05:59:45,0,4,1,194
97608,2025-09-08 06:05:44,0,5,0,0
27116,2025-09-08 06:41:05,0,7,0,0
69814,2025-09-08 07:11:11,1,3,0,0
98213,2025-09-08 07:12:45,1,5,0,0
48348,2025-09-08 07:12:53,0,6,1,493
7518,2025-09-08 07:14:18,1,2,1,331
60160,2025-09-08 07:21:13,1,3,0,0
18055,2025-09-08 07:41:18,0,7,1,441
11684,2025-09-08 08:04:34,0,6,1,310
91443,2025-09-08 08:12:03,0,8,0,0
31288,2025-09-08 08:12:51,0,9,0,0
6063,2025-09-08 08:15:12,1,5,1,279
99671,2025-09-08 08:36:37,0,7,0,0
57314,2025-09-08 08:37:13,0,6,1,231
54287,2025-09-08 08:54:49,0,6,0,0
39108,2025-09-08 09:02:02,0,8,0,0
58974,2025-09-08 09:02:21,1,2,1,257
75417,2025-09-08 09:07:47,0,6,0,0
26088,2025-09-08 09:11:51,0,5,0,0
89222,2025-09-08 09:14:46,0,6,1,362
291,2025-09-08 09:15:11,1,5,0,0
37919,2025-09-08 09:15:23,0,5,1,398
30876,2025-09-08 09:19:58,0,8,0,0
13464,2025-09-08 09:28:03,0,4,0,0
42588,2025-09-08 09:31:20,0,7,1,521
6229,2025-09-08 09:33:40,0,8,1,178
26969,2025-09-08 09:37:38,0,15,0,0
25454,2025-09-08 09:41:16,0,8,0,0
5606,2025-09-08 09:51:23,0,2,0,0
13464,2025-09-08 09:52:38,1,7,0,0
40564,2025-09-08 09:53:03,0,8,0,0
8778,2025-09-08 09:59:29,0,9,0,0
61847,2025-09-08 10:00:33,0,10,1,275
8599,2025-09-08 10:01:10,0,5,1,380
93432,2025-09-08 10:04:44,1,6,1,161
2029,2025-09-08 10:05:26,0,3,0,0
80065,2025-09-08 10:05:51,0,11,0,0
30412,2025-09-08 10:06:03,1,9,0,0
18731,2025-09-08 10:06:19,0,5,1,353
78635,2025-09-08 10:15:24,1,5,1,265
51402,2025-09-08 10:17:25,0,3,0,0
56616,2025-09-08 10:19:04,0,6,1,304
50544,2025-09-08 10:23:18,1,7,0,0
78251,2025-09-08 10:38:26,0,7,0,0
63462,2025-09-08 10:44:29,1,1,0,0
79753,2025-09-08 10:44:55,1,3,1,420
77368,2025-09-08 10:47:00,0,1,0,0
18055,2025-09-08 10:50:49,0,7,0,0
8044,2025-09-08 11:07:03,1,9,0,0
44843,2025-09-08 11:09:16,0,2,1,294
37384,2025-09-08 11:14:17,1,7,1,313
67990,2025-09-08 11:19:28,0,6,0,0
45437,2025-09-08 11:19:35,1,6,1,308
89756,2025-09-08 11:26:20,0,5,1,365
22689,2025-09-08 11:32:07,1,7,1,390
2317,2025-09-08 11:38:03,1,4,0,0
38641,2025-09-08 11:46:21,0,4,0,0
45814,2025-09-08 11:47:10,0,8,1,410
97093,2025-09-08 11:48:27,0,9,1,357
87029,2025-09-08 11:49:25,0,2,0,0
21785,2025-09-08 11:50:06,0,4,1,467
56673,2025-09-08 11:52:58,1,8,0,0
38083,2025-09-08 11:54:42,0,6,0,0
93962,2025-09-08 12:01:37,0,3,0,0
14838,2025-09-08 12:07:48,1,3,0,0
16588,2025-09-08 12:10:35,0,6,0,0
55851,2025-09-08 12:17:41,0,6,1,479
69814,2025-09-08 12:45:22,0,7,0,0
47616,2025-09-08 12:45:59,0,6,0,0
76899,2025-09-08 12:48:15,0,4,0,0
12580,2025-09-08 12:48:43,0,5,1,210
5491,2025-09-08 12:49:25,0,7,0,0
1932,2025-09-08 12:57:43,0,8,0,0
1668,2025-09-08 13:07:45,0,3,0,0
99827,2025-09-08 13:14:25,0,4,0,0
81366,2025-09-08 13:17:07,0,2,1,172
32053,2025-09-08 13:17:39,0,9,1,327
57869,2025-09-08 13:33:21,0,5,0,0
51000,2025-09-08 13:38:37,0,9,0,0
75718,2025-09-08 13:44:28,1,7,1,230
32053,2025-09-08 13:45:36,0,4,0,0
21570,2025-09-08 13:46:22,1,6,0,0
61678,2025-09-08 13:53:36,0,5,1,196
99962,2025-09-08 14:08:55,0,11,0,0
9665,2025-09-08 14:18:14,0,7,0,0
55428,2025-09-08 14:18:32,0,4,0,0
70219,2025-09-08 14:23:59,0,3,0,0
97879,2025-09-08 14:26:22,1,5,1,348
89756,2025-09-08 14:39:17,0,6,0,0
15597,2025-09-08 14:41:11,0,6,0,0
90423,2025-09-08 14:50:22,0,5,0,0
4433,2025-09-08 14:51:04,1,9,0,0
1067,2025-09-08 14:58:01,0,4,0,0
75829,2025-09-08 15:03:48,1,8,0,0
8552,2025-09-08 15:04:01,1,3,0,0
16188,2025-09-08 15:16:02,0,7,0,0
72446,2025-09-08 15:22:53,0,7,1,225
95616,2025-09-08 15:35:03,0,7,1,242
60465,2025-09-08 15:42:58,0,8,0,0
400,2025-09-08 15:52:55,0,4,0,0
75384,2025-09-08 15:56:33,0,2,1,287
49584,2025-09-08 16:01:07,0,9,1,260
38663,2025-09-08 16:01:43,0,7,1,900
34353,2025-09-08 16:04:10,0,7,0,0
94286,2025-09-08 16:19:54,0,7,0,0
24726,2025-09-08 16:23:53,0,1,0,0
3095,2025-09-08 16:36:58,0,9,1,356
23354,2025-09-08 16:40:01,1,4,0,0
24083,2025-09-08 16:40:15,0,6,0,0
68193,2025-09-08 17:01:55,0,5,0,0
64100,2025-09-08 17:18:07,0,6,1,151
17895,2025-09-08 17:21:17,0,9,0,0
7221,2025-09-08 17:23:04,0,1,0,0
36565,2025-09-08 17:23:43,0,5,1,318
97701,2025-09-08 17:36:48,0,7,1,432
77233,2025-09-08 18:08:34,0,9,0,0
16922,2025-09-08 18:21:33,0,3,0,0
27605,2025-09-08 18:21:59,0,7,1,262
26881,2025-09-08 18:26:03,0,11,0,0
53907,2025-09-08 18:30:14,0,4,0,0
79820,2025-09-08 18:34:44,1,8,0,0
21150,2025-09-08 18:35:59,0,12,0,0
78349,2025-09-08 18:37:17,1,6,0,0
22156,2025-09-08 18:41:11,0,2,0,0
77934,2025-09-08 18:42:35,0,6,0,0
87579,2025-09-08 18:46:55,1,9,0,0
39777,2025-09-08 19:01:17,1,4,0,0
6274,2025-09-08 19:17:28,0,5,0,0
16963,2025-09-08 19:27:10,0,6,1,243
80859,2025-09-08 19:30:39,0,4,1,279
63344,2025-09-08 19:36:16,0,5,0,0
58223,2025-09-08 19:40:47,0,7,0,0
87579,2025-09-08 19:44:49,0,12,1,305
23630,2025-09-08 19:48:13,0,6,0,0
87900,2025-09-08 19:50:00,1,6,1,430
3595,2025-09-08 19:50:17,1,6,0,0
18034,2025-09-08 19:53:44,1,1,0,0
74172,2025-09-08 19:57:21,1,4,0,0
75700,2025-09-08 19:58:12,0,7,0,0
45437,2025-09-08 20:10:52,0,8,0,0
95616,2025-09-08 20:11:33,1,8,1,338
66504,2025-09-08 20:14:04,0,7,1,218
97255,2025-09-08 20:17:50,0,6,0,0
48672,2025-09-08 20:23:49,0,4,0,0
33060,2025-09-08 20:24:28,1,6,0,0
99157,2025-09-08 20:29:24,0,4,1,195
75004,2025-09-08 20:41:00,1,6,1,341
23468,2025-09-08 20:42:57,0,5,0,0
13537,2025-09-08 20:45:23,0,4,0,0
80185,2025-09-08 21:00:49,0,9,0,0
26834,2025-09-08 21:03:46,0,7,0,0
40564,2025-09-08 21:11:14,0,5,0,0
6981,2025-09-08 21:11:25,0,8,0,0
19128,2025-09-08 21:20:07,0,1,0,0
74870,2025-09-08 21:23:04,0,3,1,250
6229,2025-09-08 21:47:14,0,8,0,0
85042,2025-09-08 21:49:30,0,6,0,0
67050,2025-09-08 21:52:00,0,5,1,224
54643,2025-09-08 21:52:01,0,11,1,193
2029,2025-09-08 21:52:08,0,4,1,318
13962,2025-09-08 22:10:00,0,9,1,435
98350,2025-09-08 22:11:37,1,9,0,0
99953,2025-09-08 22:13:33,1,1,0,0
68381,2025-09-08 22:15:11,0,5,0,0
74714,2025-09-08 22:16:07,1,6,0,0
28778,2025-09-08 22:21:12,0,7,0,0
44415,2025-09-08 22:26:16,1,6,0,0
64917,2025-09-08 22:29:01,0,6,0,0
26969,2025-09-08 22:35:51,0,2,0,0
23657,2025-09-08 22:37:48,0,13,0,0
83313,2025-09-08 23:01:04,0,9,0,0
77049,2025-09-08 23:03:44,0,4,1,438
38118,2025-09-08 23:04:35,1,10,0,0
28031,2025-09-08 23:04:50,1,9,0,0
94312,2025-09-08 23:05:39,0,8,1,340
26863,2025-09-08 23:18:44,0,6,1,314
17089,2025-09-08 23:20:36,1,6,1,233
15574,2025-09-08 23:22:08,0,2,0,0
29081,2025-09-08 23:31:33,0,10,0,0
85500,2025-09-08 23:40:47,0,3,0,0
63376,2025-09-08 23:41:07,1,4,0,0
4959,2025-09-08 23:45:32,1,10,1,368
85226,2025-09-08 23:57:57,1,2,1,212
14954,2025-09-08 23:58:28,0,7,0,0
67093,2025-09-08 23:59:41,1,11,1,448
77347,2025-09-09 00:15:44,1,5,0,0
73606,2025-09-09 00:26:03,1,3,0,0
94436,2025-09-09 00:50:40,1,3,0,0
31913,2025-09-09 01:29:22,1,4,1,144
86547,2025-09-09 01:40:28,0,4,0,0
74620,2025-09-09 01:41:12,1,10,0,0
78251,2025-09-09 01:46:12,1,8,1,227
26911,2025-09-09 01:57:20,0,2,1,794
39101,2025-09-09 02:14:55,0,11,0,0
35340,2025-09-09 02:45:37,1,8,0,0
55640,2025-09-09 02:51:34,0,6,0,0
23995,2025-09-09 03:10:46,0,4,0,0
48399,2025-09-09 03:11:14,0,4,1,417
96170,2025-09-09 03:17:06,0,4,0,0
77233,2025-09-09 03:51:34,0,2,0,0
90918,2025-09-09 03:51:40,0,5,1,325
11053,2025-09-09 03:56:24,0,3,1,185
35671,2025-09-09 04:02:42,0,5,0,0
26088,2025-09-09 04:04:08,0,4,0,0
57869,2025-09-09 04:14:23,0,8,0,0
97348,2025-09-09 04:24:39,0,10,0,0
58736,2025-09-09 04:36:22,0,6,0,0
98019,2025-09-09 04:44:11,0,6,0,0
33385,2025-09-09 05:13:08,0,6,0,0
45814,2025-09-09 05:13:54,0,5,1,412
18286,2025-09-09 05:20:09,0,7,0,0
65076,2025-09-09 05:32:44,1,6,0,0
78311,2025-09-09 05:33:40,0,3,1,503
92308,2025-09-09 05:41:21,0,3,0,0
18377,2025-09-09 05:50:43,1,3,1,523
64495,2025-09-09 05:55:08,0,3,1,224
21852,2025-09-09 06:01:25,1,10,1,570
39441,2025-09-09 06:02:42,1,8,1,326
71826,2025-09-09 06:07:22,0,3,0,0
78431,2025-09-09 06:08:40,0,7,1,451
48916,2025-09-09 06:10:06,0,4,1,349
25247,2025-09-09 06:19:30,1,2,0,0
75024,2025-09-09 06:22:25,1,9,0,0
93759,2025-09-09 06:50:10,0,3,0,0
40608,2025-09-09 06:50:14,1,6,0,0
77011,2025-09-09 06:54:50,0,6,0,0
69883,2025-09-09 07:24:31,0,5,0,0
31171,2025-09-09 07:26:39,1,8,0,0
6111,2025-09-09 07:29:40,1,8,0,0
96305,2025-09-09 07:34:50,0,5,0,0
65499,2025-09-09 07:48:56,1,4,1,387
31441,2025-09-09 07:50:30,0,4,0,0
8044,2025-09-09 08:09:18,0,5,0,0
56004,2025-09-09 08:13:52,0,8,1,182
20710,2025-09-09 08:21:29,0,7,1,513
9396,2025-09-09 08:21:36,0,7,0,0
14710,2025-09-09 08:31:32,0,10,0,0
10169,2025-09-09 08:32:50,0,3,1,326
13508,2025-09-09 08:32:59,0,3,1,255
48420,2025-09-09 09:04:36,0,5,1,446
38591,2025-09-09 09:14:30,0,5,0,0
50544,2025-09-09 09:14:36,0,10,0,0
73554,2025-09-09 09:19:54,0,5,1,420
73615,2025-09-09 09:25:08,0,3,0,0
25454,2025-09-09 09:43:30,0,3,0,0
84604,2025-09-09 09:51:01,1,7,1,246
21281,2025-09-09 09:58:53,1,5,0,0
20710,2025-09-09 10:04:42,0,11,1,540
20710,2025-09-09 10:14:18,1,8,1,312
10895,2025-09-09 10:19:42,0,5,0,0
93945,2025-09-09 10:21:35,0,5,1,443
43583,2025-09-09 10:29:58,0,4,1,234
33155,2025-09-09 10:32:52,1,9,1,294
79850,2025-09-09 10:43:39,0,9,0,0
11631,2025-09-09 10:51:03,0,6,0,0
60139,2025-09-09 10:52:59,0,6,0,0
7492,2025-09-09 11:06:26,0,10,0,0
68222,2025-09-09 11:13:16,0,4,1,285
36959,2025-09-09 11:23:30,0,9,0,0
12176,2025-09-09 11:24:48,0,12,0,0
43099,2025-09-09 11:25:34,0,9,0,0
74356,2025-09-09 11:26:00,1,8,1,478
73631,2025-09-09 11:35:56,1,8,1,539
33072,2025-09-09 11:40:15,0,5,0,0
56795,2025-09-09 11:41:19,0,4,0,0
59406,2025-09-09 11:41:29,0,4,0,0
96170,2025-09-09 11:43:33,1,10,0,0
17647,2025-09-09 11:51:21,0,5,1,246
94926,2025-09-09 11:58:38,1,2,1,250
32227,2025-09-09 11:59:45,1,5,0,0
43482,2025-09-09 12:23:20,0,5,0,0
61783,2025-09-09 12:25:38,0,6,0,0
80014,2025-09-09 12:25:46,0,9,1,705
41432,2025-09-09 12:26:07,1,3,0,0
58702,2025-09-09 12:27:32,1,4,1,267
84604,2025-09-09 12:40:42,0,7,1,295
82253,2025-09-09 12:59:31,0,6,1,291
22169,2025-09-09 13:07:22,0,5,0,0
22406,2025-09-09 13:13:31,0,4,1,534
90658,2025-09-09 13:32:30,0,7,0,0
9665,2025-09-09 13:53:06,0,3,0,0
45840,2025-09-09 13:59:44,0,4,0,0
43044,2025-09-09 14:27:49,0,4,0,0
16191,2025-09-09 14:27:51,1,2,1,222
29862,2025-09-09 14:34:41,1,3,0,0
83320,2025-09-09 14:41:23,0,13,1,401
58641,2025-09-09 14:48:25,0,5,0,0
81599,2025-09-09 14:50:44,1,7,1,635
88135,2025-09-09 14:51:15,0,6,0,0
35302,2025-09-09 14:51:44,0,12,1,251
97509,2025-09-09 14:55:25,0,7,0,0
96170,2025-09-09 14:58:45,0,7,1,445
50795,2025-09-09 15:04:52,0,6,0,0
58083,2025-09-09 15:06:07,0,4,1,411
43252,2025-09-09 15:18:23,0,3,1,425
90663,2025-09-09 15:22:19,0,4,1,429
99218,2025-09-09 15:25:30,1,4,0,0
58641,2025-09-09 15:28:00,0,5,0,0
57399,2025-09-09 15:35:44,1,4,0,0
14944,2025-09-09 15:39:23,0,4,0,0
47014,2025-09-09 15:40:11,1,6,0,0
79612,2025-09-09 15:45:08,1,10,1,334
7518,2025-09-09 15:45:54,0,6,1,179
88777,2025-09-09 15:46:13,1,4,1,229
67990,2025-09-09 15:47:36,0,10,0,0
17796,2025-09-09 15:53:40,1,7,0,0
12454,2025-09-09 15:54:53,1,6,0,0
46890,2025-09-09 16:02:07,1,5,0,0
48819,2025-09-09 16:03:41,1,5,0,0
77716,2025-09-09 16:11:24,1,6,0,0
92133,2025-09-09 16:16:16,0,9,1,354
11609,2025-09-09 16:37:18,0,3,1,526
30679,2025-09-09 16:42:52,0,11,0,0
69883,2025-09-09 16:43:03,0,4,0,0
16667,2025-09-09 16:44:18,1,6,1,417
12519,2025-09-09 16:51:21,0,8,0,0
14675,2025-09-09 16:54:49,0,6,1,634
91431,2025-09-09 17:00:21,1,10,0,0
8097,2025-09-09 17:05:19,1,4,0,0
71856,2025-09-09 17:09:26,0,8,0,0
76045,2025-09-09 17:13:47,1,9,0,0
77233,2025-09-09 17:18:19,0,10,1,548
16188,2025-09-09 17:20:51,1,4,1,239
81645,2025-09-09 17:25:09,1,10,0,0
3672,2025-09-09 17:29:49,0,9,0,0
34608,2025-09-09 17:35:59,0,6,1,428
50645,2025-09-09 17:43:24,0,6,0,0
42997,2025-09-09 17:57:16,0,5,1,319
25454,2025-09-09 17:59:26,0,7,0,0
85907,2025-09-09 18:07:20,0,4,1,342
73479,2025-09-09 18:07:43,1,5,1,352
86585,2025-09-09 18:16:56,0,8,0,0
51309,2025-09-09 18:21:48,0,4,1,236
87341,2025-09-09 18:26:24,0,2,0,0
36519,2025-09-09 18:31:34,0,7,1,282
26092,2025-09-09 18:32:04,1,11,0,0
8097,2025-09-09 18:38:47,0,7,0,0
68340,2025-09-09 18:49:51,0,5,0,0
61873,2025-09-09 18:52:36,0,7,0,0
57875,2025-09-09 18:58:03,0,6,0,0
3161,2025-09-09 19:04:15,1,3,1,407
26501,2025-09-09 19:15:16,0,8,0,0
93759,2025-09-09 19:22:36,0,10,1,271
81430,2025-09-09 19:26:54,0,7,1,263
54287,2025-09-09 19:28:53,0,7,0,0
1990,2025-09-09 19:35:51,0,11,1,420
23468,2025-09-09 19:36:14,1,4,1,257
85631,2025-09-09 19:44:52,1,2,1,473
83340,2025-09-09 19:49:20,0,7,0,0
99800,2025-09-09 19:51:42,0,7,1,458
28853,2025-09-09 19:54:36,1,6,1,247
78457,2025-09-09 19:54:50,0,7,0,0
19669,2025-09-09 19:57:01,1,5,0,0
66063,2025-09-09 19:57:13,0,4,0,0
43133,2025-09-09 19:59:49,0,4,1,586
48849,2025-09-09 20:14:51,0,8,0,0
15376,2025-09-09 20:18:15,0,3,0,0
15516,2025-09-09 20:18:56,0,2,0,0
32698,2025-09-09 20:19:57,0,6,0,0
22689,2025-09-09 20:22:54,0,5,1,445
16377,2025-09-09 20:29:46,0,6,0,0
3224,2025-09-09 20:32:14,0,4,0,0
97916,2025-09-09 20:37:26,0,5,1,354
17895,2025-09-09 20:40:59,0,3,0,0
15053,2025-09-09 20:41:56,0,8,1,170
82111,2025-09-09 20:49:57,0,6,0,0
97608,2025-09-09 20:51:09,1,12,0,0
8661,2025-09-09 20:51:11,1,9,0,0
24634,2025-09-09 20:53:25,0,5,1,294
55654,2025-09-09 20:55:39,0,8,1,281
26911,2025-09-09 20:56:03,0,13,0,0
60852,2025-09-09 20:57:18,0,5,0,0
35692,2025-09-09 20:58:23,0,5,0,0
54643,2025-09-09 21:10:10,0,12,1,213
54614,2025-09-09 21:10:45,0,5,0,0
27540,2025-09-09 21:23:11,1,6,1,285
56392,2025-09-09 21:31:31,0,6,0,0
54835,2025-09-09 21:33:19,0,8,0,0
78033,2025-09-09 21:59:58,1,2,0,0
98118,2025-09-09 22:05:20,0,5,1,415
77238,2025-09-09 22:19:37,1,7,0,0
73606,2025-09-09 22:30:12,0,6,1,439
9153,2025-09-09 22:42:28,1,7,1,225
79078,2025-09-09 22:42:56,1,5,1,358
3161,2025-09-09 22:43:53,0,9,0,0
73571,2025-09-09 22:56:09,1,5,0,0
15267,2025-09-09 23:01:25,0,1,0,0
74657,2025-09-09 23:01:52,0,4,1,478
80014,2025-09-09 23:04:47,0,10,0,0
95700,2025-09-09 23:08:18,1,4,0,0
13712,2025-09-09 23:16:06,0,4,1,301
15053,2025-09-09 23:30:07,1,5,0,0
74779,2025-09-09 23:32:05,1,6,0,0
7756,2025-09-09 23:33:03,0,3,1,497
75829,2025-09-09 23:45:36,0,3,1,664
38246,2025-09-10 00:06:10,1,8,0,0
85226,2025-09-10 00:22:13,0,6,1,460
34885,2025-09-10 00:23:37,0,2,1,546
46855,2025-09-10 00:32:34,1,2,1,549
964,2025-09-10 00:37:30,0,5,0,0
95927,2025-09-10 00:41:26,1,6,0,0
90918,2025-09-10 00:42:38,0,5,0,0
99171,2025-09-10 01:00:29,1,3,0,0
37377,2025-09-10 01:03:18,0,12,0,0
54032,2025-09-10 01:08:07,0,10,0,0
16880,2025-09-10 01:13:49,1,5,1,299
54631,2025-09-10 01:16:46,0,6,0,0
33319,2025-09-10 01:23:06,0,7,1,417
31571,2025-09-10 01:36:53,0,4,1,240
95359,2025-09-10 01:40:10,0,3,0,0
26092,2025-09-10 01:42:04,0,5,0,0
9922,2025-09-10 01:42:20,1,3,0,0
68076,2025-09-10 01:47:51,0,12,0,0
11773,2025-09-10 02:03:45,0,5,0,0
2812,2025-09-10 02:56:00,1,7,1,607
38246,2025-09-10 02:58:33,0,5,1,342
41040,2025-09-10 03:00:42,1,11,1,390
71779,2025-09-10 03:30:23,1,10,1,353
72718,2025-09-10 03:47:12,1,7,1,219
54261,2025-09-10 03:48:26,1,4,1,457
68505,2025-09-10 04:10:27,0,2,0,0
43335,2025-09-10 04:15:15,1,9,1,772
98804,2025-09-10 04:18:35,1,1,1,654
24059,2025-09-10 04:20:04,1,9,0,0
96128,2025-09-10 04:31:52,0,8,0,0
88273,2025-09-10 04:32:52,1,4,1,311
34373,2025-09-10 04:37:12,0,3,1,442
57869,2025-09-10 04:39:20,1,6,0,0
31288,2025-09-10 04:49:22,0,9,0,0
36891,2025-09-10 04:56:35,1,9,1,279
65219,2025-09-10 05:11:10,0,6,0,0
74602,2025-09-10 05:12:49,0,10,0,0
2616,2025-09-10 05:31:38,0,7,0,0
90415,2025-09-10 05:56:03,1,3,1,421
69814,2025-09-10 06:00:27,1,8,0,0
3825,2025-09-10 06:05:48,1,3,0,0
55999,2025-09-10 06:16:42,0,3,0,0
63518,2025-09-10 06:33:23,0,5,1,390
27605,2025-09-10 06:53:38,0,6,0,0
92936,2025-09-10 06:55:10,0,8,1,266
69741,2025-09-10 06:55:34,0,5,0,0
2883,2025-09-10 07:01:00,0,7,1,345
93962,2025-09-10 07:02:44,0,6,0,0
33956,2025-09-10 07:04:00,1,1,0,0
22149,2025-09-10 07:06:05,0,2,0,0
39108,2025-09-10 07:16:40,1,3,0,0
23370,2025-09-10 07:26:15,0,3,0,0
23354,2025-09-10 07:41:35,0,9,0,0
81645,2025-09-10 07:50:15,0,6,0,0
5846,2025-09-10 07:55:49,1,3,0,0
23370,2025-09-10 08:05:04,0,8,0,0
61294,2025-09-10 08:06:23,1,10,0,0
36252,2025-09-10 08:16:26,0,4,1,275
36959,2025-09-10 08:21:05,0,4,0,0
9688,2025-09-10 08:23:47,1,6,1,320
29124,2025-09-10 08:28:39,0,3,0,0
78472,2025-09-10 08:31:37,0,6,0,0
64796,2025-09-10 08:32:47,0,3,0,0
61363,2025-09-10 08:34:04,0,5,1,127
74604,2025-09-10 08:44:33,0,5,1,225
27691,2025-09-10 09:03:21,1,4,0,0
9092,2025-09-10 09:18:01,0,8,0,0
45224,2025-09-10 09:18:13,1,5,1,302
88459,2025-09-10 09:19:00,0,4,0,0
34633,2025-09-10 09:19:23,1,11,0,0
69785,2025-09-10 09:20:43,0,6,0,0
86198,2025-09-10 09:22:13,0,7,0,0
97871,2025-09-10 09:25:04,1,4,0,0
57697,2025-09-10 09:27:20,0,10,1,258
14675,2025-09-10 09:30:52,0,6,0,0
68505,2025-09-10 09:46:20,0,10,0,0
74687,2025-09-10 09:48:27,0,7,0,0
86132,2025-09-10 09:52:26,1,2,1,338
85626,2025-09-10 09:52:52,0,6,0,0
33155,2025-09-10 09:54:10,0,3,0,0
11609,2025-09-10 09:56:11,0,8,0,0
39441,2025-09-10 10:01:10,1,10,0,0
84440,2025-09-10 10:25:14,0,5,0,0
36255,2025-09-10 10:29:49,1,5,0,0
93928,2025-09-10 10:33:35,0,3,1,145
81730,2025-09-10 10:42:45,0,7,1,322
24239,2025-09-10 10:47:30,0,7,0,0
68698,2025-09-10 10:51:01,0,5,0,0
88727,2025-09-10 10:57:05,0,10,1,199
59037,2025-09-10 11:13:26,0,9,0,0
436,2025-09-10 11:14:45,0,6,0,0
29081,2025-09-10 11:17:14,0,4,0,0
6111,2025-09-10 11:33:08,0,3,0,0
65159,2025-09-10 11:40:18,0,7,1,280
66288,2025-09-10 11:42:18,1,8,0,0
46890,2025-09-10 11:48:27,0,6,0,0
33072,2025-09-10 11:52:51,0,5,0,0
6981,2025-09-10 11:53:56,0,6,0,0
4636,2025-09-10 11:55:39,0,5,0,0
84440,2025-09-10 11:58:39,0,9,0,0
91255,2025-09-10 11:59:26,0,9,0,0
7952,2025-09-10 12:01:56,1,6,1,328
88541,2025-09-10 12:06:17,0,6,0,0
95927,2025-09-10 12:06:59,1,6,0,0
85523,2025-09-10 12:07:11,0,6,1,339
98963,2025-09-10 12:08:19,1,8,0,0
8693,2025-09-10 12:14:44,0,5,0,0
62743,2025-09-10 12:15:26,1,14,0,0
96305,2025-09-10 12:20:30,0,10,0,0
94868,2025-09-10 12:20:57,0,3,1,381
73806,2025-09-10 12:25:34,0,3,1,338
57697,2025-09-10 12:26:08,0,5,0,0
40608,2025-09-10 12:29:41,1,3,0,0
42252,2025-09-10 12:41:43,1,6,1,434
15075,2025-09-10 12:48:49,0,8,0,0
86147,2025-09-10 12:57:23,0,3,0,0
66236,2025-09-10 12:57:57,0,6,1,219
90786,2025-09-10 12:58:33,1,9,0,0
51000,2025-09-10 13:02:08,0,3,0,0
46127,2025-09-10 13:06:24,1,7,1,621
48849,2025-09-10 13:07:18,1,3,0,0
15053,2025-09-10 13:08:22,0,5,0,0
48788,2025-09-10 13:12:01,0,6,1,459
42170,2025-09-10 13:12:31,1,5,1,407
88459,2025-09-10 13:12:34,1,7,0,0
92458,2025-09-10 13:13:35,1,8,0,0
94312,2025-09-10 13:15:32,0,5,0,0
44843,2025-09-10 13:18:20,1,6,0,0
83224,2025-09-10 13:24:06,0,5,1,280
99810,2025-09-10 13:37:13,1,4,0,0
58736,2025-09-10 13:38:07,0,10,0,0
16802,2025-09-10 13:39:42,0,7,0,0
74602,2025-09-10 13:41:55,1,5,0,0
5,2025-09-10 13:46:54,1,4,1,175
57942,2025-09-10 13:47:33,1,9,0,0
26590,2025-09-10 13:48:28,1,8,1,294
35188,2025-09-10 13:49:42,1,8,0,0
67804,2025-09-10 14:03:22,0,7,0,0
57896,2025-09-10 14:07:42,0,4,1,328
11773,2025-09-10 14:09:13,0,13,0,0
53616,2025-09-10 14:10:14,0,5,0,0
16857,2025-09-10 14:22:50,0,7,0,0
48606,2025-09-10 14:30:45,0,6,1,211
54599,2025-09-10 14:34:27,0,5,0,0
69934,2025-09-10 14:36:17,0,3,0,0
89321,2025-09-10 14:37:37,1,8,0,0
54287,2025-09-10 14:43:12,1,5,0,0
82705,2025-09-10 14:43:47,0,7,0,0
8097,2025-09-10 14:45:38,0,4,0,0
3946,2025-09-10 15:04:20,0,5,0,0
65299,2025-09-10 15:09:13,0,3,0,0
70333,2025-09-10 15:17:49,0,7,0,0
48672,2025-09-10 15:18:03,0,3,0,0
86147,2025-09-10 15:23:04,0,9,1,384
42650,2025-09-10 15:25:24,0,9,1,232
75396,2025-09-10 15:25:38,1,3,0,0
43094,2025-09-10 15:39:11,0,7,0,0
28853,2025-09-10 15:49:57,1,6,0,0
51830,2025-09-10 15:55:19,0,4,1,751
91653,2025-09-10 15:57:44,0,1,0,0
23971,2025-09-10 16:12:39,0,6,1,147
2909,2025-09-10 16:20:05,1,7,0,0
35960,2025-09-10 16:31:39,0,4,1,800
74156,2025-09-10 16:48:52,0,10,0,0
66246,2025-09-10 16:50:56,1,6,0,0
50903,2025-09-10 16:53:19,0,5,0,0
46529,2025-09-10 17:02:00,0,8,1,404
17289,2025-09-10 17:02:01,1,3,1,330
72387,2025-09-10 17:15:16,0,4,1,255
89784,2025-09-10 17:16:02,0,9,0,0
91465,2025-09-10 17:18:19,0,5,1,247
86147,2025-09-10 17:19:11,0,5,1,245
49033,2025-09-10 17:21:53,0,4,1,312
46887,2025-09-10 17:28:17,1,7,0,0
6535,2025-09-10 17:34:47,1,7,1,718
8814,2025-09-10 17:39:36,0,6,0,0
89736,2025-09-10 17:57:49,0,6,0,0
5473,2025-09-10 18:07:33,1,9,1,246
75672,2025-09-10 18:20:05,1,5,0,0
50941,2025-09-10 18:26:13,1,5,1,377
74870,2025-09-10 18:27:25,1,7,1,496
9111,2025-09-10 18:27:47,0,10,0,0
51968,2025-09-10 18:28:12,0,5,1,411
48348,2025-09-10 18:35:15,0,8,0,0
69948,2025-09-10 18:38:21,0,7,0,0
34063,2025-09-10 18:39:27,0,7,1,578
34948,2025-09-10 18:44:54,0,5,0,0
81599,2025-09-10 19:12:06,1,10,0,0
58974,2025-09-10 19:12:47,1,8,0,0
54166,2025-09-10 19:18:17,0,9,0,0
24817,2025-09-10 19:19:41,1,8,0,0
61641,2025-09-10 19:26:13,1,13,1,337
3772,2025-09-10 19:31:41,0,7,1,362
2994,2025-09-10 19:33:30,1,7,0,0
39207,2025-09-10 19:34:58,0,9,0,0
29552,2025-09-10 20:08:01,0,5,1,260
97608,2025-09-10 20:08:26,1,10,0,0
15075,2025-09-10 20:08:36,0,4,1,456
63458,2025-09-10 20:10:54,0,3,0,0
35302,2025-09-10 20:11:49,0,4,0,0
66261,2025-09-10 20:12:48,0,1,0,0
24239,2025-09-10 20:17:22,0,5,0,0
75925,2025-09-10 20:24:21,0,4,0,0
46448,2025-09-10 20:24:25,0,11,0,0
4744,2025-09-10 20:26:37,1,8,0,0
76414,2025-09-10 20:26:45,0,4,0,0
83024,2025-09-10 20:28:02,0,7,0,0
69934,2025-09-10 20:35:11,0,3,0,0
84305,2025-09-10 20:43:18,1,5,1,455
7508,2025-09-10 20:43:20,0,5,0,0
95793,2025-09-10 20:51:44,0,9,0,0
85626,2025-09-10 20:53:50,1,9,1,222
46887,2025-09-10 21:06:25,1,5,1,304
16667,2025-09-10 21:13:07,1,5,0,0
47320,2025-09-10 21:15:42,0,10,0,0
95904,2025-09-10 21:30:57,1,5,1,323
7818,2025-09-10 21:35:58,0,7,1,201
43299,2025-09-10 21:46:31,1,4,1,174
14740,2025-09-10 21:51:18,1,12,1,325
69741,2025-09-10 21:55:00,0,8,1,327
69871,2025-09-10 21:56:35,1,5,1,586
99827,2025-09-10 21:58:57,1,8,0,0
73984,2025-09-10 21:59:20,0,9,0,0
34704,2025-09-10 22:07:54,0,4,1,118
87062,2025-09-10 22:09:50,0,7,1,340
95359,2025-09-10 22:16:04,0,6,0,0
68691,2025-09-10 22:19:03,0,6,0,0
24609,2025-09-10 22:33:17,0,3,0,0
26834,2025-09-10 22:33:35,0,5,0,0
80249,2025-09-10 22:36:01,1,7,0,0
40196,2025-09-10 22:40:48,1,5,1,127
60184,2025-09-10 22:41:16,1,4,0,0
59736,2025-09-10 23:04:18,1,9,0,0
12571,2025-09-10 23:08:36,0,9,0,0
39594,2025-09-10 23:19:46,1,5,0,0
55663,2025-09-10 23:21:55,1,2,0,0
73710,2025-09-10 23:31:47,0,5,0,0
942,2025-09-10 23:34:51,0,7,1,724
67448,2025-09-10 23:48:22,0,7,1,407
75102,2025-09-10 23:48:52,0,2,0,0
27416,2025-09-10 23:58:24,0,6,0,0
69814,2025-09-10 23:59:03,0,2,1,484
51309,2025-09-11 00:01:46,0,9,1,242
77934,2025-09-11 00:12:19,0,8,1,395
46855,2025-09-11 00:13:16,1,5,1,308
89222,2025-09-11 00:20:09,1,5,0,0
15173,2025-09-11 00:23:38,0,7,0,0
71986,2025-09-11 00:23:47,0,9,0,0
19420,2025-09-11 00:32:07,0,6,0,0
1668,2025-09-11 00:47:37,0,9,0,0
9572,2025-09-11 00:59:28,1,4,0,0
77113,2025-09-11 01:06:03,0,6,0,0
64917,2025-09-11 01:21:04,1,2,1,300
16963,2025-09-11 01:23:28,1,11,1,168
19298,2025-09-11 01:32:01,1,7,0,0
11773,2025-09-11 01:38:09,0,3,0,0
2317,2025-09-11 01:41:41,1,4,0,0
3825,2025-09-11 01:51:32,0,6,0,0
97210,2025-09-11 02:33:45,0,8,1,231
46887,2025-09-11 02:36:11,0,5,0,0
42147,2025-09-11 02:42:53,0,7,1,352
59993,2025-09-11 02:47:24,1,9,0,0
38663,2025-09-11 02:50:46,1,5,1,482
19298,2025-09-11 03:15:25,0,8,1,502
11466,2025-09-11 03:16:27,1,5,0,0
30239,2025-09-11 03:22:20,0,6,0,0
85726,2025-09-11 03:25:37,0,7,0,0
22346,2025-09-11 03:46:40,0,4,0,0
81730,2025-09-11 03:54:13,0,5,0,0
40608,2025-09-11 04:07:38,0,3,0,0
11331,2025-09-11 04:26:03,0,4,1,216
51112,2025-09-11 04:29:32,0,6,0,0
34063,2025-09-11 04:40:54,0,3,0,0
43583,2025-09-11 04:42:44,0,11,0,0
21203,2025-09-11 04:54:02,1,8,0,0
46651,2025-09-11 05:00:20,0,7,0,0
89256,2025-09-11 05:04:12,0,7,0,0
88938,2025-09-11 05:11:06,0,4,1,323
97410,2025-09-11 05:11:53,0,7,0,0
5473,2025-09-11 05:52:10,1,5,1,234
75899,2025-09-11 05:58:50,0,4,0,0
518,2025-09-11 06:04:12,0,3,0,0
11812,2025-09-11 06:12:11,1,7,0,0
1440,2025-09-11 06:18:22,0,4,0,0
53854,2025-09-11 06:28:51,0,2,0,0
93693,2025-09-11 06:55:05,0,8,1,609
51437,2025-09-11 06:58:01,0,4,0,0
89195,2025-09-11 06:58:23,1,7,0,0
86132,2025-09-11 07:30:06,1,5,1,161
58810,2025-09-11 07:31:20,0,11,0,0
79986,2025-09-11 07:31:53,0,1,0,0
48515,2025-09-11 07:45:19,0,14,1,288
61131,2025-09-11 08:02:35,0,8,0,0
89445,2025-09-11 08:18:25,0,3,0,0
95415,2025-09-11 08:24:12,0,2,0,0
31612,2025-09-11 08:32:12,1,4,1,242
55654,2025-09-11 08:39:11,1,4,0,0
20284,2025-09-11 08:48:21,0,6,0,0
89704,2025-09-11 08:51:17,1,7,0,0
83024,2025-09-11 08:53:46,1,2,1,367
35302,2025-09-11 08:56:10,1,8,1,151
9396,2025-09-11 08:56:16,0,7,0,0
99024,2025-09-11 09:11:51,0,2,1,233
23657,2025-09-11 09:23:33,0,3,0,0
13464,2025-09-11 09:30:47,1,8,0,0
86148,2025-09-11 09:38:10,1,10,0,0
42045,2025-09-11 09:58:42,1,5,0,0
3161,2025-09-11 10:03:10,0,2,1,310
33955,2025-09-11 10:19:26,1,7,1,330
37793,2025-09-11 10:21:14,0,5,0,0
64087,2025-09-11 10:22:02,0,6,0,0
62064,2025-09-11 10:24:17,0,7,0,0
7952,2025-09-11 10:42:13,0,3,0,0
61131,2025-09-11 10:43:32,0,4,1,233
54993,2025-09-11 11:09:42,1,5,1,145
85611,2025-09-11 11:17:03,0,6,0,0
47830,2025-09-11 11:35:57,0,6,0,0
29164,2025-09-11 11:36:16,0,7,0,0
87067,2025-09-11 11:41:54,1,9,0,0
83406,2025-09-11 11:47:10,1,6,0,0
21852,2025-09-11 11:55:33,0,1,0,0
13478,2025-09-11 12:03:42,0,9,0,0
21852,2025-09-11 12:07:33,0,8,1,385
65241,2025-09-11 12:11:14,0,8,0,0
9470,2025-09-11 12:12:09,0,7,1,331
77011,2025-09-11 12:15:51,0,2,0,0
93782,2025-09-11 12:22:58,0,4,1,335
55640,2025-09-11 12:37:25,0,3,0,0
99218,2025-09-11 12:37:32,1,5,0,0
55999,2025-09-11 12:38:13,0,9,0,0
55087,2025-09-11 12:42:20,0,4,0,0
63227,2025-09-11 12:42:30,0,8,0,0
18731,2025-09-11 13:08:55,0,4,0,0
59756,2025-09-11 13:13:08,1,6,1,440
98804,2025-09-11 13:18:53,0,6,0,0
14452,2025-09-11 13:23:00,0,6,1,229
16963,2025-09-11 13:29:37,1,5,0,0
20357,2025-09-11 13:34:07,0,7,0,0
75020,2025-09-11 13:45:50,1,10,0,0
80632,2025-09-11 13:49:48,0,5,1,136
19669,2025-09-11 13:58:34,0,11,0,0
62856,2025-09-11 14:00:43,0,8,0,0
72265,2025-09-11 14:24:14,0,4,1,520
68415,2025-09-11 14:30:10,1,6,0,0
56869,2025-09-11 14:30:42,0,7,0,0
69915,2025-09-11 14:32:44,1,4,1,340
48604,2025-09-11 14:37:00,0,6,0,0
80420,2025-09-11 14:40:52,1,10,1,250
24206,2025-09-11 15:08:57,0,9,0,0
14452,2025-09-11 15:15:31,0,4,0,0
79986,2025-09-11 15:15:53,0,6,1,339
18283,2025-09-11 15:23:38,1,8,1,372
97240,2025-09-11 15:25:12,1,1,1,343
90800,2025-09-11 15:32:31,0,4,0,0
46402,2025-09-11 15:41:16,0,6,1,410
54980,2025-09-11 15:43:59,0,2,0,0
4991,2025-09-11 15:49:29,1,4,0,0
3922,2025-09-11 16:07:30,0,5,1,383
24832,2025-09-11 16:16:50,0,1,0,0
96450,2025-09-11 16:20:47,0,4,0,0
99933,2025-09-11 16:20:51,0,7,0,0
16392,2025-09-11 16:22:00,1,4,0,0
88850,2025-09-11 16:22:30,0,3,0,0
97592,2025-09-11 16:24:14,0,5,0,0
20146,2025-09-11 16:24:15,0,1,0,0
43358,2025-09-11 16:29:36,0,5,0,0
69292,2025-09-11 16:29:36,1,6,0,0
14403,2025-09-11 16:33:34,0,6,0,0
94846,2025-09-11 16:36:17,0,3,0,0
1932,2025-09-11 16:39:53,0,8,0,0
17089,2025-09-11 16:58:51,1,10,1,259
47401,2025-09-11 17:02:27,0,6,0,0
10406,2025-09-11 17:06:36,1,8,1,220
97701,2025-09-11 17:09:05,0,7,1,513
91948,2025-09-11 17:11:14,0,7,1,331
60316,2025-09-11 17:18:14,0,8,0,0
75700,2025-09-11 17:24:49,0,7,0,0
63245,2025-09-11 17:25:10,0,10,0,0
75203,2025-09-11 17:26:08,0,4,0,0
48711,2025-09-11 17:26:28,0,3,0,0
93159,2025-09-11 17:27:51,0,8,0,0
79850,2025-09-11 17:28:35,0,2,0,0
48849,2025-09-11 17:30:56,1,5,0,0
24678,2025-09-11 17:31:45,0,6,0,0
92509,2025-09-11 17:39:29,0,8,1,270
19128,2025-09-11 17:39:56,0,7,0,0
60340,2025-09-11 17:48:00,0,5,1,241
46111,2025-09-11 17:49:31,0,6,0,0
48189,2025-09-11 18:00:15,0,6,0,0
3161,2025-09-11 18:15:56,0,4,0,0
57888,2025-09-11 18:39:08,1,5,0,0
67765,2025-09-11 18:40:09,1,10,0,0
87297,2025-09-11 18:40:36,0,6,0,0
23840,2025-09-11 18:46:25,0,7,0,0
31926,2025-09-11 18:54:26,0,3,1,664
31441,2025-09-11 19:08:23,1,5,0,0
47953,2025-09-11 19:14:44,0,9,0,0
21785,2025-09-11 19:16:23,1,5,1,287
75442,2025-09-11 19:19:24,1,4,1,482
16392,2025-09-11 19:28:48,0,7,0,0
54759,2025-09-11 19:32:18,0,2,0,0
74792,2025-09-11 19:36:35,0,5,1,366
10895,2025-09-11 19:45:51,1,7,1,347
48519,2025-09-11 19:47:02,0,1,0,0
95584,2025-09-11 19:48:06,0,8,1,197
26501,2025-09-11 19:53:13,0,7,1,274
54599,2025-09-11 19:54:45,0,8,0,0
31225,2025-09-11 20:02:19,0,4,0,0
40338,2025-09-11 20:04:07,1,4,1,294
34885,2025-09-11 20:15:37,0,6,0,0
38036,2025-09-11 20:35:14,0,5,0,0
1932,2025-09-11 20:40:37,0,7,0,0
61932,2025-09-11 20:46:07,0,5,1,228
72504,2025-09-11 20:47:16,0,6,0,0
34633,2025-09-11 20:51:55,0,5,1,595
36248,2025-09-11 21:01:16,1,5,0,0
79753,2025-09-11 21:01:32,1,5,0,0
77689,2025-09-11 21:03:18,0,2,0,0
33229,2025-09-11 21:18:43,1,6,0,0
43094,2025-09-11 21:19:01,0,7,1,467
35892,2025-09-11 21:25:25,0,5,0,0
58083,2025-09-11 21:29:49,0,9,0,0
24726,2025-09-11 21:38:48,0,9,0,0
66261,2025-09-11 21:40:02,0,8,0,0
58197,2025-09-11 21:43:25,0,3,1,334
21838,2025-09-11 21:45:16,0,7,0,0
24832,2025-09-11 21:50:09,0,6,1,349
36811,2025-09-11 22:12:21,0,3,1,245
10276,2025-09-11 22:18:37,0,2,0,0
10971,2025-09-11 22:20:26,1,3,0,0
97240,2025-09-11 22:24:59,1,7,0,0
21203,2025-09-11 22:25:34,1,9,0,0
14149,2025-09-11 22:28:53,1,4,0,0
42170,2025-09-11 22:29:19,0,5,0,0
79339,2025-09-11 22:32:07,0,6,1,162
51309,2025-09-11 22:34:14,0,4,1,296
46478,2025-09-11 22:35:04,0,5,1,240
82111,2025-09-11 22:37:29,0,12,0,0
63422,2025-09-11 22:50:23,0,6,0,0
63866,2025-09-11 22:54:55,1,9,0,0
46111,2025-09-11 23:03:09,1,4,0,0
8552,2025-09-11 23:22:03,1,6,0,0
29124,2025-09-11 23:26:35,0,9,0,0
45027,2025-09-11 23:27:07,0,3,1,429
93586,2025-09-11 23:29:24,0,8,0,0
67990,2025-09-11 23:32:57,0,7,0,0
43673,2025-09-11 23:35:35,1,5,1,236
90915,2025-09-11 23:36:09,0,4,0,0
36252,2025-09-11 23:37:37,1,4,0,0
67200,2025-09-11 23:46:01,1,7,1,532
79300,2025-09-11 23:55:49,0,6,0,0
79322,2025-09-12 00:12:08,0,6,0,0
9922,2025-09-12 00:21:37,0,7,0,0
60340,2025-09-12 00:23:47,1,4,0,0
94505,2025-09-12 01:00:11,0,3,0,0
22417,2025-09-12 01:02:31,0,6,0,0
15603,2025-09-12 01:16:54,1,4,1,104
76074,2025-09-12 01:19:53,1,3,0,0
15075,2025-09-12 01:21:11,0,9,0,0
20030,2025-09-12 01:36:40,0,3,1,223
61629,2025-09-12 01:47:25,1,8,1,237
64176,2025-09-12 01:53:52,0,7,1,312
46402,2025-09-12 02:08:30,1,1,1,377
5566,2025-09-12 02:27:39,1,10,0,0
39441,2025-09-12 03:23:34,0,4,0,0
76810,2025-09-12 03:30:23,1,5,0,0
91601,2025-09-12 03:30:50,1,6,0,0
90786,2025-09-12 03:41:04,1,6,1,329
97930,2025-09-12 04:08:36,1,5,0,0
54599,2025-09-12 04:09:39,0,11,1,200
14311,2025-09-12 04:10:13,1,7,0,0
79820,2025-09-12 04:11:01,1,2,0,0
60465,2025-09-12 04:25:30,1,4,1,215
63458,2025-09-12 04:27:24,0,6,0,0
61363,2025-09-12 04:41:38,0,6,0,0
29164,2025-09-12 05:24:19,0,11,0,0
10276,2025-09-12 05:29:03,0,5,0,0
45524,2025-09-12 05:35:10,0,8,1,521
97606,2025-09-12 05:53:10,1,8,0,0
31182,2025-09-12 06:12:47,0,4,0,0
81366,2025-09-12 06:19:14,1,8,0,0
11412,2025-09-12 06:19:33,0,4,0,0
26911,2025-09-12 06:24:57,0,8,0,0
35302,2025-09-12 06:28:45,1,10,0,0
964,2025-09-12 06:29:05,0,8,1,275
73806,2025-09-12 06:30:13,1,9,1,268
80896,2025-09-12 06:32:39,0,6,0,0
28681,2025-09-12 06:48:11,1,8,1,272
81469,2025-09-12 06:52:05,0,10,0,0
61483,2025-09-12 06:58:09,1,5,0,0
18377,2025-09-12 07:25:52,0,6,1,380
14149,2025-09-12 07:44:10,0,7,1,443
53714,2025-09-12 07:56:28,0,7,0,0
59993,2025-09-12 07:56:36,0,3,0,0
8514,2025-09-12 07:58:14,0,5,0,0
44709,2025-09-12 08:04:16,0,9,1,357
60314,2025-09-12 08:05:38,0,15,0,0
34353,2025-09-12 08:10:53,0,4,0,0
36891,2025-09-12 08:11:26,1,7,0,0
7952,2025-09-12 08:12:44,0,4,1,303
58623,2025-09-12 08:25:10,1,8,1,434
89370,2025-09-12 08:37:43,0,4,0,0
36047,2025-09-12 08:51:55,1,5,1,498
25670,2025-09-12 09:09:35,1,5,1,288
91632,2025-09-12 09:12:03,0,2,1,335
95682,2025-09-12 09:12:27,0,5,1,310
56004,2025-09-12 09:17:36,0,3,1,410
70947,2025-09-12 09:18:48,0,9,1,751
61131,2025-09-12 09:21:25,0,5,0,0
5491,2025-09-12 09:22:50,0,2,0,0
22773,2025-09-12 09:33:47,0,5,0,0
21549,2025-09-12 09:43:53,1,4,0,0
98804,2025-09-12 09:45:17,0,6,0,0
75678,2025-09-12 09:49:07,0,8,0,0
1990,2025-09-12 09:51:49,0,9,0,0
54168,2025-09-12 09:52:13,1,10,0,0
70457,2025-09-12 09:54:13,1,7,0,0
63245,2025-09-12 09:55:13,0,3,0,0
4179,2025-09-12 10:03:23,0,9,1,316
68691,2025-09-12 10:08:50,1,6,1,266
22149,2025-09-12 10:13:04,1,2,0,0
48672,2025-09-12 10:14:28,0,5,0,0
31881,2025-09-12 10:27:29,1,5,1,309
6011,2025-09-12 10:28:51,0,12,0,0
65241,2025-09-12 10:33:19,0,4,1,834
53854,2025-09-12 10:42:10,1,9,0,0
9665,2025-09-12 10:56:50,0,4,0,0
38640,2025-09-12 11:03:32,0,3,0,0
87378,2025-09-12 11:03:39,1,4,0,0
3291,2025-09-12 11:03:54,0,2,1,191
16963,2025-09-12 11:08:14,0,7,0,0
95415,2025-09-12 11:23:27,0,5,1,195
98421,2025-09-12 11:27:46,1,7,0,0
53854,2025-09-12 11:33:38,0,5,0,0
84422,2025-09-12 11:37:36,1,6,0,0
45310,2025-09-12 11:37:40,0,6,0,0
8661,2025-09-12 11:40:57,0,10,0,0
91632,2025-09-12 11:46:51,1,10,1,524
48144,2025-09-12 11:52:37,0,3,1,1025
88046,2025-09-12 11:57:36,1,7,0,0
84440,2025-09-12 11:59:28,0,2,0,0
97606,2025-09-12 12:04:16,0,7,0,0
76114,2025-09-12 12:12:45,0,6,0,0
43358,2025-09-12 12:15:30,0,4,0,0
60314,2025-09-12 12:16:59,0,10,1,236
97675,2025-09-12 12:19:49,0,7,0,0
68302,2025-09-12 12:32:29,0,5,1,345
63866,2025-09-12 12:33:47,0,6,0,0
43311,2025-09-12 12:34:22,1,11,0,0
17892,2025-09-12 12:42:12,0,7,0,0
34259,2025-09-12 12:44:24,1,5,0,0
90539,2025-09-12 12:45:18,0,7,0,0
95402,2025-09-12 12:55:23,0,7,0,0
15338,2025-09-12 13:05:24,0,6,0,0
42045,2025-09-12 13:06:09,1,6,0,0
57197,2025-09-12 13:12:27,1,4,0,0
48189,2025-09-12 13:18:06,0,6,0,0
40211,2025-09-12 13:22:44,1,4,1,244
39101,2025-09-12 13:24:52,1,3,0,0
93962,2025-09-12 13:29:19,0,8,1,412
55170,2025-09-12 13:29:52,0,5,1,323
49436,2025-09-12 13:32:55,1,11,1,546
22689,2025-09-12 13:35:35,0,6,1,238
44891,2025-09-12 13:39:24,1,5,0,0
10905,2025-09-12 13:45:33,0,4,1,221
6274,2025-09-12 13:46:15,1,8,1,371
16066,2025-09-12 13:46:22,0,5,1,269
89815,2025-09-12 13:46:34,0,2,0,0
84750,2025-09-12 13:55:39,0,7,0,0
90381,2025-09-12 14:14:46,0,6,1,321
5606,2025-09-12 14:17:36,0,3,1,130
77545,2025-09-12 14:37:19,0,8,0,0
39012,2025-09-12 14:41:05,0,4,1,229
23995,2025-09-12 14:42:55,0,4,0,0
45446,2025-09-12 14:46:13,0,8,0,0
11228,2025-09-12 14:50:12,1,7,0,0
52980,2025-09-12 14:59:18,1,5,0,0
17089,2025-09-12 14:59:40,0,9,1,242
58637,2025-09-12 15:00:11,1,7,0,0
73770,2025-09-12 15:03:46,0,5,1,376
36565,2025-09-12 15:04:24,0,5,0,0
8693,2025-09-12 15:19:57,0,3,0,0
94682,2025-09-12 15:26:44,0,6,0,0
85042,2025-09-12 15:27:02,1,7,1,132
48529,2025-09-12 15:28:13,1,8,0,0
37919,2025-09-12 15:29:56,0,8,0,0
54719,2025-09-12 15:37:05,1,7,1,281
35340,2025-09-12 15:40:07,0,3,0,0
35138,2025-09-12 15:42:26,0,3,1,595
96001,2025-09-12 15:43:59,0,9,0,0
63236,2025-09-12 15:45:16,1,6,0,0
77116,2025-09-12 15:53:39,1,5,0,0
76045,2025-09-12 15:59:52,0,7,0,0
89182,2025-09-12 16:01:44,0,12,0,0
64122,2025-09-12 16:02:49,0,4,0,0
55525,2025-09-12 16:05:11,1,5,0,0
61420,2025-09-12 16:05:38,0,4,0,0
38591,2025-09-12 16:18:06,0,4,0,0
11996,2025-09-12 16:30:31,0,2,0,0
72446,2025-09-12 16:33:48,0,2,0,0
6274,2025-09-12 16:34:27,0,7,0,0
4959,2025-09-12 16:37:03,1,6,0,0
35351,2025-09-12 17:03:08,0,4,0,0
69814,2025-09-12 17:06:38,0,4,1,322
6063,2025-09-12 17:12:26,1,8,0,0
59037,2025-09-12 17:12:36,0,5,0,0
10971,2025-09-12 17:12:53,0,4,1,507
74714,2025-09-12 17:13:13,0,4,0,0
25247,2025-09-12 17:17:02,1,3,0,0
14842,2025-09-12 17:18:15,0,6,0,0
12187,2025-09-12 17:25:05,0,4,0,0
76112,2025-09-12 17:34:23,1,10,1,252
34750,2025-09-12 17:39:48,0,6,1,407
39543,2025-09-12 17:41:32,0,10,0,0
24949,2025-09-12 17:46:37,0,5,0,0
12519,2025-09-12 17:57:31,0,5,0,0
16191,2025-09-12 17:58:39,1,9,1,419
84683,2025-09-12 17:59:47,1,5,0,0
52553,2025-09-12 17:59:59,0,5,0,0
15376,2025-09-12 18:02:18,1,8,1,290
15376,2025-09-12 18:03:45,0,5,0,0
83224,2025-09-12 18:04:51,1,3,1,232
60465,2025-09-12 18:23:19,0,4,0,0
8350,2025-09-12 18:27:17,0,6,0,0
20284,2025-09-12 18:27:21,0,8,0,0
26911,2025-09-12 18:28:32,0,11,0,0
14380,2025-09-12 18:45:23,1,7,0,0
97348,2025-09-12 18:54:33,1,8,0,0
34063,2025-09-12 18:55:10,0,9,0,0
78033,2025-09-12 18:57:55,1,5,0,0
12354,2025-09-12 19:05:09,0,5,0,0
14635,2025-09-12 19:07:40,0,11,1,629
88648,2025-09-12 19:08:56,1,5,1,109
87908,2025-09-12 19:13:33,0,5,0,0
6446,2025-09-12 19:17:21,0,10,0,0
79612,2025-09-12 19:22:30,0,6,1,366
53406,2025-09-12 19:28:04,0,7,0,0
74657,2025-09-12 19:36:30,1,7,0,0
48788,2025-09-12 19:38:13,1,6,0,0
94006,2025-09-12 19:51:50,0,6,1,295
35340,2025-09-12 19:58:44,1,6,0,0
4636,2025-09-12 20:17:23,1,4,0,0
38268,2025-09-12 20:18:41,0,7,0,0
495,2025-09-12 20:21:21,0,12,1,394
1995,2025-09-12 20:31:51,0,7,0,0
96537,2025-09-12 20:38:34,0,4,0,0
77116,2025-09-12 20:46:28,1,6,1,428
10355,2025-09-12 21:10:29,0,9,1,246
40862,2025-09-12 21:10:36,0,7,1,351
87062,2025-09-12 21:11:41,1,7,0,0
13589,2025-09-12 21:44:52,0,3,1,219
83921,2025-09-12 21:53:23,0,4,1,303
88574,2025-09-12 21:57:20,1,4,1,327
18034,2025-09-12 21:59:38,0,8,0,0
89195,2025-09-12 22:04:08,0,8,1,152
51968,2025-09-12 22:14:08,0,6,0,0
53300,2025-09-12 22:20:19,1,5,0,0
44843,2025-09-12 22:22:22,0,4,0,0
45224,2025-09-12 22:22:34,1,5,0,0
13464,2025-09-12 22:24:29,0,7,0,0
33873,2025-09-12 22:24:42,1,5,0,0
33319,2025-09-12 22:28:33,1,6,0,0
67457,2025-09-12 22:32:57,0,6,0,0
71357,2025-09-12 22:34:25,0,5,0,0
95584,2025-09-12 22:35:11,0,5,0,0
85911,2025-09-12 22:35:28,0,11,0,0
30239,2025-09-12 22:38:59,0,6,0,0
13478,2025-09-12 23:01:49,0,10,0,0
38641,2025-09-12 23:13:11,0,8,1,214
57399,2025-09-12 23:15:48,0,4,0,0
45515,2025-09-12 23:27:12,0,4,0,0
89286,2025-09-12 23:28:01,0,11,1,628
54414,2025-09-12 23:40:06,0,7,0,0
86148,2025-09-12 23:47:39,0,3,1,284
34353,2025-09-13 00:20:57,0,6,0,0
46127,2025-09-13 00:42:10,0,8,1,341
36565,2025-09-13 00:48:33,0,5,1,313
67503,2025-09-13 01:06:12,1,3,0,0
12595,2025-09-13 01:08:36,0,4,0,0
8155,2025-09-13 01:15:52,1,3,1,644
81499,2025-09-13 01:26:41,0,4,1,236
64278,2025-09-13 01:38:31,0,6,0,0
10627,2025-09-13 01:52:15,0,3,1,111
75672,2025-09-13 01:56:56,0,6,0,0
88849,2025-09-13 01:58:52,1,5,0,0
57629,2025-09-13 02:33:44,0,10,1,252
9470,2025-09-13 02:49:45,1,8,0,0
46478,2025-09-13 02:51:15,0,5,0,0
69915,2025-09-13 03:08:49,1,3,0,0
54414,2025-09-13 03:19:29,0,8,0,0
71340,2025-09-13 03:41:36,0,6,0,0
17089,2025-09-13 03:41:56,1,4,0,0
8398,2025-09-13 04:00:54,1,5,0,0
26267,2025-09-13 04:15:29,1,8,0,0
48849,2025-09-13 04:20:43,0,9,0,0
21838,2025-09-13 04:41:50,0,2,1,241
51112,2025-09-13 04:48:15,0,11,0,0
66326,2025-09-13 05:05:49,0,6,0,0
20902,2025-09-13 05:13:44,0,5,0,0
31359,2025-09-13 05:29:41,0,4,0,0
37672,2025-09-13 05:38:05,0,7,1,635
9807,2025-09-13 05:45:05,0,4,0,0
4352,2025-09-13 05:53:48,0,6,0,0
64991,2025-09-13 05:56:35,0,5,1,202
82055,2025-09-13 06:03:19,1,4,1,274
5991,2025-09-13 06:21:53,0,3,0,0
97348,2025-09-13 06:29:42,1,8,0,0
14740,2025-09-13 06:32:55,0,12,1,323
88046,2025-09-13 06:34:32,0,4,0,0
48650,2025-09-13 07:09:11,1,5,1,337
77347,2025-09-13 07:25:36,0,7,0,0
21838,2025-09-13 07:29:24,0,7,0,0
54809,2025-09-13 07:29:49,0,6,0,0
8520,2025-09-13 07:40:59,1,4,0,0
58141,2025-09-13 07:47:14,0,6,1,346
76810,2025-09-13 08:01:45,0,10,0,0
90346,2025-09-13 08:10:58,0,4,0,0
60079,2025-09-13 08:18:03,1,6,0,0
8514,2025-09-13 08:18:47,0,1,1,350
45524,2025-09-13 08:21:04,0,6,1,267
40338,2025-09-13 08:21:25,0,3,0,0
28853,2025-09-13 08:28:31,0,3,1,162
90918,2025-09-13 08:32:01,0,3,1,143
60340,2025-09-13 08:50:20,0,4,1,187
76075,2025-09-13 08:57:55,1,7,1,377
11466,2025-09-13 09:09:08,0,8,0,0
74285,2025-09-13 09:10:13,0,4,0,0
36877,2025-09-13 09:12:45,0,8,0,0
51402,2025-09-13 09:21:03,0,8,0,0
64100,2025-09-13 09:21:56,0,7,1,355
36443,2025-09-13 09:30:38,1,5,0,0
30956,2025-09-13 09:31:50,0,6,0,0
52231,2025-09-13 09:36:51,0,4,1,170
32500,2025-09-13 09:39:35,0,2,0,0
52158,2025-09-13 09:46:51,0,5,0,0
74645,2025-09-13 09:54:57,0,1,0,0
46127,2025-09-13 09:59:50,0,5,0,0
94875,2025-09-13 10:01:58,1,4,0,0
69915,2025-09-13 10:05:49,0,11,0,0
23209,2025-09-13 10:15:17,0,5,0,0
74963,2025-09-13 10:25:24,0,5,0,0
88541,2025-09-13 10:26:23,0,4,0,0
55846,2025-09-13 10:35:43,0,2,0,0
18105,2025-09-13 10:41:26,1,4,0,0
35138,2025-09-13 10:44:42,1,8,1,433
40862,2025-09-13 11:12:08,0,9,1,259
48144,2025-09-13 11:13:52,1,6,1,535
2267,2025-09-13 11:27:46,1,10,1,254
15348,2025-09-13 11:46:20,0,10,1,343
44221,2025-09-13 12:03:57,1,9,1,291
48515,2025-09-13 12:05:54,0,4,1,328
99953,2025-09-13 12:07:03,0,1,0,0
28436,2025-09-13 12:08:06,0,7,1,389
83264,2025-09-13 12:13:50,1,8,1,407
9828,2025-09-13 12:22:58,1,6,0,0
8378,2025-09-13 12:23:19,1,4,1,248
32924,2025-09-13 12:30:04,0,4,0,0
73554,2025-09-13 12:31:12,0,4,1,505
70663,2025-09-13 12:34:34,1,5,0,0
25745,2025-09-13 12:35:50,0,9,0,0
26863,2025-09-13 12:40:21,0,12,0,0
67765,2025-09-13 12:41:50,0,8,1,378
67093,2025-09-13 12:43:58,1,6,1,386
32500,2025-09-13 12:53:22,0,5,0,0
25745,2025-09-13 12:56:39,0,6,0,0
57697,2025-09-13 12:58:36,0,6,0,0
1740,2025-09-13 13:20:10,0,6,0,0
43358,2025-09-13 13:21:51,1,4,1,398
2883,2025-09-13 13:30:41,0,10,0,0
31679,2025-09-13 13:37:20,0,4,0,0
89736,2025-09-13 13:50:05,1,6,1,302
15267,2025-09-13 13:55:10,0,3,1,512
5052,2025-09-13 13:59:56,1,6,0,0
83406,2025-09-13 14:04:47,0,7,0,0
218,2025-09-13 14:17:18,0,5,0,0
78801,2025-09-13 14:22:58,1,7,0,0
11609,2025-09-13 14:23:37,1,5,1,297
12780,2025-09-13 14:29:15,1,6,0,0
61629,2025-09-13 14:39:02,0,8,1,241
43941,2025-09-13 14:39:03,0,4,0,0
11684,2025-09-13 14:40:07,1,2,0,0
74242,2025-09-13 14:40:28,0,9,1,415
66504,2025-09-13 14:41:45,1,5,0,0
96343,2025-09-13 15:03:49,0,9,0,0
29124,2025-09-13 15:08:36,0,10,0,0
63422,2025-09-13 15:11:26,0,2,1,271
22149,2025-09-13 15:17:09,1,7,0,0
49769,2025-09-13 15:26:29,0,5,0,0
76720,2025-09-13 15:28:54,0,1,1,601
97509,2025-09-13 15:33:45,0,5,1,212
5846,2025-09-13 15:37:52,1,6,1,274
53255,2025-09-13 15:38:33,0,6,1,356
28903,2025-09-13 15:39:38,0,3,0,0
67804,2025-09-13 15:45:07,0,8,0,0
47335,2025-09-13 15:45:53,0,6,0,0
70663,2025-09-13 15:48:03,0,2,1,318
34163,2025-09-13 15:48:27,0,4,0,0
83194,2025-09-13 15:52:17,0,5,0,0
46478,2025-09-13 16:01:06,1,7,0,0
88273,2025-09-13 16:10:06,0,6,0,0
77236,2025-09-13 16:17:21,0,5,1,400
16191,2025-09-13 16:28:16,1,7,1,482
964,2025-09-13 16:41:47,1,7,0,0
73984,2025-09-13 16:45:44,0,9,1,191
16960,2025-09-13 16:56:31,1,4,1,367
81402,2025-09-13 16:57:34,0,3,1,348
45840,2025-09-13 16:58:46,0,7,0,0
45515,2025-09-13 17:02:45,1,12,0,0
40608,2025-09-13 17:21:11,0,7,1,180
33123,2025-09-13 17:22:13,0,3,0,0
84397,2025-09-13 17:24:49,0,9,0,0
68193,2025-09-13 17:26:49,0,6,1,396
7756,2025-09-13 17:38:20,0,3,0,0
95616,2025-09-13 17:41:25,1,8,1,420
57936,2025-09-13 17:44:58,0,8,0,0
1668,2025-09-13 17:49:10,0,8,0,0
46111,2025-09-13 17:52:36,0,4,0,0
61598,2025-09-13 17:55:22,0,1,1,586
41922,2025-09-13 18:01:18,0,5,1,277
3825,2025-09-13 18:06:48,1,6,1,561
86915,2025-09-13 18:10:29,0,3,1,284
2883,2025-09-13 18:11:23,1,1,0,0
76030,2025-09-13 18:25:19,0,6,0,0
55654,2025-09-13 18:27:09,1,6,1,609
28436,2025-09-13 18:30:26,0,1,0,0
36248,2025-09-13 18:31:35,0,9,0,0
61873,2025-09-13 18:33:43,0,8,0,0
72585,2025-09-13 18:36:32,0,10,1,341
75102,2025-09-13 18:36:35,0,4,0,0
6535,2025-09-13 18:48:19,0,2,0,0
10782,2025-09-13 18:54:19,0,5,1,396
50309,2025-09-13 18:55:58,1,8,0,0
99455,2025-09-13 18:57:26,1,2,0,0
34063,2025-09-13 19:07:31,0,4,1,794
92308,2025-09-13 19:09:24,0,7,0,0
36187,2025-09-13 19:12:10,0,11,1,335
26881,2025-09-13 19:15:46,1,4,0,0
56397,2025-09-13 19:19:08,0,4,1,334
25893,2025-09-13 19:26:47,0,4,1,302
11631,2025-09-13 19:28:49,0,4,1,307
13953,2025-09-13 19:30:38,0,11,0,0
80249,2025-09-13 19:31:08,0,7,1,493
87981,2025-09-13 19:38:04,1,4,0,0
15338,2025-09-13 19:53:23,0,4,0,0
97509,2025-09-13 20:06:02,1,7,0,0
75442,2025-09-13 20:11:38,0,8,1,240
28853,2025-09-13 20:19:00,1,5,0,0
89182,2025-09-13 20:21:21,0,8,0,0
79977,2025-09-13 20:23:31,1,10,0,0
67503,2025-09-13 20:25:35,0,9,1,247
8661,2025-09-13 20:26:30,0,4,0,0
72354,2025-09-13 20:29:05,0,5,0,0
58197,2025-09-13 20:30:49,1,7,1,361
58104,2025-09-13 20:35:23,1,10,0,0
83921,2025-09-13 20:42:48,0,3,0,0
25546,2025-09-13 20:47:34,0,8,0,0
89470,2025-09-13 20:58:55,0,5,0,0
1273,2025-09-13 21:01:32,1,6,0,0
63160,2025-09-13 21:11:01,0,4,1,224
73744,2025-09-13 21:11:44,0,5,0,0
83726,2025-09-13 21:12:21,0,7,1,418
69934,2025-09-13 21:15:33,0,7,0,0
72504,2025-09-13 21:17:31,0,6,0,0
54414,2025-09-13 21:31:06,0,1,0,0
31430,2025-09-13 21:38:35,1,1,0,0
23304,2025-09-13 21:38:51,0,5,1,403
30239,2025-09-13 21:38:55,1,6,0,0
54085,2025-09-13 21:39:50,0,3,0,0
36402,2025-09-13 21:45:44,0,6,0,0
40460,2025-09-13 21:59:51,0,9,0,0
64917,2025-09-13 22:06:13,1,7,0,0
50645,2025-09-13 22:10:12,0,12,0,0
85911,2025-09-13 22:10:12,0,4,0,0
13206,2025-09-13 22:19:16,0,6,0,0
28261,2025-09-13 22:23:44,1,6,0,0
72919,2025-09-13 22:24:28,1,5,1,308
89227,2025-09-13 22:31:45,0,6,1,252
67627,2025-09-13 23:00:51,1,5,1,236
32924,2025-09-13 23:06:10,0,1,0,0
54602,2025-09-13 23:12:59,1,9,0,0
93395,2025-09-13 23:13:21,0,7,0,0
85042,2025-09-13 23:13:48,0,4,0,0
1006,2025-09-13 23:19:37,0,6,0,0
76578,2025-09-13 23:46:57,1,6,0,0
46958,2025-09-14 00:25:20,0,3,1,689
25745,2025-09-14 00:45:04,1,4,0,0
88849,2025-09-14 00:54:26,0,7,0,0
21677,2025-09-14 01:04:05,1,6,0,0
7083,2025-09-14 01:12:01,0,5,0,0
65241,2025-09-14 01:13:40,0,6,1,288
21838,2025-09-14 01:18:17,1,6,0,0
64245,2025-09-14 01:25:37,0,11,0,0
62343,2025-09-14 01:32:25,1,9,0,0
55577,2025-09-14 01:33:27,0,5,0,0
24531,2025-09-14 01:35:36,0,9,0,0
18373,2025-09-14 01:35:42,1,3,1,303
56004,2025-09-14 01:49:33,0,6,0,0
46529,2025-09-14 01:53:12,0,7,0,0
40196,2025-09-14 02:14:26,0,5,0,0
13712,2025-09-14 02:27:36,1,6,0,0
67656,2025-09-14 02:28:35,0,3,1,179
36866,2025-09-14 02:38:23,0,2,0,0
28388,2025-09-14 02:46:41,0,8,0,0
27140,2025-09-14 02:49:58,1,9,1,282
83997,2025-09-14 03:11:03,1,5,0,0
55839,2025-09-14 03:36:01,1,6,0,0
89726,2025-09-14 03:52:25,0,6,1,141
89736,2025-09-14 03:55:18,0,7,1,287
17212,2025-09-14 04:01:28,0,9,0,0
72556,2025-09-14 04:07:00,0,10,0,0
50331,2025-09-14 04:22:40,0,5,1,459
73569,2025-09-14 04:40:40,1,7,0,0
80637,2025-09-14 04:46:53,0,9,1,473
34633,2025-09-14 05:46:20,0,6,1,456
96305,2025-09-14 05:51:20,0,4,1,373
8250,2025-09-14 05:51:46,0,11,0,0
63422,2025-09-14 05:57:08,0,7,0,0
13508,2025-09-14 06:18:30,0,12,1,826
69741,2025-09-14 06:26:04,1,8,0,0
71576,2025-09-14 06:38:59,0,7,0,0
9572,2025-09-14 06:47:26,0,4,1,204
28261,2025-09-14 06:59:12,1,4,0,0
75700,2025-09-14 07:42:33,0,6,0,0
3772,2025-09-14 07:47:46,1,9,0,0
77532,2025-09-14 08:00:05,0,7,0,0
93928,2025-09-14 08:03:02,0,6,1,314
68340,2025-09-14 08:04:30,0,4,0,0
74285,2025-09-14 08:17:58,0,6,0,0
49769,2025-09-14 08:24:02,0,5,0,0
52763,2025-09-14 08:24:51,0,5,0,0
16066,2025-09-14 08:36:22,0,4,0,0
8250,2025-09-14 08:42:39,1,5,1,421
56432,2025-09-14 08:43:30,0,10,0,0
16377,2025-09-14 08:51:15,0,9,0,0
94618,2025-09-14 08:57:26,1,11,0,0
38641,2025-09-14 08:59:11,0,4,1,343
42686,2025-09-14 09:04:12,1,4,1,300
18283,2025-09-14 09:05:24,0,6,0,0
80021,2025-09-14 09:06:04,1,7,1,532
33832,2025-09-14 09:12:33,0,9,0,0
38701,2025-09-14 09:29:43,1,6,0,0
71554,2025-09-14 09:30:31,0,6,0,0
14380,2025-09-14 09:43:49,0,6,1,311
81331,2025-09-14 09:48:34,0,8,0,0
10651,2025-09-14 09:53:36,1,5,0,0
82460,2025-09-14 10:03:04,1,6,1,377
10579,2025-09-14 10:16:54,0,6,0,0
84683,2025-09-14 10:17:28,1,7,0,0
73554,2025-09-14 10:18:40,1,4,0,0
51000,2025-09-14 10:32:46,0,9,0,0
1990,2025-09-14 10:33:22,0,6,0,0
79654,2025-09-14 10:36:52,0,8,0,0
31359,2025-09-14 10:39:13,1,2,0,0
57399,2025-09-14 10:43:15,0,7,0,0
48348,2025-09-14 11:02:35,0,10,1,235
41942,2025-09-14 11:11:52,0,7,0,0
5,2025-09-14 11:23:49,0,4,1,286
72522,2025-09-14 11:26:03,0,7,0,0
99218,2025-09-14 11:35:43,1,6,1,350
25546,2025-09-14 11:39:40,0,8,1,444
78431,2025-09-14 11:42:03,0,4,0,0
96585,2025-09-14 11:43:01,0,5,0,0
78717,2025-09-14 12:02:17,0,8,1,299
60079,2025-09-14 12:04:41,0,7,0,0
84422,2025-09-14 12:12:07,0,5,1,452
69363,2025-09-14 12:17:34,0,4,0,0
86141,2025-09-14 12:24:19,0,8,1,225
80859,2025-09-14 12:43:33,0,4,0,0
67761,2025-09-14 12:46:13,0,5,0,0
97606,2025-09-14 12:52:08,1,4,1,276
80014,2025-09-14 12:57:52,0,6,1,445
62856,2025-09-14 12:59:17,0,3,0,0
307,2025-09-14 13:01:41,0,4,0,0
43984,2025-09-14 13:07:55,0,3,1,496
49033,2025-09-14 13:10:36,0,7,0,0
14624,2025-09-14 13:16:12,1,5,1,290
16802,2025-09-14 13:21:17,0,8,1,443
67252,2025-09-14 13:22:33,0,4,0,0
7221,2025-09-14 13:24:25,0,6,0,0
99955,2025-09-14 13:25:36,0,7,0,0
52553,2025-09-14 13:29:19,1,6,0,0
46402,2025-09-14 13:31:04,1,12,1,199
99800,2025-09-14 13:32:06,0,12,0,0
84782,2025-09-14 13:41:12,0,9,0,0
26501,2025-09-14 13:45:40,1,10,0,0
98756,2025-09-14 13:48:16,0,6,0,0
64711,2025-09-14 13:49:05,0,6,0,0
88849,2025-09-14 13:58:58,1,9,1,411
70219,2025-09-14 14:09:50,1,10,0,0
84789,2025-09-14 14:26:19,0,6,0,0
57896,2025-09-14 14:27:53,0,1,1,432
44133,2025-09-14 14:34:49,0,2,0,0
40638,2025-09-14 14:38:59,0,9,0,0
26834,2025-09-14 14:48:15,0,8,0,0
7221,2025-09-14 14:52:33,0,6,1,460
8514,2025-09-14 14:52:44,0,5,0,0
32894,2025-09-14 14:56:02,1,2,0,0
77368,2025-09-14 15:00:35,1,6,0,0
27422,2025-09-14 15:06:02,0,6,1,313
16392,2025-09-14 15:08:41,0,3,0,0
74604,2025-09-14 15:28:36,0,6,0,0
66265,2025-09-14 15:32:26,1,8,1,234
12455,2025-09-14 15:39:14,1,5,1,319
436,2025-09-14 15:46:20,0,7,0,0
70457,2025-09-14 15:52:47,1,8,1,257
80886,2025-09-14 15:59:10,0,5,0,0
99962,2025-09-14 16:02:46,1,6,0,0
91642,2025-09-14 16:06:23,0,8,0,0
63836,2025-09-14 16:06:38,0,5,0,0
89133,2025-09-14 16:07:43,0,9,0,0
60314,2025-09-14 16:14:56,0,10,0,0
49584,2025-09-14 16:15:54,0,5,0,0
59497,2025-09-14 16:17:30,1,2,0,0
92055,2025-09-14 16:19:03,1,5,0,0
88146,2025-09-14 16:25:13,1,5,0,0
49757,2025-09-14 16:33:19,1,2,0,0
27947,2025-09-14 16:37:31,0,9,0,0
84268,2025-09-14 16:37:49,1,8,0,0
6111,2025-09-14 16:43:34,0,5,0,0
1740,2025-09-14 17:04:05,0,9,0,0
53690,2025-09-14 17:05:36,0,8,0,0
78251,2025-09-14 17:27:14,0,9,1,526
15029,2025-09-14 17:27:58,0,9,0,0
17895,2025-09-14 17:32:17,1,5,0,0
55415,2025-09-14 17:45:01,1,7,0,0
48189,2025-09-14 17:47:48,0,3,0,0
68340,2025-09-14 18:04:32,1,5,1,154
7822,2025-09-14 18:08:24,0,6,1,512
24726,2025-09-14 18:27:57,0,4,1,373
38718,2025-09-14 18:33:47,0,1,0,0
14136,2025-09-14 18:40:51,0,9,1,181
34823,2025-09-14 18:40:58,0,6,0,0
41093,2025-09-14 18:41:14,0,5,1,336
10007,2025-09-14 18:46:03,0,6,1,437
44415,2025-09-14 18:48:09,0,6,0,0
80886,2025-09-14 19:17:38,1,7,0,0
48519,2025-09-14 19:25:46,0,10,1,299
62064,2025-09-14 19:31:45,0,10,0,0
16857,2025-09-14 19:38:04,0,3,0,0
18731,2025-09-14 19:54:26,1,4,0,0
18055,2025-09-14 19:59:46,0,4,0,0
57399,2025-09-14 20:01:27,1,10,0,0
82866,2025-09-14 20:09:08,1,10,0,0
26504,2025-09-14 20:11:57,0,7,1,388
75384,2025-09-14 20:17:05,0,6,0,0
64711,2025-09-14 20:17:40,0,9,0,0
31926,2025-09-14 20:17:50,1,5,1,313
36255,2025-09-14 20:18:27,0,6,0,0
58627,2025-09-14 20:18:43,0,4,0,0
58454,2025-09-14 20:19:08,0,5,0,0
10579,2025-09-14 20:26:25,1,5,1,556
99455,2025-09-14 20:27:03,0,5,0,0
84188,2025-09-14 20:35:39,0,6,0,0
71826,2025-09-14 20:40:19,0,6,1,329
71529,2025-09-14 20:42:52,0,5,0,0
14675,2025-09-14 20:48:09,0,5,0,0
32698,2025-09-14 20:48:33,1,8,0,0
83726,2025-09-14 20:51:08,1,5,0,0
60079,2025-09-14 20:59:17,0,3,1,472
69883,2025-09-14 21:00:19,0,5,1,218
23304,2025-09-14 21:01:51,0,9,0,0
60295,2025-09-14 21:02:11,1,7,1,196
42170,2025-09-14 21:05:09,0,7,0,0
28778,2025-09-14 21:07:20,0,11,0,0
94846,2025-09-14 21:14:38,0,7,1,440
32698,2025-09-14 21:21:26,0,4,1,337
36101,2025-09-14 21:36:58,0,6,1,331
24498,2025-09-14 21:38:00,1,8,0,0
69177,2025-09-14 21:38:19,0,10,0,0
40196,2025-09-14 21:51:00,0,1,0,0
88046,2025-09-14 21:51:20,0,6,0,0
75718,2025-09-14 21:57:55,1,3,1,482
88850,2025-09-14 21:59:42,0,4,1,390
49806,2025-09-14 22:08:33,0,10,0,0
23121,2025-09-14 22:11:25,0,5,0,0
76469,2025-09-14 22:14:11,0,7,0,0
50309,2025-09-14 22:14:49,0,8,0,0
18946,2025-09-14 22:19:27,0,5,0,0
83157,2025-09-14 22:20:25,0,5,1,310
7518,2025-09-14 22:21:08,0,7,0,0
92308,2025-09-14 22:22:24,0,3,1,193
89871,2025-09-14 22:24:29,0,7,0,0
29128,2025-09-14 22:35:23,1,5,0,0
67656,2025-09-14 22:43:01,1,5,1,311
5473,2025-09-14 22:43:25,0,5,1,239
92069,2025-09-14 22:45:08,0,5,0,0
76810,2025-09-14 22:48:21,1,5,0,0
43358,2025-09-14 22:53:30,0,2,1,269
14624,2025-09-14 22:59:37,0,9,0,0
43773,2025-09-14 23:00:47,0,2,0,0
18105,2025-09-14 23:11:12,0,4,0,0
46802,2025-09-14 23:25:13,1,9,0,0
80637,2025-09-14 23:27:13,0,3,0,0
64927,2025-09-14 23:33:59,0,6,0,0
39777,2025-09-14 23:38:07,0,7,1,216
84442,2025-09-14 23:39:28,0,9,0,0
41018,2025-09-15 00:09:43,0,3,0,0
3264,2025-09-15 00:14:22,0,9,0,0
80182,2025-09-15 00:14:53,0,5,1,573
24498,2025-09-15 00:18:45,0,12,1,661
55839,2025-09-15 00:46:32,1,7,1,523
18290,2025-09-15 00:50:43,0,8,0,0
47777,2025-09-15 01:02:39,0,10,0,0
87029,2025-09-15 01:20:28,0,4,0,0
91255,2025-09-15 01:36:13,1,5,0,0
56397,2025-09-15 01:36:29,0,7,1,670
41432,2025-09-15 01:42:16,0,8,1,309
80632,2025-09-15 01:42:17,0,3,1,298
55428,2025-09-15 01:47:05,0,5,0,0
77049,2025-09-15 01:47:34,1,7,1,154
99078,2025-09-15 02:09:11,0,6,0,0
36877,2025-09-15 02:16:50,0,8,0,0
48144,2025-09-15 02:17:45,0,9,1,352
46402,2025-09-15 02:18:04,0,6,1,252
56004,2025-09-15 02:23:49,0,6,0,0
58623,2025-09-15 02:38:37,0,4,0,0
15348,2025-09-15 02:51:47,0,6,0,0
53300,2025-09-15 02:53:42,1,5,1,319
47777,2025-09-15 02:58:14,1,7,1,466
65855,2025-09-15 02:59:31,0,5,0,0
86132,2025-09-15 03:11:45,0,7,0,0
98708,2025-09-15 03:15:09,1,1,0,0
40564,2025-09-15 03:16:41,0,6,0,0
8880,2025-09-15 03:29:09,0,9,0,0
90415,2025-09-15 03:31:56,0,12,0,0
33123,2025-09-15 03:42:55,0,6,1,335
67709,2025-09-15 04:20:10,0,5,0,0
97930,2025-09-15 04:45:49,0,7,0,0
12454,2025-09-15 05:07:33,1,6,0,0
65855,2025-09-15 05:15:59,0,6,0,0
14403,2025-09-15 05:39:42,1,9,0,0
7492,2025-09-15 05:49:48,1,6,0,0
91195,2025-09-15 05:56:17,0,4,0,0
31302,2025-09-15 06:07:12,1,9,1,324
5464,2025-09-15 06:13:03,1,5,0,0
10291,2025-09-15 06:18:48,1,4,1,339
81366,2025-09-15 06:26:15,0,5,0,0
48916,2025-09-15 07:05:19,0,8,0,0
31007,2025-09-15 07:20:20,0,7,1,247
16727,2025-09-15 07:24:14,0,7,0,0
67720,2025-09-15 07:29:21,0,7,0,0
32817,2025-09-15 08:00:58,0,2,1,178
60701,2025-09-15 08:17:10,0,7,0,0
72159,2025-09-15 08:21:30,0,4,0,0
38246,2025-09-15 08:30:33,0,3,1,404
96149,2025-09-15 08:32:10,1,5,0,0
85631,2025-09-15 08:36:02,0,5,1,340
17289,2025-09-15 08:47:22,0,9,0,0
20357,2025-09-15 08:49:19,0,3,1,214
62316,2025-09-15 08:52:40,0,4,0,0
87900,2025-09-15 08:53:31,0,11,0,0
82971,2025-09-15 09:00:33,0,5,0,0
11812,2025-09-15 09:09:26,0,5,0,0
47009,2025-09-15 09:11:08,0,8,0,0
69611,2025-09-15 09:12:00,0,7,1,418
41649,2025-09-15 09:22:13,0,6,0,0
21281,2025-09-15 09:37:21,0,8,0,0
50052,2025-09-15 09:45:14,0,3,0,0
94682,2025-09-15 09:47:11,0,3,0,0
14782,2025-09-15 09:54:56,0,8,0,0
22406,2025-09-15 10:01:54,1,6,1,465
48515,2025-09-15 10:06:08,0,5,0,0
9572,2025-09-15 10:13:57,1,6,1,270
38591,2025-09-15 10:16:52,1,9,1,422
19952,2025-09-15 10:17:04,0,5,1,204
11780,2025-09-15 10:17:13,0,4,0,0
80420,2025-09-15 10:17:39,0,10,1,221
43710,2025-09-15 10:20:22,0,8,0,0
92998,2025-09-15 10:26:38,0,10,1,278
31562,2025-09-15 10:52:02,0,6,1,292
97418,2025-09-15 10:57:36,0,8,1,488
31441,2025-09-15 11:01:46,1,6,0,0
41151,2025-09-15 11:05:24,0,5,0,0
91379,2025-09-15 11:12:16,0,3,1,191
75077,2025-09-15 11:13:39,0,4,0,0
16066,2025-09-15 11:15:17,0,5,1,276
76074,2025-09-15 11:20:49,0,12,1,282
94658,2025-09-15 11:27:42,0,13,0,0
90381,2025-09-15 11:31:15,0,7,1,338
12780,2025-09-15 11:33:59,1,8,1,381
9828,2025-09-15 11:35:11,0,7,0,0
89736,2025-09-15 11:38:08,0,5,1,235
48680,2025-09-15 11:49:20,1,8,0,0
91983,2025-09-15 12:03:47,0,6,0,0
36451,2025-09-15 12:03:59,1,5,0,0
46967,2025-09-15 12:13:03,1,6,0,0
32500,2025-09-15 12:19:13,0,7,0,0
67765,2025-09-15 12:23:28,1,6,1,210
91632,2025-09-15 12:26:07,1,5,1,398
10651,2025-09-15 12:34:36,0,5,0,0
77049,2025-09-15 12:37:19,1,11,0,0
8514,2025-09-15 12:42:36,0,6,1,257
72134,2025-09-15 12:44:21,1,8,0,0
43995,2025-09-15 12:56:49,1,3,0,0
30395,2025-09-15 13:10:24,0,7,0,0
55215,2025-09-15 13:13:36,0,5,0,0
48519,2025-09-15 13:18:47,0,9,0,0
19436,2025-09-15 13:28:08,0,7,1,193
39594,2025-09-15 13:32:00,0,11,0,0
4636,2025-09-15 13:33:27,1,6,0,0
97701,2025-09-15 13:33:45,1,8,1,236
13366,2025-09-15 13:36:44,0,4,1,426
59650,2025-09-15 13:39:47,1,7,1,472
72446,2025-09-15 13:40:21,0,7,0,0
87237,2025-09-15 13:40:22,1,4,0,0
940,2025-09-15 13:41:11,0,6,1,312
90532,2025-09-15 13:44:15,0,1,0,0
5566,2025-09-15 13:44:16,0,5,1,326
55215,2025-09-15 13:51:46,0,4,1,356
13897,2025-09-15 14:20:13,0,7,1,396
23162,2025-09-15 14:21:35,1,9,1,576
14452,2025-09-15 14:33:31,0,4,0,0
19305,2025-09-15 14:37:15,0,9,0,0
43311,2025-09-15 15:00:53,0,6,0,0
80420,2025-09-15 15:01:48,0,6,0,0
10651,2025-09-15 15:11:35,0,7,0,0
95515,2025-09-15 15:19:36,0,7,0,0
80589,2025-09-15 15:24:58,0,6,1,445
83320,2025-09-15 15:27:57,1,5,0,0
96259,2025-09-15 15:31:56,0,7,0,0
24083,2025-09-15 15:32:23,0,2,0,0
41859,2025-09-15 15:36:57,0,6,0,0
16667,2025-09-15 15:44:19,0,11,0,0
54167,2025-09-15 15:45:10,0,11,0,0
6106,2025-09-15 15:50:04,0,2,0,0
46967,2025-09-15 15:57:44,0,9,0,0
2812,2025-09-15 16:02:26,0,5,0,0
31441,2025-09-15 16:03:11,0,3,1,415
93159,2025-09-15 16:07:18,1,8,0,0
93586,2025-09-15 16:07:43,0,7,1,845
13366,2025-09-15 16:08:14,0,7,1,488
78635,2025-09-15 16:09:27,0,10,0,0
61396,2025-09-15 16:12:44,1,7,0,0
60852,2025-09-15 16:18:44,0,3,0,0
98871,2025-09-15 16:27:24,0,3,0,0
59796,2025-09-15 16:29:25,0,11,0,0
37125,2025-09-15 16:53:48,1,8,1,461
82669,2025-09-15 17:02:06,0,6,1,427
34157,2025-09-15 17:06:29,1,6,0,0
8155,2025-09-15 17:07:38,1,4,0,0
7936,2025-09-15 17:10:03,1,7,1,284
73479,2025-09-15 17:13:19,1,7,1,296
40460,2025-09-15 17:14:37,0,6,0,0
1379,2025-09-15 17:24:12,0,8,0,0
78591,2025-09-15 17:37:30,1,8,0,0
77532,2025-09-15 17:50:14,0,2,0,0
74602,2025-09-15 17:53:46,1,10,0,0
72504,2025-09-15 17:54:33,0,5,0,0
54168,2025-09-15 18:21:24,1,10,1,451
42887,2025-09-15 18:21:46,0,5,1,202
47009,2025-09-15 18:26:21,0,7,1,184
34087,2025-09-15 18:27:59,1,3,1,461
8117,2025-09-15 18:38:22,0,6,0,0
80896,2025-09-15 18:44:04,1,3,0,0
31193,2025-09-15 18:48:24,0,10,0,0
4991,2025-09-15 18:49:40,0,5,0,0
72883,2025-09-15 18:59:09,0,3,0,0
61932,2025-09-15 19:06:09,1,4,1,239
54602,2025-09-15 19:07:34,0,5,0,0
46070,2025-09-15 19:15:00,0,9,0,0
80289,2025-09-15 19:19:02,0,1,0,0
98350,2025-09-15 19:26:17,0,8,0,0
90850,2025-09-15 19:26:28,0,4,0,0
13953,2025-09-15 19:30:07,0,5,1,392
12595,2025-09-15 19:36:21,0,6,0,0
39207,2025-09-15 19:41:23,0,2,1,230
80185,2025-09-15 19:44:57,1,4,0,0
7822,2025-09-15 19:45:01,0,7,1,401
12780,2025-09-15 19:46:55,0,1,0,0
94898,2025-09-15 19:48:07,1,6,0,0
65726,2025-09-15 19:54:00,0,8,0,0
70947,2025-09-15 20:01:19,1,4,0,0
45098,2025-09-15 20:02:32,0,4,0,0
26533,2025-09-15 20:05:36,1,7,1,202
90915,2025-09-15 20:06:28,0,5,1,192
38640,2025-09-15 20:22:24,0,4,0,0
45515,2025-09-15 20:22:29,0,4,0,0
35286,2025-09-15 20:22:40,1,5,1,420
48529,2025-09-15 20:26:06,1,4,0,0
40460,2025-09-15 20:26:22,1,4,0,0
54835,2025-09-15 20:26:50,0,5,0,0
76469,2025-09-15 20:35:38,1,9,0,0
83024,2025-09-15 20:46:50,0,6,0,0
93402,2025-09-15 20:47:06,0,7,0,0
20248,2025-09-15 20:50:57,0,5,1,627
27892,2025-09-15 20:51:04,0,5,0,0
20032,2025-09-15 20:51:32,0,3,0,0
68110,2025-09-15 20:53:59,0,10,0,0
92998,2025-09-15 20:57:26,0,8,0,0
67945,2025-09-15 20:57:41,1,1,1,209
64495,2025-09-15 21:05:24,0,4,0,0
17870,2025-09-15 21:10:26,0,9,1,479
14734,2025-09-15 21:12:38,0,4,0,0
65474,2025-09-15 21:17:10,0,3,0,0
21365,2025-09-15 21:33:11,0,10,1,211
11631,2025-09-15 21:34:40,0,6,0,0
94556,2025-09-15 21:38:44,0,2,0,0
56795,2025-09-15 21:48:28,0,6,0,0
33736,2025-09-15 21:50:24,0,6,0,0
24425,2025-09-15 21:58:14,1,9,0,0
7221,2025-09-15 21:59:52,0,5,1,249
91255,2025-09-15 22:07:12,0,7,0,0
47980,2025-09-15 22:13:07,1,6,1,404
14333,2025-09-15 22:16:36,1,7,0,0
61294,2025-09-15 22:30:34,0,2,1,268
57145,2025-09-15 22:35:48,0,8,0,0
43995,2025-09-15 22:36:34,1,10,0,0
9968,2025-09-15 22:49:23,0,5,0,0
43710,2025-09-15 22:50:19,0,6,0,0
69948,2025-09-15 22:54:37,0,7,1,313
97418,2025-09-15 22:55:18,0,7,1,241
76414,2025-09-15 22:56:03,1,4,0,0
13363,2025-09-15 22:56:27,0,7,1,387
63376,2025-09-15 23:00:39,1,4,0,0
95415,2025-09-15 23:03:27,0,5,0,0
57497,2025-09-15 23:04:26,0,5,0,0
54644,2025-09-15 23:06:07,0,7,1,218
27140,2025-09-15 23:18:00,0,9,0,0
20030,2025-09-15 23:19:28,1,7,0,0
7672,2025-09-15 23:19:54,0,9,0,0
87558,2025-09-15 23:20:52,0,1,1,145
31007,2025-09-15 23:26:31,0,6,0,0
14624,2025-09-15 23:34:30,0,7,1,336
24083,2025-09-15 23:35:36,0,7,0,0
89195,2025-09-15 23:41:52,0,11,1,297
92936,2025-09-15 23:44:35,0,5,0,0
80185,2025-09-15 23:48:26,1,5,1,661
38701,2025-09-15 23:48:38,0,6,0,0
18034,2025-09-15 23:53:38,0,7,0,0
19183,2025-09-16 00:08:02,0,5,0,0
27892,2025-09-16 00:08:12,1,7,0,0
90350,2025-09-16 00:19:43,0,7,0,0
59746,2025-09-16 00:29:09,1,5,0,0
39207,2025-09-16 00:34:40,0,5,0,0
4991,2025-09-16 00:38:24,0,8,1,326
80637,2025-09-16 01:06:29,0,5,1,458
34009,2025-09-16 01:21:05,0,4,0,0
6967,2025-09-16 01:27:14,1,9,0,0
84604,2025-09-16 01:32:06,1,8,0,0
99938,2025-09-16 01:33:04,0,8,1,318
40564,2025-09-16 01:36:46,0,12,0,0
11812,2025-09-16 01:38:14,1,5,0,0
54261,2025-09-16 02:16:45,0,5,1,259
23971,2025-09-16 02:21:53,1,12,1,417
76030,2025-09-16 02:34:11,1,6,0,0
89871,2025-09-16 03:08:39,1,3,1,327
77414,2025-09-16 03:36:05,0,7,0,0
83264,2025-09-16 03:52:14,0,6,0,0
16922,2025-09-16 04:26:29,0,4,1,275
96867,2025-09-16 04:37:54,0,6,0,0
90532,2025-09-16 04:54:22,1,4,0,0
93928,2025-09-16 05:06:05,1,6,0,0
74963,2025-09-16 05:23:50,0,2,0,0
95584,2025-09-16 05:26:12,0,7,0,0
56839,2025-09-16 05:40:56,0,3,0,0
48881,2025-09-16 05:44:29,1,12,0,0
74645,2025-09-16 05:52:45,0,8,0,0
10651,2025-09-16 06:14:43,0,4,0,0
193,2025-09-16 06:19:10,0,1,0,0
78801,2025-09-16 06:28:16,1,7,1,358
59954,2025-09-16 06:56:02,0,4,1,386
84851,2025-09-16 06:59:51,1,7,0,0
17089,2025-09-16 07:10:05,1,7,1,446
96091,2025-09-16 07:24:26,1,4,0,0
75102,2025-09-16 07:39:05,0,2,0,0
39874,2025-09-16 07:47:36,0,4,1,418
34063,2025-09-16 07:55:58,0,11,0,0
79977,2025-09-16 07:58:42,0,3,1,317
31288,2025-09-16 08:03:54,0,9,1,306
99078,2025-09-16 08:11:26,0,12,1,387
5566,2025-09-16 08:15:45,0,5,1,224
36719,2025-09-16 08:18:28,0,3,0,0
83997,2025-09-16 08:35:52,0,3,1,399
6106,2025-09-16 08:47:11,0,7,0,0
31505,2025-09-16 08:50:45,0,6,0,0
97916,2025-09-16 08:54:00,1,1,0,0
75791,2025-09-16 08:56:09,0,6,0,0
86198,2025-09-16 08:56:25,0,5,0,0
24498,2025-09-16 08:57:15,0,5,1,446
23373,2025-09-16 09:15:37,1,4,0,0
28261,2025-09-16 09:33:52,1,8,0,0
45524,2025-09-16 09:38:16,0,6,1,267
15053,2025-09-16 09:43:00,0,3,0,0
12210,2025-09-16 09:46:00,0,5,1,328
23971,2025-09-16 09:46:37,0,4,1,304
76633,2025-09-16 09:58:10,0,8,1,280
71025,2025-09-16 10:00:00,0,5,0,0
72853,2025-09-16 10:05:35,1,4,1,268
89061,2025-09-16 10:08:12,1,5,0,0
436,2025-09-16 10:11:12,0,6,0,0
5473,2025-09-16 10:15:27,1,5,0,0
22169,2025-09-16 10:16:20,0,6,0,0
19100,2025-09-16 10:23:52,0,4,1,409
96867,2025-09-16 10:27:53,0,6,0,0
12519,2025-09-16 10:29:59,1,7,1,457
96867,2025-09-16 10:34:30,1,10,1,430
11880,2025-09-16 10:34:42,1,10,0,0
24949,2025-09-16 10:40:04,0,5,0,0
86882,2025-09-16 10:40:52,1,6,0,0
25777,2025-09-16 10:47:49,0,3,0,0
97871,2025-09-16 10:54:37,0,1,0,0
9286,2025-09-16 11:06:24,0,8,1,331
88763,2025-09-16 11:10:09,0,6,0,0
84188,2025-09-16 11:10:14,0,9,0,0
40052,2025-09-16 11:25:13,0,4,0,0
93962,2025-09-16 11:27:07,1,7,0,0
74285,2025-09-16 11:31:02,1,7,0,0
75620,2025-09-16 11:33:17,0,4,0,0
3291,2025-09-16 11:46:24,0,5,1,191
48144,2025-09-16 11:50:56,0,4,0,0
36451,2025-09-16 11:54:15,0,8,0,0
11812,2025-09-16 11:54:58,0,4,0,0
54759,2025-09-16 11:59:35,0,10,0,0
13464,2025-09-16 12:01:15,0,8,0,0
20284,2025-09-16 12:11:41,0,8,0,0
95515,2025-09-16 12:17:20,0,5,1,336
45361,2025-09-16 12:22:29,1,8,1,327
78938,2025-09-16 12:26:15,0,11,0,0
83264,2025-09-16 12:26:16,0,7,0,0
90532,2025-09-16 12:39:57,1,5,0,0
74034,2025-09-16 12:57:40,0,10,0,0
19792,2025-09-16 13:11:16,1,4,0,0
89704,2025-09-16 13:19:15,0,8,0,0
6274,2025-09-16 13:26:10,0,8,0,0
11331,2025-09-16 13:27:42,1,5,0,0
77000,2025-09-16 13:28:27,0,4,0,0
11853,2025-09-16 13:29:13,0,5,0,0
4352,2025-09-16 13:37:37,0,8,1,250
39576,2025-09-16 13:38:53,0,6,0,0
33217,2025-09-16 13:51:12,0,3,1,346
79753,2025-09-16 13:52:27,1,6,0,0
94074,2025-09-16 14:01:39,1,7,1,198
54602,2025-09-16 14:05:27,0,6,0,0
49033,2025-09-16 14:06:19,0,3,0,0
65241,2025-09-16 14:17:04,0,7,0,0
77080,2025-09-16 14:17:43,0,6,1,541
19559,2025-09-16 14:19:40,0,10,0,0
29081,2025-09-16 14:22:26,1,2,0,0
52553,2025-09-16 14:26:05,0,8,1,147
99979,2025-09-16 14:26:46,0,3,0,0
82253,2025-09-16 14:27:27,0,3,0,0
83997,2025-09-16 14:35:34,0,6,1,244
20357,2025-09-16 14:44:49,1,9,0,0
79831,2025-09-16 14:46:59,0,6,1,224
11250,2025-09-16 14:58:23,1,8,0,0
18197,2025-09-16 15:02:56,0,4,1,624
50331,2025-09-16 15:12:07,0,5,1,318
67720,2025-09-16 15:12:44,0,9,0,0
6967,2025-09-16 15:18:04,0,4,1,246
11609,2025-09-16 15:23:07,1,0,1,295
66063,2025-09-16 15:25:49,0,3,0,0
88488,2025-09-16 15:26:02,0,3,0,0
43099,2025-09-16 15:33:46,0,11,1,634
88938,2025-09-16 15:38:17,0,5,1,308
501,2025-09-16 15:43:24,1,12,0,0
77848,2025-09-16 16:03:13,0,3,1,226
59796,2025-09-16 16:04:28,0,3,1,238
940,2025-09-16 16:15:20,0,6,0,0
1006,2025-09-16 16:17:42,0,0,1,349
92491,2025-09-16 16:25:00,0,6,0,0
13464,2025-09-16 16:26:22,0,6,1,296
94926,2025-09-16 16:29:42,0,8,0,0
65998,2025-09-16 16:31:03,0,5,0,0
55663,2025-09-16 16:36:50,0,6,1,315
5643,2025-09-16 16:41:15,1,4,0,0
97255,2025-09-16 16:42:26,1,2,0,0
63211,2025-09-16 16:43:30,0,10,1,302
8155,2025-09-16 16:48:25,0,3,0,0
88763,2025-09-16 16:48:32,1,3,1,415
52070,2025-09-16 17:00:17,0,4,1,391
31881,2025-09-16 17:04:00,1,7,0,0
72589,2025-09-16 17:04:20,0,9,0,0
46802,2025-09-16 17:15:07,1,10,0,0
45524,2025-09-16 17:18:04,0,6,0,0
19436,2025-09-16 17:20:08,0,7,0,0
90446,2025-09-16 17:29:06,0,7,0,0
71826,2025-09-16 17:30:07,0,6,0,0
69448,2025-09-16 17:33:21,0,8,0,0
92867,2025-09-16 17:34:35,0,5,0,0
10007,2025-09-16 17:36:22,0,3,0,0
55215,2025-09-16 17:38:53,0,6,0,0
74714,2025-09-16 17:57:45,0,6,1,412
63422,2025-09-16 18:00:15,0,2,0,0
61393,2025-09-16 18:07:02,0,7,1,336
30746,2025-09-16 18:11:05,1,6,0,0
62893,2025-09-16 18:12:54,1,3,0,0
54993,2025-09-16 18:16:21,0,7,0,0
9146,2025-09-16 18:20:37,0,3,1,177
91601,2025-09-16 18:26:56,0,9,1,360
52231,2025-09-16 18:34:39,1,2,0,0
64087,2025-09-16 18:35:11,1,4,1,294
71039,2025-09-16 18:37:18,1,2,1,186
78033,2025-09-16 18:38:07,0,5,0,0
26966,2025-09-16 18:40:26,1,2,1,354
80727,2025-09-16 18:46:18,1,3,1,281
57473,2025-09-16 18:59:49,1,4,0,0
46070,2025-09-16 19:05:01,0,12,1,447
45524,2025-09-16 19:07:06,1,5,1,626
60569,2025-09-16 19:08:30,0,9,1,237
13478,2025-09-16 19:12:30,0,2,0,0
80182,2025-09-16 19:19:37,1,4,1,605
92075,2025-09-16 19:22:07,0,12,0,0
41702,2025-09-16 19:22:49,0,4,0,0
18034,2025-09-16 19:25:25,0,5,0,0
85627,2025-09-16 19:39:23,1,4,1,263
15300,2025-09-16 19:50:05,1,6,1,376
56463,2025-09-16 19:57:17,0,7,1,638
54602,2025-09-16 20:01:42,0,6,0,0
63282,2025-09-16 20:07:34,0,8,0,0
53907,2025-09-16 20:08:15,0,6,0,0
53616,2025-09-16 20:08:32,0,6,0,0
47953,2025-09-16 20:08:44,0,10,0,0
46958,2025-09-16 20:19:08,1,6,0,0
36082,2025-09-16 20:21:46,0,9,0,0
54552,2025-09-16 20:30:44,0,9,0,0
44987,2025-09-16 20:35:23,0,7,1,268
41859,2025-09-16 20:36:47,0,3,0,0
33457,2025-09-16 20:37:35,1,5,0,0
89445,2025-09-16 20:44:34,1,5,0,0
14635,2025-09-16 20:44:43,1,7,0,0
18283,2025-09-16 20:47:29,0,5,0,0
13366,2025-09-16 20:48:16,0,5,0,0
86354,2025-09-16 20:49:33,1,3,0,0
8155,2025-09-16 20:52:08,1,5,0,0
75384,2025-09-16 21:00:07,1,9,1,320
99262,2025-09-16 21:06:08,0,8,0,0
74620,2025-09-16 21:31:45,0,4,1,227
11053,2025-09-16 21:35:36,1,6,0,0
79530,2025-09-16 21:39:53,0,3,0,0
15300,2025-09-16 21:42:08,1,8,1,364
61835,2025-09-16 22:02:16,0,3,1,296
3030,2025-09-16 22:20:22,0,8,0,0
27307,2025-09-16 22:22:20,0,4,0,0
74940,2025-09-16 22:24:06,1,6,0,0
43773,2025-09-16 22:25:15,0,5,0,0
13533,2025-09-16 22:25:39,1,4,1,313
57964,2025-09-16 22:30:31,0,7,0,0
14782,2025-09-16 22:40:41,0,6,1,321
50309,2025-09-16 22:42:08,0,5,0,0
62646,2025-09-16 22:52:10,1,5,0,0
94097,2025-09-16 22:53:57,0,5,0,0
11053,2025-09-16 22:57:17,0,4,0,0
67248,2025-09-16 23:02:35,0,4,0,0
70457,2025-09-16 23:03:35,0,3,1,311
35079,2025-09-16 23:08:00,0,9,1,247
84188,2025-09-16 23:18:04,0,4,0,0
77233,2025-09-16 23:18:58,1,5,0,0
12454,2025-09-16 23:28:48,0,9,0,0
525,2025-09-16 23:33:50,1,6,0,0
28031,2025-09-16 23:34:57,0,4,0,0
45893,2025-09-16 23:42:25,0,6,1,368
44577,2025-09-16 23:50:01,0,7,0,0
70415,2025-09-16 23:55:09,0,2,1,447
42887,2025-09-17 00:06:32,0,3,0,0
55041,2025-09-17 00:06:38,1,8,1,230
89649,2025-09-17 00:06:44,1,4,0,0
16922,2025-09-17 00:15:52,1,8,1,247
53300,2025-09-17 00:37:09,1,4,0,0
88466,2025-09-17 00:51:54,0,7,0,0
14403,2025-09-17 01:01:44,0,10,0,0
31408,2025-09-17 01:43:23,0,4,1,245
36394,2025-09-17 01:57:24,1,8,0,0
55812,2025-09-17 02:04:15,0,4,1,299
14675,2025-09-17 02:04:52,0,5,0,0
90658,2025-09-17 02:08:02,0,4,0,0
29437,2025-09-17 02:13:32,0,10,0,0
58083,2025-09-17 02:26:24,1,4,0,0
71576,2025-09-17 02:39:39,0,7,0,0
26501,2025-09-17 02:50:14,1,4,0,0
25580,2025-09-17 03:05:12,0,5,1,306
33415,2025-09-17 03:10:11,0,11,0,0
65754,2025-09-17 03:12:57,0,4,0,0
94097,2025-09-17 03:20:04,1,8,1,314
5581,2025-09-17 03:44:25,0,9,0,0
14740,2025-09-17 04:01:33,0,4,0,0
4179,2025-09-17 04:04:58,0,7,0,0
90423,2025-09-17 04:22:34,1,3,0,0
67945,2025-09-17 04:38:20,0,5,0,0
93159,2025-09-17 04:58:58,0,8,0,0
13712,2025-09-17 05:21:36,1,5,1,323
14959,2025-09-17 05:34:57,0,5,0,0
86882,2025-09-17 05:45:11,0,6,0,0
67627,2025-09-17 06:15:30,0,6,0,0
40937,2025-09-17 06:20:14,0,11,1,348
77347,2025-09-17 06:23:20,0,6,1,341
93693,2025-09-17 06:32:10,0,7,1,236
58223,2025-09-17 06:57:28,0,6,0,0
39882,2025-09-17 07:02:54,0,5,0,0
27836,2025-09-17 07:11:29,0,9,0,0
28938,2025-09-17 07:18:00,0,13,0,0
85703,2025-09-17 07:57:58,0,4,0,0
93402,2025-09-17 08:00:14,0,3,0,0
13085,2025-09-17 08:04:42,0,3,1,421
4484,2025-09-17 08:05:29,0,5,0,0
29437,2025-09-17 08:08:05,0,5,0,0
85631,2025-09-17 08:12:04,0,4,1,311
71357,2025-09-17 08:22:07,1,3,1,412
82378,2025-09-17 08:38:39,0,5,0,0
92458,2025-09-17 08:55:17,0,3,0,0
56004,2025-09-17 08:56:12,1,5,0,0
48604,2025-09-17 08:56:25,1,6,0,0
44272,2025-09-17 08:59:53,1,4,0,0
96259,2025-09-17 09:00:53,1,9,0,0
2883,2025-09-17 09:05:39,1,9,0,0
79971,2025-09-17 09:07:35,1,7,0,0
23225,2025-09-17 09:29:35,0,5,0,0
99993,2025-09-17 09:36:48,0,8,1,231
28903,2025-09-17 09:37:58,0,5,0,0
62786,2025-09-17 09:43:46,0,14,0,0
17723,2025-09-17 09:51:19,1,5,0,0
18105,2025-09-17 09:55:01,1,4,0,0
72134,2025-09-17 09:55:57,0,4,0,0
99987,2025-09-17 10:01:34,0,6,0,0
942,2025-09-17 10:03:21,0,5,1,445
49769,2025-09-17 10:12:35,1,4,0,0
16392,2025-09-17 10:16:58,0,3,0,0
68222,2025-09-17 10:19:05,1,12,1,395
88648,2025-09-17 10:31:28,1,9,0,0
43995,2025-09-17 10:32:21,0,8,1,244
10905,2025-09-17 10:38:25,1,8,0,0
49806,2025-09-17 10:47:00,0,8,0,0
35960,2025-09-17 10:50:06,1,6,1,424
76030,2025-09-17 10:51:48,0,5,0,0
34384,2025-09-17 10:58:01,0,4,0,0
72853,2025-09-17 11:14:47,1,5,1,476
76354,2025-09-17 11:18:59,0,7,0,0
22169,2025-09-17 11:29:20,0,10,0,0
74870,2025-09-17 11:32:48,1,7,1,203
93402,2025-09-17 11:35:47,1,6,0,0
34701,2025-09-17 11:43:09,1,5,1,239
81469,2025-09-17 11:49:30,0,4,0,0
23630,2025-09-17 11:49:59,0,7,0,0
45224,2025-09-17 11:50:13,0,6,0,0
7045,2025-09-17 11:53:57,0,7,0,0
33063,2025-09-17 11:56:55,0,6,0,0
66326,2025-09-17 11:57:45,0,8,1,319
54644,2025-09-17 12:03:19,0,7,0,0
67761,2025-09-17 12:07:46,0,2,0,0
86585,2025-09-17 12:15:22,1,5,0,0
36877,2025-09-17 12:15:58,0,1,1,227
87981,2025-09-17 12:26:23,1,7,1,367
69966,2025-09-17 12:34:56,0,4,0,0
66265,2025-09-17 12:43:13,0,7,0,0
13085,2025-09-17 12:47:27,0,5,0,0
43299,2025-09-17 12:51:08,1,8,0,0
35286,2025-09-17 12:59:58,0,8,1,324
75718,2025-09-17 13:33:52,0,7,0,0
54019,2025-09-17 13:39:18,0,5,0,0
41942,2025-09-17 13:40:11,0,7,0,0
96149,2025-09-17 13:40:14,0,7,0,0
88849,2025-09-17 13:45:11,0,3,1,373
76213,2025-09-17 13:46:36,1,5,0,0
7491,2025-09-17 14:07:16,1,7,1,315
76114,2025-09-17 14:10:20,0,7,0,0
65499,2025-09-17 14:10:45,1,7,0,0
24678,2025-09-17 14:13:19,1,3,0,0
8378,2025-09-17 14:19:49,1,8,0,0
13206,2025-09-17 14:20:28,0,8,0,0
11914,2025-09-17 14:24:26,1,8,1,514
46071,2025-09-17 14:26:55,1,12,0,0
97592,2025-09-17 14:27:38,0,11,0,0
8044,2025-09-17 14:32:52,0,2,0,0
86225,2025-09-17 14:35:07,0,4,0,0
78431,2025-09-17 14:46:37,0,5,0,0
38556,2025-09-17 14:47:43,0,5,0,0
33751,2025-09-17 14:48:52,0,7,0,0
75322,2025-09-17 14:57:42,0,7,0,0
95616,2025-09-17 15:03:57,1,7,0,0
4352,2025-09-17 15:04:28,0,4,0,0
5734,2025-09-17 15:05:04,0,8,0,0
92717,2025-09-17 15:06:59,0,5,1,394
5473,2025-09-17 15:07:03,1,3,0,0
77113,2025-09-17 15:09:34,0,4,0,0
58810,2025-09-17 15:10:09,0,6,0,0
42887,2025-09-17 15:24:18,0,7,1,193
76075,2025-09-17 15:37:08,0,8,0,0
26966,2025-09-17 15:39:04,0,7,0,0
51885,2025-09-17 15:40:58,1,6,0,0
31182,2025-09-17 15:46:36,0,2,1,539
69521,2025-09-17 15:52:23,0,9,1,336
74156,2025-09-17 15:59:14,0,10,1,461
75829,2025-09-17 15:59:39,0,8,0,0
4744,2025-09-17 16:25:05,1,6,1,432
58623,2025-09-17 16:26:20,1,4,1,273
44891,2025-09-17 16:31:40,0,6,0,0
70457,2025-09-17 16:36:00,0,5,0,0
12977,2025-09-17 16:36:24,0,5,0,0
42650,2025-09-17 16:36:24,0,3,0,0
67252,2025-09-17 16:39:21,1,3,1,457
71664,2025-09-17 16:55:26,0,6,0,0
38133,2025-09-17 16:56:07,1,7,0,0
98736,2025-09-17 17:17:56,1,7,0,0
56392,2025-09-17 17:21:36,0,5,0,0
69521,2025-09-17 17:32:17,0,4,1,414
28447,2025-09-17 17:41:46,0,3,0,0
95515,2025-09-17 17:58:30,0,9,0,0
6758,2025-09-17 18:03:18,1,5,1,166
11146,2025-09-17 18:09:30,0,7,0,0
28938,2025-09-17 18:10:58,1,3,0,0
90076,2025-09-17 18:16:50,1,10,1,406
14320,2025-09-17 18:17:20,1,5,1,275
64811,2025-09-17 18:29:44,0,4,0,0
93928,2025-09-17 18:34:57,0,6,0,0
46478,2025-09-17 18:35:55,0,7,0,0
9146,2025-09-17 18:39:17,0,9,1,336
54602,2025-09-17 18:39:53,0,9,1,470
78175,2025-09-17 18:41:52,1,4,0,0
57394,2025-09-17 18:44:59,1,6,0,0
7518,2025-09-17 18:48:35,0,8,1,280
32924,2025-09-17 18:52:38,0,5,0,0
5389,2025-09-17 18:55:03,0,9,1,402
14787,2025-09-17 18:55:10,1,6,0,0
23462,2025-09-17 18:57:34,0,7,1,439
67709,2025-09-17 19:02:09,1,4,1,232
32817,2025-09-17 19:06:58,0,7,0,0
8520,2025-09-17 19:13:56,0,11,1,239
19048,2025-09-17 19:14:13,1,7,0,0
86574,2025-09-17 19:19:09,0,7,1,490
81599,2025-09-17 19:27:34,0,6,0,0
49419,2025-09-17 19:32:27,0,6,0,0
14959,2025-09-17 19:36:08,0,3,0,0
62656,2025-09-17 19:39:22,0,4,1,319
48788,2025-09-17 19:46:48,0,8,0,0
79078,2025-09-17 19:48:31,0,3,0,0
44987,2025-09-17 19:55:00,0,5,1,287
14782,2025-09-17 20:00:36,0,7,0,0
43773,2025-09-17 20:11:24,1,5,0,0
71554,2025-09-17 20:12:41,0,5,0,0
93432,2025-09-17 20:13:17,0,6,1,216
34885,2025-09-17 20:14:51,0,6,0,0
87067,2025-09-17 20:16:00,0,5,0,0
77238,2025-09-17 20:22:26,0,5,0,0
18286,2025-09-17 20:22:32,0,7,0,0
51830,2025-09-17 20:30:08,0,5,0,0
18527,2025-09-17 20:34:51,0,5,0,0
78591,2025-09-17 20:38:26,0,6,0,0
53403,2025-09-17 20:52:05,0,5,1,186
39588,2025-09-17 21:11:17,0,4,0,0
19559,2025-09-17 21:17:34,0,6,0,0
99810,2025-09-17 21:20:02,0,12,0,0
87029,2025-09-17 21:25:55,0,5,0,0
3672,2025-09-17 21:28:54,0,8,0,0
53431,2025-09-17 21:38:06,0,7,0,0
38663,2025-09-17 21:52:09,0,4,0,0
32364,2025-09-17 22:07:23,0,10,0,0
60701,2025-09-17 22:21:57,0,4,1,509
95616,2025-09-17 22:45:18,0,3,1,265
28731,2025-09-17 22:46:58,1,6,0,0
85726,2025-09-17 22:53:36,1,2,1,279
83905,2025-09-17 23:06:27,0,6,0,0
89685,2025-09-17 23:08:49,0,5,0,0
12571,2025-09-17 23:23:01,1,10,0,0
69521,2025-09-17 23:24:01,1,10,1,454
82111,2025-09-17 23:39:03,0,6,1,681
56795,2025-09-17 23:42:47,0,4,1,309
49973,2025-09-17 23:51:25,1,11,1,123
99955,2025-09-18 00:11:03,0,1,1,428
72216,2025-09-18 00:50:38,1,7,1,350
80727,2025-09-18 00:58:29,0,8,1,353
86198,2025-09-18 01:13:38,0,6,1,202
56172,2025-09-18 01:14:12,1,6,1,525
58121,2025-09-18 01:30:53,1,5,0,0
65478,2025-09-18 01:32:15,0,7,0,0
82941,2025-09-18 01:54:34,1,5,1,319
8814,2025-09-18 02:03:46,0,2,1,334
49973,2025-09-18 02:10:29,0,8,1,373
3825,2025-09-18 02:24:01,0,2,0,0
68302,2025-09-18 02:31:15,0,7,1,411
77238,2025-09-18 02:34:49,1,5,0,0
49033,2025-09-18 02:37:14,0,2,0,0
19669,2025-09-18 03:00:21,1,7,1,278
97569,2025-09-18 03:02:49,0,10,0,0
69871,2025-09-18 03:26:08,1,9,0,0
13712,2025-09-18 03:27:31,0,8,1,423
99953,2025-09-18 03:46:12,1,5,0,0
23840,2025-09-18 03:50:51,1,9,1,432
17289,2025-09-18 03:56:20,1,3,0,0
60852,2025-09-18 03:57:32,0,5,0,0
60961,2025-09-18 03:57:57,0,10,1,401
8920,2025-09-18 04:00:32,1,6,0,0
55812,2025-09-18 04:04:38,0,4,1,315
57964,2025-09-18 04:31:42,0,6,1,293
99024,2025-09-18 04:42:47,1,10,1,401
45515,2025-09-18 04:59:28,0,6,0,0
77011,2025-09-18 05:20:22,0,12,1,254
13897,2025-09-18 05:22:00,1,7,1,406
84440,2025-09-18 05:55:12,0,5,0,0
19420,2025-09-18 06:03:21,0,7,1,298
17212,2025-09-18 06:05:14,0,7,0,0
37377,2025-09-18 06:10:17,0,4,0,0
44268,2025-09-18 06:14:31,1,5,0,0
15516,2025-09-18 06:42:17,1,9,0,0
99218,2025-09-18 06:46:49,0,6,0,0
74645,2025-09-18 06:48:15,1,9,1,554
83556,2025-09-18 06:48:55,1,4,0,0
34373,2025-09-18 06:50:45,1,8,0,0
55999,2025-09-18 06:52:07,0,3,0,0
6446,2025-09-18 07:18:22,1,8,1,430
23339,2025-09-18 07:39:07,1,5,0,0
9153,2025-09-18 07:41:02,1,5,0,0
68748,2025-09-18 07:47:25,0,5,1,555
89871,2025-09-18 07:48:08,1,7,0,0
80441,2025-09-18 08:05:29,0,11,0,0
11228,2025-09-18 08:06:24,0,8,0,0
55846,2025-09-18 08:08:18,1,5,1,390
90446,2025-09-18 08:15:42,0,6,1,263
94846,2025-09-18 08:18:38,0,5,1,403
51769,2025-09-18 08:20:11,0,9,0,0
78033,2025-09-18 08:28:23,0,8,0,0
78197,2025-09-18 08:31:24,0,7,0,0
89251,2025-09-18 08:39:55,0,8,0,0
74285,2025-09-18 08:43:11,0,8,0,0
35892,2025-09-18 08:43:27,0,10,0,0
59746,2025-09-18 08:43:48,1,5,0,0
83320,2025-09-18 08:45:33,0,6,1,489
26966,2025-09-18 08:50:00,0,10,1,419
15173,2025-09-18 08:55:35,0,6,0,0
71529,2025-09-18 08:57:32,1,2,1,193
50177,2025-09-18 08:58:49,0,5,0,0
91948,2025-09-18 09:05:01,1,5,1,894
57936,2025-09-18 09:09:19,0,6,0,0
37650,2025-09-18 09:10:17,0,9,1,212
1430,2025-09-18 09:19:54,0,4,0,0
69871,2025-09-18 09:24:52,0,9,1,169
46111,2025-09-18 09:27:15,0,2,0,0
50177,2025-09-18 09:50:30,0,5,1,292
55640,2025-09-18 09:58:13,0,5,1,185
45840,2025-09-18 10:01:42,1,5,1,219
91653,2025-09-18 10:08:59,0,6,0,0
21919,2025-09-18 10:15:36,1,3,1,216
25546,2025-09-18 10:20:17,1,3,1,246
69448,2025-09-18 10:22:18,0,6,1,433
93154,2025-09-18 10:31:56,0,8,0,0
58974,2025-09-18 10:33:22,1,8,0,0
16922,2025-09-18 10:35:39,0,6,0,0
59037,2025-09-18 10:39:20,1,5,0,0
1088,2025-09-18 10:42:41,1,9,1,260
10276,2025-09-18 10:49:29,0,3,0,0
13206,2025-09-18 10:54:37,0,10,0,0
48604,2025-09-18 11:04:19,0,5,0,0
24096,2025-09-18 11:05:32,0,6,0,0
1191,2025-09-18 11:10:49,0,8,0,0
98350,2025-09-18 11:20:27,0,8,1,251
7083,2025-09-18 11:32:01,0,3,0,0
29128,2025-09-18 11:32:19,0,6,0,0
57936,2025-09-18 11:35:02,0,8,1,423
91944,2025-09-18 11:39:37,1,7,1,297
89815,2025-09-18 11:43:42,1,11,1,312
6446,2025-09-18 11:50:18,0,7,1,400
20284,2025-09-18 11:54:24,0,7,1,338
3847,2025-09-18 11:59:29,0,9,0,0
45601,2025-09-18 11:59:43,0,3,0,0
15460,2025-09-18 12:03:08,0,10,1,322
63667,2025-09-18 12:05:11,0,9,0,0
48680,2025-09-18 12:17:33,0,6,1,175
12903,2025-09-18 12:33:47,0,13,1,361
55670,2025-09-18 12:46:33,0,10,0,0
79530,2025-09-18 12:48:49,0,6,1,399
33060,2025-09-18 12:56:48,0,3,0,0
67448,2025-09-18 13:12:57,1,4,1,292
19128,2025-09-18 13:24:04,0,8,0,0
99487,2025-09-18 13:28:00,0,7,1,303
38928,2025-09-18 13:28:59,1,8,0,0
4433,2025-09-18 13:29:45,0,7,1,300
9396,2025-09-18 13:33:40,0,3,0,0
15325,2025-09-18 13:42:47,1,5,0,0
58454,2025-09-18 13:44:23,0,5,1,355
91642,2025-09-18 13:50:24,1,11,1,369
66326,2025-09-18 13:54:00,0,3,0,0
71529,2025-09-18 14:01:04,0,2,0,0
95616,2025-09-18 14:03:10,0,6,0,0
88135,2025-09-18 14:06:36,1,6,1,226
28778,2025-09-18 14:13:58,0,4,0,0
26198,2025-09-18 14:22:21,0,5,0,0
47830,2025-09-18 14:28:57,0,7,0,0
48144,2025-09-18 14:31:23,0,7,0,0
78591,2025-09-18 14:35:03,1,2,0,0
80065,2025-09-18 14:49:08,0,8,1,303
94926,2025-09-18 14:54:41,1,5,0,0
74604,2025-09-18 14:59:33,0,7,0,0
71576,2025-09-18 15:07:32,1,6,1,266
95844,2025-09-18 15:29:54,0,5,0,0
68381,2025-09-18 15:42:17,0,6,1,123
67499,2025-09-18 15:42:38,1,6,0,0
64278,2025-09-18 15:46:44,0,4,1,270
92308,2025-09-18 15:52:15,0,4,1,293
13366,2025-09-18 15:54:50,0,6,0,0
964,2025-09-18 15:57:16,1,3,0,0
2332,2025-09-18 15:59:05,1,8,1,152
58901,2025-09-18 16:01:26,0,2,0,0
80721,2025-09-18 16:10:39,1,7,0,0
51229,2025-09-18 16:12:14,0,7,0,0
73606,2025-09-18 16:36:13,0,6,1,281
33106,2025-09-18 16:38:49,0,5,0,0
33395,2025-09-18 16:46:05,1,6,0,0
56392,2025-09-18 16:48:06,1,3,0,0
39874,2025-09-18 16:50:16,0,2,0,0
66855,2025-09-18 17:02:40,0,3,1,267
73615,2025-09-18 17:06:55,0,7,0,0
93142,2025-09-18 17:17:06,0,3,0,0
74604,2025-09-18 17:18:40,1,6,0,0
46070,2025-09-18 17:27:49,0,8,1,374
35892,2025-09-18 17:39:53,0,3,0,0
99979,2025-09-18 17:44:38,0,6,1,535
39777,2025-09-18 17:50:41,0,3,1,325
20495,2025-09-18 17:54:44,0,7,0,0
92055,2025-09-18 18:00:38,0,6,0,0
7492,2025-09-18 18:07:25,0,4,0,0
95700,2025-09-18 18:13:22,1,5,0,0
21785,2025-09-18 18:20:35,1,3,1,461
72696,2025-09-18 18:32:14,0,4,0,0
89895,2025-09-18 18:32:17,1,0,1,284
89736,2025-09-18 18:37:54,0,7,1,326
71039,2025-09-18 18:44:56,0,2,1,338
829,2025-09-18 18:48:13,0,6,0,0
83997,2025-09-18 18:50:34,0,5,0,0
21365,2025-09-18 18:52:28,0,3,0,0
58637,2025-09-18 18:54:47,1,8,0,0
42887,2025-09-18 18:56:40,1,8,1,199
81519,2025-09-18 18:56:45,0,12,1,196
64176,2025-09-18 18:57:21,0,8,0,0
71693,2025-09-18 18:58:43,0,6,0,0
1990,2025-09-18 19:11:00,0,16,0,0
94875,2025-09-18 19:12:31,0,0,0,0
75672,2025-09-18 19:13:57,0,3,0,0
82055,2025-09-18 19:14:13,1,7,1,245
47598,2025-09-18 19:21:24,1,5,1,214
30781,2025-09-18 19:50:46,0,4,1,281
93179,2025-09-18 20:05:09,1,6,0,0
36198,2025-09-18 20:09:01,0,3,0,0
31314,2025-09-18 20:13:00,1,6,0,0
77080,2025-09-18 20:14:06,1,6,0,0
43094,2025-09-18 20:16:11,0,6,1,365
88541,2025-09-18 20:16:22,0,4,1,375
942,2025-09-18 20:20:13,0,10,0,0
80021,2025-09-18 20:38:46,1,5,1,303
95844,2025-09-18 20:48:46,0,5,0,0
8135,2025-09-18 20:55:24,0,6,0,0
75203,2025-09-18 20:56:07,0,6,0,0
8514,2025-09-18 20:58:15,1,8,0,0
90663,2025-09-18 21:00:34,0,11,0,0
67720,2025-09-18 21:04:49,1,6,1,194
46070,2025-09-18 21:26:01,0,7,1,390
66261,2025-09-18 21:27:52,0,5,1,142
55800,2025-09-18 21:29:55,0,3,0,0
89162,2025-09-18 21:32:32,0,2,1,216
28737,2025-09-18 21:37:15,1,4,1,300
62316,2025-09-18 21:46:39,1,5,1,347
46478,2025-09-18 21:49:07,1,11,1,492
20357,2025-09-18 21:57:57,1,6,0,0
61835,2025-09-18 21:58:14,0,4,0,0
48650,2025-09-18 21:59:16,1,7,1,165
65591,2025-09-18 21:59:32,1,11,0,0
21570,2025-09-18 22:15:55,1,7,1,414
23649,2025-09-18 22:16:47,0,5,0,0
28064,2025-09-18 22:22:55,1,5,1,117
53714,2025-09-18 22:25:04,0,5,0,0
35505,2025-09-18 22:28:08,0,6,0,0
37377,2025-09-18 22:44:02,0,6,1,283
24148,2025-09-18 22:51:30,0,6,0,0
6464,2025-09-18 22:51:44,0,8,0,0
99827,2025-09-18 22:55:10,0,3,0,0
33319,2025-09-18 22:55:45,0,5,1,133
55800,2025-09-18 22:56:17,0,4,0,0
38663,2025-09-18 23:06:42,0,9,1,295
93945,2025-09-18 23:13:41,0,7,0,0
45013,2025-09-18 23:24:39,1,5,0,0
28737,2025-09-18 23:32:43,1,10,1,430
17504,2025-09-18 23:35:02,1,8,0,0
71149,2025-09-18 23:38:50,0,9,0,0
68193,2025-09-18 23:48:53,0,8,0,0
14399,2025-09-18 23:51:12,1,4,0,0
58736,2025-09-18 23:51:19,0,3,0,0
14777,2025-09-18 23:51:35,0,8,0,0
64122,2025-09-18 23:51:54,1,4,0,0
99955,2025-09-18 23:52:08,1,8,0,0
14459,2025-09-18 23:53:58,0,8,1,254
3327,2025-09-18 23:55:29,1,7,0,0
71529,2025-09-18 23:55:48,0,4,0,0
94097,2025-09-18 23:59:17,1,12,0,0
33319,2025-09-19 00:05:29,0,6,0,0
51146,2025-09-19 00:06:22,0,11,0,0
31655,2025-09-19 00:10:11,1,5,0,0
48519,2025-09-19 00:48:22,0,7,0,0
49419,2025-09-19 01:00:01,1,12,1,326
98421,2025-09-19 01:05:09,1,5,0,0
14206,2025-09-19 01:13:08,0,5,0,0
14710,2025-09-19 01:26:39,0,10,1,178
77884,2025-09-19 01:33:07,0,6,0,0
5,2025-09-19 01:38:02,0,9,0,0
15267,2025-09-19 01:51:24,1,6,1,276
5473,2025-09-19 02:03:57,0,6,1,443
37144,2025-09-19 02:13:46,0,8,0,0
26369,2025-09-19 02:14:34,0,4,1,357
97608,2025-09-19 03:07:35,1,4,1,312
54631,2025-09-19 03:47:21,1,5,0,0
79503,2025-09-19 03:52:33,0,6,0,0
72919,2025-09-19 03:53:29,0,4,0,0
99810,2025-09-19 04:00:35,0,3,0,0
16153,2025-09-19 04:11:20,0,4,1,390
19792,2025-09-19 04:15:11,0,7,0,0
76810,2025-09-19 04:15:11,0,8,1,256
18373,2025-09-19 04:27:45,0,9,0,0
27947,2025-09-19 04:31:54,1,3,0,0
65299,2025-09-19 04:35:03,1,5,0,0
38513,2025-09-19 05:08:03,0,8,0,0
30832,2025-09-19 05:10:20,1,6,1,179
72134,2025-09-19 05:31:50,0,5,0,0
99979,2025-09-19 06:01:57,0,6,0,0
26369,2025-09-19 06:06:57,1,8,0,0
2332,2025-09-19 06:13:08,0,4,0,0
525,2025-09-19 06:25:04,0,6,0,0
61363,2025-09-19 06:29:03,1,5,0,0
73218,2025-09-19 06:33:18,0,6,0,0
66189,2025-09-19 06:43:02,0,4,1,232
98350,2025-09-19 06:49:27,1,8,0,0
47320,2025-09-19 06:59:02,0,0,1,247
22406,2025-09-19 07:05:20,0,6,0,0
97608,2025-09-19 07:28:49,1,9,0,0
81288,2025-09-19 07:28:56,0,7,1,416
705,2025-09-19 07:40:23,1,6,0,0
59497,2025-09-19 07:57:09,0,6,0,0
78472,2025-09-19 08:03:05,0,3,1,692
11053,2025-09-19 08:08:29,0,4,1,255
87558,2025-09-19 08:13:38,1,6,0,0
97348,2025-09-19 08:14:46,0,11,0,0
72522,2025-09-19 08:14:55,0,11,1,201
78033,2025-09-19 08:16:32,1,8,0,0
18283,2025-09-19 08:25:34,0,0,0,0
89784,2025-09-19 08:26:24,0,6,1,266
86132,2025-09-19 08:29:13,0,7,1,360
79591,2025-09-19 08:33:26,0,10,0,0
94926,2025-09-19 08:44:07,0,8,0,0
41859,2025-09-19 08:48:15,0,5,0,0
20681,2025-09-19 08:49:44,0,7,0,0
76354,2025-09-19 08:53:28,0,3,0,0
54993,2025-09-19 08:59:13,0,7,0,0
93159,2025-09-19 09:13:41,1,6,0,0
21838,2025-09-19 09:18:11,0,6,0,0
52158,2025-09-19 09:20:46,0,4,1,369
36101,2025-09-19 09:39:29,0,8,0,0
15516,2025-09-19 09:39:53,0,6,0,0
48916,2025-09-19 09:45:16,0,4,0,0
27966,2025-09-19 09:47:22,0,5,0,0
92717,2025-09-19 10:00:21,0,6,1,248
90532,2025-09-19 10:03:33,1,10,0,0
82971,2025-09-19 10:03:56,0,8,0,0
97930,2025-09-19 10:25:14,0,9,0,0
74023,2025-09-19 10:28:32,0,5,0,0
46890,2025-09-19 10:29:43,1,8,1,623
67503,2025-09-19 10:31:58,0,5,1,414
58104,2025-09-19 10:44:03,0,6,1,357
63697,2025-09-19 10:45:10,0,7,0,0
45515,2025-09-19 10:45:29,0,10,1,409
58641,2025-09-19 10:56:47,1,3,0,0
1677,2025-09-19 11:17:08,0,10,0,0
94436,2025-09-19 11:39:45,0,3,0,0
69871,2025-09-19 11:48:30,0,2,0,0
18527,2025-09-19 12:00:12,0,5,0,0
14459,2025-09-19 12:09:00,0,4,0,0
88981,2025-09-19 12:26:13,0,6,0,0
13589,2025-09-19 12:29:30,0,4,1,182
74356,2025-09-19 12:30:30,0,6,0,0
85726,2025-09-19 12:30:34,0,9,0,0
75384,2025-09-19 12:36:38,0,8,0,0
71149,2025-09-19 12:38:17,0,9,0,0
75963,2025-09-19 12:43:06,0,7,1,680
99933,2025-09-19 12:46:01,0,3,0,0
73554,2025-09-19 12:54:38,0,5,1,261
5566,2025-09-19 12:57:30,0,4,1,198
45405,2025-09-19 13:00:21,0,4,0,0
12176,2025-09-19 13:05:14,1,9,1,445
96585,2025-09-19 13:07:43,0,5,1,336
64137,2025-09-19 13:11:40,1,8,0,0
23184,2025-09-19 13:13:07,1,5,0,0
68340,2025-09-19 13:23:05,0,1,0,0
71645,2025-09-19 13:27:16,0,5,0,0
51419,2025-09-19 13:38:51,0,5,0,0
95844,2025-09-19 13:40:47,0,3,0,0
6111,2025-09-19 13:43:04,0,6,0,0
53473,2025-09-19 13:44:53,0,4,1,387
33319,2025-09-19 13:45:41,0,4,1,403
98350,2025-09-19 13:51:55,1,8,1,308
17089,2025-09-19 13:56:56,0,2,0,0
36884,2025-09-19 13:58:56,0,7,0,0
65841,2025-09-19 14:06:27,0,6,0,0
52763,2025-09-19 14:19:08,0,3,0,0
55557,2025-09-19 14:23:20,1,8,0,0
71668,2025-09-19 14:24:57,0,3,0,0
13478,2025-09-19 14:32:11,1,6,1,374
83556,2025-09-19 14:38:10,1,7,0,0
7433,2025-09-19 14:40:02,1,9,1,362
36761,2025-09-19 14:46:43,0,8,0,0
45840,2025-09-19 14:46:50,0,5,1,381
18105,2025-09-19 15:06:39,0,4,1,204
70824,2025-09-19 15:18:20,0,5,0,0
47320,2025-09-19 15:19:07,0,8,1,176
77080,2025-09-19 15:19:51,1,10,0,0
28261,2025-09-19 15:36:23,0,6,0,0
570,2025-09-19 15:40:04,0,6,0,0
90915,2025-09-19 15:42:10,0,7,0,0
5991,2025-09-19 15:42:21,1,4,0,0
48144,2025-09-19 15:44:07,1,9,1,380
57447,2025-09-19 15:44:10,0,9,0,0
46890,2025-09-19 15:46:19,0,8,0,0
80294,2025-09-19 15:47:37,1,8,1,202
55800,2025-09-19 15:49:33,1,12,0,0
14710,2025-09-19 15:52:09,1,7,1,193
80589,2025-09-19 15:52:34,0,7,0,0
88850,2025-09-19 15:59:52,0,8,0,0
66326,2025-09-19 16:01:02,0,9,0,0
54167,2025-09-19 16:01:52,0,6,1,297
80881,2025-09-19 16:01:55,0,4,0,0
51309,2025-09-19 16:08:57,0,4,0,0
10579,2025-09-19 16:18:25,1,5,1,306
65754,2025-09-19 16:22:48,1,4,1,388
83264,2025-09-19 16:24:55,1,2,0,0
89133,2025-09-19 16:35:15,0,10,1,169
9111,2025-09-19 16:47:51,1,6,0,0
97592,2025-09-19 16:52:21,0,3,0,0
75678,2025-09-19 16:54:34,1,7,0,0
53714,2025-09-19 16:55:12,0,5,1,308
14777,2025-09-19 17:03:10,0,7,0,0
85627,2025-09-19 17:12:53,1,11,0,0
59993,2025-09-19 17:13:38,0,8,0,0
67804,2025-09-19 17:29:15,0,6,0,0
36047,2025-09-19 17:33:55,0,4,0,0
85703,2025-09-19 17:35:52,0,8,1,316
61131,2025-09-19 17:38:29,1,6,0,0
40052,2025-09-19 17:39:47,1,5,0,0
34087,2025-09-19 17:53:13,0,2,0,0
7492,2025-09-19 17:58:16,0,5,0,0
77934,2025-09-19 17:59:43,0,8,0,0
58519,2025-09-19 18:03:12,0,9,1,350
94249,2025-09-19 18:09:32,0,6,0,0
31612,2025-09-19 18:13:32,1,5,1,275
39422,2025-09-19 18:15:52,0,6,1,221
38556,2025-09-19 18:27:05,0,8,1,615
51769,2025-09-19 18:34:35,1,5,0,0
16066,2025-09-19 18:35:43,1,5,0,0
78717,2025-09-19 18:36:50,0,6,0,0
89244,2025-09-19 18:40:09,0,7,0,0
94682,2025-09-19 18:44:19,1,7,0,0
67933,2025-09-19 18:47:16,1,5,0,0
53616,2025-09-19 18:54:38,0,5,1,340
61393,2025-09-19 18:57:56,0,7,1,384
74285,2025-09-19 19:00:11,0,8,1,171
99157,2025-09-19 19:00:55,0,10,0,0
23354,2025-09-19 19:01:38,0,4,0,0
59220,2025-09-19 19:01:39,1,5,1,381
74037,2025-09-19 19:08:25,1,6,0,0
34436,2025-09-19 19:10:20,0,5,0,0
20032,2025-09-19 19:14:28,1,6,0,0
89815,2025-09-19 19:22:02,0,9,0,0
20467,2025-09-19 19:30:16,0,4,0,0
40862,2025-09-19 19:31:32,0,2,0,0
18731,2025-09-19 19:32:21,0,5,0,0
92876,2025-09-19 19:37:16,1,5,0,0
79530,2025-09-19 19:37:17,0,5,1,299
69402,2025-09-19 19:45:31,0,5,0,0
68433,2025-09-19 19:45:50,0,4,0,0
58197,2025-09-19 19:49:14,0,10,0,0
54019,2025-09-19 19:55:54,0,12,1,511
26198,2025-09-19 20:14:04,0,8,1,471
51337,2025-09-19 20:20:24,0,1,0,0
4929,2025-09-19 20:22:50,0,6,1,508
51830,2025-09-19 20:52:54,0,7,0,0
64811,2025-09-19 20:53:53,0,4,1,271
44577,2025-09-19 21:02:58,0,4,0,0
91017,2025-09-19 21:13:35,0,8,0,0
99938,2025-09-19 21:16:33,1,4,0,0
25000,2025-09-19 21:20:06,0,7,1,659
38663,2025-09-19 21:27:06,0,7,0,0
38036,2025-09-19 21:30:02,1,2,1,202
81083,2025-09-19 21:32:58,0,9,1,382
90423,2025-09-19 21:34:05,0,6,1,576
36047,2025-09-19 21:36:47,1,9,0,0
79503,2025-09-19 21:40:01,0,5,0,0
90696,2025-09-19 21:41:57,1,9,0,0
37650,2025-09-19 21:54:44,0,6,0,0
54993,2025-09-19 21:56:02,0,5,0,0
93159,2025-09-19 21:56:24,0,3,0,0
14944,2025-09-19 22:01:55,0,4,0,0
99993,2025-09-19 22:09:56,1,7,1,177
8552,2025-09-19 22:13:40,1,5,1,360
34384,2025-09-19 22:26:10,0,3,0,0
74602,2025-09-19 22:35:45,0,6,0,0
72100,2025-09-19 22:36:42,0,5,0,0
82147,2025-09-19 22:39:07,0,4,0,0
55663,2025-09-19 22:46:20,0,5,0,0
80021,2025-09-19 22:50:46,0,5,1,235
48519,2025-09-19 23:01:15,0,7,0,0
38591,2025-09-19 23:27:57,0,4,0,0
7491,2025-09-19 23:35:47,0,7,1,351
58810,2025-09-19 23:40:19,0,1,0,0
49033,2025-09-19 23:54:19,1,3,0,0
46802,2025-09-19 23:59:03,0,6,1,256
9968,2025-09-20 00:03:46,0,8,0,0
8599,2025-09-20 00:06:20,0,7,1,261
9858,2025-09-20 00:45:02,0,7,0,0
17029,2025-09-20 00:58:47,1,7,0,0
41155,2025-09-20 01:10:07,0,4,0,0
99725,2025-09-20 01:11:38,0,10,0,0
42865,2025-09-20 01:18:12,0,5,0,0
80637,2025-09-20 01:21:18,0,2,1,233
80321,2025-09-20 01:32:12,0,5,1,316
21365,2025-09-20 01:38:03,0,7,0,0
31562,2025-09-20 01:55:23,0,9,0,0
50848,2025-09-20 01:56:40,0,9,0,0
89370,2025-09-20 02:00:29,1,6,0,0
5343,2025-09-20 02:26:06,0,3,1,395
20868,2025-09-20 02:26:13,1,11,0,0
49584,2025-09-20 02:53:01,0,4,0,0
18145,2025-09-20 02:53:08,0,5,0,0
34087,2025-09-20 03:07:12,0,10,1,385
43194,2025-09-20 03:07:51,0,3,0,0
8250,2025-09-20 03:14:47,0,6,1,442
31430,2025-09-20 03:20:44,0,9,1,322
41040,2025-09-20 03:20:44,1,5,0,0
97022,2025-09-20 03:42:04,1,6,0,0
81447,2025-09-20 04:45:27,1,5,0,0
88146,2025-09-20 04:46:01,1,6,0,0
24654,2025-09-20 05:02:51,1,7,1,172
72387,2025-09-20 05:27:01,1,10,1,539
43299,2025-09-20 05:29:37,0,6,0,0
67248,2025-09-20 05:35:57,0,8,0,0
5343,2025-09-20 05:52:06,0,4,1,262
8920,2025-09-20 05:55:28,0,9,0,0
89895,2025-09-20 06:02:07,0,9,0,0
26092,2025-09-20 06:02:39,0,9,1,427
45361,2025-09-20 06:05:51,0,4,0,0
15235,2025-09-20 06:07:36,0,6,0,0
9438,2025-09-20 06:30:39,1,5,0,0
4179,2025-09-20 06:42:30,0,4,0,0
87900,2025-09-20 06:44:42,0,6,1,424
29164,2025-09-20 07:02:18,0,7,0,0
17554,2025-09-20 07:29:02,0,6,0,0
53690,2025-09-20 08:00:04,0,7,1,369
46111,2025-09-20 08:01:18,1,4,1,408
59007,2025-09-20 08:05:49,0,7,0,0
89895,2025-09-20 08:09:00,0,6,0,0
47014,2025-09-20 08:09:44,0,4,0,0
8044,2025-09-20 08:11:13,1,5,0,0
58637,2025-09-20 08:12:39,1,9,0,0
85907,2025-09-20 08:14:34,0,5,0,0
14311,2025-09-20 08:32:48,0,7,1,336
99933,2025-09-20 08:33:11,0,6,0,0
99218,2025-09-20 08:39:50,0,4,1,291
27966,2025-09-20 08:41:57,0,4,0,0
96149,2025-09-20 08:45:52,0,1,0,0
4780,2025-09-20 08:52:13,0,11,1,301
58197,2025-09-20 08:52:15,0,7,0,0
63518,2025-09-20 08:52:28,1,9,1,244
74604,2025-09-20 08:53:30,1,9,0,0
98871,2025-09-20 09:04:51,1,3,0,0
85226,2025-09-20 09:05:41,0,4,1,325
81331,2025-09-20 09:08:20,0,1,1,280
43941,2025-09-20 09:09:47,1,8,0,0
29164,2025-09-20 09:12:17,0,5,1,215
75823,2025-09-20 09:14:54,0,4,1,488
10905,2025-09-20 09:24:02,0,3,0,0
36453,2025-09-20 09:29:05,0,10,1,460
16066,2025-09-20 09:33:00,0,9,1,146
10271,2025-09-20 09:38:40,0,4,1,190
23184,2025-09-20 09:44:46,1,8,0,0
51830,2025-09-20 09:47:17,1,3,1,289
28,2025-09-20 09:51:18,1,4,1,473
62719,2025-09-20 10:01:42,0,3,0,0
95258,2025-09-20 10:05:44,0,4,0,0
96149,2025-09-20 10:06:59,0,5,0,0
79282,2025-09-20 10:09:18,1,3,0,0
46172,2025-09-20 10:12:15,0,5,1,363
15267,2025-09-20 10:16:27,0,4,1,562
13085,2025-09-20 10:16:32,0,2,0,0
80727,2025-09-20 10:20:02,0,0,1,394
62786,2025-09-20 10:22:19,0,12,0,0
20778,2025-09-20 10:37:41,0,5,0,0
27836,2025-09-20 10:48:50,0,5,0,0
93154,2025-09-20 10:52:23,0,6,0,0
32500,2025-09-20 11:02:23,0,6,0,0
31505,2025-09-20 11:03:20,1,4,1,214
52231,2025-09-20 11:11:01,0,4,0,0
12354,2025-09-20 11:12:24,0,7,0,0
12580,2025-09-20 11:14:19,0,7,0,0
35019,2025-09-20 11:17:04,1,2,1,383
42997,2025-09-20 11:21:59,0,4,0,0
32500,2025-09-20 11:29:07,0,8,0,0
37125,2025-09-20 11:29:20,1,7,0,0
92069,2025-09-20 11:33:36,1,7,0,0
31441,2025-09-20 11:39:29,0,5,0,0
42686,2025-09-20 11:39:56,1,6,1,263
55812,2025-09-20 11:42:20,0,8,0,0
37752,2025-09-20 11:48:13,0,9,0,0
66261,2025-09-20 12:07:46,0,5,0,0
36394,2025-09-20 12:08:25,1,4,0,0
54205,2025-09-20 12:09:27,0,7,0,0
16728,2025-09-20 12:11:25,0,6,0,0
74963,2025-09-20 12:21:22,1,2,1,399
32817,2025-09-20 12:33:41,0,2,0,0
18650,2025-09-20 12:35:57,0,2,0,0
65478,2025-09-20 12:39:51,1,3,1,359
87558,2025-09-20 12:46:14,0,5,1,257
93432,2025-09-20 12:49:02,0,7,0,0
47009,2025-09-20 12:53:16,0,6,1,457
34006,2025-09-20 13:01:25,0,6,0,0
15479,2025-09-20 13:09:41,0,3,0,0
43995,2025-09-20 13:11:05,0,1,0,0
73554,2025-09-20 13:15:21,0,2,0,0
25777,2025-09-20 13:29:18,1,4,0,0
40338,2025-09-20 13:31:44,0,6,0,0
56795,2025-09-20 13:35:23,1,7,0,0
58736,2025-09-20 13:36:28,0,4,0,0
70222,2025-09-20 13:44:00,0,3,0,0
10169,2025-09-20 13:45:04,0,5,0,0
27650,2025-09-20 13:45:52,0,9,0,0
17089,2025-09-20 13:53:50,0,9,0,0
35302,2025-09-20 13:54:30,1,5,0,0
85460,2025-09-20 14:01:42,0,10,1,252
19128,2025-09-20 14:07:54,0,11,0,0
97606,2025-09-20 14:09:22,1,5,0,0
46127,2025-09-20 14:14:43,0,3,1,710
92998,2025-09-20 14:15:19,0,8,0,0
27691,2025-09-20 14:18:01,0,12,0,0
31505,2025-09-20 14:22:51,1,5,1,388
41922,2025-09-20 14:24:08,1,8,0,0
49973,2025-09-20 14:29:11,0,3,1,344
99980,2025-09-20 14:36:55,0,4,0,0
964,2025-09-20 14:38:37,1,1,1,292
88648,2025-09-20 14:44:56,0,5,1,164
43094,2025-09-20 14:49:01,0,4,1,627
68415,2025-09-20 14:51:50,0,6,0,0
99979,2025-09-20 15:01:13,1,7,0,0
52980,2025-09-20 15:13:36,1,3,0,0
15376,2025-09-20 15:16:48,0,4,0,0
85460,2025-09-20 15:18:57,0,6,0,0
45165,2025-09-20 15:34:24,1,2,0,0
91017,2025-09-20 15:35:23,1,5,1,233
21919,2025-09-20 15:41:23,0,9,0,0
24531,2025-09-20 15:43:25,0,6,1,254
57197,2025-09-20 15:48:20,0,6,0,0
68302,2025-09-20 15:54:29,0,8,0,0
96776,2025-09-20 15:58:56,1,3,0,0
38641,2025-09-20 16:00:25,0,6,0,0
64414,2025-09-20 16:00:44,0,8,0,0
17429,2025-09-20 16:04:46,1,3,0,0
86574,2025-09-20 16:28:54,1,7,0,0
42997,2025-09-20 16:45:50,0,5,0,0
64176,2025-09-20 16:46:53,0,8,1,378
69915,2025-09-20 16:52:47,1,10,1,316
55851,2025-09-20 16:53:06,1,9,0,0
10271,2025-09-20 16:57:59,1,9,1,383
60465,2025-09-20 16:58:36,1,9,1,255
63227,2025-09-20 17:01:41,0,7,0,0
92867,2025-09-20 17:05:35,0,6,0,0
99671,2025-09-20 17:44:23,0,12,0,0
61483,2025-09-20 17:44:42,0,10,0,0
60701,2025-09-20 17:48:43,0,1,0,0
48399,2025-09-20 17:49:41,0,3,0,0
35286,2025-09-20 18:08:27,0,3,0,0
14333,2025-09-20 18:13:16,1,6,0,0
85460,2025-09-20 18:13:24,1,11,1,222
39461,2025-09-20 18:15:48,0,6,1,264
92458,2025-09-20 18:17:49,0,5,0,0
13839,2025-09-20 18:19:58,0,4,0,0
25546,2025-09-20 18:20:02,0,4,1,1192
14149,2025-09-20 18:20:09,0,5,0,0
75020,2025-09-20 18:21:55,0,6,1,253
3946,2025-09-20 18:26:05,1,4,1,227
95700,2025-09-20 18:26:48,1,6,0,0
36394,2025-09-20 18:28:06,1,9,0,0
24981,2025-09-20 18:29:48,0,4,0,0
95515,2025-09-20 18:36:49,1,6,1,142
81148,2025-09-20 18:39:54,1,6,1,300
34354,2025-09-20 18:50:45,0,11,0,0
68784,2025-09-20 18:52:53,1,9,0,0
95584,2025-09-20 18:53:06,0,7,0,0
72977,2025-09-20 18:53:57,1,9,1,366
88459,2025-09-20 18:55:06,0,5,0,0
41942,2025-09-20 18:58:34,0,4,0,0
18213,2025-09-20 19:07:09,0,8,1,466
54631,2025-09-20 19:11:26,0,7,0,0
10406,2025-09-20 19:12:21,0,11,0,0
35960,2025-09-20 19:18:00,0,8,0,0
57817,2025-09-20 19:22:31,0,4,1,238
74023,2025-09-20 19:27:39,1,7,0,0
74999,2025-09-20 19:30:49,0,4,1,278
17790,2025-09-20 19:42:05,0,7,1,234
50037,2025-09-20 19:42:42,1,5,0,0
51229,2025-09-20 19:47:24,1,6,0,0
57888,2025-09-20 19:52:12,1,8,1,180
88849,2025-09-20 19:53:52,1,6,0,0
16066,2025-09-20 19:55:06,1,2,0,0
79820,2025-09-20 20:00:40,1,3,1,249
21541,2025-09-20 20:05:10,0,10,0,0
77934,2025-09-20 20:07:06,0,5,0,0
17089,2025-09-20 20:09:52,1,5,1,335
14399,2025-09-20 20:18:13,0,7,1,204
80321,2025-09-20 20:20:11,0,6,0,0
21784,2025-09-20 20:20:46,0,5,1,258
57942,2025-09-20 20:22:01,1,6,1,803
31803,2025-09-20 20:23:01,1,5,0,0
34229,2025-09-20 20:40:19,0,2,1,280
93759,2025-09-20 20:43:02,0,11,0,0
36448,2025-09-20 20:43:36,0,2,0,0
14675,2025-09-20 20:48:20,1,5,0,0
64917,2025-09-20 20:51:55,1,6,0,0
54644,2025-09-20 20:52:27,0,9,0,0
1088,2025-09-20 20:55:23,0,9,0,0
51769,2025-09-20 21:03:22,0,4,0,0
14950,2025-09-20 21:03:47,0,4,1,307
69206,2025-09-20 21:09:00,0,7,0,0
35486,2025-09-20 21:21:28,0,7,1,803
2317,2025-09-20 21:24:52,0,10,0,0
37490,2025-09-20 21:49:27,0,5,0,0
76810,2025-09-20 21:53:08,0,5,0,0
80321,2025-09-20 21:58:31,1,3,0,0
88466,2025-09-20 21:58:43,0,6,0,0
7952,2025-09-20 22:03:55,0,5,0,0
21388,2025-09-20 22:07:46,0,5,0,0
71668,2025-09-20 22:13:38,0,6,1,175
76720,2025-09-20 22:18:49,1,7,0,0
93759,2025-09-20 22:25:17,0,11,0,0
28903,2025-09-20 22:27:09,0,5,1,285
65841,2025-09-20 22:31:34,0,5,0,0
73310,2025-09-20 22:38:02,0,8,0,0
14782,2025-09-20 22:53:21,1,3,0,0
82460,2025-09-20 23:04:36,0,4,0,0
97916,2025-09-20 23:09:45,0,8,1,857
99955,2025-09-20 23:10:36,0,8,0,0
15882,2025-09-20 23:11:59,0,10,0,0
88488,2025-09-20 23:20:42,0,7,0,0
67117,2025-09-20 23:21:35,0,4,0,0
84422,2025-09-20 23:23:03,0,15,0,0
99218,2025-09-20 23:26:49,0,3,1,394
90381,2025-09-20 23:28:33,0,9,1,166
41018,2025-09-20 23:29:32,0,8,0,0
15516,2025-09-20 23:29:53,0,7,1,399
68302,2025-09-20 23:42:56,0,3,0,0
59217,2025-09-20 23:56:37,1,7,0,0
28938,2025-09-20 23:59:08,0,8,0,0
9828,2025-09-21 00:01:37,1,1,0,0
82705,2025-09-21 00:11:11,0,6,0,0
15963,2025-09-21 00:50:24,1,7,1,200
66971,2025-09-21 00:50:25,0,9,0,0
35116,2025-09-21 01:16:05,1,8,0,0
48650,2025-09-21 02:18:02,0,4,0,0
41155,2025-09-21 02:36:41,0,3,1,367
57732,2025-09-21 03:01:00,0,9,0,0
45577,2025-09-21 03:07:04,0,4,1,273
14675,2025-09-21 03:19:12,1,3,0,0
38907,2025-09-21 03:22:55,1,1,0,0
12008,2025-09-21 03:25:07,0,5,1,325
87067,2025-09-21 03:45:42,0,3,0,0
67917,2025-09-21 04:03:08,0,10,1,211
89470,2025-09-21 04:21:08,1,5,0,0
62719,2025-09-21 04:22:35,1,5,0,0
58264,2025-09-21 04:31:17,0,12,0,0
3847,2025-09-21 04:37:54,0,7,0,0
7996,2025-09-21 04:38:44,1,4,1,240
24714,2025-09-21 04:39:04,0,6,1,228
81626,2025-09-21 04:54:16,0,10,0,0
78431,2025-09-21 04:55:02,0,6,0,0
33736,2025-09-21 05:03:10,0,4,1,435
58141,2025-09-21 05:12:05,0,7,1,380
95700,2025-09-21 05:21:38,1,3,1,254
51885,2025-09-21 05:35:39,1,8,0,0
34750,2025-09-21 05:42:53,0,8,0,0
67089,2025-09-21 05:49:35,1,9,1,545
68863,2025-09-21 05:51:20,0,4,1,399
81083,2025-09-21 05:52:26,0,4,1,254
11401,2025-09-21 05:56:26,0,5,0,0
30956,2025-09-21 06:02:36,0,7,0,0
86070,2025-09-21 06:31:19,1,4,0,0
74604,2025-09-21 06:42:34,0,8,1,462
47014,2025-09-21 06:53:56,1,7,1,381
45515,2025-09-21 07:00:29,0,6,0,0
9688,2025-09-21 07:03:12,1,9,0,0
80589,2025-09-21 07:18:52,1,8,0,0
92491,2025-09-21 07:31:04,0,7,0,0
57497,2025-09-21 07:41:59,0,6,0,0
34589,2025-09-21 07:56:21,1,7,1,429
51885,2025-09-21 07:57:25,0,6,0,0
57629,2025-09-21 07:59:03,0,4,0,0
68748,2025-09-21 08:00:16,1,9,1,339
89895,2025-09-21 08:02:40,0,5,0,0
94074,2025-09-21 08:04:33,0,11,0,0
32227,2025-09-21 08:10:56,1,8,0,0
71086,2025-09-21 08:12:00,0,9,1,291
39422,2025-09-21 08:17:30,0,8,0,0
33155,2025-09-21 08:21:56,0,7,0,0
47014,2025-09-21 08:25:41,1,8,0,0
57447,2025-09-21 08:28:44,0,8,1,270
73029,2025-09-21 08:30:32,1,2,0,0
87730,2025-09-21 08:43:48,1,10,0,0
12176,2025-09-21 08:47:57,0,7,0,0
18286,2025-09-21 08:51:17,0,10,0,0
14635,2025-09-21 08:57:13,0,4,0,0
15235,2025-09-21 09:12:50,1,0,0,0
57399,2025-09-21 09:18:25,0,11,0,0
90606,2025-09-21 09:19:38,0,4,1,256
58141,2025-09-21 09:31:13,0,9,1,353
29164,2025-09-21 09:47:44,0,5,0,0
15963,2025-09-21 09:49:30,0,7,0,0
27691,2025-09-21 09:56:04,0,3,0,0
78517,2025-09-21 09:56:23,1,6,0,0
16963,2025-09-21 10:00:20,0,6,0,0
91195,2025-09-21 10:05:33,1,7,0,0
31359,2025-09-21 10:06:24,0,6,0,0
8814,2025-09-21 10:11:16,1,9,0,0
6229,2025-09-21 10:12:52,1,3,0,0
65922,2025-09-21 10:16:03,1,9,0,0
74620,2025-09-21 10:27:45,0,6,0,0
97348,2025-09-21 10:30:24,0,3,1,441
21919,2025-09-21 10:31:11,0,8,0,0
63836,2025-09-21 10:33:03,0,9,0,0
72718,2025-09-21 10:37:25,0,6,0,0
20146,2025-09-21 10:41:38,0,7,0,0
7433,2025-09-21 10:44:58,1,4,1,276
33140,2025-09-21 10:48:18,0,6,0,0
15325,2025-09-21 10:50:02,0,6,0,0
93154,2025-09-21 10:50:27,0,2,0,0
38907,2025-09-21 10:57:32,0,10,0,0
10465,2025-09-21 11:03:08,0,4,0,0
236,2025-09-21 11:26:07,1,6,0,0
36658,2025-09-21 11:28:22,0,6,1,242
9838,2025-09-21 11:33:04,1,9,0,0
80211,2025-09-21 11:37:20,0,7,0,0
66265,2025-09-21 11:38:40,0,6,0,0
66431,2025-09-21 11:38:56,0,4,0,0
35960,2025-09-21 11:57:27,0,6,0,0
55557,2025-09-21 12:04:15,0,5,0,0
56463,2025-09-21 12:17:31,1,4,1,440
9294,2025-09-21 12:22:48,0,8,1,261
63160,2025-09-21 12:41:15,0,7,0,0
53431,2025-09-21 12:54:24,0,8,0,0
62656,2025-09-21 13:08:18,0,7,1,285
86225,2025-09-21 13:11:35,0,5,0,0
76899,2025-09-21 13:19:48,0,8,0,0
7890,2025-09-21 13:22:30,1,6,1,220
79540,2025-09-21 13:23:04,1,8,0,0
76045,2025-09-21 13:38:40,1,3,0,0
1439,2025-09-21 13:44:02,0,9,1,303
74602,2025-09-21 14:02:13,0,4,0,0
51112,2025-09-21 14:05:52,1,7,1,530
65841,2025-09-21 14:21:33,1,4,0,0
501,2025-09-21 14:21:48,1,8,1,483
36658,2025-09-21 14:24:27,1,6,0,0
41151,2025-09-21 14:25:45,1,7,1,295
46307,2025-09-21 14:28:31,1,4,1,429
34823,2025-09-21 14:37:46,1,6,1,561
38641,2025-09-21 14:41:26,1,1,1,215
1995,2025-09-21 15:11:09,1,6,0,0
61783,2025-09-21 15:13:55,0,5,0,0
47830,2025-09-21 15:20:54,0,6,0,0
45165,2025-09-21 15:30:40,0,7,1,257
68193,2025-09-21 15:54:18,0,13,0,0
26254,2025-09-21 16:07:10,0,4,1,269
8155,2025-09-21 16:07:11,0,5,1,419
16667,2025-09-21 16:15:45,0,8,1,315
525,2025-09-21 16:26:35,1,6,1,235
10269,2025-09-21 16:27:14,1,5,0,0
77347,2025-09-21 16:33:32,0,6,1,255
73310,2025-09-21 16:35:58,1,12,0,0
8463,2025-09-21 16:36:32,0,6,0,0
63422,2025-09-21 16:54:14,0,8,1,238
62856,2025-09-21 16:54:36,0,8,0,0
77368,2025-09-21 16:56:21,0,3,0,0
41436,2025-09-21 16:56:44,1,6,0,0
15053,2025-09-21 16:57:42,0,6,0,0
84683,2025-09-21 17:11:34,1,4,1,640
2267,2025-09-21 17:12:17,0,5,0,0
97871,2025-09-21 17:14:22,0,6,0,0
66326,2025-09-21 17:20:42,0,6,1,163
78642,2025-09-21 17:32:46,0,3,0,0
40211,2025-09-21 17:34:42,0,4,1,263
49769,2025-09-21 17:36:12,0,4,1,243
3922,2025-09-21 17:37:26,0,5,0,0
84750,2025-09-21 17:42:08,0,5,1,441
92876,2025-09-21 17:43:43,0,11,0,0
34259,2025-09-21 17:53:15,0,9,0,0
28031,2025-09-21 17:54:24,1,5,0,0
36556,2025-09-21 17:57:49,0,7,0,0
43995,2025-09-21 17:58:51,0,5,0,0
72216,2025-09-21 18:04:57,1,6,0,0
73984,2025-09-21 18:06:30,0,7,0,0
94926,2025-09-21 18:11:04,0,5,0,0
82225,2025-09-21 18:14:56,1,8,0,0
29305,2025-09-21 18:15:23,1,5,0,0
94505,2025-09-21 18:29:43,1,8,0,0
18692,2025-09-21 18:31:12,0,4,0,0
67248,2025-09-21 18:33:59,0,8,1,227
35302,2025-09-21 18:43:35,1,2,0,0
69966,2025-09-21 18:55:02,0,7,0,0
10291,2025-09-21 18:55:15,0,7,0,0
18614,2025-09-21 19:05:06,0,5,1,300
66189,2025-09-21 19:05:19,1,6,0,0
36047,2025-09-21 19:18:04,0,4,1,353
4991,2025-09-21 19:21:06,1,10,0,0
87062,2025-09-21 19:27:57,0,7,0,0
36451,2025-09-21 19:28:59,1,5,1,538
80185,2025-09-21 19:29:36,0,10,0,0
62316,2025-09-21 19:30:45,1,4,0,0
24951,2025-09-21 19:44:31,0,10,0,0
93402,2025-09-21 19:49:34,0,8,0,0
59993,2025-09-21 19:54:29,0,4,0,0
76045,2025-09-21 19:54:41,1,6,0,0
20467,2025-09-21 19:56:51,1,8,0,0
73310,2025-09-21 20:18:29,0,5,0,0
70498,2025-09-21 20:22:14,0,8,0,0
51556,2025-09-21 20:23:23,0,4,1,569
89244,2025-09-21 20:24:46,0,6,0,0
92069,2025-09-21 20:38:13,0,6,0,0
87908,2025-09-21 20:40:06,0,4,1,464
9838,2025-09-21 20:41:49,0,4,0,0
48650,2025-09-21 20:48:06,0,6,0,0
71645,2025-09-21 20:51:11,0,8,0,0
18146,2025-09-21 20:54:57,1,2,0,0
10465,2025-09-21 20:57:16,0,5,1,414
7518,2025-09-21 20:57:44,0,9,1,191
87072,2025-09-21 21:07:33,1,3,0,0
15348,2025-09-21 21:15:05,1,2,0,0
79971,2025-09-21 21:17:34,0,8,1,412
34384,2025-09-21 21:20:45,0,10,0,0
59746,2025-09-21 21:26:40,0,6,1,305
29315,2025-09-21 21:28:57,1,3,0,0
99487,2025-09-21 21:30:41,0,6,0,0
79753,2025-09-21 21:30:51,0,5,0,0
32802,2025-09-21 21:42:41,0,5,0,0
73326,2025-09-21 21:51:02,0,5,0,0
71645,2025-09-21 22:00:54,0,6,1,335
64811,2025-09-21 22:10:46,0,5,0,0
10269,2025-09-21 22:14:10,1,7,1,246
55557,2025-09-21 22:23:34,0,7,1,656
94898,2025-09-21 22:25:10,0,11,1,258
45618,2025-09-21 22:28:15,0,6,0,0
80289,2025-09-21 22:41:48,0,6,0,0
29052,2025-09-21 22:46:40,1,4,0,0
50795,2025-09-21 22:46:49,0,6,1,452
2267,2025-09-21 22:47:28,0,6,0,0
42997,2025-09-21 22:56:07,1,7,0,0
15021,2025-09-21 22:59:11,0,4,1,306
17089,2025-09-21 23:21:26,0,9,0,0
40564,2025-09-21 23:39:24,0,6,0,0
58641,2025-09-21 23:40:20,0,8,1,214
36394,2025-09-21 23:43:22,0,8,0,0
95700,2025-09-21 23:58:34,1,4,1,294
67252,2025-09-21 23:59:44,1,8,1,320
91632,2025-09-22 00:05:38,0,3,1,346
49362,2025-09-22 00:05:44,0,13,1,261
35936,2025-09-22 00:08:10,1,4,0,0
58556,2025-09-22 00:14:47,0,10,0,0
44272,2025-09-22 00:22:16,1,6,1,301
59345,2025-09-22 00:27:08,0,5,1,552
76114,2025-09-22 00:27:22,0,1,0,0
37384,2025-09-22 00:38:56,0,7,0,0
31007,2025-09-22 00:53:23,0,1,0,0
76114,2025-09-22 00:58:43,0,6,1,221
51309,2025-09-22 01:00:18,0,6,1,276
56392,2025-09-22 01:09:48,0,8,0,0
8305,2025-09-22 01:28:17,0,8,1,307
22406,2025-09-22 01:56:01,0,7,1,418
44303,2025-09-22 02:01:16,0,7,1,371
78197,2025-09-22 02:11:54,1,10,1,229
89649,2025-09-22 02:18:49,0,4,1,365
75791,2025-09-22 02:49:08,1,9,0,0
73631,2025-09-22 03:20:28,1,7,0,0
76074,2025-09-22 03:50:56,0,10,0,0
74356,2025-09-22 03:53:46,0,12,0,0
80589,2025-09-22 04:04:38,0,4,0,0
83406,2025-09-22 04:06:00,0,8,0,0
28212,2025-09-22 04:12:01,0,7,0,0
85564,2025-09-22 04:18:12,0,7,1,191
96537,2025-09-22 04:19:52,1,4,0,0
93759,2025-09-22 04:33:28,1,8,0,0
86786,2025-09-22 04:37:11,1,9,1,368
36762,2025-09-22 04:43:28,0,7,1,196
75380,2025-09-22 04:55:10,1,3,1,378
60465,2025-09-22 05:14:54,0,6,0,0
42997,2025-09-22 05:15:14,0,8,1,170
26533,2025-09-22 05:23:50,0,8,0,0
98736,2025-09-22 05:24:54,0,5,1,207
34354,2025-09-22 05:27:33,0,7,1,282
54287,2025-09-22 05:36:43,1,2,1,353
2359,2025-09-22 05:46:02,1,4,0,0
67093,2025-09-22 05:46:05,0,4,0,0
16963,2025-09-22 05:52:23,0,6,0,0
77934,2025-09-22 06:06:33,0,4,0,0
72718,2025-09-22 06:16:47,0,4,1,277
46958,2025-09-22 06:26:14,0,5,0,0
32227,2025-09-22 06:31:34,0,3,1,467
63376,2025-09-22 06:41:16,1,4,0,0
14959,2025-09-22 06:48:10,1,11,0,0
436,2025-09-22 07:09:21,0,7,0,0
58372,2025-09-22 07:33:36,0,3,0,0
8305,2025-09-22 07:45:12,0,10,0,0
45437,2025-09-22 07:47:47,0,3,1,235
90915,2025-09-22 07:48:41,0,6,1,182
56204,2025-09-22 07:55:59,0,5,0,0
97606,2025-09-22 08:02:08,0,4,0,0
16960,2025-09-22 08:03:37,0,4,1,362
13366,2025-09-22 08:06:11,0,5,0,0
8814,2025-09-22 08:13:26,0,6,0,0
16085,2025-09-22 08:16:30,0,6,0,0
73189,2025-09-22 08:19:43,0,8,1,448
89162,2025-09-22 08:23:12,0,12,1,377
13953,2025-09-22 08:24:06,0,8,0,0
74999,2025-09-22 08:25:34,0,8,0,0
45027,2025-09-22 08:27:14,1,6,1,265
62893,2025-09-22 08:30:56,1,9,1,322
18105,2025-09-22 08:35:08,0,6,0,0
46529,2025-09-22 08:41:08,0,10,0,0
24483,2025-09-22 08:41:57,0,7,1,314
92069,2025-09-22 08:45:02,0,6,0,0
89286,2025-09-22 08:46:56,0,8,0,0
97328,2025-09-22 08:47:54,0,4,1,255
60465,2025-09-22 08:56:53,0,7,1,248
67917,2025-09-22 09:00:51,0,4,0,0
19343,2025-09-22 09:08:32,1,12,0,0
92777,2025-09-22 09:12:16,0,7,1,259
38750,2025-09-22 09:12:29,1,7,1,279
19669,2025-09-22 09:19:38,0,3,0,0
48711,2025-09-22 09:21:14,0,8,0,0
36047,2025-09-22 09:22:28,1,6,0,0
48788,2025-09-22 09:26:33,0,3,0,0
38396,2025-09-22 09:32:37,0,6,0,0
24531,2025-09-22 09:35:46,0,6,0,0
86547,2025-09-22 09:40:17,0,7,1,391
97606,2025-09-22 09:45:16,0,3,0,0
8305,2025-09-22 09:52:39,0,5,0,0
46307,2025-09-22 09:55:38,0,2,0,0
11181,2025-09-22 09:56:44,1,3,0,0
45995,2025-09-22 09:58:38,0,4,0,0
75384,2025-09-22 10:03:15,0,4,0,0
79654,2025-09-22 10:09:06,0,2,0,0
42035,2025-09-22 10:11:27,0,8,1,409
10271,2025-09-22 10:14:30,0,12,0,0
75384,2025-09-22 10:17:26,0,10,0,0
11914,2025-09-22 10:32:54,1,2,0,0
81083,2025-09-22 10:58:41,0,6,1,204
16857,2025-09-22 11:22:48,1,12,0,0
45284,2025-09-22 11:24:10,0,7,0,0
97210,2025-09-22 11:26:37,0,6,0,0
436,2025-09-22 11:27:20,0,6,0,0
46802,2025-09-22 11:35:09,0,7,0,0
62786,2025-09-22 11:41:43,1,6,1,260
29437,2025-09-22 11:45:21,1,7,0,0
58141,2025-09-22 11:47:38,0,7,1,187
28801,2025-09-22 11:47:42,0,6,0,0
58104,2025-09-22 11:49:00,1,8,0,0
64278,2025-09-22 11:54:16,0,5,1,342
26822,2025-09-22 11:56:32,1,5,1,406
65922,2025-09-22 12:01:48,0,6,0,0
33123,2025-09-22 12:02:21,1,9,0,0
97124,2025-09-22 12:11:05,0,7,0,0
47798,2025-09-22 12:15:03,1,5,0,0
46478,2025-09-22 12:19:55,0,4,1,283
11466,2025-09-22 12:23:54,0,5,1,131
56283,2025-09-22 12:27:19,0,5,0,0
71357,2025-09-22 12:29:04,1,12,1,499
42147,2025-09-22 12:31:44,0,6,0,0
41151,2025-09-22 12:35:28,0,3,0,0
99800,2025-09-22 12:37:37,0,3,0,0
10271,2025-09-22 12:51:55,0,4,1,130
33229,2025-09-22 12:53:49,1,2,1,348
48189,2025-09-22 12:55:44,0,5,0,0
77011,2025-09-22 12:57:04,0,4,0,0
20032,2025-09-22 12:57:43,0,14,0,0
40518,2025-09-22 13:11:51,0,3,1,413
94312,2025-09-22 13:12:24,0,4,0,0
70222,2025-09-22 13:26:20,1,7,0,0
77689,2025-09-22 13:35:29,0,5,0,0
501,2025-09-22 13:37:49,0,7,0,0
72696,2025-09-22 13:38:50,1,3,0,0
56172,2025-09-22 13:50:41,0,3,0,0
30961,2025-09-22 13:56:01,0,8,0,0
3847,2025-09-22 14:14:35,0,1,1,258
55428,2025-09-22 14:18:14,0,1,1,363
5218,2025-09-22 14:31:50,1,4,1,245
13363,2025-09-22 14:33:07,0,1,0,0
43773,2025-09-22 14:33:14,0,7,0,0
86070,2025-09-22 14:46:01,1,4,0,0
90298,2025-09-22 14:51:14,0,9,0,0
66415,2025-09-22 14:59:20,0,8,0,0
570,2025-09-22 15:04:43,1,4,1,336
3946,2025-09-22 15:11:30,1,8,1,305
10169,2025-09-22 15:35:27,0,4,1,313
61783,2025-09-22 15:41:49,0,4,1,193
6229,2025-09-22 15:47:10,1,6,1,618
5581,2025-09-22 15:48:41,0,7,0,0
22169,2025-09-22 15:53:30,0,7,0,0
36556,2025-09-22 15:54:04,0,4,1,561
9040,2025-09-22 15:56:12,0,3,0,0
34594,2025-09-22 16:05:11,0,3,1,194
50052,2025-09-22 16:06:45,0,2,1,308
13117,2025-09-22 16:06:50,0,8,0,0
50636,2025-09-22 16:20:49,1,3,0,0
20146,2025-09-22 16:25:44,0,7,0,0
5991,2025-09-22 16:27:44,0,3,1,168
9294,2025-09-22 16:32:19,0,6,1,208
51229,2025-09-22 16:35:53,0,3,1,222
20778,2025-09-22 16:45:32,0,10,0,0
86132,2025-09-22 16:48:26,0,4,1,412
73554,2025-09-22 16:53:35,0,6,0,0
85128,2025-09-22 16:54:53,0,6,1,651
19559,2025-09-22 16:58:52,0,5,0,0
72853,2025-09-22 17:00:06,0,6,1,219
68784,2025-09-22 17:02:35,0,7,0,0
76213,2025-09-22 17:04:52,1,8,0,0
94074,2025-09-22 17:15:57,1,3,1,428
72696,2025-09-22 17:16:06,0,3,0,0
28681,2025-09-22 17:25:34,1,10,0,0
74356,2025-09-22 17:27:05,0,4,1,241
94556,2025-09-22 17:27:44,0,5,1,108
9828,2025-09-22 17:29:29,0,11,0,0
98804,2025-09-22 17:31:59,0,4,0,0
47798,2025-09-22 17:38:38,1,4,1,157
15882,2025-09-22 17:48:13,0,9,0,0
16392,2025-09-22 17:49:58,0,5,0,0
39496,2025-09-22 17:53:28,1,5,1,276
14782,2025-09-22 18:04:42,1,6,0,0
55087,2025-09-22 18:08:01,1,4,0,0
15512,2025-09-22 18:09:39,0,6,0,0
35286,2025-09-22 18:10:26,0,2,1,203
61762,2025-09-22 18:13:34,1,6,0,0
14738,2025-09-22 18:15:45,0,3,0,0
22169,2025-09-22 18:16:24,0,5,0,0
69871,2025-09-22 18:20:45,1,4,0,0
24726,2025-09-22 18:21:36,0,4,0,0
7952,2025-09-22 18:27:12,0,3,0,0
73744,2025-09-22 18:27:57,0,1,1,294
17504,2025-09-22 18:29:40,0,6,0,0
31408,2025-09-22 18:30:12,0,8,0,0
28801,2025-09-22 18:31:47,1,4,1,458
97675,2025-09-22 18:38:56,0,2,1,263
68748,2025-09-22 18:39:38,0,5,1,222
54287,2025-09-22 18:39:44,0,0,0,0
34009,2025-09-22 18:46:24,1,6,0,0
51885,2025-09-22 18:56:28,0,8,1,209
34373,2025-09-22 19:12:01,0,9,1,237
73724,2025-09-22 19:13:24,0,14,1,374
30239,2025-09-22 19:13:28,1,2,1,265
91255,2025-09-22 19:23:57,1,4,0,0
86354,2025-09-22 19:24:25,1,6,0,0
13085,2025-09-22 19:29:49,0,5,1,265
74602,2025-09-22 19:31:17,0,4,0,0
3847,2025-09-22 19:36:00,0,9,0,0
55640,2025-09-22 19:43:44,0,4,1,274
24483,2025-09-22 19:51:36,0,5,1,246
10947,2025-09-22 19:54:09,0,4,1,404
15053,2025-09-22 19:55:19,0,4,0,0
71826,2025-09-22 20:07:56,0,7,1,280
25533,2025-09-22 20:09:42,0,8,0,0
85360,2025-09-22 20:15:13,0,4,0,0
67499,2025-09-22 20:33:28,0,11,0,0
73631,2025-09-22 20:41:53,0,6,0,0
22169,2025-09-22 20:46:44,0,3,0,0
51990,2025-09-22 20:47:53,0,15,1,456
87029,2025-09-22 20:48:53,1,7,0,0
62656,2025-09-22 20:50:07,1,4,0,0
56795,2025-09-22 20:54:40,1,7,1,364
43097,2025-09-22 21:03:57,1,5,0,0
90415,2025-09-22 21:06:04,0,3,0,0
89685,2025-09-22 21:13:59,0,10,1,110
96009,2025-09-22 21:20:33,1,7,0,0
34354,2025-09-22 21:24:35,1,8,0,0
52626,2025-09-22 21:47:06,0,2,1,475
82705,2025-09-22 21:50:46,0,7,1,243
45315,2025-09-22 22:02:27,0,8,0,0
56283,2025-09-22 22:05:42,1,6,1,365
73029,2025-09-22 22:14:09,0,8,1,563
88981,2025-09-22 22:16:21,0,6,0,0
15963,2025-09-22 22:23:39,0,5,0,0
97930,2025-09-22 22:27:36,0,7,0,0
90423,2025-09-22 22:34:13,1,2,0,0
96029,2025-09-22 22:34:39,0,6,1,308
73119,2025-09-22 22:35:52,0,3,0,0
60242,2025-09-22 22:41:00,1,4,0,0
51437,2025-09-22 22:43:37,0,8,0,0
84683,2025-09-22 22:45:27,0,3,1,532
34009,2025-09-22 22:46:59,0,5,0,0
28232,2025-09-22 22:52:01,0,9,0,0
53616,2025-09-22 22:52:33,1,3,0,0
829,2025-09-22 22:58:15,0,5,0,0
98963,2025-09-22 22:59:26,0,6,1,466
38718,2025-09-22 23:01:08,0,9,0,0
7492,2025-09-22 23:05:27,0,6,0,0
31655,2025-09-22 23:08:56,1,13,1,223
53300,2025-09-22 23:16:20,0,6,0,0
79282,2025-09-22 23:21:58,1,9,0,0
53854,2025-09-22 23:28:05,1,6,0,0
76633,2025-09-22 23:33:42,1,4,0,0
85297,2025-09-22 23:35:55,0,9,1,329
54644,2025-09-22 23:37:12,1,2,0,0
53854,2025-09-22 23:37:50,0,7,0,0
49147,2025-09-22 23:41:18,0,6,0,0
92075,2025-09-22 23:41:44,0,7,0,0
28681,2025-09-22 23:45:43,0,2,1,227
12455,2025-09-22 23:47:36,1,5,0,0
41040,2025-09-22 23:48:00,0,7,0,0
73218,2025-09-22 23:50:12,0,11,0,0
45013,2025-09-22 23:50:50,1,4,0,0
54993,2025-09-23 00:23:32,0,3,0,0
66431,2025-09-23 00:29:43,0,9,0,0
11205,2025-09-23 00:36:00,0,3,1,226
93893,2025-09-23 01:00:09,1,4,0,0
38963,2025-09-23 01:20:57,0,6,0,0
97328,2025-09-23 01:27:32,0,1,0,0
28853,2025-09-23 01:33:09,1,7,1,202
35263,2025-09-23 01:37:50,1,7,1,559
71529,2025-09-23 02:20:55,0,6,0,0
54168,2025-09-23 02:26:42,0,8,1,265
16857,2025-09-23 02:29:55,0,4,0,0
66261,2025-09-23 02:34:44,0,2,0,0
67720,2025-09-23 02:49:39,0,6,0,0
39207,2025-09-23 03:18:33,0,9,0,0
78801,2025-09-23 03:21:52,1,5,0,0
64414,2025-09-23 03:37:13,0,3,1,233
62560,2025-09-23 03:37:54,0,5,0,0
36448,2025-09-23 04:09:59,1,6,0,0
56675,2025-09-23 04:15:29,0,6,0,0
23995,2025-09-23 04:16:14,1,9,0,0
60242,2025-09-23 04:16:22,0,2,0,0
84268,2025-09-23 04:17:48,0,8,0,0
20778,2025-09-23 04:21:58,0,2,0,0
62656,2025-09-23 04:44:33,0,7,0,0
70115,2025-09-23 04:53:00,0,9,1,364
76075,2025-09-23 05:06:18,0,3,0,0
40196,2025-09-23 05:06:37,1,4,0,0
53300,2025-09-23 05:11:36,0,1,0,0
38246,2025-09-23 05:24:21,0,8,1,267
79814,2025-09-23 05:32:10,0,5,0,0
58104,2025-09-23 05:32:40,1,6,0,0
88009,2025-09-23 06:27:03,0,6,1,177
64087,2025-09-23 06:29:49,1,8,0,0
71645,2025-09-23 06:38:47,1,0,0,0
89182,2025-09-23 06:50:44,0,6,0,0
40608,2025-09-23 07:07:46,1,6,0,0
76414,2025-09-23 07:32:37,0,12,0,0
75203,2025-09-23 08:03:08,0,8,0,0
54719,2025-09-23 08:03:12,0,6,0,0
71149,2025-09-23 08:04:08,1,3,0,0
65935,2025-09-23 08:14:15,0,5,1,208
76414,2025-09-23 08:15:57,0,8,1,191
63658,2025-09-23 08:21:05,1,5,1,263
19611,2025-09-23 08:21:28,1,5,1,409
55640,2025-09-23 08:34:40,0,8,0,0
96009,2025-09-23 09:00:13,1,10,0,0
98736,2025-09-23 09:03:54,0,7,0,0
30956,2025-09-23 09:05:39,0,3,0,0
31655,2025-09-23 09:10:16,0,8,1,201
69611,2025-09-23 09:32:24,1,4,0,0
29081,2025-09-23 09:38:29,0,7,0,0
81148,2025-09-23 09:44:33,1,7,0,0
19559,2025-09-23 09:45:11,0,2,0,0
9092,2025-09-23 09:46:36,1,4,1,515
36448,2025-09-23 09:52:38,0,5,1,216
9146,2025-09-23 09:54:20,0,5,0,0
64100,2025-09-23 10:16:58,0,10,0,0
34589,2025-09-23 10:25:53,0,5,0,0
90298,2025-09-23 10:41:42,0,2,0,0
22406,2025-09-23 10:43:06,0,5,0,0
98331,2025-09-23 10:44:49,0,4,1,328
85764,2025-09-23 10:51:36,1,5,0,0
95844,2025-09-23 10:56:13,0,4,0,0
36884,2025-09-23 10:58:48,0,5,1,312
89736,2025-09-23 10:59:31,0,3,1,462
14333,2025-09-23 11:01:46,1,2,0,0
90915,2025-09-23 11:04:07,0,7,1,529
58810,2025-09-23 11:05:29,1,7,1,170
95402,2025-09-23 11:10:50,1,6,0,0
9092,2025-09-23 11:20:07,0,5,1,388
24951,2025-09-23 11:26:55,0,8,0,0
10269,2025-09-23 11:29:36,1,5,1,378
18721,2025-09-23 11:39:42,0,6,0,0
29052,2025-09-23 11:40:50,0,7,0,0
15530,2025-09-23 11:48:50,1,7,1,296
65922,2025-09-23 11:53:12,1,12,0,0
18946,2025-09-23 12:02:30,0,5,0,0
63105,2025-09-23 12:03:04,0,7,0,0
37100,2025-09-23 12:08:39,0,6,0,0
38513,2025-09-23 12:10:38,0,8,0,0
17796,2025-09-23 12:11:51,0,5,0,0
60079,2025-09-23 12:15:09,1,4,0,0
940,2025-09-23 12:21:25,0,9,0,0
53403,2025-09-23 12:25:39,0,7,0,0
57896,2025-09-23 12:26:02,0,5,0,0
76075,2025-09-23 12:38:38,0,10,0,0
5464,2025-09-23 12:44:00,0,6,0,0
77080,2025-09-23 12:45:22,1,2,1,263
51769,2025-09-23 12:45:23,0,2,0,0
74356,2025-09-23 12:46:28,0,6,1,203
33519,2025-09-23 12:49:35,1,5,0,0
22417,2025-09-23 12:55:50,0,5,1,342
73984,2025-09-23 13:08:50,1,5,0,0
15053,2025-09-23 13:13:46,1,4,1,154
89445,2025-09-23 13:15:33,0,10,0,0
28903,2025-09-23 13:19:28,0,5,0,0
97871,2025-09-23 13:26:50,0,6,1,161
14333,2025-09-23 13:27:37,0,4,0,0
21549,2025-09-23 13:27:59,0,10,1,157
45165,2025-09-23 13:28:55,0,8,0,0
99332,2025-09-23 13:29:32,1,4,0,0
1440,2025-09-23 13:31:34,0,7,1,536
34373,2025-09-23 13:37:52,1,3,1,249
56939,2025-09-23 13:40:07,0,2,0,0
9040,2025-09-23 13:43:56,1,5,0,0
20710,2025-09-23 13:44:02,1,8,0,0
17953,2025-09-23 13:47:42,0,6,0,0
43609,2025-09-23 14:06:03,0,2,0,0
16857,2025-09-23 14:13:03,1,4,0,0
45224,2025-09-23 14:15:09,1,4,1,340
31505,2025-09-23 14:17:04,0,7,0,0
92509,2025-09-23 14:21:38,0,7,0,0
54602,2025-09-23 14:22:21,0,6,0,0
6446,2025-09-23 14:24:28,1,4,1,197
59406,2025-09-23 14:27:54,0,5,0,0
82866,2025-09-23 14:31:16,0,6,1,574
28737,2025-09-23 14:35:57,0,5,0,0
6229,2025-09-23 14:47:27,0,4,0,0
5606,2025-09-23 14:52:17,1,2,0,0
72387,2025-09-23 14:52:57,0,3,0,0
89726,2025-09-23 14:55:07,1,7,0,0
4484,2025-09-23 15:08:41,1,3,0,0
5343,2025-09-23 15:17:39,0,6,1,392
43299,2025-09-23 15:26:29,0,5,0,0
17089,2025-09-23 15:28:54,0,6,0,0
52763,2025-09-23 15:29:52,0,10,0,0
30825,2025-09-23 15:30:38,0,7,0,0
25038,2025-09-23 15:41:20,1,7,0,0
9249,2025-09-23 15:43:50,0,7,0,0
84782,2025-09-23 15:44:28,0,4,0,0
28681,2025-09-23 15:52:38,0,2,1,309
77934,2025-09-23 15:54:57,0,4,0,0
27966,2025-09-23 15:59:49,0,3,0,0
4709,2025-09-23 16:07:28,1,8,0,0
28232,2025-09-23 16:08:02,0,4,0,0
80721,2025-09-23 16:13:57,1,7,1,347
18146,2025-09-23 16:26:18,0,3,1,469
79977,2025-09-23 16:30:39,1,7,0,0
24634,2025-09-23 16:32:05,0,5,0,0
61539,2025-09-23 16:33:21,1,5,1,393
10947,2025-09-23 16:34:06,0,7,0,0
21918,2025-09-23 16:35:04,1,6,1,426
8520,2025-09-23 16:41:28,0,7,0,0
36658,2025-09-23 16:42:21,0,7,0,0
34948,2025-09-23 16:44:20,0,7,0,0
65299,2025-09-23 16:50:44,0,6,0,0
61883,2025-09-23 16:53:45,0,5,0,0
63282,2025-09-23 16:58:44,1,7,1,414
30932,2025-09-23 17:22:26,0,6,0,0
53616,2025-09-23 17:36:26,0,12,0,0
34384,2025-09-23 17:39:38,1,5,0,0
46070,2025-09-23 17:48:48,0,5,0,0
28801,2025-09-23 17:49:22,0,8,0,0
36047,2025-09-23 17:50:09,0,10,0,0
45577,2025-09-23 17:52:22,1,5,0,0
80881,2025-09-23 17:53:26,0,5,0,0
24726,2025-09-23 17:56:55,0,6,0,0
90298,2025-09-23 18:05:24,1,6,0,0
40896,2025-09-23 18:07:11,0,10,0,0
89021,2025-09-23 18:22:15,0,9,1,640
34823,2025-09-23 18:28:47,0,7,0,0
57399,2025-09-23 18:37:30,1,8,0,0
45995,2025-09-23 18:48:57,0,4,1,297
71668,2025-09-23 18:54:25,0,4,0,0
48680,2025-09-23 19:03:15,1,7,0,0
45840,2025-09-23 19:09:53,1,1,0,0
61873,2025-09-23 19:31:18,0,6,0,0
71779,2025-09-23 19:37:47,0,7,0,0
36556,2025-09-23 19:39:27,1,4,0,0
60671,2025-09-23 19:41:27,0,6,1,371
40845,2025-09-23 19:42:47,1,3,1,283
93945,2025-09-23 19:48:11,0,2,0,0
45840,2025-09-23 19:52:47,1,8,1,340
43099,2025-09-23 20:01:53,0,7,0,0
86965,2025-09-23 20:05:57,0,5,0,0
13897,2025-09-23 20:06:12,1,10,0,0
32802,2025-09-23 20:11:41,1,7,1,230
24609,2025-09-23 20:14:29,0,8,0,0
90786,2025-09-23 20:32:55,0,4,1,228
63866,2025-09-23 20:41:25,1,9,0,0
81487,2025-09-23 20:52:23,0,13,0,0
14944,2025-09-23 20:56:58,1,3,1,186
90850,2025-09-23 20:57:25,1,2,1,518
70824,2025-09-23 20:58:34,1,10,0,0
86965,2025-09-23 20:59:59,0,6,0,0
58121,2025-09-23 21:00:17,0,7,0,0
15516,2025-09-23 21:01:48,1,8,1,361
10947,2025-09-23 21:05:16,0,3,0,0
36443,2025-09-23 21:11:11,1,6,0,0
36198,2025-09-23 21:11:27,0,4,0,0
49584,2025-09-23 21:21:17,0,5,1,273
21388,2025-09-23 21:27:20,1,8,0,0
61131,2025-09-23 21:35:58,1,5,0,0
72387,2025-09-23 21:37:11,0,4,0,0
54631,2025-09-23 21:41:41,0,6,1,295
84619,2025-09-23 21:41:46,0,5,0,0
10988,2025-09-23 21:42:15,0,9,0,0
7737,2025-09-23 21:42:19,1,4,0,0
12008,2025-09-23 21:43:46,1,3,0,0
61783,2025-09-23 21:52:07,0,2,0,0
58372,2025-09-23 21:53:46,0,8,1,231
87297,2025-09-23 21:58:14,1,11,0,0
7890,2025-09-23 22:06:01,0,9,1,219
7262,2025-09-23 22:08:33,0,8,0,0
72134,2025-09-23 22:10:13,0,8,1,442
67933,2025-09-23 22:12:56,0,6,0,0
40937,2025-09-23 22:14:05,0,8,1,214
99099,2025-09-23 22:16:25,1,4,0,0
13953,2025-09-23 22:20:25,0,7,0,0
54287,2025-09-23 22:22:23,0,8,0,0
89871,2025-09-23 22:24:52,0,8,0,0
45027,2025-09-23 22:26:32,0,2,1,286
70337,2025-09-23 22:32:20,0,2,0,0
37393,2025-09-23 22:44:00,1,7,0,0
18692,2025-09-23 22:44:49,0,4,0,0
89445,2025-09-23 22:54:45,0,3,1,631
56839,2025-09-23 23:00:05,0,3,0,0
15110,2025-09-23 23:01:10,1,7,0,0
91180,2025-09-23 23:03:57,0,5,1,436
18283,2025-09-23 23:10:11,0,1,1,150
79609,2025-09-23 23:11:20,0,10,0,0
97022,2025-09-23 23:11:52,1,9,1,616
52231,2025-09-23 23:14:45,0,5,0,0
67709,2025-09-23 23:20:06,1,8,1,176
81578,2025-09-23 23:33:23,1,3,0,0
87579,2025-09-23 23:37:48,0,7,0,0
17504,2025-09-23 23:47:12,0,3,0,0
15512,2025-09-23 23:47:14,0,7,0,0
55663,2025-09-23 23:51:30,0,9,0,0
89815,2025-09-23 23:56:09,0,10,1,328
69177,2025-09-23 23:57:03,0,8,0,0
9111,2025-09-24 00:25:24,1,7,0,0
48529,2025-09-24 00:53:44,0,10,0,0
90539,2025-09-24 01:33:37,1,9,0,0
23649,2025-09-24 01:53:42,0,8,1,269
10851,2025-09-24 01:53:55,1,5,0,0
94331,2025-09-24 02:00:00,1,5,0,0
61762,2025-09-24 02:04:24,0,6,0,0
93226,2025-09-24 02:19:29,0,6,0,0
11914,2025-09-24 02:40:57,0,8,0,0
72393,2025-09-24 02:55:39,0,2,0,0
236,2025-09-24 02:57:19,1,8,0,0
94797,2025-09-24 03:44:00,0,4,0,0
82111,2025-09-24 03:51:29,0,4,0,0
18721,2025-09-24 03:53:59,1,3,1,323
90539,2025-09-24 04:00:23,1,4,0,0
72097,2025-09-24 04:02:51,1,8,0,0
15699,2025-09-24 04:06:29,0,6,1,417
84548,2025-09-24 04:11:10,0,2,0,0
15110,2025-09-24 04:14:12,0,6,0,0
11812,2025-09-24 04:20:27,0,5,0,0
92458,2025-09-24 04:24:54,1,7,1,275
65159,2025-09-24 04:38:45,0,3,0,0
58867,2025-09-24 04:59:57,0,7,0,0
46172,2025-09-24 05:02:42,1,9,0,0
18616,2025-09-24 05:09:38,1,8,0,0
28212,2025-09-24 05:15:24,0,10,1,530
68433,2025-09-24 05:21:20,0,3,1,316
69785,2025-09-24 05:23:28,0,6,0,0
570,2025-09-24 05:43:49,1,5,0,0
79753,2025-09-24 05:44:24,0,9,0,0
2317,2025-09-24 05:45:52,0,8,0,0
56996,2025-09-24 05:58:21,0,5,0,0
83556,2025-09-24 05:59:22,0,7,0,0
12595,2025-09-24 06:14:11,0,4,0,0
64811,2025-09-24 06:27:04,0,6,0,0
90381,2025-09-24 06:29:27,0,3,0,0
85970,2025-09-24 06:30:19,0,4,1,471
36884,2025-09-24 07:00:08,1,9,1,298
6501,2025-09-24 07:04:51,0,7,0,0
8250,2025-09-24 07:11:39,0,7,1,285
30961,2025-09-24 07:25:58,1,5,0,0
14459,2025-09-24 07:31:29,0,7,0,0
63282,2025-09-24 07:35:40,0,4,0,0
43984,2025-09-24 07:36:56,1,4,1,222
99671,2025-09-24 07:39:04,1,5,0,0
16153,2025-09-24 07:50:29,0,9,0,0
2332,2025-09-24 07:54:06,0,12,1,217
14320,2025-09-24 07:54:29,0,6,0,0
10895,2025-09-24 08:13:26,1,6,0,0
36451,2025-09-24 08:21:20,0,9,1,726
12580,2025-09-24 08:21:34,0,7,0,0
91642,2025-09-24 08:27:45,0,6,1,303
29052,2025-09-24 08:33:25,0,5,0,0
9092,2025-09-24 08:33:51,0,7,0,0
8155,2025-09-24 08:35:48,0,11,0,0
31430,2025-09-24 08:49:40,0,3,0,0
10271,2025-09-24 09:01:20,0,3,1,211
31007,2025-09-24 09:16:10,0,8,0,0
9967,2025-09-24 09:23:36,1,12,0,0
72971,2025-09-24 09:24:26,1,8,1,296
97348,2025-09-24 09:28:06,1,6,1,251
82378,2025-09-24 09:28:13,1,5,0,0
14149,2025-09-24 09:32:17,0,8,0,0
27076,2025-09-24 09:33:26,1,6,1,262
1067,2025-09-24 09:33:30,0,7,0,0
60242,2025-09-24 09:41:41,0,5,1,412
40196,2025-09-24 09:42:13,1,10,0,0
88278,2025-09-24 09:42:25,0,4,1,215
24609,2025-09-24 09:46:36,0,6,0,0
25546,2025-09-24 09:47:23,0,5,1,228
1781,2025-09-24 09:57:28,1,5,0,0
1806,2025-09-24 10:01:18,0,3,0,0
97773,2025-09-24 10:01:22,0,4,0,0
35079,2025-09-24 10:03:30,0,7,0,0
38118,2025-09-24 10:07:26,0,7,0,0
40845,2025-09-24 10:07:54,1,2,1,177
10798,2025-09-24 10:08:54,0,6,0,0
62719,2025-09-24 10:17:00,1,9,0,0
5846,2025-09-24 10:22:29,1,12,0,0
23209,2025-09-24 10:28:12,0,4,0,0
56392,2025-09-24 10:41:01,0,3,0,0
23373,2025-09-24 10:42:19,1,7,0,0
10910,2025-09-24 10:42:47,0,2,0,0
14452,2025-09-24 10:53:09,1,4,0,0
94249,2025-09-24 11:05:56,0,9,0,0
46529,2025-09-24 11:16:44,0,4,0,0
18650,2025-09-24 11:17:30,0,4,0,0
46891,2025-09-24 11:22:53,0,9,1,349
4636,2025-09-24 11:26:48,0,5,0,0
18290,2025-09-24 11:27:34,0,3,0,0
942,2025-09-24 11:29:48,1,5,0,0
3946,2025-09-24 11:31:59,0,11,0,0
51309,2025-09-24 11:45:58,0,4,0,0
10971,2025-09-24 11:47:36,1,9,1,871
45070,2025-09-24 11:52:07,0,9,0,0
65213,2025-09-24 11:57:54,0,9,0,0
74707,2025-09-24 12:04:31,1,6,0,0
95027,2025-09-24 12:06:14,0,6,0,0
95402,2025-09-24 12:07:28,0,3,0,0
52158,2025-09-24 12:07:58,1,10,0,0
56795,2025-09-24 12:09:36,0,10,0,0
57942,2025-09-24 12:10:47,0,8,1,235
32058,2025-09-24 12:17:48,0,10,0,0
1430,2025-09-24 12:18:51,0,14,0,0
74870,2025-09-24 12:22:37,0,5,0,0
98756,2025-09-24 12:26:40,1,10,0,0
33736,2025-09-24 12:39:17,0,1,0,0
69871,2025-09-24 12:42:34,1,5,0,0
5343,2025-09-24 12:42:36,0,7,0,0
193,2025-09-24 12:46:38,0,3,1,333
48529,2025-09-24 12:47:48,0,2,0,0
28903,2025-09-24 12:50:14,0,6,0,0
34009,2025-09-24 12:57:11,1,5,0,0
11812,2025-09-24 13:00:02,0,7,0,0
61932,2025-09-24 13:20:57,0,2,0,0
20868,2025-09-24 13:29:36,0,9,0,0
10007,2025-09-24 13:30:14,0,6,1,402
63422,2025-09-24 13:32:43,0,6,1,165
84268,2025-09-24 13:42:11,0,4,0,0
42548,2025-09-24 13:53:31,1,3,0,0
1439,2025-09-24 13:54:03,1,9,1,304
34436,2025-09-24 14:10:40,0,8,0,0
36248,2025-09-24 14:28:56,0,4,0,0
37602,2025-09-24 14:30:32,0,8,1,262
69363,2025-09-24 14:33:26,1,5,0,0
38591,2025-09-24 14:40:22,0,7,0,0
85970,2025-09-24 14:48:19,0,7,1,670
31557,2025-09-24 14:52:09,1,5,0,0
17504,2025-09-24 14:54:13,0,2,0,0
20868,2025-09-24 15:08:45,1,9,1,371
47953,2025-09-24 15:09:07,1,4,0,0
34163,2025-09-24 15:11:25,0,8,0,0
44133,2025-09-24 15:23:46,0,8,1,285
13464,2025-09-24 15:48:52,0,11,0,0
84268,2025-09-24 15:58:31,1,6,1,388
71826,2025-09-24 16:06:21,1,3,0,0
4173,2025-09-24 16:09:37,1,6,0,0
91653,2025-09-24 16:13:18,1,5,1,320
85468,2025-09-24 16:19:13,0,3,0,0
84442,2025-09-24 16:21:07,0,5,1,293
1088,2025-09-24 16:26:51,0,6,0,0
13578,2025-09-24 16:27:45,0,6,0,0
97210,2025-09-24 16:36:42,0,5,0,0
80105,2025-09-24 16:40:42,0,3,0,0
73615,2025-09-24 16:43:04,0,7,0,0
17089,2025-09-24 16:50:14,0,4,0,0
34154,2025-09-24 16:50:40,0,3,0,0
94926,2025-09-24 16:51:27,0,8,0,0
60340,2025-09-24 16:54:00,0,3,0,0
15720,2025-09-24 16:59:24,0,5,0,0
10169,2025-09-24 17:07:34,0,6,0,0
88135,2025-09-24 17:16:36,0,5,1,372
87558,2025-09-24 17:20:41,1,8,0,0
48420,2025-09-24 17:21:40,0,9,0,0
19815,2025-09-24 17:42:46,0,8,0,0
49419,2025-09-24 17:55:13,0,5,0,0
10988,2025-09-24 17:57:49,0,4,0,0
97210,2025-09-24 18:17:20,0,10,1,487
75322,2025-09-24 18:19:43,1,7,0,0
76952,2025-09-24 18:24:13,0,7,0,0
97275,2025-09-24 18:33:15,0,6,0,0
93226,2025-09-24 18:35:06,0,6,0,0
44221,2025-09-24 18:36:17,0,4,1,315
85297,2025-09-24 18:36:38,0,8,0,0
22406,2025-09-24 18:41:31,0,2,1,613
55170,2025-09-24 18:41:40,0,4,1,188
74870,2025-09-24 18:41:46,0,4,1,309
56397,2025-09-24 18:43:14,0,2,1,249
45544,2025-09-24 19:00:36,0,4,1,403
30961,2025-09-24 19:01:17,0,4,0,0
99993,2025-09-24 19:03:16,0,4,0,0
56839,2025-09-24 19:14:37,0,8,0,0
94556,2025-09-24 19:17:12,0,2,1,223
48807,2025-09-24 19:18:09,0,7,1,286
61932,2025-09-24 19:20:35,0,9,0,0
61762,2025-09-24 19:30:59,0,7,1,276
83298,2025-09-24 19:36:04,0,5,0,0
30395,2025-09-24 19:38:36,0,6,1,266
36761,2025-09-24 19:41:40,1,4,0,0
21919,2025-09-24 19:42:07,1,11,0,0
56204,2025-09-24 19:43:00,0,4,0,0
18738,2025-09-24 19:45:49,1,4,0,0
55640,2025-09-24 19:46:08,0,10,0,0
9448,2025-09-24 19:49:27,0,10,0,0
3327,2025-09-24 19:57:02,0,9,0,0
14149,2025-09-24 20:02:51,0,3,0,0
14738,2025-09-24 20:10:38,0,5,0,0
73569,2025-09-24 20:16:12,1,10,0,0
11914,2025-09-24 20:16:27,0,4,0,0
9968,2025-09-24 20:21:40,0,5,0,0
78197,2025-09-24 20:42:17,0,5,0,0
49419,2025-09-24 20:43:04,0,4,1,238
5052,2025-09-24 20:48:26,1,7,0,0
49419,2025-09-24 20:53:36,1,9,1,167
59524,2025-09-24 21:06:07,0,7,0,0
52980,2025-09-24 21:06:37,0,6,0,0
80321,2025-09-24 21:11:03,1,7,1,831
34948,2025-09-24 21:37:57,0,2,1,322
81578,2025-09-24 21:45:19,0,2,0,0
17723,2025-09-24 21:48:40,0,8,0,0
41040,2025-09-24 21:50:35,0,3,1,295
11412,2025-09-24 21:51:05,1,7,0,0
31408,2025-09-24 21:51:26,1,3,1,171
79591,2025-09-24 21:57:57,0,4,1,339
88938,2025-09-24 22:05:32,1,6,0,0
36047,2025-09-24 22:07:26,0,8,1,327
21570,2025-09-24 22:08:33,1,8,1,224
95515,2025-09-24 22:09:17,0,5,0,0
39496,2025-09-24 22:11:11,1,6,1,185
50312,2025-09-24 22:13:36,1,1,1,198
70337,2025-09-24 22:15:48,0,6,1,230
17981,2025-09-24 22:16:37,0,5,0,0
37411,2025-09-24 22:24:03,0,4,0,0
31803,2025-09-24 22:28:02,1,9,1,328
15963,2025-09-24 22:32:44,0,7,1,288
58637,2025-09-24 22:35:02,0,7,0,0
13181,2025-09-24 22:40:45,1,7,0,0
8814,2025-09-24 22:42:37,0,9,1,226
70577,2025-09-24 22:55:04,1,10,1,274
73569,2025-09-24 23:04:28,0,10,0,0
54552,2025-09-24 23:05:19,0,3,1,181
10947,2025-09-24 23:06:49,0,3,1,308
78972,2025-09-24 23:08:24,0,3,0,0
99024,2025-09-24 23:10:41,0,6,0,0
48807,2025-09-24 23:21:20,0,6,0,0
60340,2025-09-24 23:24:27,1,7,1,270
79609,2025-09-24 23:25:40,0,2,1,303
24949,2025-09-24 23:26:10,0,6,0,0
55839,2025-09-24 23:34:25,1,6,0,0
84683,2025-09-24 23:49:52,0,6,1,361
46172,2025-09-24 23:50:21,1,5,0,0
46401,2025-09-24 23:52:58,0,5,0,0
28232,2025-09-25 00:13:19,0,9,0,0
92308,2025-09-25 00:32:46,1,6,1,377
75700,2025-09-25 00:33:10,0,3,0,0
64171,2025-09-25 00:34:00,1,5,0,0
51968,2025-09-25 01:03:40,1,2,0,0
99987,2025-09-25 01:06:18,1,6,0,0
9572,2025-09-25 01:08:25,1,5,0,0
9448,2025-09-25 01:13:45,0,5,0,0
46648,2025-09-25 01:14:14,1,6,0,0
38141,2025-09-25 01:17:42,0,5,1,293
98331,2025-09-25 01:25:37,0,2,0,0
36187,2025-09-25 01:26:31,0,3,1,365
14459,2025-09-25 01:27:27,0,6,0,0
56463,2025-09-25 01:30:25,0,2,1,391
57936,2025-09-25 01:38:28,0,5,0,0
14601,2025-09-25 01:57:06,0,11,0,0
27712,2025-09-25 02:02:44,0,10,0,0
97701,2025-09-25 02:22:02,0,8,1,381
82378,2025-09-25 02:29:16,0,7,1,229
26822,2025-09-25 02:39:45,0,6,1,443
29305,2025-09-25 02:47:20,0,2,0,0
64339,2025-09-25 02:50:50,0,3,0,0
38663,2025-09-25 02:58:50,0,4,0,0
76414,2025-09-25 03:08:14,0,4,0,0
68748,2025-09-25 03:16:41,1,4,0,0
8599,2025-09-25 03:22:54,0,4,0,0
2267,2025-09-25 03:27:06,0,10,1,336
1806,2025-09-25 03:27:29,1,4,0,0
21838,2025-09-25 03:34:06,1,3,0,0
48604,2025-09-25 03:35:27,1,6,1,241
41432,2025-09-25 03:40:08,0,4,1,404
64811,2025-09-25 03:45:21,0,4,0,0
36101,2025-09-25 03:59:28,0,5,0,0
6501,2025-09-25 04:00:05,1,2,1,493
10579,2025-09-25 04:07:50,1,8,1,376
48519,2025-09-25 04:10:01,0,4,0,0
14290,2025-09-25 04:14:22,0,7,1,382
92069,2025-09-25 04:33:23,0,3,0,0
9540,2025-09-25 04:48:20,1,7,0,0
78938,2025-09-25 05:10:24,0,2,1,578
78642,2025-09-25 05:27:23,0,3,0,0
50037,2025-09-25 05:41:49,1,6,0,0
9838,2025-09-25 05:57:47,0,5,0,0
78938,2025-09-25 06:14:27,0,10,0,0
46401,2025-09-25 06:35:49,0,9,0,0
7672,2025-09-25 06:46:06,0,5,0,0
93928,2025-09-25 06:47:04,1,5,0,0
45577,2025-09-25 07:03:13,0,5,0,0
7936,2025-09-25 07:30:54,0,9,0,0
65637,2025-09-25 07:34:07,0,3,0,0
11412,2025-09-25 07:51:25,0,7,0,0
74657,2025-09-25 08:00:09,0,3,1,366
89726,2025-09-25 08:03:36,1,4,0,0
63282,2025-09-25 08:05:43,0,5,1,321
7045,2025-09-25 08:07:14,1,3,1,212
43609,2025-09-25 08:07:58,0,3,1,317
58454,2025-09-25 08:13:13,1,4,0,0
65841,2025-09-25 08:20:32,1,7,0,0
22417,2025-09-25 08:29:42,0,6,0,0
77934,2025-09-25 08:38:05,1,12,1,225
88046,2025-09-25 08:39:54,0,5,1,364
33457,2025-09-25 08:41:14,0,7,0,0
14380,2025-09-25 08:51:25,0,4,1,369
84319,2025-09-25 08:52:52,0,4,0,0
54032,2025-09-25 08:53:12,0,6,0,0
48680,2025-09-25 08:56:09,1,3,0,0
99725,2025-09-25 08:58:43,0,4,0,0
66144,2025-09-25 09:16:01,0,4,0,0
47420,2025-09-25 09:20:01,0,3,0,0
53974,2025-09-25 09:24:04,0,3,0,0
84440,2025-09-25 09:28:45,0,4,0,0
96149,2025-09-25 09:33:10,0,2,1,532
69206,2025-09-25 09:36:07,0,4,0,0
52836,2025-09-25 09:40:29,0,7,0,0
87481,2025-09-25 09:42:55,1,12,1,203
61783,2025-09-25 09:46:29,1,7,0,0
58694,2025-09-25 10:03:11,1,5,0,0
75020,2025-09-25 10:12:32,0,12,1,394
89726,2025-09-25 10:31:29,0,7,0,0
92285,2025-09-25 10:38:21,0,8,0,0
72585,2025-09-25 10:40:13,0,9,0,0
55428,2025-09-25 10:40:31,1,5,0,0
9540,2025-09-25 10:49:49,0,9,1,323
72504,2025-09-25 10:55:28,1,6,0,0
17369,2025-09-25 11:00:51,0,3,0,0
41922,2025-09-25 11:01:54,1,9,0,0
49199,2025-09-25 11:03:05,0,8,0,0
14452,2025-09-25 11:04:54,0,1,0,0
12210,2025-09-25 11:16:05,0,6,1,335
89007,2025-09-25 11:17:39,0,5,0,0
86574,2025-09-25 11:18:55,0,8,0,0
66144,2025-09-25 11:27:43,1,7,0,0
47420,2025-09-25 11:28:25,0,3,1,310
84319,2025-09-25 11:34:45,1,1,0,0
32512,2025-09-25 11:36:00,0,7,0,0
83558,2025-09-25 11:44:22,0,3,1,468
34885,2025-09-25 11:49:19,0,6,0,0
16296,2025-09-25 11:49:44,0,11,1,333
42170,2025-09-25 12:10:51,1,6,0,0
98708,2025-09-25 12:34:28,1,6,0,0
66415,2025-09-25 12:44:03,0,8,0,0
23863,2025-09-25 12:46:07,0,8,0,0
59756,2025-09-25 12:46:43,0,8,1,359
54719,2025-09-25 12:49:04,0,10,1,303
14320,2025-09-25 13:02:38,0,8,0,0
64917,2025-09-25 13:15:45,0,6,1,264
80249,2025-09-25 13:26:09,0,8,0,0
60136,2025-09-25 13:32:30,0,4,0,0
93759,2025-09-25 13:41:36,1,7,0,0
16857,2025-09-25 13:51:04,0,6,0,0
48711,2025-09-25 13:57:25,0,7,1,335
97328,2025-09-25 14:02:27,0,3,0,0
43609,2025-09-25 14:08:11,0,5,0,0
91983,2025-09-25 14:15:37,0,6,0,0
32134,2025-09-25 14:21:05,0,2,1,427
71779,2025-09-25 14:24:04,0,5,1,341
98756,2025-09-25 14:32:42,0,7,0,0
97755,2025-09-25 14:33:38,0,3,1,465
46342,2025-09-25 14:38:22,1,8,0,0
51790,2025-09-25 14:39:04,0,5,1,270
48305,2025-09-25 14:39:49,0,7,0,0
942,2025-09-25 14:41:52,0,8,0,0
12571,2025-09-25 14:46:42,0,9,0,0
98350,2025-09-25 14:48:05,0,10,0,0
58641,2025-09-25 14:48:41,0,6,0,0
56392,2025-09-25 14:56:36,0,7,1,246
99218,2025-09-25 14:59:27,1,5,1,223
77185,2025-09-25 15:06:19,0,6,0,0
47420,2025-09-25 15:31:15,0,4,0,0
84440,2025-09-25 15:38:22,0,6,1,164
55087,2025-09-25 15:48:46,0,3,0,0
48529,2025-09-25 15:51:48,1,6,1,398
455,2025-09-25 15:53:31,0,9,0,0
55812,2025-09-25 16:16:35,1,4,0,0
52139,2025-09-25 16:19:55,0,5,0,0
8250,2025-09-25 16:24:37,0,4,0,0
87067,2025-09-25 16:29:14,0,7,0,0
3224,2025-09-25 16:34:28,0,4,0,0
79041,2025-09-25 16:41:28,0,3,1,310
1713,2025-09-25 16:41:30,0,8,1,234
40578,2025-09-25 16:55:04,1,7,0,0
55076,2025-09-25 17:08:52,0,5,0,0
50848,2025-09-25 17:12:55,1,3,0,0
34823,2025-09-25 17:17:56,0,9,0,0
67093,2025-09-25 17:21:48,0,6,1,269
75380,2025-09-25 17:30:00,1,4,0,0
30961,2025-09-25 17:34:55,1,3,0,0
99171,2025-09-25 17:43:18,0,6,1,487
97493,2025-09-25 17:45:58,1,3,1,350
78350,2025-09-25 17:48:41,0,1,1,541
65478,2025-09-25 17:57:14,1,7,0,0
34259,2025-09-25 17:58:29,0,4,1,241
58104,2025-09-25 18:06:38,0,6,1,398
54032,2025-09-25 18:13:13,0,11,0,0
85460,2025-09-25 18:17:34,1,8,1,241
83024,2025-09-25 18:22:41,0,14,0,0
51790,2025-09-25 18:32:44,0,4,1,291
20019,2025-09-25 18:34:51,0,9,0,0
12455,2025-09-25 18:35:43,1,3,1,233
78591,2025-09-25 18:44:03,0,2,0,0
7936,2025-09-25 18:47:29,1,6,0,0
68804,2025-09-25 18:50:17,1,7,1,465
7045,2025-09-25 18:51:07,0,9,0,0
36443,2025-09-25 18:57:02,0,7,0,0
58974,2025-09-25 19:01:48,0,8,0,0
56996,2025-09-25 19:10:38,1,9,1,203
940,2025-09-25 19:12:14,0,2,0,0
56283,2025-09-25 19:18:40,0,4,0,0
78801,2025-09-25 19:23:54,1,7,1,462
53875,2025-09-25 19:31:30,1,4,0,0
75812,2025-09-25 19:37:42,0,4,0,0
60465,2025-09-25 19:37:56,0,7,1,215
97755,2025-09-25 19:49:43,0,9,0,0
53255,2025-09-25 19:51:50,0,10,0,0
59378,2025-09-25 19:58:32,0,9,1,342
70498,2025-09-25 20:03:28,0,4,0,0
20019,2025-09-25 20:07:46,0,8,0,0
26822,2025-09-25 20:08:28,0,6,0,0
49379,2025-09-25 20:08:28,0,7,0,0
44843,2025-09-25 20:29:46,1,4,1,494
60139,2025-09-25 20:30:42,0,4,1,289
99953,2025-09-25 20:31:36,0,7,0,0
942,2025-09-25 20:35:44,0,3,0,0
51663,2025-09-25 20:41:43,0,4,0,0
63160,2025-09-25 21:04:32,0,6,0,0
28261,2025-09-25 21:15:47,1,1,0,0
65637,2025-09-25 21:18:54,0,5,0,0
3030,2025-09-25 21:23:59,0,5,0,0
73218,2025-09-25 21:33:33,0,4,0,0
73189,2025-09-25 21:34:45,0,5,1,227
24425,2025-09-25 21:39:01,0,8,0,0
34750,2025-09-25 21:43:54,0,7,0,0
99800,2025-09-25 21:47:47,1,4,0,0
37650,2025-09-25 22:21:12,0,8,1,269
80896,2025-09-25 22:29:12,1,7,0,0
69948,2025-09-25 22:33:27,1,6,1,385
80896,2025-09-25 22:54:08,1,6,1,385
31359,2025-09-25 22:54:26,0,4,1,347
61762,2025-09-25 22:56:15,0,2,0,0
73710,2025-09-25 23:06:39,0,7,0,0
77368,2025-09-25 23:12:19,0,4,0,0
86940,2025-09-25 23:14:46,1,5,0,0
67207,2025-09-25 23:17:08,0,11,1,262
92069,2025-09-25 23:25:51,0,10,1,517
31208,2025-09-25 23:36:46,0,10,0,0
97275,2025-09-25 23:45:35,0,4,0,0
86828,2025-09-25 23:52:54,1,6,0,0
49147,2025-09-26 00:19:32,0,6,0,0
82866,2025-09-26 00:21:57,0,4,1,162
49147,2025-09-26 00:37:45,0,10,0,0
20467,2025-09-26 00:40:13,1,6,1,208
48529,2025-09-26 00:45:51,0,8,1,423
86965,2025-09-26 01:01:47,0,5,0,0
17289,2025-09-26 01:22:40,0,3,0,0
42686,2025-09-26 01:23:23,1,4,1,178
20681,2025-09-26 01:29:15,0,6,0,0
91642,2025-09-26 01:41:53,0,7,0,0
3847,2025-09-26 01:51:19,1,5,1,441
67499,2025-09-26 01:55:46,1,7,0,0
31193,2025-09-26 01:55:58,0,2,0,0
69915,2025-09-26 02:00:08,1,4,0,0
30395,2025-09-26 02:04:52,0,4,0,0
58556,2025-09-26 02:04:53,1,3,0,0
87276,2025-09-26 02:07:55,0,4,1,293
64775,2025-09-26 02:08:45,0,11,0,0
32424,2025-09-26 02:46:47,0,3,0,0
70115,2025-09-26 02:58:14,0,6,0,0
90918,2025-09-26 03:20:55,0,8,0,0
63446,2025-09-26 03:31:38,1,5,1,333
80881,2025-09-26 03:44:56,0,1,0,0
83134,2025-09-26 04:23:55,0,6,0,0
15882,2025-09-26 04:26:59,0,6,0,0
78938,2025-09-26 04:50:56,1,7,1,345
76899,2025-09-26 04:52:09,1,9,0,0
27702,2025-09-26 04:59:24,0,12,0,0
42548,2025-09-26 05:00:28,0,5,0,0
1440,2025-09-26 05:05:46,0,6,1,405
80249,2025-09-26 05:19:47,0,4,0,0
41040,2025-09-26 05:22:05,0,7,0,0
40689,2025-09-26 05:29:09,0,1,0,0
44645,2025-09-26 05:40:35,1,6,0,0
28436,2025-09-26 05:55:31,0,4,1,483
94797,2025-09-26 06:14:21,0,3,0,0
49084,2025-09-26 06:14:26,0,3,0,0
48144,2025-09-26 06:19:03,1,5,0,0
8044,2025-09-26 06:20:29,0,4,1,661
22366,2025-09-26 06:35:05,0,10,1,293
67709,2025-09-26 06:41:05,0,7,1,331
97773,2025-09-26 06:54:20,0,9,0,0
53481,2025-09-26 06:55:33,0,7,1,255
99979,2025-09-26 08:05:04,1,6,0,0
88104,2025-09-26 08:17:54,0,8,1,304
72159,2025-09-26 08:23:06,0,7,1,319
30679,2025-09-26 08:32:03,0,8,0,0
2962,2025-09-26 08:57:40,1,4,0,0
33319,2025-09-26 09:01:19,0,9,0,0
51494,2025-09-26 09:07:33,0,9,0,0
20030,2025-09-26 09:12:21,0,8,0,0
86786,2025-09-26 09:19:54,0,3,0,0
7737,2025-09-26 09:30:51,0,2,0,0
80321,2025-09-26 09:30:52,0,5,0,0
72134,2025-09-26 09:31:09,1,11,1,413
93402,2025-09-26 09:37:29,0,4,0,0
15021,2025-09-26 09:53:57,0,4,0,0
93759,2025-09-26 10:01:53,0,7,1,241
15891,2025-09-26 10:03:08,0,8,0,0
96259,2025-09-26 10:06:57,1,8,1,250
34436,2025-09-26 10:10:31,1,9,1,390
83313,2025-09-26 10:11:02,1,2,0,0
88299,2025-09-26 10:11:23,0,10,1,245
55670,2025-09-26 10:16:21,0,6,1,224
61678,2025-09-26 10:24:51,0,4,1,344
20850,2025-09-26 10:28:17,1,4,1,381
34948,2025-09-26 10:34:42,1,8,1,163
11146,2025-09-26 10:43:19,0,6,0,0
15597,2025-09-26 10:45:45,1,9,1,282
67499,2025-09-26 10:47:45,1,6,0,0
51968,2025-09-26 10:55:22,0,8,1,188
94331,2025-09-26 10:57:13,1,11,1,147
54552,2025-09-26 11:06:01,0,7,1,382
42686,2025-09-26 11:12:20,0,8,0,0
94658,2025-09-26 11:33:34,0,8,0,0
14950,2025-09-26 11:38:40,1,6,0,0
31361,2025-09-26 11:41:47,0,8,0,0
51309,2025-09-26 11:51:50,1,8,0,0
26881,2025-09-26 11:59:19,1,6,1,249
18011,2025-09-26 12:01:59,0,8,0,0
75024,2025-09-26 12:05:33,1,6,1,293
30932,2025-09-26 12:17:01,1,3,0,0
63245,2025-09-26 12:20:42,1,6,0,0
8378,2025-09-26 12:28:33,0,2,0,0
63160,2025-09-26 12:31:11,0,4,1,272
15699,2025-09-26 12:32:30,1,2,0,0
17892,2025-09-26 12:33:36,0,7,0,0
19668,2025-09-26 12:44:16,1,4,1,243
57875,2025-09-26 12:49:54,1,3,0,0
28938,2025-09-26 12:54:54,0,11,0,0
67761,2025-09-26 12:59:27,0,9,0,0
33250,2025-09-26 13:13:30,0,3,0,0
84619,2025-09-26 13:14:09,0,6,1,444
24949,2025-09-26 13:20:20,0,8,0,0
77934,2025-09-26 13:21:34,1,6,1,200
49084,2025-09-26 13:23:41,1,5,1,216
32058,2025-09-26 13:26:40,0,6,1,393
71826,2025-09-26 13:27:00,0,5,0,0
82225,2025-09-26 13:29:01,1,6,0,0
57888,2025-09-26 13:29:24,0,5,1,429
38321,2025-09-26 13:45:36,0,4,0,0
39496,2025-09-26 13:57:26,1,3,1,277
92509,2025-09-26 14:04:30,0,4,0,0
2332,2025-09-26 14:05:12,0,10,0,0
41018,2025-09-26 14:06:23,0,9,1,196
30876,2025-09-26 14:09:40,1,8,0,0
65726,2025-09-26 14:13:16,0,5,0,0
26822,2025-09-26 14:14:52,0,6,0,0
94505,2025-09-26 14:17:49,0,4,1,204
41432,2025-09-26 14:20:10,0,6,1,346
14624,2025-09-26 14:20:30,0,11,0,0
36761,2025-09-26 14:20:37,0,6,1,264
19319,2025-09-26 14:28:52,0,8,0,0
26198,2025-09-26 14:29:03,1,7,0,0
95584,2025-09-26 14:29:56,0,7,0,0
16188,2025-09-26 14:34:41,0,5,1,359
45070,2025-09-26 14:42:26,0,5,0,0
78591,2025-09-26 14:44:02,0,8,0,0
52533,2025-09-26 14:47:38,0,5,1,157
64711,2025-09-26 14:55:37,0,9,1,306
77233,2025-09-26 15:05:24,1,7,1,436
85500,2025-09-26 15:15:21,1,3,0,0
49769,2025-09-26 15:25:49,1,7,0,0
35447,2025-09-26 15:26:40,0,5,0,0
70245,2025-09-26 15:28:53,0,5,1,274
46967,2025-09-26 15:30:33,0,4,0,0
70824,2025-09-26 15:35:03,1,2,0,0
84683,2025-09-26 15:42:35,1,8,1,331
40042,2025-09-26 15:44:08,0,5,1,798
75061,2025-09-26 16:08:26,0,2,1,374
25951,2025-09-26 16:08:33,0,13,0,0
9111,2025-09-26 16:14:18,0,5,0,0
4636,2025-09-26 16:19:56,0,8,0,0
33019,2025-09-26 16:21:42,0,8,0,0
58503,2025-09-26 16:28:15,0,6,0,0
3635,2025-09-26 16:29:08,0,8,1,301
36658,2025-09-26 16:31:20,1,6,0,0
83264,2025-09-26 16:33:14,0,7,0,0
58121,2025-09-26 16:39:17,0,7,0,0
40578,2025-09-26 16:39:54,1,11,0,0
81645,2025-09-26 16:45:04,0,6,1,333
22781,2025-09-26 16:50:37,0,6,0,0
17289,2025-09-26 16:55:16,1,8,0,0
65637,2025-09-26 17:02:57,1,4,0,0
932,2025-09-26 17:05:41,0,2,0,0
74206,2025-09-26 17:08:54,1,6,0,0
41859,2025-09-26 17:18:33,0,7,1,226
58223,2025-09-26 17:21:28,0,3,0,0
53616,2025-09-26 17:22:57,0,4,0,0
47830,2025-09-26 17:38:09,1,9,0,0
71856,2025-09-26 17:40:52,0,3,1,478
93402,2025-09-26 17:42:25,0,8,1,257
75442,2025-09-26 17:55:15,0,4,0,0
15267,2025-09-26 17:57:16,0,6,1,248
78801,2025-09-26 18:01:42,0,10,0,0
71149,2025-09-26 18:05:33,1,4,1,530
64495,2025-09-26 18:12:08,1,9,0,0
83483,2025-09-26 18:14:10,0,6,0,0
19932,2025-09-26 18:19:31,1,7,1,418
76301,2025-09-26 18:22:25,0,7,1,351
39332,2025-09-26 18:22:29,1,4,1,248
31612,2025-09-26 18:25:43,0,7,0,0
40845,2025-09-26 18:27:36,1,10,0,0
42588,2025-09-26 18:29:35,0,3,1,214
10355,2025-09-26 18:31:16,0,10,0,0
12354,2025-09-26 18:31:19,0,9,0,0
83556,2025-09-26 18:33:13,1,4,0,0
8135,2025-09-26 18:34:30,1,5,0,0
85460,2025-09-26 18:34:54,0,10,0,0
20032,2025-09-26 18:43:06,0,4,0,0
32134,2025-09-26 19:03:54,1,5,1,436
4352,2025-09-26 19:12:47,0,7,0,0
21388,2025-09-26 19:15:30,0,7,1,296
47420,2025-09-26 19:20:47,0,8,1,232
9665,2025-09-26 19:28:54,0,5,1,560
55428,2025-09-26 19:37:47,0,4,1,247
33063,2025-09-26 19:38:17,1,5,0,0
30832,2025-09-26 19:46:40,0,6,0,0
25533,2025-09-26 19:48:26,0,7,0,0
59220,2025-09-26 19:48:56,0,5,0,0
73770,2025-09-26 19:52:35,1,0,0,0
28436,2025-09-26 19:57:38,1,4,0,0
73569,2025-09-26 20:01:05,0,9,1,197
42650,2025-09-26 20:02:33,1,5,0,0
1896,2025-09-26 20:07:01,1,7,0,0
66261,2025-09-26 20:08:43,0,7,1,357
88273,2025-09-26 20:18:05,0,5,0,0
88763,2025-09-26 20:18:14,0,4,1,253
89871,2025-09-26 20:26:05,0,6,1,350
23462,2025-09-26 20:27:50,0,3,0,0
44272,2025-09-26 20:29:08,1,8,0,0
34589,2025-09-26 20:39:22,0,5,1,281
18692,2025-09-26 20:39:47,0,9,0,0
65726,2025-09-26 20:48:22,1,7,0,0
25247,2025-09-26 20:59:28,0,8,0,0
31571,2025-09-26 21:03:14,0,3,0,0
55917,2025-09-26 21:08:07,0,5,1,231
1677,2025-09-26 21:12:29,0,2,0,0
34163,2025-09-26 21:14:05,0,7,0,0
43710,2025-09-26 21:26:03,0,10,1,336
65637,2025-09-26 21:33:32,0,3,0,0
61539,2025-09-26 21:37:00,1,4,0,0
1995,2025-09-26 21:45:33,0,5,1,224
93402,2025-09-26 21:46:48,1,6,0,0
95844,2025-09-26 21:49:36,0,5,0,0
99810,2025-09-26 21:50:03,0,5,0,0
14894,2025-09-26 21:59:27,0,8,1,529
1330,2025-09-26 22:05:20,0,4,1,145
6274,2025-09-26 22:15:11,0,8,0,0
56607,2025-09-26 22:20:55,1,6,0,0
67709,2025-09-26 22:24:24,0,8,0,0
52158,2025-09-26 22:26:11,0,7,0,0
52231,2025-09-26 22:36:19,0,6,0,0
9249,2025-09-26 22:45:20,1,5,0,0
85297,2025-09-26 22:51:55,0,6,0,0
1330,2025-09-26 22:58:30,1,8,1,271
10988,2025-09-26 23:13:10,0,6,0,0
91180,2025-09-26 23:16:08,1,4,0,0
34701,2025-09-26 23:33:50,0,7,0,0
76832,2025-09-26 23:54:15,1,5,1,267
46967,2025-09-26 23:56:34,1,4,0,0
63198,2025-09-26 23:59:08,0,4,1,323
14311,2025-09-27 00:06:09,0,8,0,0
97348,2025-09-27 00:07:16,0,6,1,348
21365,2025-09-27 00:30:45,0,11,0,0
37411,2025-09-27 00:48:42,0,7,1,290
67720,2025-09-27 00:50:33,0,7,0,0
19611,2025-09-27 00:54:28,0,5,1,286
67499,2025-09-27 01:21:04,0,6,0,0
26369,2025-09-27 01:23:25,1,5,0,0
54835,2025-09-27 01:33:03,0,3,0,0
11401,2025-09-27 01:42:21,0,1,1,389
66288,2025-09-27 02:05:02,1,5,0,0
35892,2025-09-27 02:14:11,0,5,0,0
15699,2025-09-27 02:17:40,0,4,0,0
53255,2025-09-27 02:32:51,0,5,0,0
63446,2025-09-27 02:35:08,1,3,1,179
85226,2025-09-27 02:42:18,1,9,0,0
36394,2025-09-27 03:05:18,0,8,0,0
68415,2025-09-27 03:08:16,0,5,0,0
39461,2025-09-27 03:09:36,0,2,0,0
18282,2025-09-27 03:10:47,1,7,1,193
70498,2025-09-27 03:18:07,1,7,0,0
19503,2025-09-27 03:23:43,0,12,1,585
21388,2025-09-27 04:00:53,1,7,0,0
88299,2025-09-27 04:09:23,0,6,1,226
96149,2025-09-27 04:13:47,1,6,0,0
42686,2025-09-27 04:34:21,0,4,0,0
67720,2025-09-27 04:59:32,0,7,1,174
31557,2025-09-27 05:00:29,1,3,0,0
90608,2025-09-27 05:44:36,1,10,1,404
22139,2025-09-27 06:00:05,0,3,0,0
97124,2025-09-27 06:04:10,0,5,0,0
67945,2025-09-27 06:08:13,1,4,0,0
73631,2025-09-27 06:09:23,1,3,0,0
17089,2025-09-27 06:13:58,0,11,0,0
56675,2025-09-27 06:45:18,1,4,0,0
38141,2025-09-27 06:46:30,0,2,0,0
31171,2025-09-27 07:33:37,0,7,0,0
18105,2025-09-27 07:54:56,1,6,0,0
69785,2025-09-27 08:03:24,0,5,0,0
77689,2025-09-27 08:07:12,1,1,1,319
96259,2025-09-27 08:12:33,0,6,0,0
26267,2025-09-27 08:13:19,0,7,0,0
77000,2025-09-27 08:14:19,0,8,0,0
60242,2025-09-27 08:17:20,0,6,0,0
29437,2025-09-27 08:32:34,0,9,0,0
92458,2025-09-27 08:38:14,1,4,1,280
68415,2025-09-27 08:48:38,0,7,0,0
53714,2025-09-27 08:50:08,1,1,0,0
79279,2025-09-27 08:59:59,0,3,0,0
92876,2025-09-27 09:03:25,1,3,0,0
86198,2025-09-27 09:03:28,0,3,1,317
23657,2025-09-27 09:05:04,1,4,1,689
71979,2025-09-27 09:05:51,1,8,1,294
75672,2025-09-27 09:06:58,1,7,0,0
99157,2025-09-27 09:09:59,0,6,1,552
85185,2025-09-27 09:10:31,0,6,0,0
16353,2025-09-27 09:17:43,0,6,0,0
71365,2025-09-27 09:20:58,0,5,0,0
1713,2025-09-27 09:30:28,1,4,1,423
41155,2025-09-27 09:36:35,0,5,0,0
70577,2025-09-27 09:45:21,0,5,0,0
9448,2025-09-27 09:55:49,0,1,0,0
33049,2025-09-27 09:56:05,0,7,0,0
47014,2025-09-27 10:09:04,0,6,1,324
48424,2025-09-27 10:12:32,0,5,0,0
99810,2025-09-27 10:15:59,1,3,0,0
8049,2025-09-27 10:27:34,0,4,1,503
45224,2025-09-27 10:35:06,0,7,1,296
54809,2025-09-27 10:36:16,1,3,0,0
99487,2025-09-27 10:37:30,1,11,0,0
95515,2025-09-27 10:46:31,0,7,0,0
58901,2025-09-27 10:50:06,0,11,1,301
83024,2025-09-27 10:50:06,1,8,0,0
24714,2025-09-27 10:54:06,0,4,0,0
36451,2025-09-27 10:58:45,1,9,0,0
68193,2025-09-27 11:05:02,0,13,1,448
88938,2025-09-27 11:06:18,0,2,0,0
29437,2025-09-27 11:11:28,1,4,0,0
17504,2025-09-27 11:11:41,0,6,1,262
54429,2025-09-27 11:14:08,0,5,0,0
84319,2025-09-27 11:14:49,0,8,1,384
17212,2025-09-27 11:15:14,1,8,1,313
11250,2025-09-27 11:19:49,1,3,0,0
53714,2025-09-27 11:40:40,0,12,0,0
34009,2025-09-27 11:42:03,0,4,0,0
48604,2025-09-27 11:52:24,0,5,1,461
25988,2025-09-27 11:56:50,1,4,1,288
26911,2025-09-27 11:57:51,1,5,0,0
69684,2025-09-27 12:01:08,0,5,0,0
62343,2025-09-27 12:15:49,1,5,1,338
78033,2025-09-27 12:22:20,0,4,0,0
16066,2025-09-27 12:45:10,1,5,0,0
59378,2025-09-27 12:55:48,0,3,0,0
29863,2025-09-27 13:05:06,0,3,1,146
15110,2025-09-27 13:11:46,1,6,0,0
65159,2025-09-27 13:18:16,0,8,0,0
87072,2025-09-27 13:22:47,0,5,0,0
83556,2025-09-27 13:31:50,0,10,1,312
1440,2025-09-27 13:38:43,1,2,0,0
14635,2025-09-27 13:41:45,1,5,0,0
31361,2025-09-27 13:46:53,0,6,0,0
66063,2025-09-27 13:50:41,0,6,0,0
74714,2025-09-27 13:52:03,0,10,0,0
26267,2025-09-27 13:59:40,1,4,0,0
83264,2025-09-27 14:02:02,0,9,1,281
68889,2025-09-27 14:08:51,0,6,0,0
46172,2025-09-27 14:28:00,0,7,0,0
17212,2025-09-27 14:39:18,0,3,0,0
74645,2025-09-27 14:41:45,0,5,0,0
13363,2025-09-27 14:49:10,1,5,0,0
32817,2025-09-27 14:49:14,1,8,0,0
9438,2025-09-27 15:02:54,1,3,1,243
99980,2025-09-27 15:07:56,0,4,1,586
29862,2025-09-27 15:26:32,0,3,1,218
23354,2025-09-27 15:27:29,0,6,0,0
71645,2025-09-27 15:28:18,0,5,0,0
98118,2025-09-27 15:31:19,0,5,1,285
37411,2025-09-27 15:33:55,0,8,0,0
54167,2025-09-27 15:35:28,0,7,1,265
83921,2025-09-27 15:37:43,0,4,0,0
45027,2025-09-27 15:50:19,1,5,0,0
4352,2025-09-27 16:04:37,0,5,0,0
74645,2025-09-27 16:17:57,0,7,0,0
85970,2025-09-27 16:19:50,0,2,1,311
37803,2025-09-27 16:20:52,0,3,0,0
33873,2025-09-27 16:26:20,0,7,1,358
56119,2025-09-27 16:31:38,1,3,0,0
42377,2025-09-27 16:38:22,1,9,0,0
33140,2025-09-27 16:40:42,0,4,0,0
24654,2025-09-27 16:42:58,1,8,1,378
89971,2025-09-27 16:44:57,0,6,1,214
60601,2025-09-27 16:56:05,0,5,0,0
64775,2025-09-27 16:57:46,0,11,0,0
28938,2025-09-27 17:06:48,0,8,1,251
27416,2025-09-27 17:07:11,0,6,0,0
65935,2025-09-27 17:07:38,1,3,1,243
67207,2025-09-27 17:24:23,0,6,0,0
76936,2025-09-27 17:24:38,0,3,0,0
32134,2025-09-27 17:47:07,1,5,0,0
54644,2025-09-27 17:49:18,1,10,0,0
72565,2025-09-27 17:53:34,0,8,0,0
7172,2025-09-27 17:53:53,0,5,0,0
43710,2025-09-27 17:56:11,1,4,1,345
60314,2025-09-27 17:58:05,0,8,1,230
26590,2025-09-27 17:59:01,1,7,0,0
24148,2025-09-27 18:21:56,0,5,0,0
61131,2025-09-27 18:28:54,0,6,0,0
32134,2025-09-27 18:30:52,1,5,0,0
55428,2025-09-27 18:31:41,0,6,0,0
83558,2025-09-27 18:31:42,1,4,0,0
72204,2025-09-27 18:33:35,1,3,1,715
12455,2025-09-27 18:37:28,0,3,1,440
14601,2025-09-27 18:39:58,1,8,0,0
48711,2025-09-27 18:46:29,1,7,1,341
99482,2025-09-27 18:47:51,0,7,1,332
76414,2025-09-27 18:50:25,1,4,0,0
71025,2025-09-27 18:53:14,0,8,0,0
36376,2025-09-27 18:54:25,0,14,0,0
73984,2025-09-27 18:58:47,1,7,0,0
36866,2025-09-27 19:13:50,1,8,0,0
62343,2025-09-27 19:20:13,0,6,0,0
72393,2025-09-27 19:30:36,0,6,0,0
50487,2025-09-27 19:33:25,0,9,1,449
80058,2025-09-27 19:39:18,1,4,0,0
29305,2025-09-27 19:41:15,0,12,0,0
55800,2025-09-27 19:50:42,0,6,0,0
65998,2025-09-27 19:54:11,1,8,1,222
80014,2025-09-27 20:03:48,1,8,0,0
76414,2025-09-27 20:12:01,0,3,0,0
10988,2025-09-27 20:12:05,0,10,1,407
15479,2025-09-27 20:18:18,0,3,0,0
96149,2025-09-27 20:18:49,0,3,0,0
3595,2025-09-27 20:28:44,0,6,0,0
22564,2025-09-27 20:31:59,0,8,1,334
92509,2025-09-27 20:32:16,0,10,0,0
14149,2025-09-27 20:47:15,0,3,0,0
62064,2025-09-27 20:49:57,1,10,0,0
67945,2025-09-27 21:05:59,0,6,1,459
86828,2025-09-27 21:07:25,0,2,0,0
37650,2025-09-27 21:13:47,0,7,0,0
36761,2025-09-27 21:19:06,0,6,0,0
68889,2025-09-27 21:21:26,0,4,0,0
27712,2025-09-27 21:23:00,1,8,0,0
31359,2025-09-27 21:32:31,0,5,1,322
51919,2025-09-27 21:36:26,0,7,0,0
29007,2025-09-27 21:51:00,0,10,1,326
42686,2025-09-27 21:52:05,1,4,0,0
72204,2025-09-27 22:02:51,0,5,0,0
18283,2025-09-27 22:16:43,1,5,0,0
20868,2025-09-27 22:19:55,0,9,1,319
30932,2025-09-27 22:36:23,0,6,1,271
45405,2025-09-27 22:42:43,0,4,0,0
58237,2025-09-27 22:42:53,0,8,0,0
11412,2025-09-27 22:48:53,1,4,0,0
23462,2025-09-27 22:52:48,1,10,0,0
57888,2025-09-27 22:54:13,0,5,1,182
91217,2025-09-27 22:54:55,0,5,1,277
98350,2025-09-27 23:00:15,0,4,0,0
17029,2025-09-27 23:03:32,0,3,1,545
13537,2025-09-27 23:16:35,0,7,0,0
45013,2025-09-27 23:20:31,0,9,1,441
55812,2025-09-27 23:22:43,0,3,0,0
15699,2025-09-27 23:31:13,0,7,0,0
65841,2025-09-27 23:41:33,0,4,0,0
51309,2025-09-27 23:44:37,1,9,1,248
9111,2025-09-27 23:46:48,1,11,0,0
40564,2025-09-27 23:51:40,0,6,0,0
95616,2025-09-28 00:01:05,0,8,0,0
24688,2025-09-28 00:04:25,0,8,1,260
10988,2025-09-28 00:26:18,0,5,0,0
34229,2025-09-28 00:44:17,1,6,1,265
79279,2025-09-28 00:44:39,0,7,1,672
45224,2025-09-28 00:46:04,0,6,1,429
34063,2025-09-28 00:48:00,0,7,1,387
40564,2025-09-28 00:51:41,0,6,0,0
82147,2025-09-28 00:51:58,0,5,0,0
41297,2025-09-28 01:10:22,1,6,0,0
24096,2025-09-28 01:35:25,0,5,0,0
67089,2025-09-28 01:52:31,0,7,0,0
97348,2025-09-28 02:20:15,0,7,0,0
89445,2025-09-28 02:26:51,0,7,0,0
81645,2025-09-28 02:47:00,1,6,0,0
87378,2025-09-28 02:51:55,1,8,1,579
45315,2025-09-28 03:24:18,0,7,0,0
40828,2025-09-28 03:53:56,1,5,1,432
8639,2025-09-28 04:22:21,0,3,0,0
92998,2025-09-28 04:39:14,0,6,0,0
31655,2025-09-28 04:48:37,0,5,1,387
25247,2025-09-28 05:02:21,0,5,0,0
21541,2025-09-28 05:22:09,1,7,0,0
57896,2025-09-28 05:30:12,0,10,0,0
1896,2025-09-28 05:49:52,1,10,0,0
88658,2025-09-28 05:58:21,0,5,0,0
24714,2025-09-28 06:14:14,1,4,0,0
69871,2025-09-28 06:31:17,1,4,0,0
30825,2025-09-28 06:38:26,0,3,1,399
77185,2025-09-28 06:57:56,0,5,0,0
56839,2025-09-28 07:10:34,0,3,0,0
15699,2025-09-28 07:20:27,1,4,0,0
62786,2025-09-28 07:34:53,0,5,0,0
44645,2025-09-28 07:36:17,1,11,0,0
7822,2025-09-28 07:40:37,0,6,0,0
20357,2025-09-28 07:47:17,0,7,0,0
34440,2025-09-28 07:54:39,0,7,0,0
19503,2025-09-28 08:26:50,1,5,0,0
57399,2025-09-28 08:36:01,0,6,0,0
88308,2025-09-28 08:46:02,1,4,1,396
20734,2025-09-28 09:00:13,1,5,0,0
10355,2025-09-28 09:06:45,0,5,0,0
92876,2025-09-28 09:09:31,0,12,0,0
42147,2025-09-28 09:10:08,0,4,0,0
8591,2025-09-28 09:14:43,1,7,0,0
82253,2025-09-28 09:24:02,0,5,0,0
98331,2025-09-28 09:25:59,0,6,0,0
91017,2025-09-28 09:27:05,0,4,1,215
78801,2025-09-28 09:27:45,0,5,0,0
19128,2025-09-28 09:39:33,0,5,0,0
41018,2025-09-28 09:40:16,0,9,0,0
69871,2025-09-28 09:54:04,1,6,0,0
26590,2025-09-28 09:58:00,0,2,0,0
84440,2025-09-28 10:04:38,1,5,0,0
6111,2025-09-28 10:07:51,0,5,0,0
63866,2025-09-28 10:14:07,0,14,1,171
99987,2025-09-28 10:16:38,0,3,1,477
36394,2025-09-28 10:23:40,1,6,1,410
2270,2025-09-28 10:24:17,0,9,0,0
65376,2025-09-28 10:24:54,0,5,0,0
98736,2025-09-28 10:25:33,0,8,0,0
76899,2025-09-28 10:28:27,0,3,0,0
87029,2025-09-28 10:29:10,1,6,0,0
53159,2025-09-28 10:31:56,0,2,0,0
3291,2025-09-28 10:38:22,1,6,0,0
33106,2025-09-28 10:39:06,0,9,1,282
6464,2025-09-28 10:40:32,0,2,0,0
51283,2025-09-28 10:49:24,0,5,1,311
50052,2025-09-28 10:55:20,0,4,1,451
32227,2025-09-28 10:57:38,0,3,0,0
12339,2025-09-28 11:08:12,0,6,1,364
13085,2025-09-28 11:09:27,1,4,0,0
11401,2025-09-28 11:15:42,0,5,1,452
82288,2025-09-28 11:24:26,0,6,1,270
15512,2025-09-28 11:24:53,0,3,0,0
88850,2025-09-28 11:26:27,0,7,0,0
32424,2025-09-28 11:42:05,1,5,0,0
16963,2025-09-28 11:43:57,0,10,0,0
11606,2025-09-28 11:53:05,0,6,1,247
38928,2025-09-28 11:53:42,1,2,0,0
16727,2025-09-28 11:56:50,0,6,0,0
25546,2025-09-28 11:57:38,0,9,0,0
96585,2025-09-28 12:06:10,0,6,0,0
77463,2025-09-28 12:06:22,0,6,1,367
78717,2025-09-28 12:12:42,1,5,0,0
45515,2025-09-28 12:15:20,0,5,0,0
85377,2025-09-28 12:31:00,0,8,0,0
50636,2025-09-28 12:42:53,0,8,0,0
44977,2025-09-28 12:49:41,0,8,1,231
88763,2025-09-28 12:53:07,1,3,0,0
75024,2025-09-28 13:01:13,1,4,0,0
84268,2025-09-28 13:09:09,1,4,0,0
90915,2025-09-28 13:23:07,0,6,0,0
79814,2025-09-28 13:34:50,0,5,0,0
40845,2025-09-28 13:43:49,1,8,0,0
21388,2025-09-28 13:48:48,1,8,0,0
43097,2025-09-28 13:57:11,0,10,1,296
89704,2025-09-28 13:59:07,0,3,0,0
52836,2025-09-28 14:01:00,1,3,0,0
18731,2025-09-28 14:05:06,0,9,0,0
79753,2025-09-28 14:06:21,0,4,1,333
20032,2025-09-28 14:06:33,0,2,0,0
48680,2025-09-28 14:07:30,0,7,0,0
11228,2025-09-28 14:07:43,1,7,1,213
44843,2025-09-28 14:13:25,1,5,0,0
1440,2025-09-28 14:21:42,0,9,0,0
55647,2025-09-28 14:32:41,0,6,0,0
15512,2025-09-28 15:02:36,0,5,0,0
44709,2025-09-28 15:06:13,0,4,0,0
36565,2025-09-28 15:09:32,0,2,0,0
26267,2025-09-28 15:23:45,1,7,0,0
6446,2025-09-28 15:26:46,1,9,0,0
33395,2025-09-28 15:32:08,0,5,1,218
56878,2025-09-28 15:35:24,0,3,0,0
45284,2025-09-28 15:36:19,0,6,0,0
41432,2025-09-28 15:43:33,1,9,0,0
8305,2025-09-28 15:45:40,1,7,1,264
54474,2025-09-28 15:52:19,0,6,0,0
33469,2025-09-28 15:58:49,0,7,0,0
39207,2025-09-28 15:59:58,1,5,1,359
23630,2025-09-28 16:19:50,0,9,1,278
51090,2025-09-28 16:23:01,0,5,0,0
61363,2025-09-28 16:25:48,0,7,0,0
91180,2025-09-28 16:28:26,0,2,1,587
36453,2025-09-28 16:31:36,1,9,0,0
88658,2025-09-28 16:33:22,0,4,0,0
80060,2025-09-28 16:34:35,0,6,0,0
1876,2025-09-28 16:40:24,0,7,1,196
29052,2025-09-28 16:41:33,0,6,0,0
11146,2025-09-28 16:44:50,0,5,0,0
49570,2025-09-28 16:45:01,0,8,0,0
25988,2025-09-28 16:47:28,0,4,1,245
16667,2025-09-28 16:47:31,0,4,1,465
37393,2025-09-28 16:59:28,0,9,0,0
89286,2025-09-28 17:06:26,0,4,0,0
58623,2025-09-28 17:08:22,0,4,0,0
64100,2025-09-28 17:08:32,1,7,1,470
93586,2025-09-28 17:12:26,0,6,0,0
31208,2025-09-28 17:12:27,0,4,0,0
96149,2025-09-28 17:13:27,0,5,1,370
14601,2025-09-28 17:17:41,0,2,0,0
16577,2025-09-28 17:19:02,0,10,0,0
58974,2025-09-28 17:35:20,1,8,0,0
78626,2025-09-28 17:36:11,1,5,1,342
13464,2025-09-28 17:42:34,1,5,0,0
44133,2025-09-28 17:47:15,0,7,1,334
66971,2025-09-28 17:50:21,0,5,1,410
3883,2025-09-28 17:55:37,0,11,0,0
46967,2025-09-28 18:04:45,0,5,0,0
57497,2025-09-28 18:09:55,0,4,0,0
7672,2025-09-28 18:22:09,0,7,1,500
6106,2025-09-28 18:31:30,0,5,0,0
89370,2025-09-28 18:41:05,1,1,0,0
90208,2025-09-28 18:44:53,0,7,0,0
42045,2025-09-28 18:55:37,0,8,0,0
84683,2025-09-28 18:56:32,0,4,0,0
62893,2025-09-28 18:56:51,1,10,1,160
69934,2025-09-28 18:58:39,0,6,1,305
28801,2025-09-28 18:58:51,0,4,0,0
78431,2025-09-28 19:02:19,0,8,1,156
60139,2025-09-28 19:06:43,0,6,1,184
50037,2025-09-28 19:07:12,0,7,0,0
35892,2025-09-28 19:10:52,0,6,1,229
13537,2025-09-28 19:22:38,0,5,1,454
72100,2025-09-28 19:23:33,1,9,1,160
58237,2025-09-28 19:26:46,0,3,0,0
74645,2025-09-28 19:31:26,0,7,0,0
33060,2025-09-28 19:32:53,0,4,0,0
5878,2025-09-28 19:33:54,0,5,0,0
33469,2025-09-28 19:44:59,0,5,0,0
15029,2025-09-28 19:46:19,0,9,0,0
7172,2025-09-28 19:56:11,0,10,1,187
58372,2025-09-28 20:00:49,0,7,0,0
32817,2025-09-28 20:02:48,0,6,1,205
48305,2025-09-28 20:05:40,0,6,0,0
76354,2025-09-28 20:05:51,0,6,1,239
38750,2025-09-28 20:06:48,0,5,1,311
32817,2025-09-28 20:16:54,0,4,0,0
84422,2025-09-28 20:17:27,0,4,0,0
47420,2025-09-28 20:23:13,0,10,0,0
32648,2025-09-28 20:38:09,0,6,0,0
73189,2025-09-28 20:41:21,0,7,0,0
72133,2025-09-28 20:43:33,0,4,1,249
67709,2025-09-28 20:46:32,1,10,1,388
97418,2025-09-28 20:50:25,0,7,1,427
33596,2025-09-28 21:04:44,1,4,0,0
14710,2025-09-28 21:31:33,0,5,0,0
22169,2025-09-28 21:35:34,1,9,0,0
42548,2025-09-28 21:37:30,0,9,0,0
64100,2025-09-28 21:38:57,1,4,0,0
15720,2025-09-28 21:40:45,0,6,1,455
75812,2025-09-28 21:53:02,0,7,0,0
41859,2025-09-28 21:56:24,1,4,1,267
58237,2025-09-28 21:59:45,0,10,1,300
31441,2025-09-28 22:14:18,1,9,0,0
66855,2025-09-28 22:19:22,0,2,1,331
39691,2025-09-28 22:25:41,1,7,1,253
77185,2025-09-28 22:28:53,1,3,0,0
42170,2025-09-28 22:33:43,0,6,0,0
72977,2025-09-28 22:40:31,0,8,0,0
19559,2025-09-28 22:42:27,0,5,0,0
705,2025-09-28 22:44:03,1,5,0,0
85297,2025-09-28 23:03:51,1,6,0,0
13117,2025-09-28 23:10:35,0,10,0,0
8044,2025-09-28 23:11:36,0,7,0,0
88146,2025-09-28 23:15:26,1,9,0,0
71576,2025-09-28 23:20:33,0,4,1,298
57197,2025-09-28 23:22:37,0,5,1,176
64100,2025-09-28 23:29:12,0,7,0,0
89815,2025-09-28 23:32:51,0,4,1,413
91017,2025-09-28 23:43:11,0,5,0,0
77934,2025-09-28 23:49:17,0,4,0,0
40845,2025-09-28 23:55:57,0,2,0,0
17089,2025-09-28 23:59:29,0,5,1,229
73710,2025-09-29 00:01:21,0,4,1,194
44843,2025-09-29 00:23:30,0,8,0,0
32058,2025-09-29 00:25:04,0,6,1,286
60569,2025-09-29 00:47:17,1,8,1,178
33229,2025-09-29 00:54:48,0,7,1,171
20146,2025-09-29 01:16:34,0,8,0,0
80721,2025-09-29 01:20:14,0,7,0,0
88208,2025-09-29 01:28:48,0,3,1,278
72853,2025-09-29 01:31:27,1,4,0,0
9092,2025-09-29 01:32:14,0,3,0,0
53073,2025-09-29 01:34:15,0,7,0,0
53875,2025-09-29 01:57:01,0,6,0,0
60701,2025-09-29 01:58:32,0,11,0,0
25546,2025-09-29 02:00:31,0,5,0,0
55851,2025-09-29 02:16:16,0,9,0,0
44987,2025-09-29 02:40:11,1,7,0,0
85970,2025-09-29 02:43:52,1,3,0,0
38246,2025-09-29 02:51:29,0,9,0,0
39441,2025-09-29 02:53:55,1,8,0,0
68596,2025-09-29 03:04:17,0,6,0,0
26369,2025-09-29 03:05:22,0,8,1,502
87124,2025-09-29 03:16:22,0,3,1,179
25203,2025-09-29 03:24:56,1,8,0,0
17289,2025-09-29 03:43:26,0,8,0,0
15516,2025-09-29 03:59:09,1,9,1,358
70894,2025-09-29 04:06:45,1,3,0,0
68784,2025-09-29 04:13:58,1,10,1,369
16499,2025-09-29 04:17:56,0,12,0,0
53159,2025-09-29 04:28:02,0,2,1,491
40578,2025-09-29 04:32:20,1,8,1,394
56607,2025-09-29 04:39:12,1,6,1,278
39496,2025-09-29 04:46:32,0,5,0,0
33736,2025-09-29 04:53:54,0,5,0,0
75609,2025-09-29 05:10:10,0,4,1,320
85360,2025-09-29 05:12:22,1,10,1,238
62064,2025-09-29 05:40:33,0,3,0,0
46478,2025-09-29 06:09:53,1,5,0,0
36248,2025-09-29 06:20:28,0,7,1,424
2837,2025-09-29 06:38:40,0,8,0,0
82111,2025-09-29 06:59:53,1,7,0,0
6758,2025-09-29 07:01:59,0,7,0,0
31343,2025-09-29 07:10:39,1,4,1,400
81578,2025-09-29 07:14:10,0,3,1,238
8305,2025-09-29 07:17:25,1,6,1,731
73189,2025-09-29 07:22:59,0,4,0,0
79503,2025-09-29 07:45:57,0,12,0,0
94926,2025-09-29 08:10:30,0,8,1,301
53998,2025-09-29 08:12:38,0,5,1,194
86713,2025-09-29 08:15:28,0,5,0,0
35505,2025-09-29 08:18:08,1,5,0,0
4484,2025-09-29 08:18:55,0,6,0,0
3367,2025-09-29 08:19:07,0,5,0,0
18145,2025-09-29 08:27:18,0,6,0,0
54098,2025-09-29 08:31:58,0,6,0,0
18373,2025-09-29 08:36:56,0,12,1,272
36187,2025-09-29 08:40:23,0,5,0,0
51072,2025-09-29 08:59:54,1,8,0,0
46172,2025-09-29 09:17:29,0,10,0,0
64278,2025-09-29 09:23:14,0,8,0,0
40876,2025-09-29 09:27:44,0,6,0,0
18105,2025-09-29 09:35:16,1,10,0,0
75899,2025-09-29 09:38:01,0,5,1,319
91970,2025-09-29 09:50:00,0,6,0,0
71086,2025-09-29 10:00:14,0,7,1,415
39882,2025-09-29 10:01:37,1,6,0,0
69363,2025-09-29 10:02:07,0,9,1,277
72814,2025-09-29 10:02:37,1,5,0,0
79753,2025-09-29 10:08:15,1,6,0,0
63528,2025-09-29 10:09:18,0,10,0,0
51229,2025-09-29 10:10:24,0,8,1,248
52070,2025-09-29 10:12:42,0,10,0,0
43609,2025-09-29 10:18:34,1,9,0,0
13533,2025-09-29 10:26:21,0,4,0,0
55999,2025-09-29 10:34:14,1,4,0,0
16855,2025-09-29 10:35:43,0,3,0,0
38895,2025-09-29 10:37:16,1,8,1,334
27140,2025-09-29 10:37:44,1,4,0,0
63422,2025-09-29 10:38:15,0,6,0,0
18731,2025-09-29 10:39:54,0,7,0,0
63422,2025-09-29 10:49:37,0,4,0,0
56004,2025-09-29 10:50:03,0,8,0,0
84683,2025-09-29 10:57:13,1,9,0,0
11606,2025-09-29 10:58:21,0,10,0,0
24148,2025-09-29 10:58:33,1,6,0,0
76074,2025-09-29 10:59:56,0,3,1,351
99218,2025-09-29 11:07:03,0,4,1,404
75116,2025-09-29 11:27:15,0,6,1,390
34752,2025-09-29 11:28:24,1,3,0,0
12802,2025-09-29 11:32:32,0,4,0,0
94331,2025-09-29 11:36:40,1,3,1,400
43358,2025-09-29 11:38:00,1,3,1,252
27140,2025-09-29 11:38:14,0,9,0,0
29437,2025-09-29 11:38:26,0,3,1,617
9025,2025-09-29 11:39:16,0,5,0,0
64775,2025-09-29 11:40:52,0,2,0,0
72977,2025-09-29 11:41:23,0,7,1,439
1440,2025-09-29 11:43:06,1,5,0,0
31288,2025-09-29 11:43:43,0,7,1,217
35505,2025-09-29 11:47:18,0,5,1,225
78472,2025-09-29 11:56:25,0,3,0,0
24483,2025-09-29 12:00:00,0,3,0,0
47014,2025-09-29 12:18:24,0,2,0,0
54809,2025-09-29 12:23:24,0,6,0,0
79878,2025-09-29 12:33:13,0,6,0,0
81499,2025-09-29 12:44:56,0,2,1,435
34440,2025-09-29 12:45:02,0,4,0,0
49973,2025-09-29 12:51:55,0,7,0,0
8599,2025-09-29 12:55:07,1,6,0,0
78175,2025-09-29 13:02:13,0,7,0,0
61932,2025-09-29 13:08:48,0,10,0,0
86940,2025-09-29 13:14:25,0,13,0,0
94074,2025-09-29 13:18:22,0,8,0,0
89784,2025-09-29 13:24:39,0,4,0,0
34608,2025-09-29 13:31:35,0,7,0,0
9146,2025-09-29 13:39:58,1,11,0,0
88488,2025-09-29 13:46:20,0,6,0,0
78972,2025-09-29 13:48:44,0,8,0,0
19559,2025-09-29 13:54:13,1,4,0,0
86828,2025-09-29 14:00:31,1,6,0,0
12339,2025-09-29 14:05:58,0,5,1,265
2106,2025-09-29 14:08:16,1,4,1,340
19815,2025-09-29 14:27:25,0,5,1,208
6758,2025-09-29 14:48:43,0,8,0,0
81148,2025-09-29 14:54:40,0,2,1,328
63422,2025-09-29 15:13:24,1,5,0,0
17723,2025-09-29 15:23:45,0,9,0,0
36761,2025-09-29 15:25:17,0,5,0,0
45070,2025-09-29 15:37:25,0,6,1,266
80881,2025-09-29 15:49:27,0,1,0,0
63658,2025-09-29 15:55:08,1,4,1,453
32817,2025-09-29 15:58:14,0,4,0,0
23797,2025-09-29 16:02:53,0,4,0,0
50312,2025-09-29 16:27:32,0,6,1,239
40937,2025-09-29 16:32:10,1,7,1,389
1439,2025-09-29 16:32:44,0,7,1,197
15348,2025-09-29 16:39:31,0,6,0,0
33155,2025-09-29 16:40:45,1,5,0,0
79530,2025-09-29 16:49:15,0,5,0,0
94249,2025-09-29 16:56:22,0,9,0,0
2778,2025-09-29 16:57:35,1,7,0,0
34259,2025-09-29 17:09:57,0,4,0,0
36092,2025-09-29 17:20:14,0,7,1,165
48604,2025-09-29 17:27:35,1,13,0,0
501,2025-09-29 17:35:46,0,7,0,0
79282,2025-09-29 17:40:09,0,3,0,0
8463,2025-09-29 17:53:28,1,7,0,0
7492,2025-09-29 17:55:55,0,1,0,0
38246,2025-09-29 18:00:39,1,9,0,0
9818,2025-09-29 18:12:07,0,4,1,215
87433,2025-09-29 18:17:43,0,4,1,371
3946,2025-09-29 18:22:17,1,6,1,293
27966,2025-09-29 18:26:35,1,7,0,0
41649,2025-09-29 18:29:23,0,7,0,0
57888,2025-09-29 18:30:38,0,8,0,0
15173,2025-09-29 18:34:31,0,9,0,0
48189,2025-09-29 18:34:54,0,4,0,0
23295,2025-09-29 18:44:12,1,3,1,332
24832,2025-09-29 18:48:48,0,6,0,0
80294,2025-09-29 18:52:21,1,1,0,0
90786,2025-09-29 18:53:54,1,4,1,590
16963,2025-09-29 18:59:22,0,8,0,0
77545,2025-09-29 19:08:53,1,5,0,0
7433,2025-09-29 19:13:09,0,9,1,576
34157,2025-09-29 19:13:23,1,5,1,407
41659,2025-09-29 19:14:36,0,4,1,446
79503,2025-09-29 19:16:40,0,5,1,277
2778,2025-09-29 19:18:46,0,7,0,0
36719,2025-09-29 19:32:30,0,7,1,288
31881,2025-09-29 19:37:43,1,5,0,0
59345,2025-09-29 19:39:41,0,6,1,437
87908,2025-09-29 19:44:17,1,4,0,0
35486,2025-09-29 19:45:31,0,4,1,432
57732,2025-09-29 19:48:56,0,9,1,478
54809,2025-09-29 19:53:52,0,8,0,0
21918,2025-09-29 19:54:28,1,10,1,115
97493,2025-09-29 19:55:42,0,7,0,0
54643,2025-09-29 19:57:26,0,5,1,426
86728,2025-09-29 19:57:44,0,7,1,141
5734,2025-09-29 20:02:28,0,4,0,0
89370,2025-09-29 20:03:33,0,7,1,343
67627,2025-09-29 20:05:03,0,10,0,0
51790,2025-09-29 20:14:07,1,6,1,206
55647,2025-09-29 20:14:21,1,3,1,223
24059,2025-09-29 20:17:40,0,8,0,0
55428,2025-09-29 20:26:48,0,7,0,0
34009,2025-09-29 20:27:26,1,4,1,253
58641,2025-09-29 20:28:13,0,8,0,0
37650,2025-09-29 20:32:07,0,4,1,162
99979,2025-09-29 20:41:19,0,7,1,321
93154,2025-09-29 20:44:59,0,5,0,0
13037,2025-09-29 20:50:01,1,5,0,0
95700,2025-09-29 20:50:52,0,9,0,0
88053,2025-09-29 20:54:51,0,9,1,337
75024,2025-09-29 20:55:31,0,8,1,448
49033,2025-09-29 20:59:55,0,11,1,593
19611,2025-09-29 21:03:30,0,3,0,0
14459,2025-09-29 21:04:35,0,7,1,292
78717,2025-09-29 21:08:43,1,8,0,0
2332,2025-09-29 21:12:24,1,2,0,0
7221,2025-09-29 21:13:30,1,7,1,322
98531,2025-09-29 21:15:59,0,7,0,0
28662,2025-09-29 21:36:37,1,2,0,0
60136,2025-09-29 21:37:01,0,3,1,299
87433,2025-09-29 21:38:52,1,5,0,0
31505,2025-09-29 21:59:16,1,5,0,0
86574,2025-09-29 22:04:23,0,3,0,0
21365,2025-09-29 22:11:35,1,5,0,0
25988,2025-09-29 22:13:02,1,6,1,279
65922,2025-09-29 22:19:31,0,8,0,0
36022,2025-09-29 22:33:18,0,9,0,0
68141,2025-09-29 22:34:00,0,5,0,0
23657,2025-09-29 22:38:36,1,13,0,0
78106,2025-09-29 22:48:34,0,6,0,0
33155,2025-09-29 22:51:22,1,9,0,0
13363,2025-09-29 22:53:41,0,7,1,264
51283,2025-09-29 22:59:42,0,8,1,319
63446,2025-09-29 23:01:10,0,7,0,0
90076,2025-09-29 23:10:20,0,5,0,0
67117,2025-09-29 23:12:02,1,5,0,0
77463,2025-09-29 23:12:43,0,8,1,432
64171,2025-09-29 23:18:26,0,9,0,0
96170,2025-09-29 23:23:05,0,7,0,0
4352,2025-09-29 23:23:57,0,7,1,386
99953,2025-09-29 23:26:59,0,6,0,0
30239,2025-09-29 23:35:12,0,3,1,388
1088,2025-09-29 23:40:37,0,3,1,322
54287,2025-09-29 23:46:01,0,5,0,0
82705,2025-09-29 23:51:17,1,11,0,0
87378,2025-09-30 00:03:25,0,6,1,268
46648,2025-09-30 00:19:37,1,7,0,0
12455,2025-09-30 00:22:43,0,5,1,218
19183,2025-09-30 00:22:45,0,6,1,211
97742,2025-09-30 00:29:06,0,3,0,0
40484,2025-09-30 00:42:11,0,6,0,0
12102,2025-09-30 00:47:14,0,4,0,0
14624,2025-09-30 00:52:35,0,3,0,0
34154,2025-09-30 00:53:33,1,9,0,0
6475,2025-09-30 01:01:44,0,4,0,0
60210,2025-09-30 01:13:36,0,5,0,0
91970,2025-09-30 01:23:16,0,5,1,331
44415,2025-09-30 01:23:42,0,7,0,0
4484,2025-09-30 01:51:55,1,3,1,187
56432,2025-09-30 01:52:08,0,8,1,307
13508,2025-09-30 02:38:05,0,7,0,0
51556,2025-09-30 02:52:16,0,4,0,0
47798,2025-09-30 03:00:41,0,7,0,0
24148,2025-09-30 03:23:13,1,7,0,0
39882,2025-09-30 03:30:07,0,9,1,241
31441,2025-09-30 03:40:06,0,6,0,0
84188,2025-09-30 03:52:43,0,8,0,0
56432,2025-09-30 04:09:46,0,4,1,457
34436,2025-09-30 04:14:13,1,6,1,402
32512,2025-09-30 04:19:11,0,7,1,359
7737,2025-09-30 04:20:22,0,6,0,0
15338,2025-09-30 04:31:00,0,6,1,1072
3030,2025-09-30 04:34:34,0,2,0,0
15516,2025-09-30 04:48:50,1,6,1,445
60569,2025-09-30 04:52:24,0,7,0,0
13953,2025-09-30 04:57:35,0,4,0,0
43939,2025-09-30 05:12:26,0,8,0,0
34608,2025-09-30 05:13:28,0,8,1,337
81645,2025-09-30 05:37:16,0,9,0,0
67089,2025-09-30 06:12:38,0,8,0,0
79820,2025-09-30 06:32:38,1,6,0,0
25696,2025-09-30 06:38:26,0,6,0,0
32134,2025-09-30 06:43:31,0,3,1,345
13037,2025-09-30 06:48:03,0,3,0,0
43358,2025-09-30 06:59:21,0,5,0,0
69897,2025-09-30 07:09:52,0,3,0,0
2819,2025-09-30 07:13:42,0,5,0,0
51556,2025-09-30 07:27:08,0,5,1,145
22346,2025-09-30 07:46:35,0,5,0,0
14675,2025-09-30 07:53:52,0,8,0,0
16066,2025-09-30 08:15:11,0,5,0,0
25038,2025-09-30 08:27:07,1,11,0,0
31288,2025-09-30 08:41:13,0,8,1,323
83997,2025-09-30 08:51:41,0,6,0,0
47335,2025-09-30 08:53:08,0,8,1,292
14944,2025-09-30 08:53:33,0,4,0,0
24832,2025-09-30 09:06:12,0,5,0,0
44987,2025-09-30 09:06:36,1,9,1,273
36101,2025-09-30 09:06:57,0,7,0,0
94926,2025-09-30 09:16:18,0,5,0,0
87431,2025-09-30 09:24:58,0,4,0,0
36866,2025-09-30 09:36:52,0,8,0,0
50821,2025-09-30 09:43:52,1,6,1,495
86713,2025-09-30 09:49:28,0,13,0,0
69930,2025-09-30 10:00:13,1,6,0,0
83264,2025-09-30 10:08:41,1,8,0,0
54168,2025-09-30 10:15:44,0,4,0,0
91944,2025-09-30 10:22:28,1,7,0,0
54665,2025-09-30 10:38:32,0,5,0,0
63376,2025-09-30 10:58:52,1,7,0,0
49806,2025-09-30 10:59:00,0,4,0,0
96227,2025-09-30 11:01:21,0,4,0,0
4959,2025-09-30 11:08:06,0,5,0,0
1191,2025-09-30 11:10:24,0,9,1,212
45515,2025-09-30 11:24:58,1,11,1,187
45013,2025-09-30 11:26:12,0,8,0,0
21463,2025-09-30 11:26:18,0,8,0,0
9040,2025-09-30 11:36:57,1,3,0,0
71365,2025-09-30 11:42:17,0,4,0,0
62064,2025-09-30 11:58:33,0,6,1,213
49362,2025-09-30 11:59:29,0,7,0,0
85128,2025-09-30 12:00:57,1,7,0,0
23863,2025-09-30 12:04:37,0,6,1,790
27140,2025-09-30 12:12:51,0,10,0,0
16963,2025-09-30 12:14:23,1,4,1,363
84548,2025-09-30 12:16:35,0,7,0,0
69363,2025-09-30 12:22:09,0,5,0,0
26686,2025-09-30 12:27:55,1,4,0,0
90162,2025-09-30 12:40:14,0,5,0,0
3367,2025-09-30 12:41:13,0,8,0,0
61539,2025-09-30 12:42:59,1,5,1,251
70498,2025-09-30 12:55:22,1,3,1,261
26369,2025-09-30 13:03:08,0,4,0,0
57732,2025-09-30 13:18:13,1,3,0,0
10271,2025-09-30 13:21:05,0,10,1,219
16727,2025-09-30 13:26:36,0,10,0,0
53792,2025-09-30 13:37:46,0,4,0,0
54993,2025-09-30 13:49:01,0,9,0,0
4729,2025-09-30 13:52:27,1,9,1,243
92876,2025-09-30 13:52:53,0,11,0,0
72565,2025-09-30 13:58:35,0,6,0,0
20710,2025-09-30 14:07:36,0,5,0,0
71086,2025-09-30 14:31:37,1,9,1,277
28388,2025-09-30 14:33:39,0,6,0,0
76832,2025-09-30 14:45:29,1,11,1,271
33060,2025-09-30 14:45:54,1,10,1,380
47598,2025-09-30 14:49:23,0,3,0,0
18145,2025-09-30 14:51:50,1,6,0,0
13464,2025-09-30 15:00:21,1,4,1,332
86728,2025-09-30 15:00:25,0,4,0,0
51919,2025-09-30 15:02:22,0,2,1,270
33832,2025-09-30 15:08:46,0,9,0,0
56204,2025-09-30 15:14:41,0,10,0,0
14635,2025-09-30 15:22:27,1,6,1,233
83264,2025-09-30 15:24:29,1,7,0,0
6111,2025-09-30 15:24:50,0,3,0,0
94097,2025-09-30 15:25:14,0,5,0,0
40484,2025-09-30 15:29:35,1,4,0,0
33049,2025-09-30 15:32:45,0,1,1,206
58974,2025-09-30 15:35:31,1,8,0,0
48424,2025-09-30 15:37:01,0,8,0,0
22564,2025-09-30 15:39:51,0,7,0,0
7936,2025-09-30 15:42:54,1,2,0,0
77238,2025-09-30 15:43:23,0,7,0,0
85359,2025-09-30 16:01:57,1,1,1,300
72890,2025-09-30 16:09:26,0,8,0,0
67656,2025-09-30 16:16:41,0,3,1,247
11181,2025-09-30 16:19:51,0,4,0,0
98063,2025-09-30 16:22:29,0,2,0,0
46891,2025-09-30 16:23:34,1,5,1,246
20710,2025-09-30 16:30:24,1,6,0,0
2778,2025-09-30 16:33:03,1,3,0,0
85460,2025-09-30 16:50:32,1,6,1,567
89815,2025-09-30 16:55:21,1,6,0,0
73119,2025-09-30 16:56:33,1,2,0,0
90449,2025-09-30 17:01:07,0,6,0,0
86547,2025-09-30 17:05:20,1,11,0,0
28722,2025-09-30 17:21:59,0,4,0,0
40828,2025-09-30 17:52:59,0,10,0,0
1088,2025-09-30 17:53:22,1,5,1,318
60701,2025-09-30 17:59:47,0,5,0,0
48819,2025-09-30 18:06:39,0,3,1,212
23683,2025-09-30 18:11:46,0,2,0,0
49297,2025-09-30 18:15:14,0,7,0,0
73687,2025-09-30 18:17:13,1,4,0,0
59650,2025-09-30 18:22:57,0,6,1,276
97930,2025-09-30 18:25:25,1,9,0,0
4484,2025-09-30 18:27:15,1,4,0,0
99933,2025-09-30 18:41:56,0,6,0,0
27927,2025-09-30 18:43:07,1,6,0,0
14320,2025-09-30 18:55:25,1,5,0,0
71668,2025-09-30 19:03:03,1,8,1,260
16802,2025-09-30 19:03:45,0,4,0,0
9025,2025-09-30 19:04:21,1,5,1,261
19668,2025-09-30 19:10:41,1,10,0,0
83157,2025-09-30 19:12:04,0,7,1,288
26179,2025-09-30 19:23:36,0,6,1,268
27770,2025-09-30 19:25:18,0,9,0,0
4729,2025-09-30 19:34:07,0,6,0,0
82705,2025-09-30 19:43:17,0,6,0,0
83264,2025-09-30 20:04:29,0,8,1,259
15882,2025-09-30 20:08:27,0,2,0,0
11466,2025-09-30 20:18:16,0,5,0,0
75823,2025-09-30 20:23:50,0,4,1,434
43392,2025-09-30 20:25:34,0,6,0,0
77347,2025-09-30 20:26:09,0,5,0,0
98871,2025-09-30 20:27:38,0,10,1,308
53073,2025-09-30 20:27:51,0,5,0,0
8378,2025-09-30 20:31:31,1,7,0,0
71357,2025-09-30 20:35:24,0,10,0,0
53875,2025-09-30 20:43:35,1,7,1,284
95402,2025-09-30 20:49:30,0,5,0,0
46529,2025-09-30 20:50:53,1,5,0,0
83320,2025-09-30 21:03:14,0,2,1,317
51090,2025-09-30 21:04:52,0,7,0,0
29315,2025-09-30 21:09:09,0,7,1,391
18145,2025-09-30 21:13:54,0,6,0,0
43358,2025-09-30 21:15:48,1,11,1,397
19815,2025-09-30 21:16:17,0,8,0,0
55800,2025-09-30 21:27:17,0,6,0,0
30746,2025-09-30 21:29:24,0,8,0,0
23373,2025-09-30 21:32:34,1,5,1,274
18283,2025-09-30 21:39:49,0,6,0,0
17328,2025-09-30 21:49:16,0,2,0,0
44221,2025-09-30 22:06:35,0,6,1,378
20734,2025-09-30 22:06:47,0,4,0,0
41922,2025-09-30 22:06:47,0,6,0,0
49147,2025-09-30 22:12:01,1,6,1,361
89286,2025-09-30 22:37:05,0,9,1,312
55812,2025-09-30 22:54:12,0,2,0,0
37384,2025-09-30 23:06:26,1,3,0,0
72890,2025-09-30 23:14:21,0,10,0,0
49199,2025-09-30 23:17:33,0,6,0,0
62656,2025-09-30 23:25:01,0,7,0,0
45577,2025-09-30 23:31:11,1,9,0,0
24059,2025-09-30 23:34:05,0,6,0,0
44709,2025-09-30 23:36:01,0,10,1,235
38895,2025-09-30 23:36:57,1,4,1,320
29978,2025-09-30 23:45:40,0,8,0,0
13478,2025-09-30 23:45:58,1,7,0,0
32424,2025-09-30 23:46:19,0,13,0,0
38118,2025-09-30 23:57:04,0,5,0,0
82253,2025-09-30 23:57:48,0,6,1,276
