user_id,session_start_dttm,desktop_flag,session_duration_min,purchase_flag,purchase_amount_rub
66017,2024-09-01 00:54:35,0,13,0,0
63327,2024-09-01 00:55:34,0,10,0,0
69498,2024-09-01 00:56:36,0,8,1,330
17197,2024-09-01 00:57:58,0,6,1,529
61507,2024-09-01 00:59:39,1,3,1,430
11097,2024-09-01 01:07:15,0,6,0,0
41720,2024-09-01 01:40:26,0,8,0,0
38396,2024-09-01 01:41:35,1,6,0,0
12768,2024-09-01 01:56:55,0,8,0,0
73239,2024-09-01 02:09:46,0,6,0,0
79748,2024-09-01 02:41:45,0,6,1,269
26105,2024-09-01 02:42:24,1,7,0,0
95653,2024-09-01 02:46:38,1,10,1,497
51769,2024-09-01 02:49:59,0,8,0,0
11301,2024-09-01 03:04:22,0,6,0,0
97669,2024-09-01 03:06:55,1,4,0,0
82478,2024-09-01 03:25:36,0,7,0,0
35785,2024-09-01 03:35:22,0,5,0,0
65936,2024-09-01 03:43:36,1,3,0,0
43956,2024-09-01 03:54:49,1,7,0,0
38031,2024-09-01 04:05:50,0,2,1,277
95231,2024-09-01 04:09:25,0,6,0,0
68197,2024-09-01 04:22:16,1,3,1,327
18213,2024-09-01 04:36:34,1,9,1,233
89871,2024-09-01 05:13:42,1,8,0,0
58939,2024-09-01 05:32:19,0,3,1,352
61752,2024-09-01 06:01:04,0,4,1,295
67130,2024-09-01 06:01:45,1,6,1,328
63070,2024-09-01 06:19:41,0,10,1,310
74635,2024-09-01 06:19:58,0,4,0,0
14777,2024-09-01 06:28:29,0,11,1,427
4907,2024-09-01 06:36:28,0,7,1,443
2501,2024-09-01 06:54:04,0,2,1,193
86052,2024-09-01 07:00:12,0,4,0,0
91948,2024-09-01 07:49:06,0,6,1,520
65474,2024-09-01 07:58:10,0,7,0,0
49390,2024-09-01 08:04:06,0,2,1,653
90832,2024-09-01 08:26:11,0,6,0,0
35414,2024-09-01 08:27:59,0,5,0,0
5052,2024-09-01 08:37:37,1,8,0,0
90813,2024-09-01 08:40:35,0,8,0,0
86746,2024-09-01 08:47:06,1,6,0,0
37082,2024-09-01 08:52:13,0,5,0,0
14290,2024-09-01 09:05:57,0,6,1,209
71779,2024-09-01 09:11:25,0,5,0,0
56569,2024-09-01 09:23:42,0,6,0,0
73192,2024-09-01 09:38:49,0,6,1,330
4117,2024-09-01 09:42:56,0,7,0,0
7981,2024-09-01 09:42:59,0,6,1,337
48420,2024-09-01 10:14:42,0,9,1,382
85500,2024-09-01 10:16:39,0,7,1,186
27023,2024-09-01 10:35:56,1,5,1,400
67933,2024-09-01 10:42:08,1,5,0,0
74635,2024-09-01 10:50:31,0,4,1,162
97418,2024-09-01 11:01:29,1,3,0,0
11947,2024-09-01 11:06:12,0,8,0,0
40698,2024-09-01 11:09:15,0,7,1,305
66176,2024-09-01 11:16:16,0,4,1,244
39777,2024-09-01 11:32:49,0,2,0,0
24321,2024-09-01 11:37:22,0,4,1,228
18125,2024-09-01 11:41:12,1,2,1,406
51405,2024-09-01 11:42:51,0,4,1,284
5860,2024-09-01 11:50:39,0,8,0,0
64569,2024-09-01 12:03:17,0,7,0,0
62167,2024-09-01 12:04:00,0,9,0,0
4117,2024-09-01 12:12:04,1,4,0,0
57007,2024-09-01 12:20:54,0,7,1,326
46342,2024-09-01 12:21:49,0,9,0,0
3846,2024-09-01 12:24:37,0,6,0,0
79986,2024-09-01 12:26:44,0,4,0,0
66555,2024-09-01 12:27:16,0,9,0,0
87463,2024-09-01 12:31:35,0,5,1,436
72664,2024-09-01 12:35:10,1,6,0,0
80681,2024-09-01 12:45:22,0,4,0,0
34455,2024-09-01 12:50:24,0,9,0,0
14459,2024-09-01 13:03:20,1,6,1,388
55431,2024-09-01 13:04:41,0,4,1,219
66830,2024-09-01 13:06:01,0,14,0,0
69386,2024-09-01 13:08:17,1,10,1,273
18213,2024-09-01 13:10:47,0,14,0,0
16702,2024-09-01 13:16:16,0,5,0,0
61678,2024-09-01 13:24:42,0,5,0,0
90708,2024-09-01 13:25:29,0,5,1,369
68181,2024-09-01 13:46:08,1,9,0,0
13503,2024-09-01 13:47:05,0,10,0,0
2373,2024-09-01 13:53:58,0,6,0,0
96240,2024-09-01 13:55:43,1,8,1,467
40608,2024-09-01 13:59:03,0,6,0,0
61644,2024-09-01 14:00:42,0,7,0,0
94542,2024-09-01 14:04:51,0,7,1,284
17424,2024-09-01 14:07:14,1,7,0,0
80869,2024-09-01 14:19:42,0,7,0,0
11226,2024-09-01 14:21:26,1,5,0,0
51484,2024-09-01 14:26:54,1,6,1,275
74870,2024-09-01 14:35:00,0,3,1,383
84960,2024-09-01 14:38:27,0,5,0,0
61378,2024-09-01 14:45:04,0,8,0,0
1740,2024-09-01 14:46:26,0,7,0,0
31426,2024-09-01 14:51:15,0,10,0,0
34695,2024-09-01 15:21:05,0,6,0,0
24321,2024-09-01 15:26:35,0,3,0,0
29815,2024-09-01 15:27:32,0,5,0,0
57761,2024-09-01 15:29:47,0,6,0,0
40622,2024-09-01 15:30:07,0,4,0,0
37015,2024-09-01 15:35:12,0,12,0,0
41720,2024-09-01 15:39:14,1,3,1,365
12814,2024-09-01 15:41:13,1,10,0,0
88066,2024-09-01 15:44:21,0,8,1,466
78683,2024-09-01 15:48:40,0,12,0,0
42182,2024-09-01 15:52:59,0,7,0,0
7233,2024-09-01 15:55:59,1,3,0,0
80441,2024-09-01 15:56:27,0,7,0,0
92406,2024-09-01 15:57:44,0,3,1,397
45703,2024-09-01 16:00:58,0,8,1,496
36658,2024-09-01 16:13:03,1,7,0,0
48886,2024-09-01 16:14:53,0,2,0,0
26165,2024-09-01 16:16:53,1,6,0,0
97297,2024-09-01 16:38:35,0,8,0,0
69687,2024-09-01 16:43:33,0,6,0,0
16655,2024-09-01 16:44:15,0,5,1,203
36255,2024-09-01 16:45:38,0,8,0,0
8441,2024-09-01 16:51:42,0,3,1,275
67804,2024-09-01 16:58:54,1,5,0,0
52763,2024-09-01 17:00:39,0,7,0,0
98073,2024-09-01 17:07:09,1,7,0,0
47672,2024-09-01 17:09:36,0,4,0,0
59756,2024-09-01 17:10:20,1,5,0,0
40248,2024-09-01 17:14:02,1,5,1,375
98331,2024-09-01 17:41:39,0,3,1,340
94579,2024-09-01 17:44:30,0,8,1,303
48886,2024-09-01 17:51:20,1,7,0,0
26989,2024-09-01 18:05:49,1,6,1,198
69642,2024-09-01 18:08:42,0,4,1,229
42971,2024-09-01 18:21:18,1,5,0,0
61378,2024-09-01 18:27:51,1,7,1,404
55577,2024-09-01 18:46:57,0,6,0,0
84960,2024-09-01 18:48:43,1,4,1,366
86728,2024-09-01 18:50:30,1,7,0,0
22522,2024-09-01 18:52:44,1,9,1,372
5991,2024-09-01 18:58:55,1,5,0,0
96947,2024-09-01 19:03:55,1,7,0,0
99952,2024-09-01 19:09:35,1,10,0,0
45417,2024-09-01 19:12:55,0,8,0,0
82050,2024-09-01 19:15:19,1,7,0,0
61721,2024-09-01 19:22:38,1,9,1,353
66415,2024-09-01 19:27:02,0,12,0,0
19476,2024-09-01 19:35:59,0,8,0,0
18550,2024-09-01 19:47:02,0,9,1,233
12768,2024-09-01 20:02:44,0,7,0,0
97669,2024-09-01 20:09:03,1,8,0,0
24422,2024-09-01 20:14:38,1,7,0,0
5125,2024-09-01 20:18:27,0,6,0,0
56162,2024-09-01 20:19:22,0,11,0,0
25469,2024-09-01 20:19:35,0,4,0,0
42971,2024-09-01 20:23:16,0,7,0,0
8127,2024-09-01 20:26:23,0,3,0,0
34382,2024-09-01 20:29:59,1,6,0,0
36198,2024-09-01 20:35:18,1,3,1,308
51321,2024-09-01 20:48:27,1,11,0,0
50795,2024-09-01 20:49:39,0,2,0,0
16473,2024-09-01 20:51:52,0,9,0,0
89249,2024-09-01 21:02:45,0,3,0,0
5852,2024-09-01 21:09:12,0,3,0,0
99487,2024-09-01 21:11:53,0,8,0,0
1599,2024-09-01 21:12:58,1,7,0,0
40351,2024-09-01 21:15:11,0,10,0,0
20676,2024-09-01 21:19:38,0,6,1,239
44701,2024-09-01 21:19:54,1,14,0,0
18933,2024-09-01 21:22:37,0,5,0,0
74372,2024-09-01 21:31:12,0,5,0,0
89437,2024-09-01 21:33:10,0,4,0,0
29815,2024-09-01 21:35:00,0,8,1,231
17869,2024-09-01 21:41:12,0,4,0,0
79971,2024-09-01 21:42:32,0,8,0,0
65313,2024-09-01 21:48:16,0,9,0,0
81390,2024-09-01 21:51:49,0,6,0,0
73968,2024-09-01 21:55:44,1,2,0,0
26774,2024-09-01 22:00:15,0,7,0,0
81354,2024-09-01 22:04:22,0,2,0,0
25944,2024-09-01 22:09:35,0,4,0,0
27318,2024-09-01 22:12:02,0,4,0,0
14290,2024-09-01 22:28:17,0,8,1,458
68316,2024-09-01 22:44:56,0,4,0,0
13140,2024-09-01 22:47:05,0,7,0,0
51889,2024-09-01 22:47:17,1,7,1,180
17197,2024-09-01 22:51:12,0,3,0,0
91465,2024-09-01 22:53:46,0,9,1,265
9613,2024-09-01 22:59:38,0,7,0,0
13913,2024-09-01 23:09:44,0,11,0,0
5852,2024-09-01 23:13:29,0,7,0,0
14410,2024-09-01 23:13:58,1,10,0,0
73076,2024-09-01 23:20:59,1,8,0,0
37869,2024-09-01 23:27:10,0,9,1,400
53191,2024-09-01 23:33:17,0,5,0,0
40698,2024-09-01 23:44:39,0,9,0,0
90029,2024-09-01 23:48:44,0,4,0,0
89245,2024-09-01 23:51:23,0,8,0,0
69384,2024-09-01 23:55:12,1,7,1,231
63707,2024-09-02 00:03:48,1,10,1,588
22904,2024-09-02 00:11:43,1,9,0,0
22087,2024-09-02 00:17:00,0,5,1,288
80681,2024-09-02 00:37:42,0,3,1,464
21830,2024-09-02 00:55:48,0,8,0,0
98319,2024-09-02 01:06:25,0,5,1,237
16602,2024-09-02 02:01:26,1,8,1,326
19648,2024-09-02 02:07:48,1,9,1,343
47433,2024-09-02 02:11:25,1,7,0,0
91723,2024-09-02 02:28:37,0,5,0,0
21348,2024-09-02 02:31:24,0,5,1,286
68181,2024-09-02 02:52:42,1,6,0,0
10475,2024-09-02 02:54:08,0,8,1,303
99487,2024-09-02 02:55:00,0,9,0,0
51484,2024-09-02 03:00:19,0,6,1,374
47401,2024-09-02 03:01:57,1,5,1,517
78683,2024-09-02 03:37:33,0,5,1,284
21677,2024-09-02 04:18:26,0,6,0,0
11301,2024-09-02 04:48:38,1,10,0,0
78683,2024-09-02 04:48:53,0,4,0,0
29024,2024-09-02 04:55:28,1,5,0,0
40970,2024-09-02 05:05:26,0,4,1,253
11235,2024-09-02 05:16:28,0,5,0,0
81148,2024-09-02 05:17:39,0,6,1,523
72522,2024-09-02 05:17:49,0,10,0,0
25698,2024-09-02 05:19:19,0,6,0,0
36685,2024-09-02 05:22:19,0,5,0,0
81354,2024-09-02 05:45:53,0,7,0,0
38177,2024-09-02 05:48:51,0,8,0,0
40451,2024-09-02 06:24:40,1,3,1,408
41655,2024-09-02 06:42:17,0,3,0,0
69500,2024-09-02 06:56:47,0,1,1,219
12513,2024-09-02 06:58:40,0,3,0,0
523,2024-09-02 07:00:38,0,5,1,286
11794,2024-09-02 07:08:45,0,6,0,0
70894,2024-09-02 07:17:15,0,7,0,0
66415,2024-09-02 07:24:08,0,8,0,0
79986,2024-09-02 07:26:01,0,10,1,235
12541,2024-09-02 07:28:13,1,7,0,0
34180,2024-09-02 07:45:45,1,3,0,0
76455,2024-09-02 08:02:59,1,7,0,0
11398,2024-09-02 08:06:19,0,3,0,0
63707,2024-09-02 08:10:16,1,3,0,0
33548,2024-09-02 08:27:50,0,12,0,0
77150,2024-09-02 08:28:15,0,4,1,172
74940,2024-09-02 08:38:57,1,7,1,414
17015,2024-09-02 08:54:14,0,8,0,0
42971,2024-09-02 09:11:28,0,2,1,558
9613,2024-09-02 09:17:28,1,6,0,0
98221,2024-09-02 09:31:48,0,5,0,0
43956,2024-09-02 09:36:48,0,5,1,398
61215,2024-09-02 09:44:19,0,3,0,0
26165,2024-09-02 10:14:24,0,7,0,0
56498,2024-09-02 10:14:57,0,9,0,0
21539,2024-09-02 10:26:32,0,5,0,0
95231,2024-09-02 10:30:50,0,6,0,0
86861,2024-09-02 10:31:19,0,4,0,0
65620,2024-09-02 10:33:06,0,4,1,384
49067,2024-09-02 10:34:32,0,8,0,0
52763,2024-09-02 10:43:19,0,8,1,212
89358,2024-09-02 10:48:28,1,5,0,0
27689,2024-09-02 10:58:47,0,5,0,0
82822,2024-09-02 11:17:34,0,10,0,0
82287,2024-09-02 11:22:04,1,5,0,0
72159,2024-09-02 11:23:55,0,9,0,0
44066,2024-09-02 11:35:28,0,6,1,324
17257,2024-09-02 11:37:04,0,3,0,0
180,2024-09-02 11:44:37,0,5,0,0
73732,2024-09-02 11:44:57,1,9,0,0
48608,2024-09-02 11:50:05,0,4,0,0
97381,2024-09-02 12:00:39,0,8,0,0
86029,2024-09-02 12:08:02,0,3,0,0
13366,2024-09-02 12:08:08,0,4,1,301
88789,2024-09-02 12:13:31,0,10,0,0
66373,2024-09-02 12:17:06,0,3,0,0
93906,2024-09-02 12:22:15,0,8,0,0
21918,2024-09-02 12:31:02,0,5,1,417
3192,2024-09-02 12:33:09,0,6,0,0
25944,2024-09-02 12:33:22,0,11,0,0
16025,2024-09-02 12:35:38,0,6,0,0
7262,2024-09-02 12:47:17,1,3,0,0
62063,2024-09-02 12:47:22,0,7,0,0
74077,2024-09-02 13:01:06,0,10,0,0
29552,2024-09-02 13:03:27,0,1,0,0
36430,2024-09-02 13:06:00,0,7,0,0
47688,2024-09-02 13:10:38,0,7,0,0
59997,2024-09-02 13:16:50,0,12,0,0
51402,2024-09-02 13:21:01,0,5,1,456
4173,2024-09-02 13:33:43,1,7,1,324
29024,2024-09-02 13:34:01,0,7,0,0
79868,2024-09-02 13:34:15,0,5,0,0
96240,2024-09-02 14:08:44,0,6,0,0
492,2024-09-02 14:11:22,0,5,0,0
17901,2024-09-02 14:20:01,1,1,0,0
523,2024-09-02 14:23:20,0,5,1,313
77985,2024-09-02 14:26:21,0,5,0,0
34455,2024-09-02 14:32:29,0,11,1,281
91519,2024-09-02 14:36:11,1,10,0,0
20146,2024-09-02 14:36:38,0,5,0,0
40417,2024-09-02 14:40:11,1,5,1,254
54875,2024-09-02 14:43:33,0,7,0,0
65269,2024-09-02 14:44:56,1,9,1,215
89096,2024-09-02 14:47:53,0,6,0,0
10910,2024-09-02 14:54:37,0,5,1,337
64202,2024-09-02 15:12:46,0,7,0,0
22056,2024-09-02 15:13:01,1,6,0,0
47335,2024-09-02 15:15:19,0,3,1,389
90708,2024-09-02 15:27:06,1,4,1,397
37602,2024-09-02 15:38:02,0,6,0,0
30876,2024-09-02 15:38:07,0,6,1,546
91723,2024-09-02 15:47:33,0,5,1,371
83556,2024-09-02 15:51:19,0,5,0,0
48807,2024-09-02 15:53:23,0,5,0,0
12149,2024-09-02 16:04:24,0,3,0,0
57397,2024-09-02 16:09:08,0,9,1,296
45690,2024-09-02 16:12:52,1,8,0,0
93815,2024-09-02 16:21:28,0,10,0,0
50266,2024-09-02 16:29:12,0,7,0,0
89249,2024-09-02 16:30:53,0,6,0,0
4966,2024-09-02 16:31:17,0,8,0,0
19412,2024-09-02 16:32:48,0,5,0,0
98331,2024-09-02 16:36:09,0,5,0,0
84154,2024-09-02 16:38:06,0,3,0,0
952,2024-09-02 16:43:33,1,7,1,690
9465,2024-09-02 16:47:17,0,2,0,0
31082,2024-09-02 16:53:01,0,9,0,0
22691,2024-09-02 16:53:09,1,9,1,453
91486,2024-09-02 16:54:16,0,8,1,366
13808,2024-09-02 16:55:35,0,5,1,582
29643,2024-09-02 17:13:55,0,10,0,0
43751,2024-09-02 17:18:35,0,7,1,245
68197,2024-09-02 17:32:04,1,9,0,0
71402,2024-09-02 17:47:17,0,3,1,286
73029,2024-09-02 17:57:01,0,13,0,0
4867,2024-09-02 17:58:31,0,4,0,0
69642,2024-09-02 18:04:21,0,10,1,237
44453,2024-09-02 18:04:58,0,4,0,0
61644,2024-09-02 18:06:23,0,4,1,277
13153,2024-09-02 18:10:07,0,4,1,329
70756,2024-09-02 18:27:54,0,10,0,0
12903,2024-09-02 18:48:10,1,2,1,278
38241,2024-09-02 18:55:43,0,7,0,0
65313,2024-09-02 19:07:47,0,3,0,0
76962,2024-09-02 19:17:25,0,6,0,0
92406,2024-09-02 19:18:28,0,2,1,394
92761,2024-09-02 19:20:03,0,7,1,350
47610,2024-09-02 19:30:37,1,4,0,0
28061,2024-09-02 19:39:26,1,2,0,0
94151,2024-09-02 19:40:32,0,2,0,0
90918,2024-09-02 19:53:54,0,10,0,0
31426,2024-09-02 19:53:59,0,7,0,0
248,2024-09-02 20:08:02,1,2,1,646
46769,2024-09-02 20:13:50,1,4,1,226
23645,2024-09-02 20:15:38,0,7,0,0
82057,2024-09-02 20:53:03,1,5,1,385
74356,2024-09-02 20:55:24,0,6,0,0
6852,2024-09-02 20:59:22,0,6,0,0
63175,2024-09-02 21:16:23,0,5,1,349
53683,2024-09-02 21:20:42,0,8,1,325
65362,2024-09-02 21:31:40,1,7,1,149
42886,2024-09-02 21:41:12,0,7,0,0
15116,2024-09-02 21:41:58,0,5,0,0
42377,2024-09-02 21:48:57,0,2,0,0
56763,2024-09-02 21:49:46,1,4,0,0
31361,2024-09-02 21:53:37,0,4,0,0
74206,2024-09-02 21:59:36,0,4,0,0
45690,2024-09-02 22:00:43,0,3,0,0
44268,2024-09-02 22:12:47,0,2,1,324
41655,2024-09-02 22:21:09,0,8,0,0
26690,2024-09-02 22:26:07,0,5,0,0
85193,2024-09-02 22:34:31,0,3,0,0
53714,2024-09-02 22:40:29,1,2,1,321
38701,2024-09-02 22:42:05,0,10,0,0
55973,2024-09-02 22:47:30,1,2,0,0
16602,2024-09-02 22:49:05,0,6,0,0
9465,2024-09-02 22:50:46,0,6,1,237
92330,2024-09-02 23:02:06,0,3,0,0
45814,2024-09-02 23:02:51,0,6,1,392
16702,2024-09-02 23:04:40,1,7,1,344
13187,2024-09-02 23:08:31,0,8,1,326
50857,2024-09-02 23:14:57,0,4,0,0
59756,2024-09-02 23:17:13,0,6,0,0
34695,2024-09-02 23:48:38,0,9,0,0
67777,2024-09-03 00:26:56,0,4,0,0
68479,2024-09-03 00:27:00,0,2,0,0
23059,2024-09-03 00:33:36,0,11,0,0
17869,2024-09-03 00:49:20,0,11,0,0
97637,2024-09-03 01:01:32,1,9,0,0
81486,2024-09-03 01:25:32,0,0,0,0
81599,2024-09-03 01:42:55,1,5,0,0
74206,2024-09-03 01:43:46,0,4,0,0
31178,2024-09-03 02:03:21,1,8,0,0
60380,2024-09-03 02:06:39,0,10,1,338
55526,2024-09-03 02:06:46,0,10,1,358
61678,2024-09-03 02:10:58,0,8,1,313
54197,2024-09-03 02:23:17,1,11,1,321
53687,2024-09-03 02:38:08,1,7,1,254
4366,2024-09-03 02:41:57,0,7,0,0
89470,2024-09-03 02:54:37,0,5,0,0
69611,2024-09-03 03:00:17,1,5,1,462
19559,2024-09-03 03:10:04,0,4,1,350
21703,2024-09-03 03:18:16,0,4,0,0
11301,2024-09-03 03:31:14,0,6,0,0
14905,2024-09-03 03:58:21,0,4,0,0
85193,2024-09-03 04:23:09,0,7,0,0
45814,2024-09-03 04:27:56,0,2,0,0
18597,2024-09-03 04:29:34,0,9,0,0
34455,2024-09-03 05:14:38,0,7,1,328
63833,2024-09-03 05:28:47,0,5,0,0
29124,2024-09-03 05:41:41,1,10,0,0
25469,2024-09-03 05:43:00,0,5,0,0
69687,2024-09-03 05:46:53,0,3,1,300
1010,2024-09-03 05:49:56,1,4,0,0
35105,2024-09-03 06:00:35,0,3,0,0
42170,2024-09-03 06:03:57,1,4,0,0
3062,2024-09-03 06:06:34,0,8,1,227
39943,2024-09-03 06:24:33,0,7,1,681
1545,2024-09-03 06:36:56,0,4,0,0
43976,2024-09-03 06:43:37,0,6,1,212
11947,2024-09-03 07:27:11,0,10,0,0
53868,2024-09-03 07:36:18,0,5,0,0
60242,2024-09-03 07:44:50,0,12,0,0
8127,2024-09-03 07:48:40,1,4,0,0
50540,2024-09-03 08:00:24,1,2,0,0
69642,2024-09-03 08:15:05,0,4,0,0
95947,2024-09-03 08:18:20,0,5,0,0
15305,2024-09-03 08:21:33,0,7,1,445
51484,2024-09-03 08:23:10,0,6,0,0
46205,2024-09-03 08:26:06,0,3,1,289
69930,2024-09-03 08:48:23,0,3,0,0
56150,2024-09-03 08:49:41,0,5,0,0
68492,2024-09-03 08:58:28,0,7,0,0
98669,2024-09-03 08:59:07,0,6,0,0
22522,2024-09-03 08:59:46,0,6,0,0
16602,2024-09-03 09:01:45,0,2,0,0
89096,2024-09-03 09:09:24,0,8,1,340
86070,2024-09-03 09:09:45,1,5,0,0
61971,2024-09-03 09:28:17,1,7,1,468
494,2024-09-03 09:34:54,0,9,0,0
97137,2024-09-03 09:47:41,0,6,0,0
72989,2024-09-03 09:48:26,0,9,0,0
16913,2024-09-03 09:50:20,0,7,1,254
34250,2024-09-03 09:57:36,0,5,1,367
74016,2024-09-03 09:59:20,0,6,0,0
65065,2024-09-03 10:09:46,0,11,0,0
78472,2024-09-03 10:11:33,0,8,0,0
19134,2024-09-03 10:19:53,0,3,1,367
39777,2024-09-03 10:22:27,1,10,1,297
16602,2024-09-03 10:23:49,1,3,1,518
43497,2024-09-03 10:25:48,0,7,1,260
21806,2024-09-03 10:30:35,1,7,0,0
11235,2024-09-03 10:36:10,0,6,1,328
78832,2024-09-03 10:49:30,0,8,0,0
47672,2024-09-03 11:07:12,0,6,1,233
92133,2024-09-03 11:09:15,0,6,0,0
76892,2024-09-03 11:11:15,0,6,0,0
98211,2024-09-03 11:15:46,0,5,1,270
80859,2024-09-03 11:15:51,0,9,0,0
44345,2024-09-03 11:24:48,0,4,0,0
3341,2024-09-03 11:25:39,0,10,1,522
74695,2024-09-03 11:40:05,1,6,0,0
6106,2024-09-03 11:43:47,0,8,0,0
93131,2024-09-03 11:46:38,0,12,1,250
44139,2024-09-03 11:51:30,0,8,0,0
28031,2024-09-03 11:57:46,0,8,1,366
73029,2024-09-03 12:10:49,0,10,0,0
29859,2024-09-03 12:11:45,0,6,1,466
79797,2024-09-03 12:16:54,0,8,0,0
932,2024-09-03 12:17:46,1,4,0,0
63133,2024-09-03 12:26:16,0,5,0,0
3654,2024-09-03 12:33:39,1,4,0,0
48630,2024-09-03 12:51:46,1,8,0,0
17869,2024-09-03 12:54:39,0,5,0,0
65362,2024-09-03 12:55:35,1,5,0,0
55973,2024-09-03 13:04:38,0,4,0,0
73192,2024-09-03 13:08:09,0,5,1,335
52407,2024-09-03 13:22:33,0,7,1,245
36362,2024-09-03 13:37:11,0,4,0,0
57875,2024-09-03 13:40:52,1,6,0,0
11096,2024-09-03 13:42:57,0,9,0,0
68427,2024-09-03 13:45:45,1,4,0,0
86322,2024-09-03 13:47:07,0,5,1,478
12259,2024-09-03 13:47:49,1,6,1,197
31171,2024-09-03 13:53:40,0,6,1,185
1068,2024-09-03 14:07:40,1,2,1,345
11181,2024-09-03 14:24:31,1,1,1,290
21703,2024-09-03 14:27:38,0,10,0,0
80724,2024-09-03 14:31:56,1,5,0,0
95356,2024-09-03 14:38:46,0,7,0,0
77716,2024-09-03 14:39:22,1,6,0,0
25469,2024-09-03 14:54:43,1,2,0,0
38688,2024-09-03 15:08:19,0,9,0,0
8479,2024-09-03 15:12:15,0,1,0,0
30770,2024-09-03 15:13:43,0,6,0,0
83538,2024-09-03 15:17:17,0,7,1,265
73615,2024-09-03 15:28:28,0,5,0,0
5991,2024-09-03 15:28:54,1,8,0,0
78130,2024-09-03 15:30:07,1,7,0,0
65313,2024-09-03 15:39:52,0,3,0,0
86746,2024-09-03 15:43:10,0,3,0,0
87403,2024-09-03 15:49:52,0,6,0,0
5281,2024-09-03 15:52:25,1,4,1,145
20868,2024-09-03 16:00:17,0,9,0,0
94427,2024-09-03 16:03:39,0,4,0,0
65474,2024-09-03 16:09:35,0,5,1,165
97275,2024-09-03 16:13:21,1,5,1,290
58723,2024-09-03 16:14:05,1,5,0,0
97297,2024-09-03 16:25:46,0,4,0,0
68778,2024-09-03 16:26:53,1,7,1,548
62195,2024-09-03 16:31:02,1,9,1,375
1677,2024-09-03 16:31:03,1,7,0,0
10271,2024-09-03 16:34:08,0,7,0,0
97773,2024-09-03 16:34:30,0,4,1,266
79591,2024-09-03 16:37:15,0,3,1,241
5125,2024-09-03 16:45:08,0,6,0,0
31430,2024-09-03 16:50:15,0,6,1,309
34250,2024-09-03 17:04:01,0,3,1,238
18481,2024-09-03 17:09:16,1,6,1,430
62035,2024-09-03 17:15:50,0,7,0,0
51146,2024-09-03 17:17:32,1,4,1,220
89572,2024-09-03 17:40:29,1,7,0,0
37490,2024-09-03 17:42:39,0,2,1,369
11794,2024-09-03 17:48:09,0,7,0,0
47767,2024-09-03 17:48:39,1,4,1,337
52814,2024-09-03 17:50:02,0,5,0,0
57197,2024-09-03 17:54:20,1,8,0,0
41237,2024-09-03 18:01:52,0,6,1,490
85154,2024-09-03 18:22:11,0,6,0,0
74714,2024-09-03 18:23:56,1,3,0,0
11907,2024-09-03 18:25:03,0,8,1,696
84565,2024-09-03 18:41:09,0,3,1,293
89358,2024-09-03 19:12:52,0,8,0,0
48309,2024-09-03 19:14:53,0,6,1,418
2819,2024-09-03 19:21:27,0,4,0,0
40351,2024-09-03 19:30:29,0,8,0,0
65929,2024-09-03 19:38:45,0,6,1,345
89532,2024-09-03 19:41:11,1,8,1,265
3030,2024-09-03 19:54:10,1,4,0,0
89245,2024-09-03 20:08:40,0,5,0,0
400,2024-09-03 20:35:11,0,3,1,300
53714,2024-09-03 20:38:55,0,7,0,0
87292,2024-09-03 20:42:33,0,2,0,0
25074,2024-09-03 20:56:58,0,4,0,0
85500,2024-09-03 20:59:51,1,6,1,250
56031,2024-09-03 21:01:04,0,9,0,0
36657,2024-09-03 21:05:49,1,6,0,0
48604,2024-09-03 21:12:03,1,3,0,0
95231,2024-09-03 21:19:04,0,3,1,308
72565,2024-09-03 21:21:25,0,5,0,0
315,2024-09-03 21:21:48,0,6,1,513
12454,2024-09-03 21:38:28,0,8,0,0
65929,2024-09-03 22:02:31,0,1,0,0
61003,2024-09-03 22:20:12,1,8,0,0
75284,2024-09-03 22:20:55,1,9,1,240
12903,2024-09-03 22:21:31,0,7,0,0
97069,2024-09-03 22:30:54,0,4,1,795
7899,2024-09-03 22:31:56,1,6,0,0
11097,2024-09-03 22:42:16,1,4,0,0
83667,2024-09-03 22:49:38,1,4,1,505
77367,2024-09-03 22:52:49,1,8,0,0
4744,2024-09-03 23:01:58,1,5,1,314
1599,2024-09-03 23:05:48,0,11,0,0
29213,2024-09-03 23:07:35,0,6,0,0
14777,2024-09-03 23:20:39,0,7,0,0
40338,2024-09-03 23:26:19,1,4,1,350
7233,2024-09-03 23:26:25,1,7,0,0
19260,2024-09-03 23:30:46,0,4,0,0
87710,2024-09-03 23:33:07,0,6,1,244
60445,2024-09-03 23:35:22,1,0,1,590
7262,2024-09-03 23:50:19,0,4,0,0
21150,2024-09-03 23:51:42,1,3,1,333
55526,2024-09-04 00:07:47,0,5,0,0
95218,2024-09-04 00:42:19,0,5,1,289
77722,2024-09-04 01:02:28,1,6,0,0
38880,2024-09-04 01:32:28,0,6,0,0
86728,2024-09-04 01:37:40,0,5,0,0
15305,2024-09-04 01:38:26,0,7,0,0
56150,2024-09-04 01:51:49,0,2,0,0
76777,2024-09-04 01:56:38,1,9,0,0
75325,2024-09-04 02:26:02,0,9,1,421
84918,2024-09-04 02:27:19,0,7,1,321
76892,2024-09-04 02:52:19,0,8,1,474
75665,2024-09-04 03:18:10,0,4,1,606
47610,2024-09-04 03:30:24,1,7,0,0
1677,2024-09-04 03:39:12,0,8,1,318
82270,2024-09-04 03:51:19,0,8,1,329
84565,2024-09-04 03:56:33,0,4,0,0
70820,2024-09-04 04:09:45,1,6,0,0
97418,2024-09-04 04:10:18,0,8,1,361
73615,2024-09-04 04:21:01,1,6,1,307
19717,2024-09-04 04:59:52,0,6,1,209
1740,2024-09-04 05:07:32,1,12,1,683
23319,2024-09-04 05:33:36,0,7,0,0
44453,2024-09-04 05:38:50,0,9,0,0
2359,2024-09-04 05:49:39,1,12,1,391
28970,2024-09-04 05:56:54,0,4,0,0
19476,2024-09-04 06:40:34,0,4,1,563
71120,2024-09-04 06:44:47,0,5,0,0
89358,2024-09-04 07:41:10,0,7,0,0
41003,2024-09-04 07:58:05,1,5,1,388
14635,2024-09-04 07:59:38,0,6,0,0
91519,2024-09-04 08:00:15,0,5,0,0
62035,2024-09-04 08:10:05,0,4,0,0
5860,2024-09-04 08:10:11,0,8,0,0
60723,2024-09-04 08:14:41,0,5,0,0
9557,2024-09-04 08:39:18,0,5,0,0
45761,2024-09-04 08:55:13,1,6,1,256
12454,2024-09-04 08:58:48,1,9,0,0
98669,2024-09-04 09:08:16,0,3,0,0
12814,2024-09-04 09:14:48,0,4,0,0
74372,2024-09-04 09:21:53,0,6,1,241
41882,2024-09-04 09:22:38,0,5,1,316
11907,2024-09-04 09:37:32,1,5,0,0
10271,2024-09-04 09:39:37,0,2,0,0
24806,2024-09-04 09:43:06,1,5,0,0
86746,2024-09-04 09:50:32,1,7,1,627
36658,2024-09-04 09:53:51,1,5,0,0
1439,2024-09-04 09:58:08,0,10,1,179
4484,2024-09-04 10:03:29,0,11,0,0
96108,2024-09-04 10:11:01,0,7,0,0
87542,2024-09-04 10:17:48,0,4,1,438
93815,2024-09-04 10:17:59,0,4,0,0
11826,2024-09-04 10:25:17,1,6,1,244
22537,2024-09-04 10:32:50,1,9,0,0
51389,2024-09-04 10:34:40,0,5,0,0
88180,2024-09-04 10:34:50,0,5,0,0
81407,2024-09-04 10:38:35,0,8,0,0
44345,2024-09-04 10:43:35,0,6,1,286
46074,2024-09-04 10:43:48,1,6,0,0
36685,2024-09-04 10:44:59,1,8,1,543
89756,2024-09-04 10:52:39,1,5,0,0
6212,2024-09-04 10:57:02,1,2,0,0
63518,2024-09-04 11:02:36,0,5,1,216
72265,2024-09-04 11:02:51,1,5,1,170
72981,2024-09-04 11:07:05,0,11,0,0
18550,2024-09-04 11:08:50,0,6,0,0
65202,2024-09-04 11:34:02,0,2,0,0
37812,2024-09-04 11:34:38,0,8,0,0
91327,2024-09-04 11:38:14,0,5,0,0
22432,2024-09-04 11:46:45,1,6,0,0
2529,2024-09-04 11:53:25,0,6,1,328
30876,2024-09-04 12:02:55,0,9,0,0
37869,2024-09-04 12:04:11,0,11,0,0
74940,2024-09-04 12:04:47,0,6,0,0
61721,2024-09-04 12:09:08,0,8,1,208
15650,2024-09-04 12:11:40,1,11,0,0
5125,2024-09-04 12:46:37,0,1,0,0
75524,2024-09-04 12:51:08,0,4,0,0
91944,2024-09-04 12:52:42,1,7,0,0
180,2024-09-04 12:55:20,1,8,0,0
73732,2024-09-04 13:01:00,0,2,0,0
48807,2024-09-04 13:04:49,1,11,0,0
42056,2024-09-04 13:07:02,0,11,0,0
81148,2024-09-04 13:16:35,0,6,1,131
56625,2024-09-04 13:22:47,1,0,0,0
90603,2024-09-04 13:22:51,0,4,0,0
30876,2024-09-04 13:37:44,0,7,0,0
56498,2024-09-04 13:43:52,1,8,0,0
22231,2024-09-04 13:45:20,1,6,0,0
90603,2024-09-04 13:48:17,1,7,0,0
24806,2024-09-04 13:51:52,1,6,0,0
94151,2024-09-04 13:56:05,0,4,0,0
71215,2024-09-04 14:06:42,1,2,1,329
68181,2024-09-04 14:14:38,0,7,1,443
99183,2024-09-04 14:20:09,0,9,1,321
63458,2024-09-04 14:26:23,1,7,1,468
95947,2024-09-04 14:27:58,0,7,0,0
13849,2024-09-04 14:40:40,0,5,0,0
94427,2024-09-04 14:57:14,1,2,1,339
82478,2024-09-04 15:02:16,0,6,1,308
25568,2024-09-04 15:23:47,0,4,1,166
10995,2024-09-04 15:35:22,0,4,0,0
48608,2024-09-04 15:35:40,1,5,1,326
91559,2024-09-04 15:43:19,0,6,1,275
27689,2024-09-04 15:45:04,0,3,0,0
15331,2024-09-04 15:52:56,0,3,1,575
952,2024-09-04 16:03:38,0,9,0,0
7951,2024-09-04 16:11:16,1,6,0,0
20068,2024-09-04 16:12:11,0,6,1,249
46323,2024-09-04 16:18:51,0,1,0,0
68316,2024-09-04 16:35:41,0,7,0,0
34009,2024-09-04 16:43:55,1,6,0,0
57197,2024-09-04 16:45:58,0,8,0,0
7899,2024-09-04 16:54:53,0,9,1,298
60445,2024-09-04 17:01:46,1,6,1,191
74156,2024-09-04 17:19:07,0,8,1,357
3712,2024-09-04 17:32:13,1,4,1,295
12442,2024-09-04 17:55:27,1,4,0,0
5281,2024-09-04 17:58:02,0,5,0,0
34197,2024-09-04 17:59:57,1,8,1,379
22493,2024-09-04 18:00:12,1,10,0,0
73968,2024-09-04 18:00:17,1,10,0,0
40417,2024-09-04 18:09:11,0,6,1,273
67130,2024-09-04 18:13:16,1,6,1,399
43617,2024-09-04 18:25:17,0,5,1,250
46323,2024-09-04 18:32:07,1,6,0,0
60723,2024-09-04 18:33:07,0,4,1,270
45690,2024-09-04 18:37:20,1,7,0,0
26989,2024-09-04 18:42:59,0,5,0,0
3246,2024-09-04 18:44:32,0,4,0,0
48922,2024-09-04 18:45:41,1,6,0,0
95810,2024-09-04 19:01:27,0,4,0,0
81109,2024-09-04 19:02:21,0,6,0,0
63198,2024-09-04 19:04:24,0,7,1,469
1010,2024-09-04 19:08:19,1,5,1,496
90708,2024-09-04 19:08:45,0,6,1,289
60631,2024-09-04 19:26:17,1,5,0,0
66555,2024-09-04 19:26:53,0,10,0,0
94074,2024-09-04 19:27:32,0,4,0,0
21703,2024-09-04 19:40:34,1,6,1,222
60380,2024-09-04 19:55:26,1,3,1,207
5339,2024-09-04 20:01:57,0,7,1,382
21072,2024-09-04 20:07:36,0,6,0,0
78892,2024-09-04 20:08:41,1,4,1,285
57761,2024-09-04 20:15:56,1,3,0,0
18870,2024-09-04 20:40:03,0,8,0,0
16722,2024-09-04 20:42:04,0,3,0,0
44453,2024-09-04 20:50:43,0,6,0,0
19559,2024-09-04 20:51:43,0,11,0,0
61215,2024-09-04 21:04:00,1,3,0,0
82364,2024-09-04 21:11:55,0,4,0,0
25988,2024-09-04 21:12:34,1,3,0,0
38241,2024-09-04 21:14:18,1,5,0,0
93586,2024-09-04 21:17:39,1,3,1,386
52407,2024-09-04 21:22:08,0,4,0,0
32026,2024-09-04 21:23:41,1,5,0,0
96965,2024-09-04 21:27:52,0,6,1,310
11776,2024-09-04 21:27:55,1,3,0,0
28031,2024-09-04 21:32:15,1,12,0,0
11427,2024-09-04 21:40:04,0,1,0,0
51889,2024-09-04 21:42:58,0,6,1,314
13366,2024-09-04 21:45:11,0,6,0,0
22231,2024-09-04 21:52:35,0,8,0,0
49584,2024-09-04 22:01:26,0,5,1,194
57972,2024-09-04 22:09:02,0,3,0,0
75524,2024-09-04 22:10:07,0,4,1,359
69930,2024-09-04 22:15:39,0,7,0,0
64230,2024-09-04 22:15:58,0,10,1,498
22294,2024-09-04 22:20:47,0,6,1,292
74695,2024-09-04 22:26:59,0,3,1,357
1677,2024-09-04 22:30:11,0,3,0,0
11427,2024-09-04 22:32:01,0,6,0,0
29859,2024-09-04 22:36:56,1,6,0,0
22432,2024-09-04 22:42:30,1,6,1,882
23791,2024-09-04 22:53:08,1,4,0,0
7981,2024-09-04 22:58:01,0,10,0,0
2359,2024-09-04 23:02:29,0,4,0,0
35414,2024-09-04 23:11:27,0,4,0,0
695,2024-09-04 23:16:05,0,8,0,0
69363,2024-09-04 23:26:56,0,2,0,0
10087,2024-09-04 23:29:40,1,6,0,0
69500,2024-09-04 23:30:08,0,6,0,0
45690,2024-09-04 23:32:13,1,8,0,0
6106,2024-09-04 23:38:26,1,5,0,0
86148,2024-09-04 23:43:11,1,4,0,0
79986,2024-09-04 23:47:53,0,7,0,0
36430,2024-09-04 23:52:11,0,8,0,0
40804,2024-09-04 23:59:23,1,0,0,0
13117,2024-09-05 00:05:48,0,5,1,585
11031,2024-09-05 00:24:59,0,2,1,269
42912,2024-09-05 01:39:03,1,4,0,0
56625,2024-09-05 01:49:36,0,4,0,0
63344,2024-09-05 02:34:33,0,2,0,0
58939,2024-09-05 03:00:37,0,9,0,0
9688,2024-09-05 03:01:49,0,5,1,235
30932,2024-09-05 03:22:50,1,6,1,151
63344,2024-09-05 03:32:28,0,5,0,0
11427,2024-09-05 03:42:56,1,12,0,0
46541,2024-09-05 03:58:26,1,2,0,0
3246,2024-09-05 04:06:24,1,8,1,348
68479,2024-09-05 04:11:24,0,4,0,0
34102,2024-09-05 04:32:20,1,6,1,284
99725,2024-09-05 04:48:41,1,6,0,0
13589,2024-09-05 05:15:13,0,6,0,0
20190,2024-09-05 05:21:22,0,10,0,0
99822,2024-09-05 05:28:57,0,4,0,0
315,2024-09-05 05:52:59,0,4,1,337
96562,2024-09-05 06:10:18,0,6,0,0
37490,2024-09-05 06:17:02,1,6,0,0
40828,2024-09-05 06:21:56,1,10,0,0
75325,2024-09-05 06:27:43,1,2,0,0
34170,2024-09-05 06:47:20,0,4,0,0
89249,2024-09-05 06:58:19,0,4,0,0
42252,2024-09-05 07:07:44,1,6,0,0
49381,2024-09-05 07:37:41,0,7,0,0
26309,2024-09-05 07:44:57,1,14,0,0
87292,2024-09-05 07:50:48,1,8,0,0
17257,2024-09-05 08:00:19,0,1,0,0
13091,2024-09-05 08:15:18,1,3,0,0
78832,2024-09-05 08:20:28,0,8,0,0
15650,2024-09-05 08:38:14,1,2,1,210
39079,2024-09-05 08:43:06,0,6,0,0
47767,2024-09-05 08:44:46,0,5,0,0
37445,2024-09-05 08:48:31,1,5,0,0
69498,2024-09-05 08:54:27,0,9,0,0
11776,2024-09-05 09:00:40,0,7,0,0
19540,2024-09-05 09:12:24,0,6,0,0
50442,2024-09-05 09:19:59,1,4,1,191
51146,2024-09-05 09:23:49,1,8,0,0
18125,2024-09-05 09:44:36,1,6,0,0
7079,2024-09-05 10:00:27,1,7,1,305
38701,2024-09-05 10:00:55,0,5,1,579
72265,2024-09-05 10:05:37,0,4,1,432
42971,2024-09-05 10:06:56,0,6,0,0
7573,2024-09-05 10:09:07,0,7,0,0
97244,2024-09-05 10:14:23,1,6,0,0
42912,2024-09-05 10:54:21,0,6,1,327
21677,2024-09-05 10:56:10,1,7,0,0
35315,2024-09-05 10:57:04,0,4,1,398
9824,2024-09-05 11:05:12,0,1,0,0
72360,2024-09-05 11:16:39,1,9,0,0
50442,2024-09-05 11:19:21,0,4,0,0
24321,2024-09-05 11:31:00,0,6,1,319
4192,2024-09-05 11:40:40,0,3,0,0
71365,2024-09-05 11:45:08,0,7,0,0
48807,2024-09-05 11:51:37,0,7,0,0
68698,2024-09-05 11:52:03,1,5,0,0
83471,2024-09-05 12:02:44,0,9,1,429
16702,2024-09-05 12:04:33,1,4,1,590
50636,2024-09-05 12:20:10,0,4,1,487
66004,2024-09-05 12:20:24,1,6,1,270
14345,2024-09-05 12:24:05,0,3,0,0
72360,2024-09-05 12:30:52,1,6,0,0
4907,2024-09-05 12:47:23,1,6,0,0
22423,2024-09-05 12:56:11,0,9,0,0
5125,2024-09-05 12:57:22,0,10,0,0
70790,2024-09-05 13:21:08,0,6,0,0
4828,2024-09-05 13:36:23,0,2,1,332
37445,2024-09-05 13:37:34,1,6,1,339
48630,2024-09-05 13:44:40,1,6,0,0
25232,2024-09-05 13:58:27,0,4,0,0
38573,2024-09-05 14:00:16,0,5,0,0
99487,2024-09-05 14:01:58,0,6,0,0
6106,2024-09-05 14:02:02,1,4,1,319
80707,2024-09-05 14:07:34,0,5,1,376
2009,2024-09-05 14:33:41,1,8,1,318
99937,2024-09-05 14:38:34,0,4,1,315
56625,2024-09-05 14:50:54,1,14,0,0
32924,2024-09-05 14:57:41,1,7,0,0
55670,2024-09-05 15:02:11,1,6,1,250
68427,2024-09-05 15:05:45,0,7,0,0
199,2024-09-05 15:06:54,0,7,0,0
48922,2024-09-05 15:20:24,0,4,0,0
13660,2024-09-05 15:22:03,0,7,0,0
55701,2024-09-05 15:22:28,1,7,1,539
17257,2024-09-05 15:32:57,0,7,0,0
15918,2024-09-05 15:43:56,0,7,0,0
85193,2024-09-05 16:00:19,1,6,1,374
12163,2024-09-05 16:16:52,0,11,0,0
80145,2024-09-05 16:23:35,1,5,0,0
13913,2024-09-05 16:36:49,0,6,0,0
14777,2024-09-05 16:48:37,1,5,0,0
31426,2024-09-05 16:58:14,1,3,0,0
64289,2024-09-05 17:01:28,0,10,1,300
80859,2024-09-05 17:12:40,1,8,1,245
4828,2024-09-05 17:12:45,0,7,1,276
19709,2024-09-05 17:16:10,0,5,0,0
64202,2024-09-05 17:29:20,0,3,1,564
65313,2024-09-05 17:42:59,1,6,0,0
42182,2024-09-05 17:44:08,0,11,1,203
21072,2024-09-05 18:01:10,0,5,0,0
37812,2024-09-05 18:08:23,1,6,0,0
72393,2024-09-05 18:10:16,0,10,0,0
97297,2024-09-05 18:21:45,1,5,0,0
61644,2024-09-05 18:22:34,0,5,0,0
31171,2024-09-05 18:24:15,0,6,0,0
86456,2024-09-05 18:27:22,1,5,0,0
42886,2024-09-05 18:35:55,0,3,0,0
64171,2024-09-05 18:41:25,0,5,0,0
2357,2024-09-05 18:45:51,0,3,0,0
76962,2024-09-05 18:47:53,0,9,0,0
90603,2024-09-05 18:50:10,0,4,1,345
68698,2024-09-05 18:51:30,0,6,1,482
12203,2024-09-05 18:52:40,0,7,1,485
13085,2024-09-05 18:53:50,1,5,0,0
90298,2024-09-05 19:00:14,0,7,0,0
9377,2024-09-05 19:08:37,0,9,1,333
36430,2024-09-05 19:16:16,0,11,0,0
29859,2024-09-05 19:22:48,0,10,0,0
23239,2024-09-05 19:29:40,0,6,1,301
38663,2024-09-05 19:34:26,0,5,1,343
93586,2024-09-05 19:38:27,0,4,0,0
74077,2024-09-05 19:42:41,0,7,0,0
8044,2024-09-05 19:49:20,0,3,0,0
11489,2024-09-05 20:14:04,0,5,0,0
98331,2024-09-05 20:30:05,0,8,1,188
87266,2024-09-05 20:31:10,1,6,0,0
78130,2024-09-05 20:35:37,0,7,1,336
63458,2024-09-05 20:45:57,0,7,1,243
952,2024-09-05 21:00:03,0,8,1,310
78472,2024-09-05 21:01:56,0,9,0,0
31082,2024-09-05 21:03:50,1,3,0,0
62656,2024-09-05 21:13:57,0,7,0,0
3712,2024-09-05 21:37:03,0,7,0,0
19559,2024-09-05 21:44:53,0,4,0,0
87214,2024-09-05 21:54:24,0,4,0,0
23184,2024-09-05 21:57:37,0,5,1,341
11817,2024-09-05 22:01:15,1,9,0,0
70773,2024-09-05 22:04:47,0,7,1,318
69500,2024-09-05 22:06:53,1,10,0,0
56498,2024-09-05 22:19:26,0,5,0,0
49875,2024-09-05 22:22:01,0,5,1,452
89532,2024-09-05 22:24:29,1,9,0,0
17803,2024-09-05 22:43:59,1,8,0,0
73192,2024-09-05 22:45:53,0,4,1,167
68589,2024-09-05 22:56:28,0,1,0,0
23752,2024-09-05 23:11:47,0,5,1,280
13913,2024-09-05 23:17:51,0,7,0,0
87714,2024-09-05 23:20:13,0,7,0,0
38177,2024-09-05 23:57:35,0,5,0,0
11406,2024-09-06 00:26:08,0,7,0,0
13398,2024-09-06 00:27:33,1,6,0,0
61509,2024-09-06 01:04:31,0,6,0,0
61971,2024-09-06 01:17:17,1,9,0,0
53947,2024-09-06 01:32:03,0,6,0,0
57972,2024-09-06 01:34:43,0,6,1,325
18744,2024-09-06 01:53:16,0,4,0,0
39874,2024-09-06 02:14:00,1,5,0,0
53947,2024-09-06 02:46:11,1,9,0,0
45521,2024-09-06 02:54:49,0,3,1,413
1538,2024-09-06 03:21:57,1,4,0,0
56162,2024-09-06 03:39:20,0,5,0,0
10475,2024-09-06 03:41:44,0,5,0,0
12203,2024-09-06 03:46:37,0,6,0,0
65313,2024-09-06 03:59:21,0,4,1,613
9975,2024-09-06 04:13:19,1,8,0,0
99938,2024-09-06 04:24:59,0,5,0,0
72159,2024-09-06 04:36:49,1,3,0,0
74699,2024-09-06 04:44:42,0,9,1,175
8778,2024-09-06 04:46:39,0,4,1,320
87737,2024-09-06 04:49:13,0,6,0,0
16025,2024-09-06 04:50:00,0,7,0,0
25698,2024-09-06 05:07:05,1,7,0,0
22223,2024-09-06 05:07:39,0,8,0,0
48420,2024-09-06 05:20:42,0,8,1,251
79201,2024-09-06 05:40:10,1,5,1,362
33548,2024-09-06 05:42:46,0,6,0,0
29017,2024-09-06 05:51:19,0,6,1,210
12570,2024-09-06 06:06:50,0,8,0,0
29289,2024-09-06 06:29:16,1,6,1,363
34102,2024-09-06 06:36:05,0,7,1,161
71139,2024-09-06 06:36:59,1,8,1,388
35597,2024-09-06 07:03:05,0,5,0,0
50540,2024-09-06 07:12:08,1,5,0,0
78369,2024-09-06 07:16:40,1,2,0,0
61971,2024-09-06 07:33:20,0,3,0,0
70102,2024-09-06 07:33:30,0,2,0,0
98385,2024-09-06 07:56:52,0,7,1,241
23645,2024-09-06 08:00:47,0,13,0,0
21806,2024-09-06 08:28:05,0,13,0,0
21285,2024-09-06 08:52:35,0,10,0,0
88295,2024-09-06 08:57:07,1,6,1,407
61971,2024-09-06 09:01:25,1,8,0,0
38663,2024-09-06 09:07:15,0,5,0,0
24422,2024-09-06 09:08:17,0,9,0,0
4565,2024-09-06 09:12:54,0,10,0,0
67804,2024-09-06 09:14:22,1,7,1,538
29778,2024-09-06 09:15:50,0,5,0,0
75665,2024-09-06 09:19:18,1,9,0,0
51146,2024-09-06 09:21:14,1,7,1,173
7951,2024-09-06 09:22:12,1,6,1,537
33733,2024-09-06 09:25:10,1,6,0,0
59005,2024-09-06 09:34:33,1,5,1,311
58596,2024-09-06 09:37:32,1,7,0,0
86059,2024-09-06 09:59:26,1,3,1,168
70162,2024-09-06 10:28:58,0,8,0,0
59997,2024-09-06 10:37:31,0,1,0,0
73302,2024-09-06 10:53:52,1,5,0,0
45417,2024-09-06 10:54:57,0,9,0,0
91723,2024-09-06 11:05:47,0,3,0,0
12570,2024-09-06 11:07:52,1,8,1,215
70894,2024-09-06 11:29:58,0,2,0,0
97297,2024-09-06 11:35:12,1,4,1,307
58627,2024-09-06 11:36:18,0,7,1,499
48711,2024-09-06 11:45:08,0,7,0,0
26969,2024-09-06 11:50:06,1,7,1,408
83492,2024-09-06 11:54:17,1,5,0,0
48849,2024-09-06 11:55:37,1,5,0,0
97871,2024-09-06 12:14:54,1,6,0,0
17015,2024-09-06 12:22:51,0,3,0,0
37869,2024-09-06 12:51:12,0,9,1,500
6305,2024-09-06 13:01:08,0,7,0,0
63070,2024-09-06 13:03:42,0,9,1,333
21335,2024-09-06 13:03:53,0,5,1,410
56616,2024-09-06 13:10:44,1,2,0,0
88061,2024-09-06 13:16:08,0,7,0,0
87529,2024-09-06 13:22:59,0,7,0,0
63327,2024-09-06 13:23:00,0,9,0,0
78231,2024-09-06 13:24:33,0,7,0,0
3062,2024-09-06 13:31:59,0,2,0,0
16857,2024-09-06 13:38:20,0,4,0,0
70894,2024-09-06 13:41:27,1,1,0,0
13913,2024-09-06 13:47:46,0,10,0,0
79609,2024-09-06 13:48:38,0,7,0,0
64054,2024-09-06 13:52:27,1,3,0,0
10521,2024-09-06 13:56:04,1,4,0,0
7899,2024-09-06 14:02:46,0,5,0,0
34360,2024-09-06 14:02:53,0,8,0,0
32626,2024-09-06 14:27:35,0,5,0,0
10723,2024-09-06 14:59:27,1,4,0,0
94074,2024-09-06 15:23:52,0,9,0,0
90708,2024-09-06 15:25:21,0,6,0,0
42056,2024-09-06 15:26:56,0,6,0,0
56763,2024-09-06 15:35:45,1,8,1,237
41525,2024-09-06 15:38:37,0,9,0,0
28232,2024-09-06 16:01:15,0,7,1,327
87072,2024-09-06 16:07:23,0,5,0,0
95414,2024-09-06 16:19:11,0,8,1,238
65563,2024-09-06 16:22:10,0,4,1,247
22056,2024-09-06 16:25:47,0,11,1,393
31182,2024-09-06 16:26:20,0,10,0,0
19990,2024-09-06 16:43:35,1,5,0,0
10995,2024-09-06 17:02:30,0,6,1,332
2357,2024-09-06 17:03:06,1,9,0,0
75325,2024-09-06 17:04:18,0,7,0,0
64054,2024-09-06 17:11:00,0,9,1,273
72923,2024-09-06 17:18:31,1,4,0,0
24688,2024-09-06 17:32:19,1,10,1,297
73264,2024-09-06 17:47:13,1,13,1,274
61056,2024-09-06 17:48:01,0,6,1,400
99183,2024-09-06 18:11:22,0,6,1,393
1552,2024-09-06 18:12:32,0,3,1,250
66017,2024-09-06 18:33:48,0,6,1,345
71779,2024-09-06 18:35:54,0,5,1,207
51262,2024-09-06 18:50:32,1,8,0,0
38963,2024-09-06 18:51:15,0,4,0,0
81792,2024-09-06 18:57:24,0,6,0,0
53687,2024-09-06 19:09:42,0,4,0,0
79591,2024-09-06 19:14:20,0,9,1,410
87529,2024-09-06 19:23:13,0,8,1,497
57397,2024-09-06 19:23:35,1,7,1,247
17723,2024-09-06 19:24:40,0,8,0,0
3654,2024-09-06 19:34:57,0,13,0,0
97989,2024-09-06 19:44:33,0,3,0,0
91327,2024-09-06 19:59:13,0,6,0,0
42056,2024-09-06 20:00:41,1,8,0,0
46323,2024-09-06 20:04:37,1,12,0,0
36191,2024-09-06 20:08:58,1,4,0,0
40970,2024-09-06 20:14:01,0,3,1,224
37428,2024-09-06 20:14:55,1,10,1,220
29289,2024-09-06 20:19:42,0,6,0,0
80707,2024-09-06 20:20:39,1,8,0,0
34250,2024-09-06 20:29:36,0,3,0,0
26623,2024-09-06 20:36:24,0,3,0,0
95793,2024-09-06 20:40:31,0,4,0,0
75380,2024-09-06 20:43:48,1,3,0,0
97275,2024-09-06 21:02:33,0,4,0,0
10782,2024-09-06 21:02:59,0,3,0,0
21576,2024-09-06 21:04:42,0,7,1,357
9465,2024-09-06 21:06:52,0,6,1,452
65335,2024-09-06 21:08:27,1,6,0,0
62347,2024-09-06 21:16:44,0,3,0,0
20058,2024-09-06 21:20:23,0,7,1,331
6212,2024-09-06 21:38:00,0,5,0,0
56763,2024-09-06 21:46:31,0,7,0,0
81354,2024-09-06 22:07:55,0,10,1,272
51405,2024-09-06 22:09:26,0,7,1,399
78369,2024-09-06 22:11:37,1,6,0,0
21677,2024-09-06 22:12:28,0,3,1,436
14635,2024-09-06 22:14:51,0,6,0,0
5029,2024-09-06 22:16:51,1,5,0,0
56498,2024-09-06 22:21:52,0,4,1,332
49584,2024-09-06 22:24:33,1,6,0,0
51146,2024-09-06 22:31:07,0,4,0,0
73189,2024-09-06 22:34:54,0,9,0,0
3654,2024-09-06 22:52:08,0,2,0,0
48420,2024-09-06 23:02:34,1,4,0,0
47433,2024-09-06 23:02:58,1,3,1,174
5975,2024-09-06 23:21:42,0,5,0,0
42170,2024-09-06 23:42:45,1,6,0,0
63070,2024-09-06 23:42:59,0,6,1,345
61932,2024-09-06 23:46:17,0,3,0,0
22423,2024-09-06 23:52:22,0,6,0,0
79530,2024-09-07 00:24:13,0,5,1,231
45755,2024-09-07 00:33:27,0,5,0,0
41035,2024-09-07 00:43:36,0,3,1,199
89245,2024-09-07 00:44:43,1,7,1,268
20146,2024-09-07 00:46:25,0,5,1,196
65269,2024-09-07 00:52:29,0,4,1,339
26883,2024-09-07 01:27:07,1,7,0,0
62347,2024-09-07 01:33:57,1,3,1,292
63446,2024-09-07 01:36:37,0,7,1,313
83539,2024-09-07 01:54:26,0,10,1,185
73239,2024-09-07 01:54:42,0,6,0,0
31445,2024-09-07 02:45:06,0,5,0,0
93928,2024-09-07 02:55:22,0,7,0,0
22493,2024-09-07 03:14:49,0,8,0,0
58329,2024-09-07 03:32:55,0,8,0,0
35286,2024-09-07 03:34:14,0,5,0,0
85154,2024-09-07 03:49:06,0,3,0,0
86585,2024-09-07 03:53:52,0,6,0,0
15331,2024-09-07 03:57:37,0,5,0,0
94078,2024-09-07 04:01:34,0,4,0,0
21703,2024-09-07 04:22:57,1,6,1,334
15804,2024-09-07 04:33:44,0,5,0,0
22231,2024-09-07 04:41:40,0,6,0,0
83294,2024-09-07 04:43:08,0,7,0,0
92081,2024-09-07 05:11:42,0,5,0,0
21285,2024-09-07 05:42:26,0,9,1,420
9557,2024-09-07 05:47:21,0,5,0,0
86728,2024-09-07 06:08:45,0,3,1,215
80724,2024-09-07 06:33:02,0,8,0,0
60689,2024-09-07 06:48:16,0,7,1,351
1677,2024-09-07 07:03:28,1,9,0,0
48922,2024-09-07 07:06:40,0,6,1,365
76892,2024-09-07 07:07:17,0,11,1,639
27023,2024-09-07 07:11:09,0,8,1,315
10127,2024-09-07 07:19:14,0,6,0,0
87458,2024-09-07 07:22:59,0,9,0,0
5276,2024-09-07 07:25:31,0,8,0,0
64993,2024-09-07 07:35:40,0,4,0,0
97989,2024-09-07 07:35:40,1,5,0,0
26623,2024-09-07 07:38:28,1,2,1,554
36448,2024-09-07 07:50:21,1,5,0,0
69611,2024-09-07 08:06:34,0,4,0,0
89358,2024-09-07 08:12:28,1,6,0,0
96240,2024-09-07 08:17:02,0,3,0,0
31712,2024-09-07 08:31:21,0,6,1,423
34170,2024-09-07 08:31:32,0,7,1,362
18392,2024-09-07 08:34:35,1,7,1,188
21924,2024-09-07 08:38:41,0,7,1,390
31513,2024-09-07 08:46:54,0,3,0,0
5975,2024-09-07 08:49:56,0,10,1,304
27400,2024-09-07 08:50:23,0,2,0,0
78892,2024-09-07 08:57:32,0,3,0,0
61817,2024-09-07 09:15:41,1,14,0,0
40970,2024-09-07 09:17:46,1,10,0,0
38031,2024-09-07 09:26:44,0,6,0,0
81148,2024-09-07 09:26:54,0,6,0,0
4828,2024-09-07 09:31:05,1,11,1,125
1552,2024-09-07 09:34:40,1,4,0,0
53947,2024-09-07 09:37:36,0,3,0,0
2009,2024-09-07 09:42:08,1,4,0,0
19540,2024-09-07 09:58:13,1,10,1,749
10271,2024-09-07 10:03:56,0,8,0,0
21677,2024-09-07 10:04:39,0,5,1,324
17015,2024-09-07 10:04:52,0,3,0,0
94542,2024-09-07 10:06:30,0,8,1,300
61971,2024-09-07 10:08:50,0,5,0,0
52632,2024-09-07 10:10:20,0,7,0,0
4780,2024-09-07 10:23:33,0,5,1,445
21811,2024-09-07 11:01:20,0,5,0,0
64171,2024-09-07 11:02:13,0,7,1,375
88106,2024-09-07 11:05:24,1,6,0,0
73031,2024-09-07 11:21:16,1,7,0,0
86940,2024-09-07 11:47:57,0,5,0,0
7865,2024-09-07 12:03:01,0,8,0,0
80145,2024-09-07 12:05:06,0,6,0,0
9235,2024-09-07 12:06:35,1,9,0,0
315,2024-09-07 12:12:52,0,6,0,0
65362,2024-09-07 12:16:06,0,8,1,206
44194,2024-09-07 12:29:27,1,9,0,0
80681,2024-09-07 12:33:00,0,10,1,676
89756,2024-09-07 12:50:47,0,5,1,310
21576,2024-09-07 12:56:14,0,9,1,441
47375,2024-09-07 13:04:33,1,4,0,0
38173,2024-09-07 13:12:58,0,8,0,0
37082,2024-09-07 14:07:52,1,4,1,256
75325,2024-09-07 14:17:38,0,9,0,0
39943,2024-09-07 14:20:29,0,5,1,186
47594,2024-09-07 14:24:27,0,3,0,0
88061,2024-09-07 14:31:06,0,5,1,536
65929,2024-09-07 14:34:59,1,8,0,0
99183,2024-09-07 14:40:07,0,4,0,0
12361,2024-09-07 14:40:33,0,4,0,0
51321,2024-09-07 14:43:27,0,5,0,0
92405,2024-09-07 14:47:31,0,8,0,0
59756,2024-09-07 14:49:40,0,4,0,0
37812,2024-09-07 14:59:15,0,3,0,0
65335,2024-09-07 15:05:02,0,5,0,0
9821,2024-09-07 15:06:00,0,3,0,0
39588,2024-09-07 15:12:43,0,5,0,0
30425,2024-09-07 15:15:19,0,2,0,0
79300,2024-09-07 15:16:45,0,4,0,0
40970,2024-09-07 15:26:09,0,5,0,0
13503,2024-09-07 15:38:32,0,5,0,0
19412,2024-09-07 15:40:18,0,6,1,294
51481,2024-09-07 15:42:30,0,12,1,300
27689,2024-09-07 15:55:24,0,0,0,0
76962,2024-09-07 16:01:45,0,5,0,0
81407,2024-09-07 16:02:27,0,6,0,0
60380,2024-09-07 16:03:35,0,6,1,171
52357,2024-09-07 16:19:07,1,4,1,671
50487,2024-09-07 16:29:01,0,3,0,0
77029,2024-09-07 16:46:10,1,5,0,0
76359,2024-09-07 16:50:03,0,8,0,0
58547,2024-09-07 16:54:28,0,12,0,0
17120,2024-09-07 16:58:43,0,7,1,268
50442,2024-09-07 17:05:28,0,4,0,0
37015,2024-09-07 17:05:52,0,4,0,0
7890,2024-09-07 17:07:47,1,5,1,266
77049,2024-09-07 17:13:03,0,5,0,0
50540,2024-09-07 17:26:23,0,6,1,280
81923,2024-09-07 17:28:29,0,7,0,0
41926,2024-09-07 17:33:15,0,7,0,0
82983,2024-09-07 17:36:00,0,9,1,253
48509,2024-09-07 17:44:37,1,5,0,0
92973,2024-09-07 17:47:24,0,8,0,0
10208,2024-09-07 17:49:06,0,9,1,333
1154,2024-09-07 18:04:16,0,3,0,0
50487,2024-09-07 18:12:57,0,4,0,0
39777,2024-09-07 18:18:57,0,3,0,0
82057,2024-09-07 18:37:55,0,8,0,0
74940,2024-09-07 18:51:02,0,10,1,431
15804,2024-09-07 18:58:49,1,4,0,0
89249,2024-09-07 19:02:57,0,5,0,0
17355,2024-09-07 19:09:31,0,8,0,0
26309,2024-09-07 19:22:16,0,9,1,346
81354,2024-09-07 19:31:38,0,5,0,0
65202,2024-09-07 19:40:47,0,4,1,346
73119,2024-09-07 19:43:10,1,5,0,0
79791,2024-09-07 19:51:13,0,13,1,505
23184,2024-09-07 19:53:12,1,5,0,0
86728,2024-09-07 20:15:32,0,9,0,0
25852,2024-09-07 20:26:56,0,3,0,0
13140,2024-09-07 20:36:25,1,6,0,0
77095,2024-09-07 20:39:45,0,4,0,0
69105,2024-09-07 20:55:56,0,3,0,0
73192,2024-09-07 20:57:20,0,7,0,0
86029,2024-09-07 21:00:35,0,4,1,120
29552,2024-09-07 21:04:01,0,8,0,0
50177,2024-09-07 21:23:48,0,4,0,0
50636,2024-09-07 21:27:18,0,4,0,0
23184,2024-09-07 21:33:12,0,15,1,340
89358,2024-09-07 21:45:52,0,6,1,219
85258,2024-09-07 21:55:32,1,2,0,0
34431,2024-09-07 22:05:50,0,6,1,482
32671,2024-09-07 22:06:45,1,4,0,0
39195,2024-09-07 22:07:04,1,4,0,0
27116,2024-09-07 22:19:24,1,5,0,0
91764,2024-09-07 22:19:48,0,7,1,370
51484,2024-09-07 22:22:07,0,7,0,0
11489,2024-09-07 22:23:18,0,8,0,0
15918,2024-09-07 22:23:31,1,7,1,332
31182,2024-09-07 22:27:39,1,8,0,0
4780,2024-09-07 22:30:51,1,8,1,268
38963,2024-09-07 22:35:09,1,9,0,0
25048,2024-09-07 22:45:04,0,5,1,349
33926,2024-09-07 22:48:12,1,7,0,0
99952,2024-09-07 23:06:55,0,4,0,0
14777,2024-09-07 23:12:18,0,10,0,0
31558,2024-09-07 23:14:57,0,9,0,0
2819,2024-09-07 23:17:19,0,4,1,404
87564,2024-09-07 23:22:23,0,1,0,0
10231,2024-09-07 23:30:11,0,4,1,490
92698,2024-09-07 23:33:21,0,8,1,498
90156,2024-09-07 23:34:39,0,2,1,269
315,2024-09-07 23:37:54,1,7,0,0
5208,2024-09-07 23:51:48,0,5,0,0
33152,2024-09-08 00:27:43,0,7,0,0
2129,2024-09-08 00:43:57,0,8,1,283
17120,2024-09-08 01:27:39,1,5,1,238
61056,2024-09-08 01:50:05,0,7,0,0
3341,2024-09-08 01:57:03,0,9,0,0
85154,2024-09-08 02:09:09,0,8,0,0
46205,2024-09-08 02:14:38,0,4,0,0
39874,2024-09-08 03:07:45,1,0,1,245
23319,2024-09-08 03:08:51,1,7,0,0
79530,2024-09-08 03:12:45,0,11,0,0
39012,2024-09-08 03:42:26,1,7,0,0
71402,2024-09-08 03:46:12,0,4,1,219
5908,2024-09-08 03:56:20,0,4,0,0
50442,2024-09-08 04:03:43,0,5,0,0
41655,2024-09-08 04:04:17,1,5,0,0
99108,2024-09-08 04:17:25,0,4,1,352
99937,2024-09-08 04:24:44,0,5,0,0
73076,2024-09-08 04:25:38,0,8,0,0
12361,2024-09-08 04:42:49,0,10,0,0
26109,2024-09-08 04:45:03,0,7,1,231
11406,2024-09-08 04:49:14,0,6,0,0
7739,2024-09-08 05:57:00,0,4,1,440
68698,2024-09-08 06:03:43,1,6,0,0
51146,2024-09-08 06:21:22,0,5,0,0
66830,2024-09-08 07:29:55,0,4,0,0
86322,2024-09-08 07:39:28,0,5,0,0
51982,2024-09-08 07:59:49,0,3,0,0
4828,2024-09-08 08:07:10,0,9,1,193
81866,2024-09-08 08:08:40,1,8,0,0
89756,2024-09-08 08:14:44,0,6,0,0
22294,2024-09-08 08:20:57,0,8,0,0
11489,2024-09-08 08:38:50,0,7,0,0
30384,2024-09-08 08:39:57,1,2,1,299
77445,2024-09-08 08:43:54,0,3,0,0
90802,2024-09-08 08:50:10,0,5,1,283
71779,2024-09-08 08:52:21,1,8,0,0
15918,2024-09-08 09:09:38,1,6,0,0
40804,2024-09-08 09:13:38,0,9,1,274
64054,2024-09-08 09:18:21,1,7,1,272
11406,2024-09-08 09:26:34,0,7,0,0
86861,2024-09-08 09:32:41,0,7,0,0
2447,2024-09-08 09:33:51,0,8,0,0
37602,2024-09-08 09:46:34,1,6,1,189
12243,2024-09-08 10:03:24,1,5,0,0
92761,2024-09-08 10:07:51,0,4,1,322
38133,2024-09-08 10:44:34,1,3,0,0
74940,2024-09-08 10:46:29,0,6,0,0
51405,2024-09-08 10:47:49,0,6,1,354
94571,2024-09-08 10:48:27,0,5,1,277
18870,2024-09-08 10:59:38,0,12,0,0
48922,2024-09-08 11:07:26,0,4,0,0
14290,2024-09-08 11:08:15,1,9,0,0
29258,2024-09-08 11:08:25,0,6,0,0
13503,2024-09-08 11:11:47,0,5,0,0
10208,2024-09-08 11:15:22,1,3,0,0
11235,2024-09-08 11:22:01,1,3,1,223
31082,2024-09-08 11:38:40,0,8,0,0
71086,2024-09-08 11:41:02,1,6,0,0
43418,2024-09-08 11:47:57,0,7,1,289
97418,2024-09-08 11:53:05,1,7,0,0
45562,2024-09-08 12:00:33,0,10,0,0
96712,2024-09-08 12:21:01,0,1,0,0
93131,2024-09-08 12:22:54,0,6,1,212
52154,2024-09-08 12:43:53,1,2,0,0
51481,2024-09-08 12:55:34,1,9,0,0
93131,2024-09-08 13:28:26,1,7,0,0
41525,2024-09-08 13:29:49,0,6,1,345
4192,2024-09-08 13:42:08,0,6,0,0
63300,2024-09-08 13:43:39,0,4,1,382
91465,2024-09-08 13:44:20,0,8,0,0
43497,2024-09-08 13:50:36,0,5,0,0
47365,2024-09-08 13:50:47,0,5,0,0
63327,2024-09-08 13:51:50,0,8,1,360
21119,2024-09-08 13:56:24,0,6,0,0
28061,2024-09-08 14:09:57,0,3,1,324
9197,2024-09-08 14:26:14,1,9,0,0
18213,2024-09-08 14:32:39,0,7,1,380
75665,2024-09-08 14:36:19,1,5,0,0
40470,2024-09-08 14:38:09,0,5,0,0
72387,2024-09-08 14:40:55,1,8,0,0
43517,2024-09-08 14:42:57,0,5,0,0
27116,2024-09-08 14:47:38,0,4,0,0
9975,2024-09-08 14:55:25,1,7,1,205
4366,2024-09-08 15:11:29,1,6,0,0
87292,2024-09-08 15:27:07,0,7,0,0
71139,2024-09-08 15:30:06,0,7,0,0
42377,2024-09-08 15:49:36,1,8,0,0
35891,2024-09-08 15:56:02,1,5,0,0
13913,2024-09-08 15:59:51,0,12,0,0
45703,2024-09-08 16:14:50,1,4,1,591
55535,2024-09-08 16:23:14,0,8,0,0
4966,2024-09-08 16:25:25,1,7,0,0
1552,2024-09-08 16:27:09,0,6,0,0
68643,2024-09-08 16:30:37,0,4,0,0
46074,2024-09-08 16:32:39,0,8,1,472
39928,2024-09-08 16:33:50,0,3,0,0
15173,2024-09-08 16:43:24,0,7,0,0
22802,2024-09-08 16:53:18,0,5,0,0
17015,2024-09-08 17:10:28,0,4,0,0
13589,2024-09-08 17:11:27,1,8,0,0
52346,2024-09-08 17:19:08,0,8,0,0
79868,2024-09-08 17:20:46,0,5,0,0
96712,2024-09-08 17:21:15,0,7,0,0
65563,2024-09-08 17:29:24,0,1,0,0
40804,2024-09-08 17:53:02,0,3,0,0
86029,2024-09-08 17:53:10,0,2,0,0
13091,2024-09-08 17:54:26,1,4,0,0
20329,2024-09-08 17:55:12,0,5,1,218
17355,2024-09-08 18:04:13,0,6,1,227
74714,2024-09-08 18:06:16,0,3,0,0
79971,2024-09-08 18:09:07,0,5,0,0
21335,2024-09-08 18:12:39,0,4,0,0
82337,2024-09-08 18:17:52,1,6,0,0
48849,2024-09-08 18:19:45,1,5,1,295
97410,2024-09-08 18:28:10,1,8,1,284
73615,2024-09-08 18:29:34,0,8,0,0
43751,2024-09-08 18:38:50,1,2,0,0
86861,2024-09-08 18:39:33,1,9,0,0
10995,2024-09-08 18:42:39,1,8,0,0
72989,2024-09-08 18:44:01,1,5,0,0
73192,2024-09-08 18:52:45,0,3,0,0
7079,2024-09-08 18:56:38,0,5,0,0
37867,2024-09-08 18:58:48,1,11,0,0
99401,2024-09-08 18:58:57,0,7,1,241
80724,2024-09-08 19:02:28,0,3,0,0
22522,2024-09-08 19:07:16,0,6,0,0
34009,2024-09-08 19:08:03,0,5,0,0
94619,2024-09-08 19:19:51,0,4,1,317
19260,2024-09-08 19:21:23,0,9,1,450
18744,2024-09-08 19:23:50,0,6,0,0
26774,2024-09-08 19:24:04,1,2,1,366
38663,2024-09-08 19:30:33,0,3,0,0
16857,2024-09-08 19:31:58,0,12,1,201
65202,2024-09-08 19:33:46,0,1,0,0
80869,2024-09-08 19:46:26,0,5,0,0
39079,2024-09-08 19:47:24,0,4,0,0
60975,2024-09-08 19:56:35,0,5,0,0
48562,2024-09-08 20:02:11,0,5,1,176
8238,2024-09-08 20:02:12,0,5,1,336
67804,2024-09-08 20:07:26,0,5,1,273
97069,2024-09-08 20:29:15,0,7,1,436
17355,2024-09-08 20:39:21,1,11,0,0
7528,2024-09-08 20:45:15,1,1,0,0
48562,2024-09-08 20:53:22,0,2,1,274
98331,2024-09-08 20:54:24,0,8,0,0
7528,2024-09-08 20:56:35,0,7,0,0
68479,2024-09-08 20:58:27,0,5,0,0
62583,2024-09-08 21:09:49,1,8,0,0
56031,2024-09-08 21:22:58,1,5,0,0
75781,2024-09-08 21:27:38,1,7,0,0
58547,2024-09-08 21:33:18,1,4,0,0
48509,2024-09-08 21:33:56,0,9,0,0
78130,2024-09-08 21:36:51,0,6,0,0
62699,2024-09-08 21:42:08,0,7,0,0
67130,2024-09-08 21:43:02,0,3,1,300
79159,2024-09-08 21:51:59,0,11,0,0
92867,2024-09-08 22:00:22,0,9,1,252
95682,2024-09-08 22:03:36,1,7,0,0
38177,2024-09-08 22:18:17,0,8,0,0
81626,2024-09-08 22:19:46,0,5,1,359
30186,2024-09-08 22:19:56,0,5,0,0
36658,2024-09-08 22:29:11,1,3,1,173
25048,2024-09-08 22:33:17,0,10,0,0
6287,2024-09-08 22:39:20,1,6,1,198
79530,2024-09-08 22:42:17,0,11,0,0
10723,2024-09-08 22:55:51,1,1,1,284
12814,2024-09-08 23:14:00,0,4,0,0
43478,2024-09-08 23:22:50,0,6,0,0
90708,2024-09-08 23:23:16,0,4,1,268
97297,2024-09-08 23:25:56,0,10,1,383
66176,2024-09-08 23:32:38,1,5,0,0
16702,2024-09-08 23:36:35,1,7,1,404
69216,2024-09-08 23:42:56,0,4,0,0
74077,2024-09-08 23:47:00,0,4,0,0
34009,2024-09-08 23:48:20,0,6,1,338
48795,2024-09-08 23:49:42,1,2,0,0
86861,2024-09-08 23:59:51,0,6,0,0
69930,2024-09-09 00:03:28,0,7,0,0
60116,2024-09-09 00:40:48,1,7,0,0
43497,2024-09-09 01:06:58,0,6,1,196
67403,2024-09-09 01:21:00,0,6,1,200
19476,2024-09-09 01:36:29,0,7,0,0
18870,2024-09-09 01:38:23,0,7,1,501
29658,2024-09-09 01:40:52,1,4,0,0
51982,2024-09-09 01:51:53,0,6,0,0
23290,2024-09-09 01:52:27,0,5,0,0
99183,2024-09-09 01:55:24,0,17,0,0
75325,2024-09-09 01:58:19,1,6,1,526
41649,2024-09-09 02:18:24,0,7,0,0
46769,2024-09-09 02:33:59,0,7,0,0
11181,2024-09-09 02:50:31,0,7,0,0
77049,2024-09-09 03:30:25,1,3,0,0
63344,2024-09-09 03:54:55,0,6,0,0
4136,2024-09-09 04:20:47,1,10,0,0
40970,2024-09-09 04:45:39,1,8,0,0
14410,2024-09-09 05:14:20,0,0,0,0
62583,2024-09-09 05:16:43,1,5,1,374
13821,2024-09-09 05:22:27,0,6,0,0
10910,2024-09-09 05:22:52,0,6,0,0
36167,2024-09-09 06:06:05,0,2,1,229
87266,2024-09-09 06:14:18,1,7,1,427
25568,2024-09-09 06:24:43,1,5,0,0
41720,2024-09-09 06:37:31,0,10,0,0
31426,2024-09-09 06:42:34,0,4,0,0
71215,2024-09-09 06:58:40,1,5,0,0
38957,2024-09-09 07:22:53,1,1,1,303
16458,2024-09-09 07:43:34,0,3,0,0
3062,2024-09-09 07:56:29,0,6,0,0
55170,2024-09-09 08:04:12,0,5,0,0
98213,2024-09-09 08:07:23,1,8,1,463
40138,2024-09-09 08:14:17,1,6,1,663
22821,2024-09-09 08:20:38,0,2,0,0
18373,2024-09-09 08:22:03,0,4,0,0
21918,2024-09-09 08:25:59,1,6,0,0
83538,2024-09-09 08:26:54,0,6,0,0
5338,2024-09-09 08:59:22,0,5,1,523
21335,2024-09-09 08:59:25,0,4,1,268
81826,2024-09-09 09:31:29,1,7,1,414
33152,2024-09-09 09:35:02,0,7,0,0
62699,2024-09-09 09:35:04,0,9,0,0
65362,2024-09-09 09:50:11,0,4,1,497
61644,2024-09-09 09:52:17,0,3,0,0
44709,2024-09-09 10:08:05,1,2,1,509
67777,2024-09-09 10:21:44,0,6,0,0
3946,2024-09-09 10:29:25,0,6,0,0
68479,2024-09-09 10:31:59,1,5,1,229
25048,2024-09-09 10:37:50,0,2,1,236
95599,2024-09-09 10:38:56,0,5,0,0
4394,2024-09-09 11:00:33,0,7,0,0
55649,2024-09-09 11:05:41,0,11,0,0
11096,2024-09-09 11:11:52,0,7,0,0
34170,2024-09-09 11:21:41,0,3,0,0
98073,2024-09-09 11:32:03,0,9,0,0
94421,2024-09-09 11:54:33,0,2,0,0
59888,2024-09-09 11:58:47,1,7,0,0
9258,2024-09-09 12:12:04,0,8,0,0
22294,2024-09-09 12:18:02,1,2,1,515
59167,2024-09-09 12:31:47,0,8,0,0
61509,2024-09-09 12:39:06,1,1,1,581
13398,2024-09-09 12:41:03,0,4,1,234
58723,2024-09-09 12:46:25,1,8,0,0
2373,2024-09-09 12:54:59,0,1,0,0
98221,2024-09-09 12:57:51,0,8,1,349
82364,2024-09-09 13:03:55,1,7,0,0
1844,2024-09-09 13:10:48,0,6,0,0
60148,2024-09-09 13:26:26,1,8,0,0
25203,2024-09-09 13:36:35,0,6,1,629
9613,2024-09-09 13:45:37,0,5,0,0
59997,2024-09-09 14:10:34,0,7,1,126
68492,2024-09-09 14:18:21,0,12,0,0
9590,2024-09-09 14:42:45,0,1,1,298
16702,2024-09-09 14:56:33,0,5,1,370
6439,2024-09-09 15:21:58,1,4,1,239
89249,2024-09-09 15:27:48,0,4,0,0
19209,2024-09-09 15:30:19,1,5,1,559
53615,2024-09-09 15:34:18,0,4,1,124
99198,2024-09-09 15:47:27,0,6,0,0
47594,2024-09-09 16:13:03,0,6,0,0
86484,2024-09-09 16:28:39,0,4,1,687
45172,2024-09-09 16:32:20,0,3,0,0
71365,2024-09-09 16:41:36,0,10,1,251
66807,2024-09-09 16:42:10,1,7,1,458
22294,2024-09-09 16:56:05,1,8,0,0
93131,2024-09-09 16:56:07,0,2,0,0
10070,2024-09-09 17:20:14,0,4,1,363
51316,2024-09-09 17:21:46,0,5,1,440
13398,2024-09-09 17:29:04,0,4,0,0
92761,2024-09-09 17:43:07,1,9,1,219
86456,2024-09-09 17:50:49,0,8,0,0
35283,2024-09-09 18:10:33,0,3,0,0
67933,2024-09-09 18:27:19,0,7,1,255
80441,2024-09-09 18:31:11,0,8,0,0
96240,2024-09-09 18:39:44,0,4,0,0
87336,2024-09-09 18:43:09,1,4,1,114
11776,2024-09-09 18:46:27,0,10,1,283
22821,2024-09-09 18:48:13,0,4,0,0
71215,2024-09-09 18:55:43,0,5,1,417
1154,2024-09-09 19:01:02,0,6,1,468
81354,2024-09-09 19:04:35,0,2,1,426
23028,2024-09-09 19:11:11,0,4,0,0
61872,2024-09-09 19:17:44,0,11,1,238
99198,2024-09-09 19:19:15,0,6,1,335
29258,2024-09-09 19:30:29,0,3,1,233
38573,2024-09-09 19:31:35,0,6,0,0
45636,2024-09-09 19:32:44,0,5,0,0
56315,2024-09-09 19:33:06,0,5,1,265
30961,2024-09-09 19:35:17,0,2,0,0
523,2024-09-09 19:35:40,0,2,1,488
65269,2024-09-09 19:51:42,1,4,1,221
85667,2024-09-09 19:53:42,0,5,0,0
77840,2024-09-09 19:54:52,0,5,1,271
37938,2024-09-09 20:00:35,1,12,0,0
14905,2024-09-09 20:04:01,0,4,0,0
25852,2024-09-09 20:15:29,0,4,0,0
22294,2024-09-09 20:18:43,0,7,0,0
25617,2024-09-09 20:21:51,0,4,0,0
2009,2024-09-09 20:26:59,0,8,0,0
79748,2024-09-09 20:35:41,0,7,0,0
32563,2024-09-09 20:36:48,0,5,1,399
84575,2024-09-09 20:47:52,0,5,0,0
66807,2024-09-09 20:52:00,1,4,1,217
68589,2024-09-09 20:56:36,0,6,0,0
51484,2024-09-09 20:56:37,1,4,0,0
5338,2024-09-09 21:01:06,1,11,0,0
60445,2024-09-09 21:03:09,0,8,0,0
42971,2024-09-09 21:04:07,0,8,0,0
77985,2024-09-09 21:15:00,0,9,0,0
19648,2024-09-09 21:29:20,0,4,0,0
22087,2024-09-09 21:30:16,0,6,0,0
55649,2024-09-09 21:30:44,1,8,0,0
76455,2024-09-09 21:55:15,1,8,1,262
66830,2024-09-09 21:56:48,0,4,1,197
86484,2024-09-09 22:02:08,0,9,1,500
29815,2024-09-09 22:02:45,0,7,1,350
1010,2024-09-09 22:18:36,0,5,0,0
37805,2024-09-09 22:19:32,0,4,1,168
79300,2024-09-09 22:24:55,0,12,0,0
87458,2024-09-09 22:28:20,0,3,0,0
30186,2024-09-09 22:31:33,0,6,0,0
62195,2024-09-09 22:55:37,0,5,0,0
56878,2024-09-09 23:22:59,0,5,1,416
35414,2024-09-09 23:25:23,0,12,0,0
13913,2024-09-09 23:41:54,0,6,0,0
56839,2024-09-09 23:54:34,0,7,0,0
11398,2024-09-10 00:05:52,0,4,0,0
59848,2024-09-10 00:55:22,1,5,1,424
86271,2024-09-10 01:01:29,1,6,1,218
10336,2024-09-10 01:15:11,0,6,0,0
36430,2024-09-10 02:13:14,0,6,0,0
18870,2024-09-10 02:16:35,1,3,0,0
60380,2024-09-10 02:24:14,0,5,0,0
9975,2024-09-10 02:30:14,1,5,1,441
36255,2024-09-10 02:36:28,1,3,0,0
79609,2024-09-10 02:38:54,1,4,0,0
681,2024-09-10 02:43:19,0,6,1,476
19559,2024-09-10 03:32:15,0,9,0,0
37938,2024-09-10 03:43:55,0,4,0,0
64987,2024-09-10 03:44:32,0,4,0,0
26794,2024-09-10 03:49:10,0,4,0,0
72387,2024-09-10 04:17:23,0,8,0,0
8441,2024-09-10 04:21:09,0,6,0,0
6305,2024-09-10 04:51:07,0,7,0,0
11096,2024-09-10 04:56:57,0,6,0,0
7739,2024-09-10 05:08:46,0,5,0,0
32805,2024-09-10 05:25:18,0,10,1,344
86029,2024-09-10 05:27:34,0,4,1,191
52357,2024-09-10 05:31:46,1,5,0,0
85258,2024-09-10 05:47:37,0,6,1,255
64851,2024-09-10 06:13:20,0,5,0,0
44997,2024-09-10 06:16:41,0,6,1,320
4968,2024-09-10 06:38:17,0,8,0,0
86861,2024-09-10 07:01:58,0,6,0,0
39107,2024-09-10 07:35:05,0,4,0,0
87066,2024-09-10 07:40:06,1,2,1,1366
23319,2024-09-10 07:43:52,0,6,1,399
89424,2024-09-10 07:45:25,0,4,0,0
57491,2024-09-10 08:00:51,0,12,0,0
48795,2024-09-10 08:03:27,1,4,0,0
65726,2024-09-10 08:04:15,0,6,0,0
94773,2024-09-10 08:07:43,0,5,1,469
62494,2024-09-10 08:08:47,0,5,0,0
63175,2024-09-10 08:19:35,1,8,0,0
13091,2024-09-10 08:50:51,0,9,0,0
62560,2024-09-10 08:51:17,0,12,1,322
6185,2024-09-10 08:58:14,0,6,1,327
96965,2024-09-10 09:10:54,0,6,1,1006
14734,2024-09-10 09:13:30,0,5,1,326
83556,2024-09-10 09:28:37,0,1,0,0
51901,2024-09-10 09:28:40,0,6,0,0
70790,2024-09-10 09:31:14,1,6,1,383
53683,2024-09-10 09:32:25,0,3,1,262
86029,2024-09-10 09:56:50,0,9,0,0
19718,2024-09-10 09:57:13,0,5,0,0
43202,2024-09-10 09:57:29,1,5,0,0
65936,2024-09-10 10:00:38,0,6,1,348
62656,2024-09-10 10:18:33,1,5,0,0
64959,2024-09-10 10:24:03,0,6,0,0
3192,2024-09-10 10:24:19,0,7,1,243
18933,2024-09-10 10:35:43,0,9,1,534
31879,2024-09-10 10:51:10,1,2,1,234
73615,2024-09-10 10:54:57,0,2,1,319
63198,2024-09-10 10:58:47,0,7,0,0
41003,2024-09-10 11:04:12,1,4,0,0
7878,2024-09-10 11:07:44,1,5,0,0
38963,2024-09-10 11:49:33,1,7,0,0
78670,2024-09-10 11:52:51,0,1,0,0
77716,2024-09-10 11:56:20,0,10,1,192
4780,2024-09-10 11:56:57,0,3,1,263
11301,2024-09-10 11:58:17,0,7,0,0
21285,2024-09-10 12:02:20,0,11,0,0
45172,2024-09-10 12:16:56,1,7,0,0
84101,2024-09-10 12:30:49,1,10,0,0
25537,2024-09-10 12:30:52,0,8,0,0
12149,2024-09-10 13:02:22,1,4,0,0
24887,2024-09-10 13:04:31,0,7,0,0
71779,2024-09-10 13:09:38,0,5,0,0
50857,2024-09-10 13:20:27,0,9,0,0
88053,2024-09-10 13:22:11,1,6,0,0
48630,2024-09-10 13:23:27,0,5,0,0
11749,2024-09-10 13:32:44,0,6,1,150
56498,2024-09-10 13:34:39,1,2,1,564
24264,2024-09-10 13:41:10,0,7,1,268
1313,2024-09-10 13:42:16,0,8,0,0
37015,2024-09-10 13:45:38,1,4,0,0
81225,2024-09-10 13:48:38,0,7,0,0
23752,2024-09-10 13:50:13,0,7,0,0
7739,2024-09-10 13:51:00,1,2,0,0
69611,2024-09-10 13:53:45,0,5,0,0
38798,2024-09-10 14:01:51,0,9,0,0
64669,2024-09-10 14:14:43,0,2,1,284
98211,2024-09-10 14:23:04,1,4,0,0
63833,2024-09-10 14:24:03,1,3,0,0
98073,2024-09-10 14:36:34,0,8,0,0
36657,2024-09-10 14:38:19,0,4,0,0
73119,2024-09-10 14:59:03,0,8,1,139
11031,2024-09-10 15:05:59,0,2,1,265
12513,2024-09-10 15:06:35,1,8,1,370
13085,2024-09-10 15:14:33,0,6,0,0
6758,2024-09-10 15:18:49,1,6,1,211
86746,2024-09-10 15:21:23,0,6,1,329
13503,2024-09-10 15:24:33,0,4,0,0
90802,2024-09-10 15:25:30,1,6,0,0
95338,2024-09-10 15:29:22,0,3,0,0
70523,2024-09-10 15:33:33,0,1,0,0
65313,2024-09-10 15:36:38,0,3,0,0
45521,2024-09-10 15:48:20,0,6,0,0
95235,2024-09-10 16:15:13,0,5,0,0
19383,2024-09-10 16:19:08,0,7,0,0
11947,2024-09-10 16:25:11,0,3,0,0
31513,2024-09-10 16:28:57,0,4,0,0
92698,2024-09-10 16:31:39,0,6,0,0
9258,2024-09-10 16:32:30,1,5,1,263
44891,2024-09-10 16:34:04,1,5,1,181
86059,2024-09-10 16:39:17,0,6,0,0
50857,2024-09-10 16:49:31,1,6,0,0
9824,2024-09-10 16:58:05,0,1,0,0
76401,2024-09-10 17:09:52,1,4,0,0
22294,2024-09-10 17:12:14,1,1,0,0
51405,2024-09-10 17:14:40,0,5,0,0
5339,2024-09-10 17:34:02,0,10,0,0
83556,2024-09-10 17:40:05,1,5,1,301
21918,2024-09-10 17:52:09,1,7,0,0
36825,2024-09-10 17:54:35,0,6,0,0
21924,2024-09-10 18:08:23,0,6,0,0
61721,2024-09-10 18:09:44,0,8,1,261
681,2024-09-10 18:24:17,0,11,0,0
61507,2024-09-10 18:29:59,1,6,1,471
96562,2024-09-10 18:35:07,0,8,0,0
41525,2024-09-10 18:48:07,1,7,1,224
43133,2024-09-10 18:49:52,0,6,0,0
32194,2024-09-10 18:53:22,0,4,0,0
95707,2024-09-10 18:59:22,1,4,0,0
69778,2024-09-10 19:07:02,1,7,1,402
10651,2024-09-10 19:10:06,0,5,0,0
74604,2024-09-10 19:32:20,0,4,0,0
63133,2024-09-10 19:37:39,0,4,0,0
43010,2024-09-10 19:42:36,0,5,1,299
59848,2024-09-10 19:51:29,0,6,1,241
9824,2024-09-10 19:51:48,0,5,1,178
19648,2024-09-10 19:55:04,0,7,0,0
6758,2024-09-10 20:01:58,1,5,0,0
65936,2024-09-10 20:05:44,0,3,1,289
49362,2024-09-10 20:17:26,0,6,1,282
31636,2024-09-10 20:37:49,1,5,0,0
2273,2024-09-10 20:46:12,0,4,0,0
92586,2024-09-10 20:46:59,0,4,0,0
87714,2024-09-10 20:50:48,1,5,0,0
72387,2024-09-10 20:52:57,1,8,0,0
88295,2024-09-10 20:58:08,0,4,0,0
84960,2024-09-10 21:26:34,1,6,1,280
4828,2024-09-10 21:40:28,0,3,0,0
40451,2024-09-10 21:41:26,0,1,1,343
88988,2024-09-10 21:45:07,1,2,0,0
41810,2024-09-10 21:46:25,0,5,0,0
73302,2024-09-10 21:53:14,1,6,0,0
73302,2024-09-10 21:59:00,1,7,0,0
48922,2024-09-10 22:02:57,0,6,0,0
94773,2024-09-10 22:06:52,0,10,0,0
3712,2024-09-10 22:23:00,0,7,0,0
29258,2024-09-10 22:44:41,1,7,0,0
55170,2024-09-10 22:44:55,1,6,0,0
23373,2024-09-10 22:45:02,0,4,1,636
91011,2024-09-10 22:52:11,0,9,1,339
70947,2024-09-10 23:11:45,1,5,1,249
2806,2024-09-10 23:16:38,1,4,0,0
56162,2024-09-10 23:43:22,0,6,0,0
2803,2024-09-11 00:12:45,0,5,0,0
63070,2024-09-11 00:29:05,0,4,0,0
97871,2024-09-11 00:50:20,0,6,0,0
29024,2024-09-11 01:16:46,1,4,0,0
94542,2024-09-11 01:27:28,1,7,0,0
38177,2024-09-11 01:29:44,0,3,0,0
80145,2024-09-11 01:32:59,0,8,0,0
42377,2024-09-11 01:41:26,0,4,0,0
41525,2024-09-11 01:46:35,0,3,1,357
48562,2024-09-11 01:53:09,0,9,0,0
33213,2024-09-11 01:57:16,0,8,0,0
43093,2024-09-11 02:08:05,0,8,0,0
71811,2024-09-11 02:29:29,0,3,0,0
22522,2024-09-11 02:55:32,0,7,0,0
58196,2024-09-11 02:56:40,1,7,1,1034
64230,2024-09-11 03:11:42,1,2,0,0
5975,2024-09-11 03:12:56,0,6,0,0
60116,2024-09-11 03:14:05,0,5,0,0
38957,2024-09-11 03:15:36,0,5,0,0
91723,2024-09-11 03:23:25,1,4,0,0
35414,2024-09-11 03:39:44,0,7,0,0
35891,2024-09-11 04:03:19,0,3,0,0
91465,2024-09-11 04:37:02,1,7,1,383
87292,2024-09-11 04:38:03,0,5,0,0
56869,2024-09-11 04:55:12,0,4,0,0
24321,2024-09-11 05:09:18,0,6,0,0
5209,2024-09-11 05:18:55,0,10,0,0
61678,2024-09-11 06:49:01,1,3,1,228
23290,2024-09-11 06:51:24,0,7,0,0
40470,2024-09-11 06:54:01,1,6,0,0
84101,2024-09-11 07:04:34,0,6,1,380
28447,2024-09-11 07:45:11,0,9,0,0
59756,2024-09-11 07:50:47,0,2,1,184
23059,2024-09-11 07:53:14,0,9,0,0
10007,2024-09-11 08:05:25,0,8,1,347
29403,2024-09-11 08:18:07,1,6,0,0
59586,2024-09-11 08:19:41,0,2,0,0
69778,2024-09-11 08:58:26,0,6,0,0
16607,2024-09-11 09:00:32,0,6,0,0
67403,2024-09-11 09:15:45,1,4,0,0
33469,2024-09-11 09:16:06,0,4,1,422
43751,2024-09-11 09:17:54,1,1,1,180
5528,2024-09-11 09:20:44,0,9,0,0
72387,2024-09-11 09:28:38,1,5,0,0
73076,2024-09-11 09:29:37,0,8,1,176
5015,2024-09-11 09:36:01,0,4,0,0
74016,2024-09-11 09:56:11,0,6,0,0
5528,2024-09-11 10:11:37,0,8,0,0
89437,2024-09-11 10:14:20,0,3,1,431
8238,2024-09-11 10:16:34,1,7,1,171
59670,2024-09-11 10:43:38,0,4,1,413
74940,2024-09-11 10:49:59,0,5,1,525
85012,2024-09-11 10:52:56,0,4,1,158
47801,2024-09-11 11:00:04,0,6,1,301
61215,2024-09-11 11:06:26,1,6,0,0
69778,2024-09-11 11:21:08,0,6,1,234
80707,2024-09-11 11:21:16,1,4,0,0
97244,2024-09-11 11:23:25,0,5,0,0
72360,2024-09-11 11:24:17,0,6,0,0
98626,2024-09-11 11:33:27,1,7,0,0
91925,2024-09-11 11:36:46,0,3,1,456
61056,2024-09-11 11:43:01,0,3,0,0
59345,2024-09-11 11:45:15,1,4,0,0
57491,2024-09-11 11:52:29,0,7,1,412
14345,2024-09-11 11:53:05,1,3,0,0
7951,2024-09-11 12:05:51,0,6,1,514
82287,2024-09-11 12:06:52,1,9,0,0
14822,2024-09-11 12:11:46,0,5,1,253
96562,2024-09-11 12:14:28,0,6,1,193
61932,2024-09-11 12:14:41,0,7,0,0
96221,2024-09-11 12:21:56,0,6,0,0
49806,2024-09-11 12:30:50,0,7,1,264
64993,2024-09-11 12:40:46,0,5,0,0
62119,2024-09-11 12:46:18,0,7,1,389
82347,2024-09-11 12:51:45,0,3,0,0
150,2024-09-11 12:52:31,0,5,0,0
8479,2024-09-11 13:05:31,0,7,0,0
96014,2024-09-11 13:10:44,0,8,0,0
91944,2024-09-11 13:10:59,0,10,0,0
97637,2024-09-11 13:15:00,0,2,1,277
81866,2024-09-11 13:16:11,1,7,0,0
90156,2024-09-11 13:48:27,0,5,1,255
70102,2024-09-11 13:55:53,0,4,0,0
4907,2024-09-11 13:58:56,1,8,1,342
29919,2024-09-11 14:21:22,0,5,1,285
20422,2024-09-11 14:24:12,1,8,0,0
21924,2024-09-11 14:25:28,0,9,1,453
37018,2024-09-11 14:34:13,1,3,0,0
83556,2024-09-11 14:37:57,0,4,0,0
55944,2024-09-11 15:13:26,1,4,0,0
9557,2024-09-11 15:21:21,1,3,0,0
28199,2024-09-11 15:39:07,0,4,0,0
60671,2024-09-11 16:02:13,0,5,0,0
40804,2024-09-11 16:03:40,1,3,0,0
69363,2024-09-11 16:08:17,0,2,0,0
34180,2024-09-11 16:19:56,0,9,1,447
45521,2024-09-11 16:30:42,0,2,0,0
4484,2024-09-11 16:35:27,0,6,0,0
61160,2024-09-11 16:36:00,0,8,0,0
11749,2024-09-11 17:01:00,0,10,1,182
12454,2024-09-11 17:05:07,0,5,0,0
21811,2024-09-11 17:15:41,1,6,1,311
36430,2024-09-11 17:25:30,1,5,0,0
91519,2024-09-11 17:32:00,0,5,0,0
73264,2024-09-11 17:40:44,1,6,1,317
74356,2024-09-11 17:43:38,0,4,0,0
11880,2024-09-11 17:56:29,0,8,0,0
62119,2024-09-11 17:57:06,1,7,0,0
80681,2024-09-11 18:02:04,0,11,0,0
28031,2024-09-11 18:13:12,0,0,0,0
26883,2024-09-11 18:16:13,0,6,0,0
59650,2024-09-11 18:41:03,1,6,0,0
67403,2024-09-11 18:52:06,1,6,0,0
28199,2024-09-11 19:00:08,0,6,0,0
81407,2024-09-11 19:17:20,1,5,0,0
82478,2024-09-11 19:23:16,0,10,0,0
40622,2024-09-11 19:29:24,0,10,1,203
67130,2024-09-11 19:30:27,1,11,1,433
84918,2024-09-11 19:34:20,0,5,1,408
69498,2024-09-11 19:56:32,0,6,0,0
41003,2024-09-11 19:56:39,0,2,0,0
8441,2024-09-11 20:00:48,1,6,1,164
84565,2024-09-11 20:02:33,0,5,1,317
26073,2024-09-11 20:04:17,0,11,1,255
42971,2024-09-11 20:31:42,0,11,0,0
64851,2024-09-11 20:44:53,0,10,0,0
28643,2024-09-11 20:46:45,1,3,1,581
38679,2024-09-11 21:07:59,1,4,0,0
9613,2024-09-11 21:14:37,1,9,0,0
21918,2024-09-11 21:18:01,0,10,0,0
34431,2024-09-11 21:22:15,0,4,0,0
77068,2024-09-11 21:30:19,0,9,0,0
32563,2024-09-11 21:37:06,0,7,0,0
28613,2024-09-11 21:39:18,1,5,1,411
43202,2024-09-11 21:55:19,0,2,1,284
51507,2024-09-11 21:59:54,0,2,0,0
58329,2024-09-11 22:14:28,0,3,1,391
1068,2024-09-11 22:18:24,0,4,0,0
13091,2024-09-11 22:19:06,0,2,0,0
69687,2024-09-11 22:23:25,0,8,1,302
68197,2024-09-11 22:28:36,0,2,1,269
82364,2024-09-11 22:50:08,0,5,1,304
88180,2024-09-11 22:52:31,0,1,0,0
74695,2024-09-11 22:56:32,0,7,0,0
96273,2024-09-11 23:09:46,1,7,0,0
84619,2024-09-11 23:14:10,1,11,0,0
57761,2024-09-11 23:22:39,0,4,1,482
37812,2024-09-11 23:28:57,1,11,0,0
22904,2024-09-11 23:30:54,0,6,0,0
14290,2024-09-11 23:34:42,0,5,0,0
39195,2024-09-11 23:47:00,0,4,0,0
97637,2024-09-11 23:50:45,0,3,1,260
85154,2024-09-11 23:53:25,0,5,1,309
56616,2024-09-12 00:15:46,0,3,0,0
42886,2024-09-12 00:18:05,0,5,0,0
49381,2024-09-12 00:18:52,0,9,0,0
40470,2024-09-12 00:28:56,0,6,0,0
7865,2024-09-12 00:46:21,0,4,1,466
57740,2024-09-12 00:58:52,1,3,0,0
77445,2024-09-12 01:07:14,0,7,0,0
85305,2024-09-12 01:14:02,1,1,0,0
43751,2024-09-12 01:36:48,0,6,0,0
80724,2024-09-12 01:38:24,0,10,0,0
47959,2024-09-12 02:06:38,1,6,1,292
52814,2024-09-12 02:15:39,0,6,0,0
32194,2024-09-12 02:55:04,0,2,0,0
97093,2024-09-12 03:04:42,0,7,1,427
26989,2024-09-12 03:06:51,0,6,0,0
98331,2024-09-12 03:39:55,0,6,0,0
31178,2024-09-12 03:40:02,1,4,0,0
88106,2024-09-12 03:48:12,1,4,1,340
80707,2024-09-12 03:54:19,0,3,1,265
20422,2024-09-12 03:56:23,1,4,1,449
19718,2024-09-12 04:09:15,0,4,0,0
22423,2024-09-12 04:18:51,0,9,0,0
17901,2024-09-12 04:35:11,0,5,0,0
76514,2024-09-12 04:36:45,0,9,0,0
86484,2024-09-12 05:02:33,0,7,0,0
75524,2024-09-12 05:08:40,0,9,0,0
71811,2024-09-12 05:09:39,0,4,1,488
35414,2024-09-12 05:27:09,0,8,0,0
63344,2024-09-12 06:35:15,0,5,0,0
51982,2024-09-12 06:49:08,0,5,1,434
64987,2024-09-12 07:10:13,0,3,1,213
1010,2024-09-12 07:27:20,1,5,0,0
88845,2024-09-12 07:42:32,1,2,0,0
84600,2024-09-12 07:45:45,0,7,0,0
36825,2024-09-12 08:04:10,0,7,1,212
55170,2024-09-12 08:06:03,0,13,0,0
79791,2024-09-12 08:07:30,0,11,0,0
78670,2024-09-12 08:11:42,0,8,0,0
4521,2024-09-12 08:16:38,0,8,0,0
48201,2024-09-12 08:24:48,1,4,1,204
19540,2024-09-12 08:27:05,0,3,0,0
29124,2024-09-12 08:27:54,0,7,0,0
67245,2024-09-12 08:29:07,0,9,1,562
10521,2024-09-12 08:31:28,0,6,1,158
5852,2024-09-12 09:00:52,1,7,0,0
88845,2024-09-12 09:02:24,1,3,0,0
51809,2024-09-12 09:05:32,0,10,0,0
1677,2024-09-12 09:14:58,0,9,0,0
11427,2024-09-12 09:30:44,0,3,0,0
82364,2024-09-12 09:31:18,0,4,0,0
88845,2024-09-12 09:31:55,0,4,1,315
64230,2024-09-12 09:36:34,1,5,0,0
67245,2024-09-12 09:37:17,0,4,0,0
75665,2024-09-12 09:37:34,0,3,0,0
85258,2024-09-12 09:38:41,0,3,1,226
69386,2024-09-12 09:40:44,0,4,1,311
40178,2024-09-12 09:43:36,1,5,1,220
61160,2024-09-12 09:52:43,0,7,0,0
59158,2024-09-12 09:54:06,0,8,0,0
15173,2024-09-12 09:56:35,0,8,1,242
11398,2024-09-12 09:58:26,0,3,0,0
17321,2024-09-12 10:00:39,0,4,1,190
5015,2024-09-12 10:02:02,1,8,1,327
68643,2024-09-12 10:04:47,1,5,0,0
31382,2024-09-12 10:06:34,0,8,1,409
60036,2024-09-12 10:17:53,1,10,0,0
31178,2024-09-12 10:18:18,0,5,0,0
4192,2024-09-12 10:21:51,1,4,1,225
11880,2024-09-12 10:44:03,0,10,0,0
92973,2024-09-12 10:50:33,0,5,1,465
41525,2024-09-12 10:51:39,0,5,0,0
9975,2024-09-12 11:04:35,0,2,0,0
21365,2024-09-12 11:07:14,0,6,0,0
64202,2024-09-12 11:08:14,1,7,0,0
21541,2024-09-12 11:08:38,0,3,0,0
5125,2024-09-12 11:09:37,0,7,0,0
1545,2024-09-12 11:25:23,0,8,0,0
27984,2024-09-12 11:42:27,0,8,0,0
57197,2024-09-12 11:51:39,0,5,0,0
38246,2024-09-12 11:59:43,1,3,1,339
43772,2024-09-12 12:03:06,0,4,1,279
13821,2024-09-12 12:05:30,1,4,0,0
96014,2024-09-12 12:06:57,0,6,1,641
5339,2024-09-12 12:09:19,0,8,0,0
85236,2024-09-12 12:13:57,1,4,0,0
72873,2024-09-12 12:17:42,1,5,1,203
95260,2024-09-12 12:20:12,0,2,0,0
78723,2024-09-12 12:33:26,1,2,0,0
59888,2024-09-12 12:34:12,1,8,0,0
13140,2024-09-12 12:39:59,1,3,0,0
40644,2024-09-12 12:56:02,1,4,1,177
68589,2024-09-12 13:10:23,1,3,0,0
35315,2024-09-12 13:19:54,1,7,0,0
36072,2024-09-12 13:26:26,0,4,1,392
91867,2024-09-12 13:35:28,0,11,1,182
43453,2024-09-12 13:41:43,1,10,0,0
98221,2024-09-12 13:42:42,0,6,1,391
64230,2024-09-12 13:52:27,1,3,1,703
43956,2024-09-12 13:55:25,0,3,1,343
32026,2024-09-12 13:56:17,0,5,0,0
34180,2024-09-12 14:03:24,0,5,0,0
78670,2024-09-12 14:07:49,0,3,0,0
15173,2024-09-12 14:13:09,0,7,0,0
79591,2024-09-12 14:19:11,0,9,0,0
18744,2024-09-12 14:34:37,1,5,0,0
43478,2024-09-12 14:38:36,1,6,1,382
33213,2024-09-12 14:43:39,1,8,1,287
59005,2024-09-12 14:48:28,1,8,0,0
35308,2024-09-12 15:01:37,0,7,1,317
97381,2024-09-12 15:13:54,0,6,1,293
64096,2024-09-12 15:18:22,0,3,1,205
10651,2024-09-12 15:19:26,0,5,0,0
11427,2024-09-12 15:28:10,0,5,1,277
81486,2024-09-12 15:46:22,1,8,0,0
90891,2024-09-12 15:54:07,0,7,0,0
29919,2024-09-12 15:55:47,0,7,1,182
68596,2024-09-12 16:10:32,0,8,0,0
56839,2024-09-12 16:11:37,0,8,0,0
90802,2024-09-12 16:24:20,0,2,0,0
64669,2024-09-12 16:36:03,0,4,1,399
96030,2024-09-12 16:46:30,0,2,1,201
94421,2024-09-12 16:46:38,0,8,0,0
4347,2024-09-12 16:49:48,0,5,1,417
9688,2024-09-12 17:06:52,1,9,0,0
4521,2024-09-12 17:16:47,1,7,1,277
2009,2024-09-12 17:36:41,1,6,0,0
31382,2024-09-12 17:36:52,1,8,1,521
9824,2024-09-12 17:37:13,1,2,1,183
43995,2024-09-12 17:41:54,0,8,1,206
97240,2024-09-12 17:46:39,0,6,0,0
79591,2024-09-12 17:59:35,0,6,1,383
12814,2024-09-12 18:05:38,0,9,0,0
62820,2024-09-12 18:20:46,0,7,1,458
5209,2024-09-12 18:22:46,0,8,0,0
17355,2024-09-12 18:41:58,1,6,1,331
76455,2024-09-12 18:46:39,0,6,1,226
87266,2024-09-12 18:56:45,0,6,0,0
14777,2024-09-12 18:57:30,0,6,1,511
94074,2024-09-12 19:01:29,0,7,0,0
56869,2024-09-12 19:07:25,0,3,0,0
41926,2024-09-12 19:07:58,0,8,1,181
2447,2024-09-12 19:08:39,0,6,0,0
40622,2024-09-12 19:09:06,1,5,1,273
51316,2024-09-12 19:11:32,1,7,0,0
55649,2024-09-12 19:16:01,0,5,0,0
79797,2024-09-12 19:37:26,0,10,0,0
9688,2024-09-12 20:05:07,1,3,1,868
9557,2024-09-12 20:06:12,1,6,0,0
25621,2024-09-12 20:11:35,0,4,0,0
88845,2024-09-12 20:19:06,0,3,1,575
99638,2024-09-12 20:35:50,0,6,1,186
13187,2024-09-12 20:41:31,0,7,0,0
98073,2024-09-12 20:45:56,0,4,0,0
41525,2024-09-12 20:51:59,0,6,0,0
11427,2024-09-12 21:01:36,0,6,1,296
16607,2024-09-12 21:05:22,0,6,1,321
20868,2024-09-12 21:10:31,0,3,1,315
74635,2024-09-12 21:15:57,1,5,0,0
22691,2024-09-12 21:34:01,1,4,0,0
67253,2024-09-12 21:35:58,0,7,0,0
88789,2024-09-12 22:02:17,0,6,0,0
41810,2024-09-12 22:05:14,0,5,0,0
68589,2024-09-12 22:05:16,0,4,0,0
64993,2024-09-12 22:07:18,0,5,1,397
35543,2024-09-12 22:12:36,0,5,1,177
74699,2024-09-12 22:20:51,0,6,0,0
84960,2024-09-12 22:29:29,0,9,1,412
69216,2024-09-12 22:40:36,0,10,0,0
17015,2024-09-12 22:46:41,0,7,0,0
7539,2024-09-12 23:02:43,1,5,0,0
50442,2024-09-12 23:04:55,0,3,0,0
51389,2024-09-12 23:17:17,1,4,1,236
21338,2024-09-12 23:19:09,0,4,0,0
77445,2024-09-12 23:20:05,1,7,1,326
90156,2024-09-12 23:26:32,1,7,0,0
72393,2024-09-12 23:31:13,0,6,1,361
61727,2024-09-12 23:33:18,0,9,0,0
42377,2024-09-12 23:51:21,1,5,1,388
24806,2024-09-12 23:57:50,1,4,1,314
79797,2024-09-13 00:24:01,0,8,1,665
16994,2024-09-13 00:37:12,1,5,0,0
64987,2024-09-13 00:43:45,1,5,1,429
69611,2024-09-13 00:47:27,0,6,1,553
87529,2024-09-13 01:09:33,0,5,0,0
56625,2024-09-13 01:14:46,0,5,0,0
44709,2024-09-13 01:28:11,0,7,0,0
64054,2024-09-13 01:33:37,0,6,1,373
21150,2024-09-13 01:42:31,0,5,0,0
73302,2024-09-13 01:55:10,0,6,0,0
85500,2024-09-13 02:02:09,1,8,1,321
8479,2024-09-13 02:05:54,0,7,0,0
38565,2024-09-13 02:36:55,0,6,0,0
85236,2024-09-13 02:49:46,0,6,1,432
17257,2024-09-13 03:07:08,0,4,0,0
95584,2024-09-13 03:57:56,0,6,1,333
25232,2024-09-13 04:35:35,0,5,1,124
6011,2024-09-13 04:51:18,0,3,0,0
4565,2024-09-13 05:03:47,0,8,0,0
39107,2024-09-13 05:19:16,0,11,0,0
19559,2024-09-13 05:37:56,1,6,0,0
80185,2024-09-13 05:45:18,0,5,1,317
68572,2024-09-13 05:52:44,1,9,1,323
92081,2024-09-13 06:04:27,1,7,0,0
5208,2024-09-13 06:12:52,1,2,1,277
12903,2024-09-13 06:48:13,0,2,0,0
55428,2024-09-13 06:55:58,0,8,0,0
38396,2024-09-13 07:15:48,0,5,1,202
19476,2024-09-13 07:17:10,1,6,0,0
2720,2024-09-13 07:50:51,1,7,0,0
62820,2024-09-13 07:52:51,0,8,0,0
27400,2024-09-13 08:01:55,1,5,1,229
9688,2024-09-13 08:12:21,0,6,1,506
24425,2024-09-13 08:32:10,1,7,0,0
31422,2024-09-13 08:41:54,1,4,0,0
82822,2024-09-13 08:45:21,1,4,0,0
38241,2024-09-13 08:46:23,1,3,0,0
7890,2024-09-13 09:17:21,0,7,0,0
90156,2024-09-13 09:18:46,1,9,0,0
49049,2024-09-13 09:35:50,1,4,0,0
42142,2024-09-13 09:37:24,1,7,0,0
72110,2024-09-13 09:57:46,0,11,0,0
86322,2024-09-13 09:58:17,0,6,1,497
56972,2024-09-13 10:01:49,0,4,0,0
44401,2024-09-13 10:06:59,0,5,0,0
53947,2024-09-13 10:08:28,0,9,0,0
1006,2024-09-13 10:12:03,1,9,0,0
315,2024-09-13 10:16:07,0,4,0,0
69795,2024-09-13 10:16:21,1,5,0,0
18933,2024-09-13 10:18:27,0,9,0,0
73076,2024-09-13 10:20:10,0,10,0,0
3712,2024-09-13 10:29:56,0,4,0,0
90029,2024-09-13 10:34:17,0,10,1,407
62181,2024-09-13 10:36:41,1,3,0,0
58337,2024-09-13 10:43:22,0,5,0,0
70162,2024-09-13 10:43:50,0,2,0,0
13474,2024-09-13 10:48:21,1,7,0,0
73076,2024-09-13 10:51:28,0,5,0,0
55973,2024-09-13 11:01:35,0,5,0,0
69687,2024-09-13 11:02:28,0,5,0,0
89938,2024-09-13 11:05:46,1,4,0,0
60148,2024-09-13 11:10:29,0,11,0,0
67403,2024-09-13 11:15:05,1,7,0,0
97297,2024-09-13 11:26:30,0,7,0,0
91723,2024-09-13 11:27:12,0,7,0,0
24304,2024-09-13 11:42:35,0,5,0,0
8441,2024-09-13 11:42:37,0,3,0,0
31250,2024-09-13 11:49:17,0,5,1,198
24714,2024-09-13 11:50:43,0,11,1,466
85359,2024-09-13 11:55:20,0,7,0,0
49362,2024-09-13 12:07:44,1,4,0,0
62986,2024-09-13 12:10:41,0,9,0,0
47959,2024-09-13 12:13:01,1,4,0,0
21830,2024-09-13 12:16:00,0,5,0,0
94074,2024-09-13 12:17:13,0,2,0,0
97137,2024-09-13 12:29:15,0,6,1,481
62583,2024-09-13 12:38:16,0,7,0,0
5281,2024-09-13 12:41:48,0,6,0,0
4173,2024-09-13 12:52:19,1,6,0,0
95810,2024-09-13 13:10:11,0,2,0,0
6305,2024-09-13 13:16:13,0,3,1,384
72265,2024-09-13 13:16:24,0,2,0,0
5020,2024-09-13 13:17:34,0,9,1,315
65362,2024-09-13 13:24:06,0,6,0,0
52763,2024-09-13 13:29:01,0,5,1,273
17355,2024-09-13 13:31:50,1,7,0,0
69386,2024-09-13 13:35:17,0,8,0,0
24264,2024-09-13 13:41:18,1,4,0,0
88180,2024-09-13 13:43:56,1,5,0,0
5528,2024-09-13 13:54:24,1,5,1,324
150,2024-09-13 13:58:31,0,6,0,0
46628,2024-09-13 14:10:08,0,4,0,0
89871,2024-09-13 14:14:02,0,5,0,0
80185,2024-09-13 14:14:14,0,9,0,0
58596,2024-09-13 14:21:26,0,4,0,0
12361,2024-09-13 14:30:07,0,3,1,414
74940,2024-09-13 14:30:13,0,4,0,0
21870,2024-09-13 14:34:03,1,8,0,0
18011,2024-09-13 14:53:06,1,9,1,390
2803,2024-09-13 14:54:33,0,3,1,277
61056,2024-09-13 14:55:00,1,7,1,295
13721,2024-09-13 14:55:08,1,10,0,0
80724,2024-09-13 15:10:48,0,4,0,0
42402,2024-09-13 15:16:33,0,4,0,0
77150,2024-09-13 15:19:27,0,8,0,0
10723,2024-09-13 15:20:46,0,6,1,194
81923,2024-09-13 15:24:41,0,7,0,0
90696,2024-09-13 15:31:07,1,3,0,0
22493,2024-09-13 15:37:45,0,7,0,0
58723,2024-09-13 15:45:00,0,3,1,281
79797,2024-09-13 15:48:24,0,11,0,0
72873,2024-09-13 15:49:58,0,7,1,188
44401,2024-09-13 15:50:14,0,7,1,456
31445,2024-09-13 15:54:52,0,5,1,332
88180,2024-09-13 15:55:23,0,3,1,899
73172,2024-09-13 15:59:39,1,4,1,282
11947,2024-09-13 16:01:46,0,8,1,342
73239,2024-09-13 16:02:36,1,6,1,206
21072,2024-09-13 16:04:08,0,3,0,0
58596,2024-09-13 16:05:37,0,13,0,0
78375,2024-09-13 16:14:47,1,3,0,0
60723,2024-09-13 16:18:37,0,10,0,0
42017,2024-09-13 16:19:10,0,5,1,299
97401,2024-09-13 16:43:19,1,5,0,0
4484,2024-09-13 16:49:34,1,2,0,0
43772,2024-09-13 16:49:34,0,2,0,0
73076,2024-09-13 16:55:10,1,5,0,0
31513,2024-09-13 16:58:06,0,3,0,0
64289,2024-09-13 17:06:43,0,8,0,0
89437,2024-09-13 17:15:12,1,5,1,406
52333,2024-09-13 17:18:02,0,2,0,0
47801,2024-09-13 17:32:47,0,4,1,280
58301,2024-09-13 17:55:30,0,6,0,0
86322,2024-09-13 18:01:58,0,7,0,0
41720,2024-09-13 18:06:48,1,5,0,0
23373,2024-09-13 18:18:13,0,5,0,0
81339,2024-09-13 18:19:33,0,6,0,0
55539,2024-09-13 18:25:55,0,1,1,547
61678,2024-09-13 18:26:47,0,5,1,168
59848,2024-09-13 18:50:44,0,0,0,0
98669,2024-09-13 18:54:33,0,9,0,0
42886,2024-09-13 18:59:12,1,3,0,0
36191,2024-09-13 19:28:03,0,8,0,0
54349,2024-09-13 19:32:12,0,6,0,0
85667,2024-09-13 19:32:18,1,8,1,522
21335,2024-09-13 19:36:57,0,3,1,209
96712,2024-09-13 19:38:59,0,6,0,0
65993,2024-09-13 19:42:56,0,6,0,0
63833,2024-09-13 19:44:42,1,5,0,0
35891,2024-09-13 19:46:23,1,3,0,0
70790,2024-09-13 19:46:54,0,4,0,0
80441,2024-09-13 19:53:18,1,7,0,0
8728,2024-09-13 20:04:02,1,9,0,0
23290,2024-09-13 20:15:31,0,8,0,0
62986,2024-09-13 20:24:27,0,2,0,0
65335,2024-09-13 20:25:57,0,6,1,724
14635,2024-09-13 20:33:03,0,7,1,448
80869,2024-09-13 20:34:45,0,2,1,299
14635,2024-09-13 20:37:10,0,11,0,0
56616,2024-09-13 20:51:12,0,2,0,0
94379,2024-09-13 21:00:49,0,4,1,145
47959,2024-09-13 21:01:53,0,7,0,0
28031,2024-09-13 21:04:38,0,11,0,0
72393,2024-09-13 21:07:18,0,8,1,207
5281,2024-09-13 21:10:03,0,5,0,0
43517,2024-09-13 21:11:10,1,5,1,205
55526,2024-09-13 21:12:40,0,9,0,0
87292,2024-09-13 21:23:27,0,6,0,0
40178,2024-09-13 21:38:48,1,6,0,0
91723,2024-09-13 21:57:36,0,9,0,0
38573,2024-09-13 21:58:37,0,7,0,0
51146,2024-09-13 22:03:48,0,2,0,0
25203,2024-09-13 22:11:06,0,3,1,414
60148,2024-09-13 22:16:50,1,6,0,0
56315,2024-09-13 22:17:28,0,9,0,0
68572,2024-09-13 22:18:20,0,11,0,0
98708,2024-09-13 22:26:28,0,4,0,0
53185,2024-09-13 22:32:30,0,9,0,0
88425,2024-09-13 22:32:30,0,5,0,0
43772,2024-09-13 22:36:43,0,6,0,0
58577,2024-09-13 22:55:20,1,2,1,468
40689,2024-09-13 23:09:02,0,6,0,0
51389,2024-09-13 23:20:41,0,9,1,246
525,2024-09-13 23:22:05,1,6,0,0
37626,2024-09-13 23:33:48,1,6,0,0
89871,2024-09-13 23:46:30,1,5,1,448
43995,2024-09-14 00:04:17,1,7,0,0
90696,2024-09-14 00:44:26,1,8,1,493
68479,2024-09-14 00:55:16,1,1,1,460
15961,2024-09-14 01:00:45,0,5,1,312
87710,2024-09-14 01:11:33,0,1,0,0
48807,2024-09-14 01:23:57,0,5,0,0
33926,2024-09-14 01:36:28,1,7,0,0
14734,2024-09-14 01:50:45,1,9,0,0
57740,2024-09-14 02:19:21,0,4,0,0
53191,2024-09-14 02:29:53,0,6,0,0
5908,2024-09-14 02:40:44,1,7,1,318
10723,2024-09-14 02:57:42,0,9,1,333
46769,2024-09-14 02:59:39,1,3,0,0
48922,2024-09-14 03:01:40,0,8,1,188
63344,2024-09-14 03:14:08,0,6,0,0
13153,2024-09-14 03:24:45,0,7,1,275
47335,2024-09-14 03:45:52,1,5,0,0
48849,2024-09-14 03:50:10,0,2,0,0
20395,2024-09-14 03:54:54,0,5,0,0
91925,2024-09-14 04:28:30,0,9,1,358
79986,2024-09-14 05:18:26,0,6,0,0
3408,2024-09-14 05:20:52,0,4,0,0
92724,2024-09-14 05:39:40,0,5,0,0
55973,2024-09-14 05:52:37,0,6,0,0
97244,2024-09-14 06:26:14,0,6,0,0
20190,2024-09-14 07:13:07,1,2,0,0
56456,2024-09-14 07:24:16,0,5,1,372
25537,2024-09-14 07:39:57,0,13,1,329
81866,2024-09-14 07:41:43,0,6,1,269
52566,2024-09-14 07:47:59,1,9,0,0
43252,2024-09-14 07:55:48,0,5,1,522
29815,2024-09-14 07:58:36,0,5,1,458
26774,2024-09-14 08:00:46,1,7,0,0
35891,2024-09-14 08:04:34,0,7,0,0
61056,2024-09-14 08:05:33,0,7,1,465
98213,2024-09-14 08:08:58,0,1,0,0
9688,2024-09-14 08:21:45,0,3,1,221
1330,2024-09-14 08:34:40,0,4,0,0
96223,2024-09-14 08:38:25,0,5,0,0
20190,2024-09-14 08:38:59,0,8,0,0
41496,2024-09-14 08:39:50,0,5,0,0
86059,2024-09-14 08:47:07,0,6,1,526
16602,2024-09-14 09:18:22,0,0,0,0
21933,2024-09-14 09:18:47,0,8,0,0
21285,2024-09-14 09:26:26,0,7,0,0
31513,2024-09-14 09:31:28,0,5,0,0
18933,2024-09-14 09:48:40,0,8,0,0
75492,2024-09-14 10:08:13,0,4,1,286
51412,2024-09-14 10:11:59,0,9,1,284
87542,2024-09-14 10:12:41,1,7,0,0
80403,2024-09-14 10:31:26,1,4,1,436
99487,2024-09-14 10:39:58,0,6,0,0
49584,2024-09-14 10:57:24,0,6,0,0
11301,2024-09-14 11:01:02,0,9,0,0
99487,2024-09-14 11:01:30,0,9,0,0
91155,2024-09-14 11:05:18,0,6,0,0
67933,2024-09-14 11:24:51,0,7,0,0
25203,2024-09-14 11:31:20,1,7,1,624
36657,2024-09-14 11:50:17,1,7,0,0
74016,2024-09-14 11:50:59,0,6,1,270
70523,2024-09-14 11:51:04,1,7,0,0
3846,2024-09-14 11:55:31,1,5,0,0
48630,2024-09-14 12:14:13,0,4,0,0
62699,2024-09-14 12:15:52,1,6,0,0
4907,2024-09-14 12:36:26,1,5,0,0
51507,2024-09-14 12:37:28,0,3,0,0
47872,2024-09-14 12:51:53,1,4,0,0
69778,2024-09-14 12:59:35,0,4,0,0
50857,2024-09-14 13:04:49,1,4,0,0
23752,2024-09-14 13:11:52,0,5,0,0
21806,2024-09-14 13:18:32,0,7,1,302
78832,2024-09-14 13:21:11,0,3,1,219
25537,2024-09-14 13:21:51,0,9,0,0
26073,2024-09-14 13:22:38,0,5,0,0
98385,2024-09-14 13:23:26,1,4,0,0
88106,2024-09-14 13:29:20,0,7,1,364
28031,2024-09-14 13:38:14,0,2,1,212
16473,2024-09-14 13:42:32,0,3,1,289
63070,2024-09-14 13:47:24,1,7,0,0
66830,2024-09-14 13:49:05,0,7,0,0
48849,2024-09-14 14:00:40,1,4,0,0
18011,2024-09-14 14:02:50,0,3,0,0
17120,2024-09-14 14:04:47,0,4,0,0
14459,2024-09-14 14:09:29,0,3,1,211
47801,2024-09-14 14:19:07,0,8,1,337
69687,2024-09-14 14:28:33,0,7,0,0
99401,2024-09-14 14:37:32,0,3,0,0
79511,2024-09-14 14:41:25,1,7,0,0
77095,2024-09-14 14:45:23,1,8,1,291
71817,2024-09-14 14:54:24,0,5,1,303
16607,2024-09-14 14:54:28,0,3,0,0
85236,2024-09-14 14:55:59,0,7,0,0
7079,2024-09-14 14:57:39,0,5,0,0
61167,2024-09-14 14:58:22,0,4,0,0
21285,2024-09-14 15:01:59,0,9,0,0
57186,2024-09-14 15:13:00,0,8,0,0
61167,2024-09-14 15:14:37,0,4,1,464
97275,2024-09-14 15:15:04,0,6,1,355
1313,2024-09-14 15:16:31,0,3,1,425
94686,2024-09-14 15:17:35,0,4,0,0
4347,2024-09-14 15:23:03,0,10,0,0
62119,2024-09-14 15:29:39,1,6,1,350
4828,2024-09-14 15:34:31,0,4,0,0
27116,2024-09-14 15:35:21,1,4,0,0
65993,2024-09-14 15:41:46,0,7,0,0
99063,2024-09-14 15:58:36,0,2,0,0
30685,2024-09-14 16:04:22,0,7,1,215
87458,2024-09-14 16:14:47,0,7,0,0
39874,2024-09-14 16:22:31,0,2,0,0
38963,2024-09-14 16:35:34,0,5,0,0
12243,2024-09-14 16:37:21,1,4,1,524
80859,2024-09-14 16:55:53,0,7,0,0
67235,2024-09-14 16:56:39,0,4,0,0
88988,2024-09-14 17:02:55,0,2,0,0
10336,2024-09-14 17:03:41,0,5,0,0
75492,2024-09-14 17:17:55,1,6,0,0
79797,2024-09-14 17:23:41,0,6,0,0
52763,2024-09-14 17:23:49,0,7,0,0
6501,2024-09-14 17:25:02,0,7,0,0
94542,2024-09-14 17:25:04,0,5,0,0
41496,2024-09-14 17:26:46,1,6,1,390
52407,2024-09-14 17:32:59,0,8,1,219
5125,2024-09-14 17:39:06,0,4,0,0
25048,2024-09-14 17:40:05,1,5,0,0
38870,2024-09-14 17:41:49,1,4,0,0
25944,2024-09-14 17:46:16,0,3,0,0
21150,2024-09-14 17:46:48,0,9,0,0
52153,2024-09-14 17:52:47,0,7,0,0
7262,2024-09-14 18:09:06,0,4,0,0
59345,2024-09-14 18:16:35,1,5,1,242
39943,2024-09-14 18:17:34,0,3,0,0
60116,2024-09-14 18:28:55,0,2,0,0
25232,2024-09-14 18:43:21,0,3,1,505
15950,2024-09-14 18:47:36,0,4,1,202
77445,2024-09-14 18:50:57,0,4,1,287
79339,2024-09-14 18:54:56,0,6,0,0
40608,2024-09-14 19:05:19,1,4,1,350
87710,2024-09-14 19:05:44,0,5,1,261
9557,2024-09-14 19:39:35,0,11,1,252
63612,2024-09-14 20:08:23,1,6,0,0
12513,2024-09-14 20:14:43,0,7,0,0
76962,2024-09-14 20:15:04,1,5,0,0
10458,2024-09-14 20:22:17,0,4,1,422
96014,2024-09-14 20:30:37,0,4,0,0
79300,2024-09-14 20:37:17,1,3,1,269
51855,2024-09-14 20:39:49,0,9,0,0
89938,2024-09-14 20:58:57,1,4,0,0
68984,2024-09-14 21:01:06,0,7,0,0
70894,2024-09-14 21:03:08,0,7,0,0
76784,2024-09-14 21:03:33,0,5,1,204
49852,2024-09-14 21:05:54,0,7,1,446
26105,2024-09-14 21:20:08,0,12,0,0
19134,2024-09-14 21:23:23,0,7,0,0
85154,2024-09-14 21:33:42,1,5,0,0
82825,2024-09-14 21:36:15,0,2,0,0
83538,2024-09-14 21:38:46,0,9,1,362
13589,2024-09-14 21:38:58,0,7,1,347
51481,2024-09-14 21:41:37,0,8,0,0
90813,2024-09-14 21:53:12,0,4,0,0
65065,2024-09-14 21:53:42,1,10,0,0
3192,2024-09-14 21:53:52,0,9,1,281
86728,2024-09-14 21:56:35,0,5,1,307
88678,2024-09-14 22:05:52,0,12,1,502
65362,2024-09-14 22:06:55,0,8,1,334
95947,2024-09-14 22:11:21,1,6,0,0
91327,2024-09-14 22:16:49,0,5,0,0
15116,2024-09-14 22:34:06,0,3,1,284
78369,2024-09-14 22:40:37,1,6,1,141
84960,2024-09-14 22:40:48,0,6,0,0
95947,2024-09-14 22:41:23,1,4,0,0
10291,2024-09-14 22:42:30,0,8,0,0
90891,2024-09-14 22:58:11,0,4,0,0
45521,2024-09-14 23:04:00,0,5,1,475
9465,2024-09-14 23:19:22,0,4,0,0
51507,2024-09-14 23:19:26,0,8,0,0
52346,2024-09-14 23:51:01,0,9,0,0
33548,2024-09-14 23:53:00,0,3,0,0
10291,2024-09-15 00:10:55,1,9,0,0
13821,2024-09-15 00:14:12,0,7,0,0
79748,2024-09-15 01:06:49,0,8,0,0
21924,2024-09-15 01:08:50,0,6,0,0
5020,2024-09-15 01:20:07,0,11,1,304
54875,2024-09-15 01:25:04,0,6,0,0
55170,2024-09-15 01:43:48,0,7,0,0
86271,2024-09-15 02:30:15,1,6,0,0
54875,2024-09-15 02:50:07,0,2,1,539
80801,2024-09-15 03:02:30,1,3,1,295
2720,2024-09-15 03:17:03,1,3,0,0
72265,2024-09-15 03:23:56,1,10,0,0
48849,2024-09-15 03:42:31,0,7,0,0
72989,2024-09-15 03:46:51,0,7,1,243
48922,2024-09-15 03:54:14,0,6,0,0
10395,2024-09-15 03:55:11,0,7,0,0
35543,2024-09-15 03:55:28,0,7,1,220
13660,2024-09-15 03:59:57,1,8,0,0
82865,2024-09-15 04:34:48,1,6,1,429
34180,2024-09-15 04:34:54,0,9,0,0
367,2024-09-15 05:09:14,0,5,1,276
18744,2024-09-15 05:09:24,0,7,0,0
10079,2024-09-15 05:10:44,1,4,0,0
57197,2024-09-15 05:16:33,1,6,0,0
38880,2024-09-15 05:18:53,1,11,0,0
42377,2024-09-15 05:21:18,1,7,0,0
52566,2024-09-15 05:26:55,1,8,0,0
82287,2024-09-15 05:31:38,0,1,0,0
43001,2024-09-15 05:39:26,0,8,0,0
19709,2024-09-15 06:08:28,0,7,0,0
7386,2024-09-15 06:10:20,0,8,1,651
56315,2024-09-15 06:44:24,0,8,0,0
44891,2024-09-15 07:14:51,0,8,1,517
85305,2024-09-15 07:23:23,1,10,0,0
7739,2024-09-15 07:50:47,0,8,0,0
67951,2024-09-15 08:05:50,0,4,0,0
96014,2024-09-15 08:09:26,0,5,0,0
29258,2024-09-15 08:16:32,0,6,0,0
42912,2024-09-15 08:21:17,0,2,0,0
89437,2024-09-15 08:27:07,1,4,0,0
43521,2024-09-15 08:38:12,0,8,0,0
15331,2024-09-15 08:38:36,0,5,0,0
56972,2024-09-15 08:39:07,0,5,1,259
65313,2024-09-15 08:44:05,0,9,1,517
83538,2024-09-15 08:56:59,1,7,0,0
65065,2024-09-15 09:01:55,1,7,1,354
54349,2024-09-15 09:03:52,1,11,0,0
52346,2024-09-15 09:04:07,0,2,0,0
14905,2024-09-15 09:07:36,0,8,0,0
23425,2024-09-15 09:13:36,0,4,0,0
29815,2024-09-15 09:14:44,0,4,0,0
492,2024-09-15 09:35:29,0,5,0,0
27984,2024-09-15 09:37:53,0,5,0,0
82825,2024-09-15 09:43:14,0,6,1,147
5281,2024-09-15 09:59:12,1,5,0,0
31786,2024-09-15 10:01:19,0,5,0,0
51283,2024-09-15 10:15:45,0,6,0,0
11427,2024-09-15 10:16:11,1,2,1,198
24422,2024-09-15 10:56:58,0,2,0,0
76274,2024-09-15 10:57:34,1,6,1,450
99455,2024-09-15 11:01:00,0,13,0,0
52566,2024-09-15 11:05:35,1,2,0,0
60975,2024-09-15 11:06:56,0,2,0,0
97275,2024-09-15 11:15:53,1,6,1,142
29627,2024-09-15 11:16:18,0,7,0,0
59167,2024-09-15 11:33:57,0,10,1,512
16722,2024-09-15 11:38:34,0,3,0,0
59167,2024-09-15 11:44:32,0,5,0,0
1545,2024-09-15 11:48:14,1,3,0,0
21811,2024-09-15 11:48:53,0,3,0,0
68643,2024-09-15 11:51:44,1,6,0,0
20058,2024-09-15 11:52:40,0,10,0,0
93959,2024-09-15 11:58:32,0,5,0,0
19709,2024-09-15 12:04:33,0,10,0,0
99401,2024-09-15 12:07:52,0,2,1,564
10087,2024-09-15 12:19:53,0,7,1,336
22904,2024-09-15 12:27:53,1,2,0,0
60166,2024-09-15 12:37:06,0,3,1,508
70947,2024-09-15 12:38:52,0,10,0,0
60148,2024-09-15 12:56:43,1,3,0,0
63133,2024-09-15 12:57:23,0,9,0,0
45259,2024-09-15 12:57:31,0,9,1,284
57158,2024-09-15 13:17:44,0,8,0,0
43202,2024-09-15 13:19:58,1,12,0,0
22423,2024-09-15 13:23:27,0,4,0,0
49341,2024-09-15 13:25:52,1,4,0,0
64711,2024-09-15 13:31:31,1,3,1,344
55944,2024-09-15 13:48:00,0,5,1,514
76784,2024-09-15 14:02:11,1,6,0,0
70894,2024-09-15 14:09:18,1,6,0,0
67130,2024-09-15 14:23:31,0,5,0,0
79511,2024-09-15 14:29:23,0,8,0,0
55535,2024-09-15 14:35:07,0,9,0,0
92724,2024-09-15 14:36:48,0,6,0,0
92809,2024-09-15 15:01:56,0,6,0,0
42722,2024-09-15 15:02:34,0,5,0,0
43010,2024-09-15 15:10:50,1,5,1,182
3946,2024-09-15 15:11:21,0,4,0,0
61507,2024-09-15 15:16:59,0,6,0,0
10521,2024-09-15 15:19:39,0,8,1,160
39195,2024-09-15 15:25:10,0,5,1,318
88106,2024-09-15 15:34:24,0,4,1,397
92012,2024-09-15 15:44:10,1,6,1,255
40178,2024-09-15 15:59:01,0,5,0,0
20058,2024-09-15 16:05:37,0,5,0,0
38957,2024-09-15 16:24:26,0,4,1,356
29859,2024-09-15 16:40:45,0,8,0,0
17015,2024-09-15 16:41:59,0,3,0,0
70162,2024-09-15 16:43:23,1,7,0,0
20297,2024-09-15 16:52:20,0,5,0,0
81407,2024-09-15 16:54:21,1,5,0,0
78832,2024-09-15 16:58:44,0,5,1,348
10127,2024-09-15 17:04:35,0,4,0,0
72393,2024-09-15 17:16:55,0,4,1,491
69897,2024-09-15 17:41:49,0,3,0,0
93586,2024-09-15 17:42:47,1,7,1,398
80091,2024-09-15 17:49:21,0,3,1,227
5338,2024-09-15 17:51:21,1,10,1,235
31382,2024-09-15 18:27:41,0,9,0,0
94156,2024-09-15 18:45:24,0,8,0,0
63227,2024-09-15 18:57:44,1,7,1,255
89437,2024-09-15 19:03:22,0,9,0,0
43453,2024-09-15 19:06:07,1,3,1,320
5281,2024-09-15 19:06:25,0,4,1,347
11826,2024-09-15 19:06:32,0,5,0,0
86029,2024-09-15 19:06:33,1,7,0,0
96031,2024-09-15 19:13:56,0,4,0,0
26690,2024-09-15 19:17:22,0,6,1,306
15530,2024-09-15 19:38:27,1,5,1,429
26165,2024-09-15 19:43:37,1,2,0,0
1439,2024-09-15 20:22:02,0,8,0,0
94542,2024-09-15 20:34:22,0,9,1,368
87266,2024-09-15 20:38:22,0,8,1,337
29838,2024-09-15 20:40:48,0,5,1,310
2529,2024-09-15 21:11:16,0,4,0,0
13187,2024-09-15 21:13:41,0,8,0,0
93586,2024-09-15 21:17:39,0,6,0,0
5,2024-09-15 21:19:25,0,8,0,0
952,2024-09-15 21:19:28,1,9,0,0
81487,2024-09-15 21:24:06,0,6,0,0
37602,2024-09-15 21:36:27,0,7,0,0
23791,2024-09-15 21:40:19,1,6,0,0
52632,2024-09-15 21:41:49,1,5,0,0
15530,2024-09-15 21:46:41,0,6,1,418
72354,2024-09-15 21:54:14,0,4,1,221
99401,2024-09-15 21:54:41,0,3,0,0
3408,2024-09-15 21:55:47,0,6,0,0
50442,2024-09-15 22:02:12,0,13,1,508
26969,2024-09-15 22:13:29,0,4,1,252
55526,2024-09-15 22:18:55,0,6,0,0
25852,2024-09-15 22:21:08,0,6,1,220
71048,2024-09-15 22:25:07,0,6,0,0
87336,2024-09-15 22:34:45,0,1,1,211
24806,2024-09-15 22:36:35,0,9,0,0
58723,2024-09-15 22:37:30,0,4,1,404
65362,2024-09-15 22:38:49,0,4,0,0
90813,2024-09-15 22:42:58,0,4,1,294
66265,2024-09-15 22:44:39,1,5,0,0
82223,2024-09-15 22:48:05,0,8,0,0
22066,2024-09-15 22:49:17,0,7,1,537
49769,2024-09-15 23:10:29,0,2,0,0
6011,2024-09-15 23:29:21,0,7,0,0
74372,2024-09-15 23:29:29,0,1,0,0
29815,2024-09-15 23:53:39,0,5,1,395
64987,2024-09-15 23:53:59,1,6,0,0
84523,2024-09-16 00:00:33,0,11,0,0
57275,2024-09-16 00:01:18,0,11,0,0
49852,2024-09-16 00:15:14,1,5,1,576
68400,2024-09-16 00:21:51,1,9,0,0
86645,2024-09-16 01:01:00,0,5,0,0
69778,2024-09-16 01:20:34,0,5,1,465
22223,2024-09-16 01:52:53,0,5,0,0
13474,2024-09-16 02:06:58,1,6,1,363
58587,2024-09-16 02:26:31,0,7,0,0
73239,2024-09-16 02:52:04,0,8,0,0
60166,2024-09-16 02:56:05,1,6,0,0
17901,2024-09-16 03:07:18,0,6,0,0
1313,2024-09-16 03:51:21,0,1,0,0
74707,2024-09-16 04:01:00,0,3,1,148
5209,2024-09-16 04:11:56,1,9,0,0
85305,2024-09-16 04:36:19,1,7,0,0
97042,2024-09-16 04:36:47,0,5,1,196
1010,2024-09-16 04:36:57,0,7,1,557
6185,2024-09-16 05:15:24,0,5,1,337
96108,2024-09-16 05:23:04,0,5,1,504
77095,2024-09-16 05:29:24,1,3,0,0
66691,2024-09-16 05:42:35,0,6,1,252
48604,2024-09-16 05:52:21,0,5,0,0
71120,2024-09-16 06:10:40,0,5,0,0
47433,2024-09-16 06:15:56,1,5,0,0
24422,2024-09-16 06:32:54,0,8,0,0
51389,2024-09-16 06:33:59,0,8,0,0
74963,2024-09-16 07:12:22,1,9,0,0
5,2024-09-16 07:27:06,0,2,0,0
93906,2024-09-16 07:30:07,0,10,0,0
84565,2024-09-16 07:53:40,1,13,0,0
20328,2024-09-16 08:13:40,1,7,0,0
64993,2024-09-16 08:14:44,0,7,1,401
199,2024-09-16 08:41:14,0,2,0,0
8728,2024-09-16 08:48:39,1,8,1,400
3192,2024-09-16 08:50:07,1,6,1,445
38241,2024-09-16 08:52:28,0,8,1,376
4729,2024-09-16 08:56:13,0,3,0,0
60671,2024-09-16 09:11:45,1,6,0,0
76401,2024-09-16 09:21:44,1,8,0,0
60122,2024-09-16 09:21:45,0,6,1,327
23059,2024-09-16 09:42:19,0,7,1,417
25232,2024-09-16 09:43:10,0,7,0,0
33548,2024-09-16 09:46:35,1,3,1,167
35543,2024-09-16 10:05:08,1,6,0,0
52763,2024-09-16 10:21:11,1,8,0,0
4347,2024-09-16 10:34:19,1,7,0,0
13709,2024-09-16 11:05:19,0,4,0,0
39012,2024-09-16 11:11:30,1,6,0,0
80091,2024-09-16 11:12:48,0,5,1,384
21365,2024-09-16 11:22:58,0,6,0,0
62699,2024-09-16 11:26:06,0,3,0,0
94738,2024-09-16 11:50:36,0,5,1,268
51262,2024-09-16 11:53:21,1,3,0,0
96950,2024-09-16 11:54:41,1,3,1,411
5144,2024-09-16 11:56:34,0,5,0,0
79986,2024-09-16 12:04:17,1,9,0,0
79503,2024-09-16 12:07:36,1,4,0,0
3712,2024-09-16 12:08:17,0,4,0,0
99638,2024-09-16 12:19:15,0,10,0,0
95707,2024-09-16 12:19:44,0,3,0,0
3192,2024-09-16 12:22:17,0,6,0,0
7386,2024-09-16 12:30:17,1,2,0,0
65993,2024-09-16 12:30:54,1,5,1,390
71554,2024-09-16 12:32:36,1,6,1,461
4173,2024-09-16 12:38:46,1,5,0,0
13849,2024-09-16 12:42:02,0,3,0,0
70947,2024-09-16 12:42:38,0,7,1,284
21933,2024-09-16 12:51:27,0,3,1,204
89572,2024-09-16 12:55:12,1,7,0,0
91948,2024-09-16 12:56:19,0,2,0,0
38573,2024-09-16 12:57:44,0,9,0,0
97879,2024-09-16 13:09:51,0,2,0,0
1010,2024-09-16 13:21:59,0,8,0,0
75325,2024-09-16 14:14:13,0,5,0,0
21830,2024-09-16 14:15:43,0,6,0,0
59934,2024-09-16 14:16:29,0,8,0,0
67720,2024-09-16 14:23:42,0,10,0,0
89437,2024-09-16 14:38:50,0,6,0,0
40608,2024-09-16 14:41:13,0,5,0,0
33835,2024-09-16 15:05:36,0,7,0,0
37015,2024-09-16 15:09:40,0,10,0,0
11235,2024-09-16 15:16:24,0,7,0,0
89358,2024-09-16 15:21:16,1,6,0,0
60122,2024-09-16 15:22:16,0,10,0,0
55104,2024-09-16 15:32:32,0,8,0,0
78670,2024-09-16 15:34:24,1,6,1,233
46628,2024-09-16 15:35:07,0,7,0,0
27400,2024-09-16 15:51:08,0,10,0,0
51901,2024-09-16 16:08:19,0,6,0,0
9110,2024-09-16 16:28:53,0,5,0,0
22821,2024-09-16 16:33:10,0,5,0,0
25537,2024-09-16 16:35:21,0,8,0,0
90813,2024-09-16 16:41:36,0,9,0,0
3341,2024-09-16 16:47:34,1,6,0,0
9235,2024-09-16 16:48:26,0,3,0,0
93664,2024-09-16 16:58:20,0,6,1,442
10271,2024-09-16 17:10:20,0,11,1,349
78635,2024-09-16 17:21:43,0,5,1,237
80403,2024-09-16 17:22:10,0,7,0,0
69216,2024-09-16 17:26:44,0,3,0,0
73239,2024-09-16 17:33:29,1,9,1,563
7528,2024-09-16 17:36:48,0,6,1,174
32924,2024-09-16 17:44:24,0,7,0,0
82364,2024-09-16 17:51:49,0,7,1,241
59997,2024-09-16 17:59:21,1,5,0,0
68698,2024-09-16 18:01:35,1,7,0,0
87458,2024-09-16 18:01:42,0,8,1,327
96009,2024-09-16 18:11:53,0,8,1,362
88066,2024-09-16 18:30:26,0,2,0,0
10395,2024-09-16 18:32:26,0,10,1,200
35543,2024-09-16 18:46:08,0,5,1,302
45618,2024-09-16 18:47:44,0,2,0,0
21285,2024-09-16 18:52:40,1,5,0,0
5281,2024-09-16 18:55:59,0,5,1,361
18744,2024-09-16 18:56:30,0,3,0,0
20190,2024-09-16 19:01:54,0,7,0,0
43568,2024-09-16 19:05:38,0,6,0,0
46769,2024-09-16 19:07:50,0,4,0,0
80632,2024-09-16 19:12:45,0,3,0,0
46074,2024-09-16 19:15:18,1,6,0,0
15530,2024-09-16 19:20:59,0,7,1,331
17015,2024-09-16 19:22:52,0,8,0,0
12149,2024-09-16 19:25:39,0,9,1,246
26623,2024-09-16 19:31:39,0,7,0,0
63344,2024-09-16 19:33:10,1,17,0,0
85500,2024-09-16 19:37:55,0,3,0,0
25537,2024-09-16 20:01:28,1,7,1,300
23351,2024-09-16 20:07:14,1,4,1,268
68492,2024-09-16 20:16:24,0,1,1,215
82337,2024-09-16 20:18:53,1,3,1,347
23351,2024-09-16 20:30:49,0,6,0,0
67777,2024-09-16 20:33:38,0,3,0,0
36430,2024-09-16 20:41:11,0,5,0,0
70102,2024-09-16 20:45:06,0,3,0,0
9040,2024-09-16 20:52:58,0,9,0,0
64054,2024-09-16 21:05:15,0,10,1,444
42402,2024-09-16 21:05:25,1,3,0,0
54197,2024-09-16 21:06:30,1,3,1,158
70804,2024-09-16 21:10:43,0,3,1,502
20422,2024-09-16 21:13:35,0,3,0,0
45426,2024-09-16 21:17:45,1,10,0,0
67951,2024-09-16 21:17:59,1,4,0,0
85236,2024-09-16 21:20:25,0,9,0,0
66830,2024-09-16 21:40:55,0,5,1,202
51321,2024-09-16 21:41:54,1,5,0,0
52407,2024-09-16 21:43:27,0,3,0,0
20832,2024-09-16 21:49:55,0,8,0,0
42886,2024-09-16 21:49:56,1,5,0,0
49341,2024-09-16 22:07:02,1,6,0,0
46401,2024-09-16 22:13:36,0,8,0,0
81866,2024-09-16 22:14:00,0,6,1,172
19559,2024-09-16 22:15:08,0,7,1,171
84807,2024-09-16 22:16:42,0,9,0,0
35891,2024-09-16 22:19:47,0,4,0,0
13187,2024-09-16 22:22:56,0,7,0,0
63070,2024-09-16 22:24:31,0,5,0,0
77722,2024-09-16 22:27:29,0,4,0,0
84575,2024-09-16 22:28:47,0,6,0,0
91034,2024-09-16 22:29:10,1,9,0,0
62656,2024-09-16 22:36:55,0,4,0,0
78472,2024-09-16 22:54:31,0,11,0,0
45238,2024-09-16 22:56:59,0,1,0,0
47365,2024-09-16 23:18:40,0,5,0,0
39588,2024-09-16 23:20:01,0,3,0,0
94738,2024-09-16 23:21:07,0,6,1,338
51982,2024-09-16 23:21:23,0,6,0,0
35134,2024-09-16 23:23:37,1,7,1,240
64796,2024-09-16 23:30:03,1,12,1,237
11301,2024-09-16 23:34:44,0,8,0,0
14734,2024-09-16 23:40:42,0,6,0,0
97418,2024-09-16 23:42:29,0,8,0,0
3192,2024-09-16 23:47:09,1,7,1,326
37626,2024-09-16 23:50:39,0,5,0,0
96273,2024-09-17 00:09:30,1,5,0,0
85460,2024-09-17 00:20:05,0,4,1,269
34658,2024-09-17 00:23:37,1,8,1,511
17015,2024-09-17 00:29:17,0,4,0,0
31382,2024-09-17 01:07:30,0,3,1,468
51855,2024-09-17 01:16:48,0,7,1,494
61752,2024-09-17 01:26:23,0,7,0,0
59844,2024-09-17 01:43:41,0,9,0,0
2705,2024-09-17 02:19:07,0,9,0,0
18744,2024-09-17 02:28:14,0,4,0,0
56647,2024-09-17 02:34:56,0,9,1,344
38701,2024-09-17 02:50:32,1,3,1,162
72393,2024-09-17 03:13:28,0,6,0,0
68698,2024-09-17 03:14:57,1,7,0,0
95599,2024-09-17 03:17:39,0,4,0,0
39943,2024-09-17 04:21:02,0,4,0,0
9793,2024-09-17 04:27:48,0,6,1,172
66415,2024-09-17 04:30:55,1,9,0,0
67253,2024-09-17 04:35:06,0,4,0,0
92998,2024-09-17 04:49:58,1,3,0,0
46769,2024-09-17 05:03:40,0,6,0,0
44997,2024-09-17 05:31:57,1,8,0,0
92586,2024-09-17 05:33:42,0,4,0,0
47959,2024-09-17 05:36:04,1,7,0,0
56498,2024-09-17 05:36:07,0,5,1,496
66415,2024-09-17 06:09:08,0,3,0,0
53405,2024-09-17 06:42:52,0,5,1,347
87066,2024-09-17 06:42:57,0,8,0,0
44751,2024-09-17 06:46:08,0,10,0,0
20395,2024-09-17 06:47:54,0,4,0,0
10070,2024-09-17 06:49:27,0,5,1,396
37445,2024-09-17 07:02:21,1,7,0,0
31513,2024-09-17 07:02:41,1,7,0,0
37793,2024-09-17 07:05:16,0,8,0,0
48633,2024-09-17 07:11:06,0,2,0,0
53073,2024-09-17 07:44:54,0,7,0,0
91167,2024-09-17 08:10:43,1,1,0,0
20329,2024-09-17 08:17:58,0,6,1,428
84565,2024-09-17 08:19:24,1,8,0,0
16602,2024-09-17 08:32:30,0,1,0,0
80869,2024-09-17 08:34:59,0,6,1,401
35134,2024-09-17 08:54:49,0,5,0,0
58623,2024-09-17 09:02:00,1,6,0,0
35308,2024-09-17 09:06:51,1,11,0,0
68197,2024-09-17 09:10:43,0,2,0,0
61752,2024-09-17 09:19:57,0,3,1,368
64669,2024-09-17 09:33:22,1,6,1,429
69216,2024-09-17 09:33:25,1,4,0,0
60242,2024-09-17 09:37:38,1,6,1,260
85730,2024-09-17 09:38:08,0,5,0,0
38246,2024-09-17 09:43:24,0,4,0,0
24806,2024-09-17 09:47:15,0,6,0,0
62743,2024-09-17 09:50:44,0,4,0,0
49084,2024-09-17 09:52:02,0,8,1,234
22423,2024-09-17 09:52:51,1,6,0,0
20030,2024-09-17 09:55:11,0,6,0,0
81225,2024-09-17 09:55:11,0,6,1,325
87032,2024-09-17 10:00:12,1,8,0,0
40178,2024-09-17 10:00:48,0,9,1,263
90910,2024-09-17 10:05:56,0,4,1,290
82825,2024-09-17 10:07:09,0,6,0,0
61167,2024-09-17 10:07:22,0,3,0,0
79797,2024-09-17 10:19:25,1,9,0,0
33213,2024-09-17 10:23:53,0,8,1,415
73239,2024-09-17 10:26:43,0,7,0,0
91559,2024-09-17 10:26:49,0,7,0,0
25852,2024-09-17 10:30:16,0,5,1,336
57189,2024-09-17 10:38:35,0,7,1,238
64289,2024-09-17 10:58:24,0,15,1,247
27503,2024-09-17 10:59:16,0,5,1,405
67403,2024-09-17 11:10:06,0,5,1,264
5339,2024-09-17 11:11:15,0,3,0,0
86585,2024-09-17 11:14:28,1,5,0,0
6011,2024-09-17 11:32:37,1,6,1,206
31445,2024-09-17 11:39:56,0,10,0,0
6758,2024-09-17 11:48:30,0,4,1,316
34431,2024-09-17 12:20:21,1,5,1,495
44453,2024-09-17 12:25:36,0,3,1,334
75665,2024-09-17 12:31:21,0,5,0,0
41909,2024-09-17 12:32:22,0,13,1,449
32884,2024-09-17 12:41:09,1,2,1,434
36191,2024-09-17 12:48:43,0,5,0,0
64054,2024-09-17 12:58:14,0,8,1,312
16458,2024-09-17 13:00:23,0,4,1,405
33063,2024-09-17 13:04:42,0,10,0,0
84575,2024-09-17 13:05:20,1,4,1,236
96009,2024-09-17 13:06:22,1,2,0,0
95125,2024-09-17 13:08:27,0,2,1,286
36891,2024-09-17 13:09:00,0,6,1,253
26073,2024-09-17 13:14:13,0,3,0,0
53687,2024-09-17 13:22:03,1,5,0,0
65726,2024-09-17 13:22:36,1,3,0,0
83294,2024-09-17 13:33:51,1,5,1,188
89871,2024-09-17 13:35:25,1,8,0,0
4173,2024-09-17 13:40:22,0,3,0,0
74707,2024-09-17 13:44:06,0,5,1,361
39195,2024-09-17 13:50:06,0,3,0,0
11880,2024-09-17 14:37:21,0,3,0,0
492,2024-09-17 14:44:54,0,8,0,0
51389,2024-09-17 14:47:04,0,5,1,244
5949,2024-09-17 14:48:05,0,3,0,0
31250,2024-09-17 14:50:57,0,4,0,0
55973,2024-09-17 15:09:11,0,6,1,256
85193,2024-09-17 15:25:14,0,3,1,451
11398,2024-09-17 15:48:23,0,4,0,0
5020,2024-09-17 16:40:20,0,8,1,299
83530,2024-09-17 16:41:33,0,3,0,0
64171,2024-09-17 16:42:43,0,2,0,0
34431,2024-09-17 16:47:51,0,8,0,0
12914,2024-09-17 17:02:32,0,10,0,0
86322,2024-09-17 17:12:09,0,3,0,0
24425,2024-09-17 17:12:51,0,4,0,0
79469,2024-09-17 17:38:06,1,0,1,291
11316,2024-09-17 17:41:06,0,10,0,0
91465,2024-09-17 17:45:02,1,5,0,0
66160,2024-09-17 17:46:54,1,5,0,0
15757,2024-09-17 17:47:57,0,9,0,0
94379,2024-09-17 17:59:22,0,4,0,0
50009,2024-09-17 18:09:48,1,2,0,0
66262,2024-09-17 18:27:43,0,2,1,638
58329,2024-09-17 18:29:40,1,6,0,0
25696,2024-09-17 18:32:11,0,9,0,0
26754,2024-09-17 18:59:35,0,9,0,0
89938,2024-09-17 19:00:29,0,4,1,414
9110,2024-09-17 19:21:07,0,5,1,410
21365,2024-09-17 19:21:54,0,3,0,0
29552,2024-09-17 19:24:04,0,2,0,0
11840,2024-09-17 19:24:24,0,2,1,443
85305,2024-09-17 19:30:42,0,6,0,0
95125,2024-09-17 19:37:54,1,6,1,194
23351,2024-09-17 19:37:58,0,8,0,0
52705,2024-09-17 19:43:20,1,6,0,0
60122,2024-09-17 19:50:59,0,5,0,0
15918,2024-09-17 19:52:45,0,7,0,0
23028,2024-09-17 20:13:09,0,5,1,307
52407,2024-09-17 20:21:11,0,2,0,0
91167,2024-09-17 20:25:13,0,6,0,0
56625,2024-09-17 20:27:16,1,6,0,0
42886,2024-09-17 20:45:55,0,7,1,350
86070,2024-09-17 20:49:22,1,5,0,0
20422,2024-09-17 20:50:11,0,8,0,0
11235,2024-09-17 20:56:32,0,4,0,0
43568,2024-09-17 21:01:58,0,7,1,282
97275,2024-09-17 21:05:40,0,8,0,0
71817,2024-09-17 21:11:13,1,11,0,0
62583,2024-09-17 21:20:35,0,5,0,0
39195,2024-09-17 21:22:37,1,3,1,157
49362,2024-09-17 21:34:09,0,8,1,410
15793,2024-09-17 21:35:51,1,7,0,0
58577,2024-09-17 21:42:50,1,7,0,0
53405,2024-09-17 21:49:35,0,4,0,0
97755,2024-09-17 22:02:05,0,6,0,0
4828,2024-09-17 22:05:08,0,5,0,0
81866,2024-09-17 22:05:38,0,5,0,0
31422,2024-09-17 22:19:16,0,8,0,0
19792,2024-09-17 22:24:03,1,0,0,0
95682,2024-09-17 22:25:23,1,8,0,0
48711,2024-09-17 22:35:47,1,12,1,292
82787,2024-09-17 22:36:05,0,2,0,0
40970,2024-09-17 22:39:32,0,3,0,0
72265,2024-09-17 22:40:19,0,8,0,0
20395,2024-09-17 22:42:26,0,2,0,0
14136,2024-09-17 22:46:07,1,5,0,0
31786,2024-09-17 22:49:36,0,2,0,0
21806,2024-09-17 22:49:37,0,4,1,193
15376,2024-09-17 22:50:21,0,6,1,461
12570,2024-09-17 23:04:07,1,8,0,0
99487,2024-09-17 23:14:20,0,8,0,0
15376,2024-09-17 23:16:35,1,6,0,0
47801,2024-09-17 23:18:48,0,3,0,0
97093,2024-09-17 23:19:06,0,10,0,0
9688,2024-09-17 23:23:47,0,3,1,254
73400,2024-09-17 23:27:35,0,8,0,0
86059,2024-09-17 23:36:42,1,4,0,0
97401,2024-09-17 23:38:54,0,8,0,0
40181,2024-09-17 23:48:33,0,9,0,0
49584,2024-09-17 23:52:56,0,10,1,234
52153,2024-09-18 00:24:29,1,2,0,0
42063,2024-09-18 01:30:09,0,6,1,322
81923,2024-09-18 01:38:16,1,2,0,0
95986,2024-09-18 01:39:37,0,7,1,432
64203,2024-09-18 01:52:31,0,3,0,0
31513,2024-09-18 02:19:47,0,4,0,0
75665,2024-09-18 02:44:01,0,3,0,0
20422,2024-09-18 02:56:17,0,6,0,0
22294,2024-09-18 02:56:56,0,3,0,0
8044,2024-09-18 03:06:23,0,9,0,0
80616,2024-09-18 03:12:17,1,5,1,239
39079,2024-09-18 03:13:59,1,9,1,320
4366,2024-09-18 03:19:41,1,7,0,0
6699,2024-09-18 03:21:24,1,4,1,298
80118,2024-09-18 03:34:44,1,5,0,0
96221,2024-09-18 04:20:17,0,4,0,0
43453,2024-09-18 04:25:22,0,5,1,271
78375,2024-09-18 04:29:12,1,5,1,297
44310,2024-09-18 04:43:18,0,7,0,0
73239,2024-09-18 04:49:31,1,1,0,0
36362,2024-09-18 04:54:39,0,6,0,0
13085,2024-09-18 05:03:41,0,6,1,233
45259,2024-09-18 05:08:08,0,3,1,507
69778,2024-09-18 05:11:30,0,10,0,0
3846,2024-09-18 05:16:20,0,4,1,331
63327,2024-09-18 05:20:25,0,7,1,279
83214,2024-09-18 05:20:36,1,4,0,0
32471,2024-09-18 05:24:59,1,9,0,0
26969,2024-09-18 05:49:13,0,5,0,0
91071,2024-09-18 05:57:25,1,5,1,228
40970,2024-09-18 06:20:59,0,5,1,374
50721,2024-09-18 06:39:42,0,6,1,233
43453,2024-09-18 06:54:06,1,4,0,0
59934,2024-09-18 07:02:50,1,6,1,245
7262,2024-09-18 07:03:03,1,5,1,244
96009,2024-09-18 07:24:32,0,8,0,0
69498,2024-09-18 07:31:23,0,4,0,0
7951,2024-09-18 07:40:18,0,6,0,0
75665,2024-09-18 07:58:23,1,6,0,0
70872,2024-09-18 08:07:54,1,7,0,0
30360,2024-09-18 08:19:32,0,3,1,304
39943,2024-09-18 08:29:28,0,4,0,0
90696,2024-09-18 08:50:02,1,5,0,0
68395,2024-09-18 08:57:45,1,5,0,0
59586,2024-09-18 09:04:07,0,6,1,221
95793,2024-09-18 09:11:52,0,5,0,0
17844,2024-09-18 09:17:06,0,6,0,0
47375,2024-09-18 09:25:18,0,13,0,0
68316,2024-09-18 09:28:09,1,3,0,0
21806,2024-09-18 09:29:05,1,5,1,185
90802,2024-09-18 09:29:22,0,4,0,0
15116,2024-09-18 09:29:39,1,3,1,199
95125,2024-09-18 09:43:50,0,6,1,315
33035,2024-09-18 09:44:58,0,5,0,0
91034,2024-09-18 09:54:23,0,8,1,426
65065,2024-09-18 09:56:20,1,5,1,325
81225,2024-09-18 10:32:35,1,12,0,0
70872,2024-09-18 10:42:29,1,3,0,0
59985,2024-09-18 10:49:48,0,10,0,0
5125,2024-09-18 10:52:46,1,6,0,0
9793,2024-09-18 10:55:25,0,7,0,0
7878,2024-09-18 10:58:56,1,8,0,0
61056,2024-09-18 11:02:58,0,10,1,244
93906,2024-09-18 11:10:58,0,6,0,0
43010,2024-09-18 11:15:33,0,4,0,0
58723,2024-09-18 11:16:26,0,8,1,232
76063,2024-09-18 11:24:45,0,9,0,0
90247,2024-09-18 11:31:29,0,7,1,352
11826,2024-09-18 11:32:05,0,3,0,0
315,2024-09-18 11:42:09,0,3,1,212
96123,2024-09-18 11:48:30,1,5,0,0
4347,2024-09-18 11:49:41,0,6,1,580
46672,2024-09-18 11:53:03,0,5,1,388
60445,2024-09-18 11:55:42,0,6,1,215
84600,2024-09-18 12:00:40,0,7,0,0
90802,2024-09-18 12:00:45,0,1,0,0
91948,2024-09-18 12:18:12,0,5,0,0
43568,2024-09-18 12:19:18,0,6,1,233
69930,2024-09-18 12:31:57,0,8,0,0
24037,2024-09-18 12:36:16,1,7,1,307
31636,2024-09-18 12:55:35,0,5,0,0
79797,2024-09-18 13:00:44,1,10,0,0
22691,2024-09-18 13:06:35,0,5,1,202
74963,2024-09-18 13:06:55,0,7,0,0
28970,2024-09-18 13:14:30,0,10,0,0
2447,2024-09-18 13:19:48,0,7,0,0
34180,2024-09-18 13:25:35,0,5,0,0
5208,2024-09-18 13:27:08,0,8,0,0
25852,2024-09-18 13:30:07,0,4,0,0
42017,2024-09-18 13:41:16,0,6,0,0
36629,2024-09-18 13:47:40,0,5,1,398
85730,2024-09-18 13:50:01,0,4,0,0
27400,2024-09-18 13:51:59,0,5,0,0
57740,2024-09-18 13:57:27,0,7,0,0
28974,2024-09-18 14:06:29,0,2,0,0
10336,2024-09-18 14:07:53,0,6,0,0
21870,2024-09-18 14:09:43,0,7,1,361
33469,2024-09-18 14:12:42,0,3,0,0
11398,2024-09-18 14:19:07,0,9,0,0
6662,2024-09-18 14:27:14,0,9,0,0
97042,2024-09-18 14:56:03,1,7,0,0
10291,2024-09-18 14:56:57,0,8,0,0
64851,2024-09-18 15:01:43,0,4,0,0
36632,2024-09-18 15:09:14,1,13,0,0
13721,2024-09-18 15:20:18,1,6,0,0
9465,2024-09-18 15:30:08,1,3,0,0
55538,2024-09-18 15:31:45,0,2,1,565
20845,2024-09-18 15:34:52,0,6,0,0
70947,2024-09-18 15:39:09,0,2,0,0
5908,2024-09-18 15:40:36,0,6,0,0
15650,2024-09-18 15:58:28,0,6,1,186
66691,2024-09-18 16:07:34,0,7,0,0
57029,2024-09-18 16:14:57,0,9,0,0
492,2024-09-18 16:17:29,0,8,0,0
77509,2024-09-18 16:22:55,0,9,1,286
1552,2024-09-18 16:35:29,0,3,1,385
36072,2024-09-18 16:40:12,0,7,0,0
11840,2024-09-18 16:55:11,0,5,0,0
19132,2024-09-18 16:59:04,0,7,0,0
72159,2024-09-18 17:00:03,0,6,1,206
82188,2024-09-18 17:07:10,0,6,0,0
27116,2024-09-18 17:12:31,1,5,0,0
15961,2024-09-18 17:12:33,0,7,0,0
51402,2024-09-18 17:15:37,0,6,1,795
67013,2024-09-18 17:36:47,0,8,1,366
20329,2024-09-18 17:52:33,0,5,0,0
90891,2024-09-18 17:52:40,0,4,0,0
92998,2024-09-18 17:53:07,0,5,1,252
18011,2024-09-18 17:57:29,0,6,0,0
98211,2024-09-18 18:01:08,1,7,0,0
30425,2024-09-18 18:13:05,1,10,0,0
93986,2024-09-18 18:14:24,0,6,0,0
523,2024-09-18 18:15:02,0,5,0,0
96947,2024-09-18 18:49:16,0,1,0,0
21924,2024-09-18 18:52:07,0,5,0,0
40689,2024-09-18 18:52:38,0,7,0,0
60671,2024-09-18 18:54:25,0,9,1,680
23648,2024-09-18 19:20:18,1,6,0,0
95218,2024-09-18 19:26:50,0,4,0,0
78120,2024-09-18 19:29:12,0,3,0,0
21830,2024-09-18 19:36:49,0,5,0,0
64253,2024-09-18 19:40:31,0,5,0,0
79300,2024-09-18 19:49:34,0,7,0,0
66262,2024-09-18 19:55:25,0,8,0,0
31712,2024-09-18 19:59:23,1,2,0,0
36825,2024-09-18 20:00:44,1,6,0,0
99183,2024-09-18 20:18:40,0,2,1,219
52346,2024-09-18 20:24:08,0,3,0,0
55003,2024-09-18 20:40:19,0,5,0,0
5338,2024-09-18 21:10:32,1,2,0,0
54875,2024-09-18 21:42:26,0,4,0,0
36825,2024-09-18 21:55:01,0,6,0,0
91034,2024-09-18 21:56:21,1,5,0,0
32026,2024-09-18 22:00:57,0,3,1,295
26105,2024-09-18 22:03:10,0,7,1,226
29658,2024-09-18 22:04:08,0,5,1,406
99108,2024-09-18 22:05:16,0,6,0,0
76784,2024-09-18 22:10:15,0,6,0,0
28643,2024-09-18 22:12:56,1,3,0,0
74620,2024-09-18 22:27:59,1,3,1,222
11794,2024-09-18 22:30:26,1,3,0,0
61056,2024-09-18 22:35:26,1,7,0,0
9688,2024-09-18 22:44:50,0,8,1,419
74620,2024-09-18 22:47:47,0,3,0,0
4780,2024-09-18 22:58:00,1,5,0,0
2705,2024-09-18 23:05:35,0,7,0,0
37867,2024-09-18 23:23:51,0,5,0,0
83556,2024-09-18 23:24:55,0,6,0,0
14777,2024-09-18 23:30:15,0,5,0,0
681,2024-09-18 23:31:12,1,5,0,0
967,2024-09-18 23:37:31,0,4,0,0
57761,2024-09-18 23:37:51,0,7,0,0
43497,2024-09-18 23:49:34,0,2,0,0
42402,2024-09-18 23:53:01,1,6,0,0
19412,2024-09-18 23:59:21,0,7,0,0
30186,2024-09-19 00:02:34,0,8,1,499
23415,2024-09-19 00:29:14,0,7,1,410
78670,2024-09-19 01:07:45,1,6,0,0
42170,2024-09-19 01:27:31,0,7,0,0
4732,2024-09-19 02:00:18,1,7,0,0
58337,2024-09-19 02:14:13,1,8,0,0
62820,2024-09-19 02:25:14,0,7,1,630
12914,2024-09-19 02:30:15,0,6,0,0
13721,2024-09-19 03:03:15,0,9,0,0
10079,2024-09-19 03:27:49,0,9,0,0
11895,2024-09-19 03:37:37,0,6,0,0
65563,2024-09-19 03:39:24,1,7,1,305
9197,2024-09-19 03:55:12,0,9,0,0
29919,2024-09-19 03:58:20,0,5,1,206
17398,2024-09-19 04:14:19,0,4,0,0
63198,2024-09-19 04:21:43,1,4,1,388
80632,2024-09-19 04:32:22,1,9,1,331
68889,2024-09-19 04:35:10,0,3,1,291
43772,2024-09-19 04:39:05,1,8,0,0
11776,2024-09-19 04:40:16,0,7,0,0
43470,2024-09-19 04:40:26,1,1,0,0
57029,2024-09-19 04:57:07,0,7,1,417
78120,2024-09-19 05:16:52,0,6,1,211
523,2024-09-19 05:29:56,0,4,1,245
9235,2024-09-19 05:31:14,1,8,0,0
14734,2024-09-19 05:42:34,0,4,0,0
89532,2024-09-19 06:24:21,1,2,1,353
77029,2024-09-19 07:02:48,0,8,1,276
73789,2024-09-19 07:08:21,0,8,0,0
6699,2024-09-19 07:24:26,0,2,0,0
98211,2024-09-19 07:45:39,1,4,0,0
13091,2024-09-19 07:49:54,1,3,0,0
20328,2024-09-19 07:56:42,0,7,0,0
17723,2024-09-19 08:06:25,1,5,0,0
45761,2024-09-19 08:23:31,1,4,1,247
91327,2024-09-19 08:29:54,0,7,1,353
59863,2024-09-19 08:53:02,0,3,1,357
79878,2024-09-19 08:56:25,0,7,0,0
92998,2024-09-19 09:07:51,0,10,0,0
88935,2024-09-19 09:12:16,0,5,0,0
1439,2024-09-19 09:14:04,1,3,0,0
58329,2024-09-19 09:14:19,0,9,0,0
96562,2024-09-19 09:16:43,1,4,0,0
95986,2024-09-19 09:17:03,1,8,0,0
30186,2024-09-19 09:20:57,0,8,0,0
21285,2024-09-19 09:23:48,1,3,0,0
59863,2024-09-19 09:36:03,0,3,1,326
16979,2024-09-19 09:37:28,0,6,1,279
5606,2024-09-19 09:39:56,0,8,0,0
5949,2024-09-19 09:44:24,0,6,1,208
41655,2024-09-19 09:46:41,0,5,1,185
14635,2024-09-19 09:55:24,0,3,1,435
68395,2024-09-19 10:01:09,0,4,0,0
494,2024-09-19 10:16:56,1,6,0,0
14734,2024-09-19 10:17:13,1,3,0,0
16994,2024-09-19 10:21:42,0,4,0,0
22691,2024-09-19 10:25:56,0,10,0,0
90495,2024-09-19 10:31:05,0,4,1,221
3341,2024-09-19 10:38:26,0,6,0,0
41649,2024-09-19 10:44:09,0,5,0,0
37812,2024-09-19 10:48:39,1,9,0,0
80801,2024-09-19 10:48:53,0,8,0,0
26458,2024-09-19 10:52:55,0,5,0,0
6373,2024-09-19 11:02:44,0,6,1,290
60671,2024-09-19 11:13:19,0,9,0,0
65563,2024-09-19 11:19:46,1,5,0,0
68316,2024-09-19 11:27:27,0,3,0,0
70132,2024-09-19 11:30:09,1,4,0,0
45521,2024-09-19 11:41:32,0,6,1,366
37082,2024-09-19 11:43:50,0,1,0,0
21335,2024-09-19 11:44:49,0,4,1,364
60392,2024-09-19 11:44:49,1,6,0,0
51901,2024-09-19 11:52:55,1,12,1,306
93036,2024-09-19 11:58:15,0,8,0,0
6439,2024-09-19 12:03:49,0,4,0,0
2273,2024-09-19 12:06:18,0,3,1,271
64289,2024-09-19 12:35:10,0,9,0,0
12163,2024-09-19 12:43:33,0,2,0,0
3062,2024-09-19 12:45:36,0,7,1,189
88106,2024-09-19 12:46:35,0,5,0,0
16458,2024-09-19 12:47:00,0,4,0,0
91431,2024-09-19 12:47:34,0,8,0,0
55003,2024-09-19 12:51:12,0,5,0,0
35804,2024-09-19 12:51:13,0,8,0,0
88845,2024-09-19 12:57:24,0,7,1,390
77029,2024-09-19 13:15:15,0,7,1,263
94161,2024-09-19 13:16:27,0,4,1,239
87463,2024-09-19 13:30:50,0,4,0,0
98331,2024-09-19 13:37:14,1,10,0,0
17015,2024-09-19 13:42:33,0,6,0,0
69897,2024-09-19 13:57:03,0,6,1,267
31178,2024-09-19 13:58:15,0,3,1,557
10070,2024-09-19 14:10:25,0,6,1,332
57189,2024-09-19 14:11:17,0,5,0,0
6553,2024-09-19 14:18:15,0,9,0,0
23373,2024-09-19 14:24:05,0,6,0,0
9377,2024-09-19 14:25:42,0,2,1,236
52357,2024-09-19 14:28:22,0,13,1,445
4854,2024-09-19 14:32:39,0,9,0,0
86456,2024-09-19 14:34:19,0,4,1,291
98039,2024-09-19 14:36:19,1,6,0,0
91327,2024-09-19 14:41:56,1,7,1,389
72354,2024-09-19 14:46:10,0,8,0,0
97879,2024-09-19 14:47:30,0,14,1,330
89858,2024-09-19 14:58:27,1,1,0,0
55944,2024-09-19 15:00:13,0,7,1,352
57942,2024-09-19 15:07:07,1,2,0,0
98039,2024-09-19 15:09:21,0,8,1,232
13503,2024-09-19 15:11:24,1,4,0,0
42886,2024-09-19 15:19:48,0,8,0,0
10007,2024-09-19 15:20:15,0,5,1,362
93664,2024-09-19 15:25:39,0,5,0,0
16722,2024-09-19 15:30:14,0,5,0,0
89938,2024-09-19 15:40:00,0,7,1,280
44367,2024-09-19 15:44:16,0,7,0,0
71048,2024-09-19 15:50:02,0,11,0,0
70102,2024-09-19 15:58:43,0,5,0,0
99351,2024-09-19 16:18:40,0,11,1,467
53191,2024-09-19 16:20:29,0,6,0,0
69216,2024-09-19 16:40:33,1,6,0,0
66265,2024-09-19 16:41:26,1,9,1,1108
9235,2024-09-19 16:41:37,0,7,0,0
58329,2024-09-19 16:43:39,0,5,1,309
45426,2024-09-19 16:45:48,0,9,0,0
13721,2024-09-19 16:48:48,0,2,0,0
4729,2024-09-19 16:54:51,0,8,1,377
26989,2024-09-19 17:03:13,0,8,0,0
99351,2024-09-19 17:19:08,1,5,0,0
73439,2024-09-19 17:25:24,1,8,1,341
2806,2024-09-19 17:40:47,0,3,1,190
17015,2024-09-19 18:00:51,0,6,0,0
85305,2024-09-19 18:05:04,0,6,0,0
22691,2024-09-19 18:06:03,0,9,1,261
45259,2024-09-19 18:08:27,0,3,0,0
3846,2024-09-19 18:23:19,0,6,1,353
8880,2024-09-19 18:23:46,0,8,0,0
5015,2024-09-19 18:36:10,0,5,0,0
7951,2024-09-19 18:43:33,1,7,0,0
87066,2024-09-19 19:07:29,0,5,0,0
92724,2024-09-19 19:22:33,0,6,0,0
52357,2024-09-19 19:26:44,0,7,1,734
85824,2024-09-19 19:31:49,0,9,1,345
51412,2024-09-19 19:41:01,0,5,0,0
45417,2024-09-19 19:44:13,1,5,0,0
40970,2024-09-19 19:45:58,0,4,0,0
44751,2024-09-19 19:56:47,0,7,0,0
92191,2024-09-19 20:10:54,0,7,0,0
93664,2024-09-19 20:22:34,0,4,0,0
80869,2024-09-19 20:33:00,0,6,0,0
83406,2024-09-19 20:38:49,0,3,0,0
82223,2024-09-19 20:48:40,0,13,1,267
19648,2024-09-19 20:49:07,0,2,1,374
7079,2024-09-19 20:52:58,0,8,1,221
52407,2024-09-19 21:02:35,0,9,0,0
57186,2024-09-19 21:06:43,0,6,0,0
25232,2024-09-19 21:10:16,0,5,0,0
17723,2024-09-19 21:12:51,0,6,0,0
48541,2024-09-19 21:13:55,1,6,0,0
73732,2024-09-19 21:23:31,0,6,0,0
21806,2024-09-19 21:42:49,1,11,0,0
36632,2024-09-19 21:49:42,0,2,1,149
41926,2024-09-19 22:03:12,0,3,1,361
89245,2024-09-19 22:06:08,0,8,0,0
85827,2024-09-19 22:12:30,0,3,1,261
33555,2024-09-19 22:13:45,1,10,1,282
85573,2024-09-19 22:15:07,0,5,1,286
77150,2024-09-19 22:20:14,0,7,0,0
75524,2024-09-19 22:29:04,0,7,0,0
87485,2024-09-19 22:39:08,0,10,0,0
53185,2024-09-19 22:44:28,0,5,1,245
95998,2024-09-19 22:52:22,1,5,0,0
7079,2024-09-19 22:56:59,0,4,0,0
70894,2024-09-19 23:03:58,0,6,1,255
98213,2024-09-19 23:16:42,0,6,0,0
51809,2024-09-19 23:21:48,1,6,0,0
95947,2024-09-19 23:23:14,0,8,0,0
12814,2024-09-19 23:41:32,0,7,1,254
67804,2024-09-19 23:49:16,0,6,1,200
16979,2024-09-19 23:49:50,1,6,0,0
74635,2024-09-20 00:05:26,0,8,0,0
9975,2024-09-20 00:31:45,1,8,0,0
65033,2024-09-20 01:11:24,0,7,1,245
29838,2024-09-20 01:21:23,0,2,0,0
25549,2024-09-20 01:27:03,0,7,0,0
2357,2024-09-20 01:41:00,0,5,1,269
42686,2024-09-20 01:51:48,0,5,1,220
75417,2024-09-20 02:13:49,0,8,1,568
53073,2024-09-20 02:17:27,0,6,1,306
37015,2024-09-20 02:28:59,1,8,0,0
61131,2024-09-20 03:02:22,0,5,1,229
87066,2024-09-20 03:15:47,0,2,0,0
11794,2024-09-20 03:37:11,0,8,1,618
14777,2024-09-20 03:57:14,1,5,1,169
95707,2024-09-20 04:01:24,0,5,0,0
49084,2024-09-20 04:05:58,0,7,0,0
96950,2024-09-20 04:36:38,0,6,0,0
79545,2024-09-20 04:46:18,0,4,0,0
93586,2024-09-20 05:18:40,0,5,1,389
26105,2024-09-20 05:44:10,0,6,0,0
6011,2024-09-20 05:52:38,0,6,1,315
492,2024-09-20 05:57:17,1,4,0,0
79874,2024-09-20 06:09:35,0,4,0,0
70820,2024-09-20 06:37:53,1,8,1,239
47692,2024-09-20 06:45:28,0,3,1,269
69897,2024-09-20 07:00:21,0,9,0,0
62167,2024-09-20 07:07:20,0,4,0,0
94368,2024-09-20 07:24:37,0,7,0,0
90658,2024-09-20 07:32:30,0,4,0,0
10127,2024-09-20 07:41:14,0,7,0,0
91011,2024-09-20 07:53:36,0,8,0,0
30360,2024-09-20 07:53:49,1,8,0,0
30632,2024-09-20 08:18:40,0,6,1,417
3712,2024-09-20 08:21:18,1,3,0,0
51901,2024-09-20 08:41:18,0,2,0,0
56647,2024-09-20 08:51:19,0,7,0,0
94368,2024-09-20 08:57:13,1,12,1,278
90208,2024-09-20 09:10:47,1,9,0,0
91167,2024-09-20 09:25:15,0,8,0,0
98669,2024-09-20 09:29:53,0,8,0,0
88203,2024-09-20 10:12:54,0,5,0,0
31250,2024-09-20 10:37:06,0,6,1,257
26324,2024-09-20 10:54:08,0,6,1,309
20060,2024-09-20 10:55:34,1,7,0,0
15116,2024-09-20 10:57:11,0,8,0,0
93986,2024-09-20 10:57:58,1,5,0,0
65474,2024-09-20 11:05:09,0,8,0,0
14905,2024-09-20 11:10:38,0,5,0,0
97879,2024-09-20 11:19:39,0,2,1,291
91155,2024-09-20 11:23:22,0,4,1,400
38957,2024-09-20 11:27:55,0,6,0,0
29838,2024-09-20 11:40:18,0,9,1,343
61727,2024-09-20 11:50:49,0,5,1,362
25852,2024-09-20 11:53:38,1,7,0,0
43874,2024-09-20 12:01:12,0,7,0,0
68395,2024-09-20 12:02:13,0,1,0,0
91167,2024-09-20 12:08:14,0,8,0,0
94379,2024-09-20 12:14:15,0,4,0,0
6553,2024-09-20 12:16:09,0,7,0,0
70071,2024-09-20 12:27:02,0,4,0,0
32805,2024-09-20 12:27:21,0,4,0,0
42722,2024-09-20 12:32:11,0,11,0,0
76063,2024-09-20 12:36:38,0,6,1,402
13085,2024-09-20 12:41:22,0,10,0,0
19990,2024-09-20 12:42:56,1,5,1,274
3408,2024-09-20 12:44:42,0,6,0,0
64171,2024-09-20 12:52:06,0,4,0,0
86070,2024-09-20 12:54:19,0,7,0,0
95125,2024-09-20 12:58:09,0,4,0,0
91642,2024-09-20 13:02:08,0,3,1,240
90658,2024-09-20 13:08:32,0,5,0,0
9793,2024-09-20 13:14:20,0,7,0,0
21539,2024-09-20 13:36:01,0,6,0,0
2009,2024-09-20 13:46:40,0,5,1,263
46628,2024-09-20 13:59:48,0,6,0,0
8728,2024-09-20 14:09:05,0,7,0,0
48608,2024-09-20 14:21:41,0,7,0,0
90247,2024-09-20 14:32:07,1,10,0,0
23803,2024-09-20 15:03:51,0,7,0,0
22691,2024-09-20 15:10:56,0,2,1,238
87737,2024-09-20 15:21:56,0,3,0,0
94436,2024-09-20 15:29:56,0,10,0,0
19260,2024-09-20 15:46:16,0,3,1,260
36133,2024-09-20 15:49:11,0,7,0,0
86456,2024-09-20 16:05:01,0,10,0,0
91519,2024-09-20 16:10:07,0,9,1,428
43252,2024-09-20 16:17:34,0,7,0,0
70162,2024-09-20 16:32:46,0,5,1,203
1477,2024-09-20 16:35:31,1,7,0,0
86585,2024-09-20 16:45:23,0,4,0,0
99952,2024-09-20 16:48:59,0,6,0,0
22423,2024-09-20 16:49:16,0,9,0,0
21013,2024-09-20 16:56:13,0,4,0,0
38173,2024-09-20 16:58:38,0,5,0,0
65376,2024-09-20 17:22:32,0,5,0,0
97240,2024-09-20 17:23:41,0,6,1,125
5,2024-09-20 17:35:17,0,3,0,0
99487,2024-09-20 17:55:03,0,5,0,0
56456,2024-09-20 17:59:26,1,7,0,0
1010,2024-09-20 18:05:16,1,6,0,0
91011,2024-09-20 18:20:23,0,6,0,0
10336,2024-09-20 18:24:29,1,7,0,0
42377,2024-09-20 18:31:18,1,3,0,0
36629,2024-09-20 18:36:20,1,10,1,511
69386,2024-09-20 18:39:47,0,12,0,0
36448,2024-09-20 18:54:08,0,2,1,242
17355,2024-09-20 19:01:02,0,5,0,0
32626,2024-09-20 19:06:39,0,8,0,0
47433,2024-09-20 19:08:34,0,5,0,0
44707,2024-09-20 19:11:39,0,2,0,0
68698,2024-09-20 19:15:10,0,5,0,0
65578,2024-09-20 19:32:39,0,11,0,0
45238,2024-09-20 19:47:08,0,7,0,0
38241,2024-09-20 19:55:33,0,9,1,217
10458,2024-09-20 19:59:11,0,5,1,229
73302,2024-09-20 20:26:09,0,6,1,443
16499,2024-09-20 20:28:39,0,5,0,0
85305,2024-09-20 20:34:51,1,10,1,370
85154,2024-09-20 20:37:44,1,5,0,0
55526,2024-09-20 20:49:13,0,5,1,431
93959,2024-09-20 20:54:02,1,4,1,282
29589,2024-09-20 21:03:41,0,3,0,0
53683,2024-09-20 21:22:06,0,7,0,0
28643,2024-09-20 21:29:40,0,4,0,0
11140,2024-09-20 21:31:02,0,4,1,196
1010,2024-09-20 21:35:24,1,8,1,283
60888,2024-09-20 21:41:48,0,8,0,0
36167,2024-09-20 21:43:22,0,5,0,0
92809,2024-09-20 21:53:27,0,10,0,0
79748,2024-09-20 21:54:00,0,7,0,0
91155,2024-09-20 22:26:26,1,5,0,0
70820,2024-09-20 22:28:07,0,9,1,571
43001,2024-09-20 22:31:44,1,3,1,462
66265,2024-09-20 22:33:10,0,8,0,0
87530,2024-09-20 22:33:13,0,2,1,311
26165,2024-09-20 22:38:55,0,3,0,0
8531,2024-09-20 22:39:32,0,7,0,0
5144,2024-09-20 22:41:29,0,4,0,0
59756,2024-09-20 22:47:05,1,3,0,0
99401,2024-09-20 22:47:43,0,6,1,394
23290,2024-09-20 22:50:36,1,5,1,298
37602,2024-09-20 23:21:35,0,7,1,167
62343,2024-09-20 23:27:54,0,2,0,0
25232,2024-09-20 23:29:01,0,5,1,324
54349,2024-09-20 23:32:55,1,3,1,410
12914,2024-09-20 23:37:25,0,7,0,0
49049,2024-09-20 23:40:03,1,8,0,0
90603,2024-09-20 23:41:28,0,2,1,354
83294,2024-09-20 23:42:19,0,10,0,0
99401,2024-09-20 23:44:09,1,6,0,0
10087,2024-09-20 23:46:39,0,10,0,0
64711,2024-09-20 23:56:29,1,4,1,186
95260,2024-09-20 23:59:08,0,1,0,0
7739,2024-09-20 23:59:33,1,9,1,354
19709,2024-09-21 00:41:27,1,3,1,285
16473,2024-09-21 00:46:51,0,4,0,0
10007,2024-09-21 00:55:05,0,7,0,0
88935,2024-09-21 00:56:59,0,7,1,271
96965,2024-09-21 00:58:11,1,8,1,187
13913,2024-09-21 01:21:04,1,4,0,0
78130,2024-09-21 01:25:24,0,8,0,0
92973,2024-09-21 01:28:55,0,5,1,781
20058,2024-09-21 01:29:10,0,3,0,0
5144,2024-09-21 01:32:02,1,7,0,0
90495,2024-09-21 01:33:37,0,4,0,0
77445,2024-09-21 01:41:27,0,4,0,0
19648,2024-09-21 02:01:03,1,6,0,0
95947,2024-09-21 02:06:41,0,1,0,0
40622,2024-09-21 02:16:00,0,5,0,0
29815,2024-09-21 02:25:40,1,5,0,0
47777,2024-09-21 02:26:12,1,7,1,303
23425,2024-09-21 02:31:16,0,6,1,241
85258,2024-09-21 02:31:26,0,4,0,0
19134,2024-09-21 02:45:07,0,8,1,452
29838,2024-09-21 02:51:43,1,9,0,0
90350,2024-09-21 03:51:46,0,8,1,279
84440,2024-09-21 04:01:40,0,7,1,332
50220,2024-09-21 04:11:10,1,2,0,0
31343,2024-09-21 04:34:45,0,5,0,0
99455,2024-09-21 04:38:44,1,6,0,0
77029,2024-09-21 05:06:46,0,5,0,0
36825,2024-09-21 05:24:40,0,5,0,0
15376,2024-09-21 05:47:02,1,7,1,282
37445,2024-09-21 05:56:17,0,4,0,0
31422,2024-09-21 06:46:06,0,11,0,0
48711,2024-09-21 07:00:44,1,6,0,0
30425,2024-09-21 07:20:51,0,3,1,444
4565,2024-09-21 07:22:11,0,6,1,221
75700,2024-09-21 07:29:28,1,2,0,0
35244,2024-09-21 07:30:12,0,6,0,0
68572,2024-09-21 07:37:40,0,7,0,0
38679,2024-09-21 07:44:16,0,7,1,249
66555,2024-09-21 08:11:58,0,6,0,0
73732,2024-09-21 08:13:47,0,10,0,0
25944,2024-09-21 08:56:42,1,2,1,362
81852,2024-09-21 09:07:39,0,2,0,0
72159,2024-09-21 09:12:44,1,13,0,0
25698,2024-09-21 09:13:09,1,3,1,481
59844,2024-09-21 09:19:58,0,4,0,0
18933,2024-09-21 09:26:30,0,4,0,0
38880,2024-09-21 09:28:34,1,8,1,199
6439,2024-09-21 09:37:28,1,4,0,0
81486,2024-09-21 09:42:26,1,2,0,0
69386,2024-09-21 09:43:44,0,7,0,0
21285,2024-09-21 09:44:13,1,3,1,248
31343,2024-09-21 09:44:20,0,8,0,0
91559,2024-09-21 09:45:44,1,11,0,0
87714,2024-09-21 09:46:06,0,11,0,0
65726,2024-09-21 09:53:13,0,8,0,0
12361,2024-09-21 10:01:18,0,12,0,0
69930,2024-09-21 10:03:42,0,4,0,0
97871,2024-09-21 10:10:05,0,11,0,0
36825,2024-09-21 10:14:37,1,9,0,0
36047,2024-09-21 10:21:51,0,6,1,376
37995,2024-09-21 10:25:15,0,8,0,0
18055,2024-09-21 10:31:24,0,10,0,0
4968,2024-09-21 10:44:13,0,7,1,271
22493,2024-09-21 10:44:52,0,6,0,0
76063,2024-09-21 10:44:55,1,4,0,0
68400,2024-09-21 10:49:36,0,6,0,0
87403,2024-09-21 10:50:47,0,6,0,0
64993,2024-09-21 10:51:19,1,8,0,0
90658,2024-09-21 11:04:04,1,4,1,270
96950,2024-09-21 11:17:11,0,5,0,0
56869,2024-09-21 11:27:04,0,4,0,0
54349,2024-09-21 11:28:59,1,9,1,152
88110,2024-09-21 11:43:31,1,9,0,0
66807,2024-09-21 11:45:30,0,3,1,226
15517,2024-09-21 11:46:59,0,7,0,0
57186,2024-09-21 11:49:30,1,10,0,0
51389,2024-09-21 11:56:35,0,3,1,185
46197,2024-09-21 11:58:53,1,9,0,0
78130,2024-09-21 12:20:31,1,8,0,0
98385,2024-09-21 12:21:19,1,9,0,0
3712,2024-09-21 12:30:14,0,8,0,0
74870,2024-09-21 12:33:58,1,10,1,181
42402,2024-09-21 12:43:14,0,3,0,0
23028,2024-09-21 12:49:14,0,7,0,0
83530,2024-09-21 12:53:25,0,3,0,0
22904,2024-09-21 13:03:15,0,6,1,302
67777,2024-09-21 13:17:13,0,5,1,410
56869,2024-09-21 13:27:20,1,9,1,219
62583,2024-09-21 13:33:14,0,3,0,0
29919,2024-09-21 13:34:28,0,9,1,202
55428,2024-09-21 13:35:26,1,10,0,0
30685,2024-09-21 13:38:32,0,8,1,212
62699,2024-09-21 13:40:11,0,5,1,228
53073,2024-09-21 13:48:39,1,4,1,237
7865,2024-09-21 13:53:48,0,2,0,0
31382,2024-09-21 13:58:53,0,5,0,0
57275,2024-09-21 14:01:16,1,4,1,301
10336,2024-09-21 14:08:11,1,8,0,0
9688,2024-09-21 14:10:55,0,8,0,0
99455,2024-09-21 14:12:54,0,5,1,323
4192,2024-09-21 14:17:25,0,8,0,0
22161,2024-09-21 14:19:03,0,5,0,0
62699,2024-09-21 14:19:24,0,7,1,196
99487,2024-09-21 14:20:55,0,2,1,297
68316,2024-09-21 14:44:24,1,5,0,0
63070,2024-09-21 14:45:13,0,4,1,382
39195,2024-09-21 14:51:45,0,1,1,282
55538,2024-09-21 14:53:15,0,6,1,541
87710,2024-09-21 14:55:11,0,6,0,0
86322,2024-09-21 14:59:29,1,2,0,0
58337,2024-09-21 15:18:15,0,10,0,0
36362,2024-09-21 15:20:54,1,8,1,242
26105,2024-09-21 15:21:05,0,6,0,0
84565,2024-09-21 15:41:40,1,3,0,0
42722,2024-09-21 15:46:54,0,7,1,315
28974,2024-09-21 15:51:02,0,6,0,0
37793,2024-09-21 16:16:16,1,6,1,256
72159,2024-09-21 16:23:13,1,7,1,157
3246,2024-09-21 16:25:34,0,5,0,0
16458,2024-09-21 16:28:43,0,3,0,0
61817,2024-09-21 16:49:28,0,6,0,0
72522,2024-09-21 16:52:34,1,6,0,0
82188,2024-09-21 17:01:53,1,5,0,0
22223,2024-09-21 17:06:04,1,7,0,0
38798,2024-09-21 17:08:18,1,7,1,237
99351,2024-09-21 17:08:32,0,2,0,0
99183,2024-09-21 17:09:42,1,5,0,0
99401,2024-09-21 17:15:10,1,9,0,0
7878,2024-09-21 17:15:39,0,8,1,221
43568,2024-09-21 17:16:01,0,4,1,273
26623,2024-09-21 17:20:55,1,9,0,0
59158,2024-09-21 17:21:00,1,5,1,135
33213,2024-09-21 17:28:17,0,4,0,0
1439,2024-09-21 17:29:48,1,5,1,524
92191,2024-09-21 17:38:49,1,6,0,0
45691,2024-09-21 17:39:49,0,4,0,0
70790,2024-09-21 17:57:18,1,5,1,379
87530,2024-09-21 18:00:53,0,7,0,0
94074,2024-09-21 18:07:28,0,3,0,0
60692,2024-09-21 18:12:22,1,4,0,0
58577,2024-09-21 18:30:55,0,5,0,0
72110,2024-09-21 18:56:33,1,5,0,0
7878,2024-09-21 19:02:37,0,7,1,328
85824,2024-09-21 19:15:27,0,6,1,300
75716,2024-09-21 19:19:30,0,9,0,0
30425,2024-09-21 19:29:12,1,8,0,0
47375,2024-09-21 19:56:44,1,6,0,0
85827,2024-09-21 19:58:20,1,6,0,0
5281,2024-09-21 20:08:50,0,5,0,0
21806,2024-09-21 20:28:21,0,7,1,162
15517,2024-09-21 20:34:36,1,4,0,0
525,2024-09-21 20:34:37,1,4,1,278
12570,2024-09-21 20:35:04,0,5,0,0
10458,2024-09-21 20:38:15,0,5,0,0
40622,2024-09-21 20:57:53,0,4,0,0
95998,2024-09-21 20:58:03,0,6,1,219
65474,2024-09-21 20:59:49,0,3,1,245
90208,2024-09-21 21:06:44,0,11,0,0
36362,2024-09-21 21:07:29,0,4,0,0
73036,2024-09-21 21:10:11,0,6,0,0
94368,2024-09-21 21:23:53,0,11,0,0
61721,2024-09-21 21:34:26,0,6,0,0
53073,2024-09-21 21:42:57,0,4,0,0
87530,2024-09-21 21:44:01,1,9,1,291
50177,2024-09-21 21:51:52,1,7,1,282
4366,2024-09-21 22:05:46,0,6,0,0
24825,2024-09-21 22:18:39,0,8,1,226
67656,2024-09-21 22:24:47,0,3,0,0
1439,2024-09-21 22:32:45,0,5,0,0
71811,2024-09-21 22:33:14,0,1,0,0
70820,2024-09-21 22:34:45,0,4,1,378
6758,2024-09-21 22:35:18,0,4,0,0
15517,2024-09-21 22:40:29,0,6,0,0
27503,2024-09-21 22:48:37,0,12,0,0
16499,2024-09-21 22:57:15,1,4,0,0
84565,2024-09-21 23:00:46,0,2,1,224
25852,2024-09-21 23:01:23,0,3,0,0
53185,2024-09-21 23:02:11,0,6,0,0
66236,2024-09-21 23:02:23,0,5,1,345
12163,2024-09-21 23:11:37,0,4,0,0
65536,2024-09-21 23:19:19,0,4,0,0
97871,2024-09-21 23:30:24,0,6,0,0
25696,2024-09-21 23:38:11,1,10,0,0
5679,2024-09-21 23:53:48,0,9,0,0
19709,2024-09-21 23:54:09,0,8,1,269
22691,2024-09-21 23:57:36,0,5,0,0
33835,2024-09-21 23:59:28,0,7,1,274
41324,2024-09-22 01:07:30,1,1,1,223
82337,2024-09-22 01:12:34,0,5,0,0
51321,2024-09-22 01:34:32,0,2,0,0
95218,2024-09-22 01:38:57,0,7,1,139
29589,2024-09-22 04:04:25,1,3,0,0
47365,2024-09-22 04:19:25,0,7,1,202
36094,2024-09-22 04:21:56,0,10,0,0
25568,2024-09-22 04:43:36,1,11,0,0
26774,2024-09-22 04:53:00,0,2,1,132
46541,2024-09-22 05:22:52,0,4,1,212
93664,2024-09-22 05:33:34,1,3,0,0
70820,2024-09-22 06:09:06,0,6,0,0
37995,2024-09-22 06:35:06,0,6,0,0
455,2024-09-22 07:16:09,0,9,0,0
4173,2024-09-22 07:26:36,0,7,1,397
88789,2024-09-22 07:34:20,0,8,1,610
57740,2024-09-22 07:35:43,0,6,0,0
98331,2024-09-22 07:46:48,0,10,0,0
92809,2024-09-22 07:55:25,0,13,0,0
97879,2024-09-22 08:10:29,1,3,0,0
79339,2024-09-22 08:11:17,1,10,0,0
60392,2024-09-22 08:15:30,0,3,1,333
13445,2024-09-22 08:18:42,0,7,0,0
59888,2024-09-22 08:25:10,0,6,0,0
70132,2024-09-22 08:27:41,0,6,0,0
79874,2024-09-22 08:33:20,1,5,0,0
97381,2024-09-22 08:41:01,1,5,0,0
54835,2024-09-22 08:52:41,0,3,1,353
36825,2024-09-22 08:56:02,0,3,1,282
36133,2024-09-22 08:59:59,1,10,0,0
4347,2024-09-22 09:02:16,1,9,1,358
95125,2024-09-22 09:04:01,0,6,0,0
20676,2024-09-22 09:05:52,1,2,0,0
73692,2024-09-22 09:27:45,0,8,1,345
45636,2024-09-22 09:35:12,0,6,1,263
41926,2024-09-22 09:38:16,0,10,1,190
5491,2024-09-22 09:42:20,0,4,1,397
41003,2024-09-22 09:43:34,0,6,1,178
87458,2024-09-22 09:44:20,0,7,0,0
92081,2024-09-22 10:00:07,1,5,0,0
68596,2024-09-22 10:13:47,1,4,0,0
55577,2024-09-22 10:15:35,0,7,1,410
36825,2024-09-22 10:26:27,0,7,0,0
11053,2024-09-22 10:26:53,0,6,0,0
55170,2024-09-22 10:36:09,0,6,0,0
95986,2024-09-22 10:56:52,0,4,0,0
90813,2024-09-22 11:03:24,1,7,0,0
32805,2024-09-22 11:36:39,0,10,0,0
79093,2024-09-22 11:40:49,1,9,0,0
72387,2024-09-22 11:49:51,0,11,0,0
61160,2024-09-22 11:58:05,0,6,1,561
62743,2024-09-22 12:05:19,0,8,1,108
18933,2024-09-22 12:07:54,0,6,0,0
26774,2024-09-22 12:11:46,0,11,0,0
90350,2024-09-22 12:11:50,0,5,1,187
74963,2024-09-22 12:14:22,1,8,1,233
43956,2024-09-22 12:29:50,0,4,0,0
90603,2024-09-22 12:30:27,0,8,0,0
73239,2024-09-22 12:33:49,1,7,0,0
20329,2024-09-22 12:38:27,0,4,0,0
60036,2024-09-22 12:40:00,0,10,1,231
45417,2024-09-22 12:45:33,0,6,0,0
95947,2024-09-22 12:56:36,1,6,1,372
8469,2024-09-22 12:58:13,0,5,0,0
89061,2024-09-22 13:01:27,1,6,0,0
94156,2024-09-22 13:04:12,1,8,0,0
94773,2024-09-22 13:06:23,0,6,1,311
23803,2024-09-22 13:16:24,1,2,0,0
26165,2024-09-22 13:17:00,1,8,0,0
71554,2024-09-22 13:17:10,0,6,0,0
69897,2024-09-22 13:19:29,1,7,0,0
24304,2024-09-22 13:23:34,0,2,0,0
22242,2024-09-22 13:24:52,0,7,1,347
17015,2024-09-22 13:26:57,0,2,0,0
4136,2024-09-22 13:29:37,0,10,0,0
73036,2024-09-22 13:32:26,1,6,1,312
21677,2024-09-22 13:34:30,1,6,0,0
37015,2024-09-22 13:35:22,0,6,1,287
68299,2024-09-22 13:37:37,1,4,0,0
67253,2024-09-22 13:51:14,0,7,1,620
60975,2024-09-22 14:01:30,0,9,0,0
31445,2024-09-22 14:05:08,0,8,0,0
38679,2024-09-22 14:11:31,1,4,0,0
82787,2024-09-22 14:13:56,0,6,1,157
8479,2024-09-22 14:14:08,0,6,0,0
64993,2024-09-22 14:20:46,0,5,0,0
97879,2024-09-22 14:20:54,1,6,0,0
34102,2024-09-22 14:22:15,0,9,0,0
48541,2024-09-22 14:30:14,0,7,1,606
85554,2024-09-22 14:32:08,0,9,1,318
7865,2024-09-22 14:39:14,0,10,1,262
95986,2024-09-22 14:45:23,0,12,0,0
22423,2024-09-22 14:51:27,1,5,0,0
11316,2024-09-22 14:52:20,1,6,0,0
35505,2024-09-22 14:52:44,0,4,0,0
62119,2024-09-22 14:53:38,1,12,0,0
2720,2024-09-22 14:56:32,1,6,1,332
94156,2024-09-22 15:07:47,0,3,0,0
95793,2024-09-22 15:11:23,0,12,0,0
80182,2024-09-22 15:17:03,1,7,0,0
44066,2024-09-22 15:20:36,0,5,0,0
4347,2024-09-22 15:21:13,1,5,1,221
82478,2024-09-22 15:50:26,0,9,0,0
22066,2024-09-22 15:55:42,0,8,0,0
56869,2024-09-22 15:58:42,0,7,0,0
18933,2024-09-22 16:05:37,0,9,0,0
19952,2024-09-22 16:10:13,1,6,0,0
69611,2024-09-22 16:14:56,0,6,0,0
80681,2024-09-22 16:32:18,0,7,0,0
34431,2024-09-22 16:35:36,0,3,0,0
20422,2024-09-22 16:36:17,0,6,1,366
55107,2024-09-22 16:37:29,0,3,1,372
30961,2024-09-22 16:40:02,0,8,0,0
21013,2024-09-22 16:47:06,1,7,0,0
45426,2024-09-22 16:53:26,0,11,0,0
73400,2024-09-22 16:54:24,0,6,0,0
72393,2024-09-22 16:54:34,1,4,0,0
15961,2024-09-22 16:58:05,0,2,0,0
49084,2024-09-22 17:03:01,1,5,1,449
94161,2024-09-22 17:22:11,0,9,0,0
70102,2024-09-22 17:26:48,0,8,0,0
54875,2024-09-22 17:35:16,0,8,1,173
71554,2024-09-22 17:45:45,0,7,0,0
57964,2024-09-22 17:46:24,0,4,0,0
93986,2024-09-22 17:54:52,0,3,0,0
66691,2024-09-22 17:57:23,0,5,0,0
52346,2024-09-22 18:02:16,1,1,0,0
59443,2024-09-22 18:35:49,0,6,1,249
14635,2024-09-22 18:39:19,0,2,0,0
85236,2024-09-22 18:41:28,0,11,0,0
52357,2024-09-22 19:14:22,0,2,0,0
86413,2024-09-22 19:16:59,0,2,0,0
6061,2024-09-22 19:24:52,1,3,0,0
74125,2024-09-22 19:30:49,0,3,0,0
1006,2024-09-22 19:46:22,0,6,0,0
58627,2024-09-22 19:56:43,1,7,0,0
11826,2024-09-22 20:01:16,0,6,0,0
62063,2024-09-22 20:01:58,0,8,0,0
77029,2024-09-22 20:35:09,0,10,0,0
5747,2024-09-22 20:42:26,0,7,0,0
13709,2024-09-22 20:47:01,1,11,0,0
16458,2024-09-22 20:52:26,1,8,0,0
37761,2024-09-22 21:11:27,0,11,0,0
38947,2024-09-22 21:16:56,0,9,1,209
62848,2024-09-22 21:23:30,0,6,0,0
60242,2024-09-22 21:25:22,0,6,0,0
56498,2024-09-22 21:31:06,0,9,0,0
79545,2024-09-22 21:37:01,1,9,0,0
33469,2024-09-22 21:37:34,1,9,0,0
60671,2024-09-22 21:45:11,1,5,1,334
16602,2024-09-22 21:51:34,0,4,1,446
31712,2024-09-22 21:55:48,0,3,1,249
85154,2024-09-22 22:16:58,0,10,1,265
98669,2024-09-22 22:19:31,0,7,0,0
75284,2024-09-22 22:34:51,1,2,0,0
21576,2024-09-22 22:41:16,1,10,0,0
4907,2024-09-22 23:03:24,0,4,0,0
21541,2024-09-22 23:16:05,0,2,0,0
83556,2024-09-22 23:17:42,0,7,0,0
22242,2024-09-22 23:21:51,0,3,0,0
98088,2024-09-22 23:22:00,0,8,0,0
45636,2024-09-22 23:24:00,0,5,0,0
52407,2024-09-22 23:24:41,0,5,0,0
36430,2024-09-22 23:27:14,0,6,0,0
98221,2024-09-22 23:34:26,1,4,0,0
95904,2024-09-22 23:35:40,0,10,0,0
43995,2024-09-22 23:47:38,1,1,0,0
98385,2024-09-22 23:50:06,0,5,0,0
42017,2024-09-22 23:53:18,1,3,0,0
23900,2024-09-22 23:55:25,0,9,0,0
33062,2024-09-23 00:03:13,1,7,1,368
4366,2024-09-23 00:03:14,0,4,1,533
98088,2024-09-23 00:08:03,1,4,0,0
62743,2024-09-23 00:33:14,0,8,0,0
82050,2024-09-23 00:37:31,0,5,0,0
90298,2024-09-23 00:42:30,0,9,0,0
9110,2024-09-23 00:48:16,1,5,0,0
75524,2024-09-23 00:50:44,0,6,0,0
22346,2024-09-23 00:54:35,0,5,1,347
11780,2024-09-23 00:58:03,0,7,0,0
51809,2024-09-23 01:26:38,1,10,0,0
40561,2024-09-23 01:48:35,1,7,1,380
17398,2024-09-23 02:09:16,0,4,0,0
61507,2024-09-23 02:31:31,0,4,1,247
59985,2024-09-23 02:53:08,0,5,0,0
43453,2024-09-23 02:54:28,0,4,0,0
68825,2024-09-23 03:05:55,0,7,0,0
45417,2024-09-23 03:34:46,0,5,0,0
47692,2024-09-23 03:39:17,0,5,0,0
87485,2024-09-23 03:48:51,0,3,0,0
27031,2024-09-23 03:54:28,0,7,1,231
15650,2024-09-23 04:13:55,0,9,0,0
97475,2024-09-23 04:29:34,0,7,0,0
80502,2024-09-23 04:33:55,0,2,0,0
63873,2024-09-23 04:46:32,0,5,0,0
27023,2024-09-23 04:51:24,0,3,0,0
7605,2024-09-23 04:56:07,0,7,0,0
54835,2024-09-23 05:19:04,0,6,1,246
25646,2024-09-23 05:23:19,1,9,0,0
83214,2024-09-23 05:35:26,0,4,1,245
42017,2024-09-23 05:43:49,0,6,0,0
20676,2024-09-23 05:46:47,0,8,0,0
65726,2024-09-23 06:03:51,0,3,0,0
47335,2024-09-23 06:16:37,1,6,0,0
35105,2024-09-23 06:34:30,0,7,0,0
16994,2024-09-23 06:38:28,0,5,0,0
8778,2024-09-23 06:59:05,0,8,0,0
26109,2024-09-23 07:03:51,0,2,0,0
89858,2024-09-23 07:11:13,1,13,0,0
9056,2024-09-23 07:20:07,1,6,0,0
20868,2024-09-23 07:31:07,0,7,0,0
78130,2024-09-23 08:07:25,0,3,1,332
87710,2024-09-23 08:08:41,0,4,1,324
37626,2024-09-23 08:21:45,0,7,1,565
62560,2024-09-23 08:30:24,1,7,0,0
5,2024-09-23 08:39:25,0,7,0,0
49049,2024-09-23 08:49:13,0,6,0,0
98828,2024-09-23 08:49:47,0,3,0,0
8880,2024-09-23 08:51:15,0,4,0,0
51507,2024-09-23 08:56:12,1,6,1,411
78472,2024-09-23 09:01:39,0,4,1,310
87831,2024-09-23 09:05:17,0,9,0,0
22493,2024-09-23 09:05:32,1,8,1,244
53714,2024-09-23 09:07:53,0,3,0,0
3946,2024-09-23 09:12:51,0,8,0,0
17869,2024-09-23 09:13:47,1,10,0,0
59158,2024-09-23 09:23:32,1,3,0,0
9613,2024-09-23 09:33:16,1,6,1,229
75716,2024-09-23 09:37:19,0,8,0,0
26989,2024-09-23 09:43:49,0,2,0,0
82223,2024-09-23 09:58:41,1,5,1,683
93906,2024-09-23 10:04:38,0,4,0,0
85144,2024-09-23 10:04:59,0,6,0,0
87710,2024-09-23 10:06:41,0,6,0,0
25048,2024-09-23 10:12:44,0,7,1,302
87237,2024-09-23 10:17:23,0,4,1,357
67245,2024-09-23 10:30:06,0,5,0,0
47767,2024-09-23 10:41:50,0,4,1,362
2716,2024-09-23 10:43:03,1,8,0,0
13187,2024-09-23 10:57:14,1,12,0,0
55526,2024-09-23 11:05:00,0,6,0,0
79878,2024-09-23 11:05:43,1,8,0,0
79530,2024-09-23 11:21:44,0,5,1,409
27285,2024-09-23 11:21:46,0,7,0,0
56616,2024-09-23 11:39:41,1,3,1,266
86746,2024-09-23 11:51:32,0,9,0,0
4521,2024-09-23 12:00:55,0,7,1,344
87066,2024-09-23 12:07:07,1,2,0,0
51507,2024-09-23 12:08:23,0,5,1,336
96947,2024-09-23 12:08:30,0,6,0,0
68698,2024-09-23 12:18:22,0,6,0,0
50220,2024-09-23 12:27:59,0,5,0,0
88935,2024-09-23 12:28:50,0,9,1,298
67656,2024-09-23 12:34:12,0,5,0,0
48604,2024-09-23 12:38:16,1,10,0,0
86029,2024-09-23 12:43:57,1,10,0,0
18125,2024-09-23 12:56:53,0,5,0,0
79881,2024-09-23 12:57:41,0,5,1,463
64987,2024-09-23 13:07:06,0,7,1,383
69687,2024-09-23 13:10:38,0,11,1,378
98039,2024-09-23 13:15:12,0,12,0,0
36632,2024-09-23 13:33:13,0,5,1,491
16458,2024-09-23 13:39:05,1,14,0,0
56763,2024-09-23 13:40:10,0,2,0,0
67207,2024-09-23 13:56:09,0,1,0,0
54875,2024-09-23 13:56:38,0,7,1,300
59985,2024-09-23 13:58:16,0,5,0,0
44367,2024-09-23 14:02:34,1,3,0,0
58587,2024-09-23 14:18:58,0,6,0,0
38963,2024-09-23 14:28:29,0,10,0,0
52814,2024-09-23 14:29:33,0,4,1,371
80869,2024-09-23 14:41:16,0,3,0,0
62848,2024-09-23 14:50:11,0,8,1,455
70622,2024-09-23 14:59:47,1,3,1,634
15517,2024-09-23 15:03:30,0,6,0,0
87714,2024-09-23 15:06:43,1,6,1,551
90603,2024-09-23 15:18:53,0,6,0,0
5747,2024-09-23 15:24:43,1,6,0,0
77080,2024-09-23 15:33:09,1,5,0,0
15229,2024-09-23 15:35:22,0,5,0,0
1440,2024-09-23 15:42:27,0,8,0,0
23425,2024-09-23 15:45:40,0,7,1,693
8531,2024-09-23 15:51:57,0,4,0,0
29815,2024-09-23 16:02:31,0,1,0,0
6662,2024-09-23 16:04:55,0,7,0,0
56869,2024-09-23 16:06:16,1,4,0,0
44891,2024-09-23 16:07:13,1,9,0,0
28685,2024-09-23 16:10:31,0,7,0,0
23290,2024-09-23 16:48:23,0,8,0,0
23683,2024-09-23 17:08:25,1,4,1,265
4366,2024-09-23 17:10:55,0,6,0,0
72110,2024-09-23 17:31:46,0,5,0,0
43202,2024-09-23 17:39:27,0,6,0,0
91764,2024-09-23 17:49:31,1,3,0,0
49362,2024-09-23 18:02:08,0,7,1,440
97475,2024-09-23 18:13:10,0,9,0,0
48810,2024-09-23 18:16:59,1,2,0,0
86728,2024-09-23 18:20:15,1,14,0,0
42142,2024-09-23 18:20:46,0,7,0,0
64253,2024-09-23 18:32:14,0,5,1,246
10475,2024-09-23 18:38:39,1,5,0,0
44433,2024-09-23 19:01:28,1,8,0,0
69897,2024-09-23 19:06:33,1,7,0,0
44367,2024-09-23 19:15:59,1,7,0,0
31513,2024-09-23 19:35:39,1,7,0,0
86861,2024-09-23 19:37:37,1,6,0,0
20216,2024-09-23 19:50:18,1,5,1,481
90910,2024-09-23 19:54:36,0,7,1,293
28970,2024-09-23 20:00:04,0,8,0,0
83471,2024-09-23 20:03:31,0,10,1,405
80632,2024-09-23 20:24:20,1,9,0,0
81413,2024-09-23 20:25:15,0,5,0,0
11489,2024-09-23 20:26:44,1,3,1,266
44310,2024-09-23 20:37:03,1,6,0,0
76826,2024-09-23 20:40:04,1,5,0,0
41649,2024-09-23 20:47:55,0,11,1,255
99987,2024-09-23 20:50:22,0,7,1,343
61507,2024-09-23 20:58:00,1,8,0,0
56839,2024-09-23 20:59:15,0,6,0,0
1010,2024-09-23 21:13:22,0,3,1,237
10723,2024-09-23 21:13:42,1,4,1,406
82188,2024-09-23 21:23:00,0,11,0,0
6185,2024-09-23 21:26:48,0,8,1,736
65205,2024-09-23 21:36:49,1,7,0,0
9197,2024-09-23 21:37:45,0,4,0,0
25809,2024-09-23 21:49:14,0,8,0,0
36072,2024-09-23 21:57:52,0,9,0,0
80182,2024-09-23 22:11:08,1,2,0,0
53683,2024-09-23 22:16:28,0,7,0,0
35505,2024-09-23 22:22:45,1,3,0,0
56972,2024-09-23 22:23:31,0,4,0,0
25549,2024-09-23 22:34:15,0,7,0,0
87530,2024-09-23 22:41:44,0,5,0,0
315,2024-09-23 22:50:56,0,2,0,0
6373,2024-09-23 22:51:22,1,5,0,0
10458,2024-09-23 22:55:39,1,10,0,0
80681,2024-09-23 23:04:12,1,10,0,0
33154,2024-09-23 23:19:24,0,6,1,212
99987,2024-09-23 23:21:02,0,3,1,360
61721,2024-09-23 23:30:49,0,5,1,485
78130,2024-09-23 23:37:54,0,2,1,330
66830,2024-09-23 23:55:25,0,3,0,0
85236,2024-09-23 23:56:48,0,7,0,0
35105,2024-09-23 23:57:46,1,3,0,0
18302,2024-09-24 00:03:43,0,6,0,0
95414,2024-09-24 00:29:23,1,5,0,0
88828,2024-09-24 00:34:27,0,3,0,0
82865,2024-09-24 00:45:27,1,8,0,0
22242,2024-09-24 00:55:26,1,3,1,372
36133,2024-09-24 01:09:29,0,4,0,0
88845,2024-09-24 01:11:51,0,5,0,0
80118,2024-09-24 01:34:06,0,7,1,468
88828,2024-09-24 01:50:33,0,3,1,335
98708,2024-09-24 02:02:04,0,5,1,214
8531,2024-09-24 02:05:30,0,4,0,0
29784,2024-09-24 02:05:41,1,8,0,0
28031,2024-09-24 02:25:49,1,11,0,0
87458,2024-09-24 02:43:18,0,3,0,0
97381,2024-09-24 03:07:47,0,4,0,0
60975,2024-09-24 04:21:12,1,6,0,0
5747,2024-09-24 04:26:34,0,7,0,0
40698,2024-09-24 04:37:56,1,6,0,0
4907,2024-09-24 04:39:49,1,7,0,0
51481,2024-09-24 04:47:32,0,4,0,0
69611,2024-09-24 05:00:55,0,6,1,224
60122,2024-09-24 05:01:48,0,4,1,434
46541,2024-09-24 05:16:15,1,8,1,411
60392,2024-09-24 05:16:53,1,5,0,0
65963,2024-09-24 05:29:52,0,8,1,216
85258,2024-09-24 06:11:24,0,4,0,0
87485,2024-09-24 06:17:32,0,3,0,0
17723,2024-09-24 06:19:12,0,8,0,0
28970,2024-09-24 06:23:44,0,5,1,191
8531,2024-09-24 06:23:54,0,5,0,0
61378,2024-09-24 06:27:44,0,3,1,264
78251,2024-09-24 06:47:23,0,3,0,0
7865,2024-09-24 06:55:53,0,5,0,0
13285,2024-09-24 06:59:02,0,10,0,0
81358,2024-09-24 07:20:22,1,10,0,0
54261,2024-09-24 07:23:13,0,5,1,222
1439,2024-09-24 07:36:22,1,3,0,0
48630,2024-09-24 08:07:14,1,2,1,273
88425,2024-09-24 08:15:46,1,3,0,0
85258,2024-09-24 08:26:22,1,4,0,0
80441,2024-09-24 08:42:18,1,8,1,267
37445,2024-09-24 08:44:07,0,4,1,366
18933,2024-09-24 08:55:03,1,6,0,0
94421,2024-09-24 09:07:12,1,2,1,269
77509,2024-09-24 09:10:14,0,7,1,303
46672,2024-09-24 09:13:26,0,4,0,0
37867,2024-09-24 09:13:54,1,8,0,0
84575,2024-09-24 09:17:34,0,7,0,0
36448,2024-09-24 09:17:55,1,11,0,0
3246,2024-09-24 09:23:50,0,4,0,0
94427,2024-09-24 09:25:49,1,8,1,255
13709,2024-09-24 09:27:28,0,3,1,174
70804,2024-09-24 09:27:50,0,8,0,0
52566,2024-09-24 09:41:49,0,4,0,0
80185,2024-09-24 09:43:41,0,6,1,142
49062,2024-09-24 09:58:13,1,5,0,0
44367,2024-09-24 10:03:40,0,2,1,402
62656,2024-09-24 10:12:14,1,4,1,297
46401,2024-09-24 10:16:52,0,7,0,0
60631,2024-09-24 10:23:35,0,10,0,0
95218,2024-09-24 10:37:05,0,7,1,337
16050,2024-09-24 10:40:11,1,5,0,0
17398,2024-09-24 10:41:22,1,5,1,270
57972,2024-09-24 10:43:07,0,9,0,0
85460,2024-09-24 10:45:26,1,5,1,209
52153,2024-09-24 10:55:03,1,3,0,0
56647,2024-09-24 10:56:54,0,7,0,0
94161,2024-09-24 11:03:22,0,7,0,0
73239,2024-09-24 11:14:31,0,4,1,205
91723,2024-09-24 11:21:39,0,1,0,0
39748,2024-09-24 11:22:47,0,9,0,0
24264,2024-09-24 11:24:03,0,7,1,190
91944,2024-09-24 11:37:12,0,4,1,416
64278,2024-09-24 11:40:02,0,5,1,357
4173,2024-09-24 11:44:05,0,6,1,414
60122,2024-09-24 12:11:36,0,10,1,308
85629,2024-09-24 12:17:32,0,8,1,280
50540,2024-09-24 12:19:41,0,6,0,0
91764,2024-09-24 12:44:14,0,6,0,0
64278,2024-09-24 12:44:17,0,4,1,361
86711,2024-09-24 12:46:34,0,7,0,0
79791,2024-09-24 12:49:01,0,9,0,0
3246,2024-09-24 12:49:59,0,4,0,0
23803,2024-09-24 12:50:16,1,7,0,0
28685,2024-09-24 12:57:55,1,7,0,0
19648,2024-09-24 12:59:29,0,3,0,0
52333,2024-09-24 13:09:52,0,8,0,0
85730,2024-09-24 13:17:41,0,10,0,0
492,2024-09-24 13:29:43,0,7,0,0
494,2024-09-24 13:38:03,0,11,0,0
57972,2024-09-24 13:58:06,0,6,1,273
35308,2024-09-24 14:05:03,0,7,1,253
64993,2024-09-24 14:09:31,0,2,0,0
67403,2024-09-24 14:17:16,1,4,0,0
12454,2024-09-24 14:30:32,1,7,0,0
15574,2024-09-24 14:33:53,0,4,0,0
10475,2024-09-24 14:35:52,0,4,0,0
50124,2024-09-24 14:36:16,0,3,0,0
13556,2024-09-24 14:45:56,1,4,0,0
2357,2024-09-24 15:12:50,1,5,0,0
68778,2024-09-24 15:24:43,1,8,1,375
14740,2024-09-24 15:25:12,1,4,0,0
83383,2024-09-24 15:28:28,1,8,0,0
25048,2024-09-24 15:28:58,1,2,0,0
90350,2024-09-24 15:31:26,0,9,0,0
62699,2024-09-24 15:37:37,0,7,1,380
65578,2024-09-24 15:57:01,0,3,1,329
36560,2024-09-24 16:04:13,0,5,1,199
36047,2024-09-24 16:07:57,1,9,0,0
12498,2024-09-24 16:20:28,0,8,0,0
93986,2024-09-24 16:22:09,0,16,1,277
79400,2024-09-24 16:51:13,0,12,0,0
96108,2024-09-24 16:54:15,0,5,0,0
41237,2024-09-24 17:09:39,0,5,1,423
75700,2024-09-24 17:10:43,1,7,1,479
19476,2024-09-24 17:12:18,0,3,1,161
68643,2024-09-24 17:45:17,0,4,1,385
22066,2024-09-24 17:52:43,0,3,1,496
53073,2024-09-24 17:56:30,1,5,0,0
38971,2024-09-24 17:57:28,0,5,0,0
47812,2024-09-24 18:03:13,0,8,0,0
93928,2024-09-24 18:12:15,0,9,1,265
42241,2024-09-24 18:19:39,1,8,0,0
63070,2024-09-24 18:21:47,0,6,0,0
41909,2024-09-24 18:28:25,0,3,1,286
34976,2024-09-24 18:35:48,0,7,0,0
4192,2024-09-24 18:49:18,0,7,0,0
22788,2024-09-24 19:01:32,0,7,1,391
26989,2024-09-24 19:08:46,0,5,0,0
5125,2024-09-24 19:11:59,1,6,1,420
86746,2024-09-24 19:12:03,0,9,0,0
12149,2024-09-24 19:23:33,0,7,0,0
55539,2024-09-24 19:23:46,1,4,0,0
73806,2024-09-24 19:26:45,1,8,0,0
60723,2024-09-24 19:33:57,0,5,1,283
83406,2024-09-24 19:37:59,0,4,1,238
36191,2024-09-24 19:50:39,0,4,0,0
96555,2024-09-24 20:12:20,1,4,1,256
87237,2024-09-24 20:16:15,1,3,0,0
76784,2024-09-24 20:17:35,0,9,1,349
31513,2024-09-24 20:19:50,0,9,1,351
19717,2024-09-24 20:30:54,0,4,0,0
37082,2024-09-24 20:42:46,0,10,1,193
62181,2024-09-24 20:46:10,1,7,0,0
16782,2024-09-24 20:51:40,0,13,1,474
6185,2024-09-24 20:56:34,1,3,1,336
14345,2024-09-24 21:15:35,1,6,0,0
44345,2024-09-24 21:31:33,0,10,0,0
23425,2024-09-24 21:38:01,0,7,0,0
66774,2024-09-24 21:47:51,1,5,0,0
57189,2024-09-24 21:56:52,1,6,0,0
43956,2024-09-24 22:14:35,0,5,1,643
51321,2024-09-24 22:20:32,0,2,0,0
58141,2024-09-24 22:25:49,0,5,0,0
61727,2024-09-24 22:27:19,1,3,1,295
42142,2024-09-24 22:30:06,0,9,0,0
41926,2024-09-24 22:32:16,0,9,0,0
28970,2024-09-24 22:33:10,0,12,0,0
29784,2024-09-24 22:39:31,0,12,0,0
74620,2024-09-24 22:46:40,0,5,0,0
56021,2024-09-24 23:13:52,0,4,1,272
68778,2024-09-24 23:17:27,1,9,0,0
16602,2024-09-24 23:23:04,1,4,0,0
87066,2024-09-24 23:51:19,0,8,0,0
36629,2024-09-25 00:22:02,1,4,1,339
37867,2024-09-25 00:22:14,0,6,0,0
22904,2024-09-25 00:26:46,1,5,0,0
12570,2024-09-25 00:34:08,0,4,1,350
29124,2024-09-25 00:46:43,1,4,0,0
36560,2024-09-25 01:17:18,0,11,0,0
10723,2024-09-25 01:17:39,1,3,0,0
15512,2024-09-25 01:23:33,0,7,0,0
34976,2024-09-25 01:28:51,0,10,1,447
28112,2024-09-25 01:40:56,1,8,1,354
86456,2024-09-25 02:03:42,0,2,0,0
35105,2024-09-25 02:17:37,0,6,0,0
11794,2024-09-25 02:24:13,1,9,0,0
71048,2024-09-25 02:24:35,0,4,1,407
65536,2024-09-25 02:28:08,0,6,0,0
72522,2024-09-25 02:37:57,0,8,0,0
2705,2024-09-25 02:59:14,0,12,1,541
44709,2024-09-25 03:16:29,1,6,1,322
50889,2024-09-25 03:47:39,0,3,0,0
36685,2024-09-25 04:04:40,0,5,1,333
65269,2024-09-25 04:50:43,0,3,0,0
44277,2024-09-25 04:58:51,0,5,0,0
41432,2024-09-25 05:19:22,0,5,1,182
75384,2024-09-25 05:52:42,1,8,0,0
92405,2024-09-25 06:05:27,1,8,0,0
1552,2024-09-25 07:04:43,0,5,0,0
85824,2024-09-25 07:15:25,0,9,0,0
29784,2024-09-25 07:18:58,0,8,1,337
91097,2024-09-25 07:20:29,1,7,1,252
43010,2024-09-25 07:26:10,1,5,1,265
13285,2024-09-25 07:26:47,0,3,0,0
15530,2024-09-25 07:37:42,1,5,0,0
36825,2024-09-25 07:58:45,0,2,1,412
38798,2024-09-25 08:14:42,0,6,0,0
55170,2024-09-25 08:20:23,0,2,0,0
23803,2024-09-25 08:34:38,0,8,0,0
54875,2024-09-25 08:41:42,0,6,0,0
69778,2024-09-25 08:43:05,1,6,0,0
31636,2024-09-25 08:52:17,0,2,1,248
31178,2024-09-25 08:52:24,1,8,0,0
36047,2024-09-25 08:58:06,0,10,0,0
10271,2024-09-25 09:09:57,0,9,1,344
67245,2024-09-25 09:14:14,1,4,0,0
11780,2024-09-25 09:14:21,0,3,0,0
9258,2024-09-25 09:18:15,1,6,0,0
31082,2024-09-25 09:22:18,1,6,0,0
70102,2024-09-25 09:43:36,1,4,0,0
77080,2024-09-25 09:54:24,0,7,0,0
49983,2024-09-25 10:04:15,0,7,1,392
42722,2024-09-25 10:13:25,0,5,1,295
72585,2024-09-25 10:17:41,0,4,1,526
88110,2024-09-25 10:42:51,0,8,0,0
19540,2024-09-25 10:44:14,0,5,0,0
69930,2024-09-25 10:58:41,0,5,0,0
59217,2024-09-25 11:16:15,0,7,0,0
23803,2024-09-25 11:17:18,1,10,1,267
68825,2024-09-25 11:21:59,0,7,1,398
72522,2024-09-25 11:30:28,1,7,1,275
62699,2024-09-25 11:31:48,0,5,0,0
60242,2024-09-25 11:32:25,0,6,1,853
71664,2024-09-25 11:37:25,1,5,0,0
59345,2024-09-25 11:56:56,0,5,0,0
79540,2024-09-25 12:00:25,0,8,1,620
13091,2024-09-25 12:01:16,0,9,1,234
11489,2024-09-25 12:22:45,0,9,0,0
39107,2024-09-25 12:29:12,0,4,0,0
21599,2024-09-25 12:35:17,0,7,1,173
34009,2024-09-25 12:42:28,0,7,1,292
72873,2024-09-25 12:46:02,0,4,0,0
40470,2024-09-25 12:53:26,1,5,1,183
25232,2024-09-25 12:54:52,0,10,0,0
67656,2024-09-25 13:01:42,0,5,0,0
32884,2024-09-25 13:05:20,0,4,1,626
96014,2024-09-25 13:11:24,0,4,1,393
36891,2024-09-25 13:12:08,0,5,1,306
99183,2024-09-25 13:16:14,0,5,1,417
87831,2024-09-25 13:20:37,0,5,0,0
68825,2024-09-25 13:21:55,0,8,0,0
84101,2024-09-25 13:24:50,0,8,1,313
40564,2024-09-25 13:26:35,0,9,0,0
11235,2024-09-25 13:30:46,1,2,0,0
36047,2024-09-25 13:33:26,0,4,0,0
45761,2024-09-25 13:43:42,0,5,0,0
10271,2024-09-25 13:47:22,0,5,0,0
47433,2024-09-25 13:57:12,0,8,0,0
65362,2024-09-25 13:58:22,0,6,0,0
69930,2024-09-25 14:01:42,0,15,0,0
50442,2024-09-25 14:03:21,0,4,0,0
38798,2024-09-25 14:06:08,0,11,0,0
73165,2024-09-25 14:24:24,0,5,0,0
40622,2024-09-25 14:29:30,0,4,1,182
74418,2024-09-25 14:46:08,0,5,0,0
38947,2024-09-25 14:46:28,0,6,0,0
85500,2024-09-25 14:47:58,0,6,0,0
7528,2024-09-25 14:48:14,1,7,1,271
45151,2024-09-25 14:50:15,0,8,0,0
16473,2024-09-25 15:00:19,0,5,0,0
52357,2024-09-25 15:01:28,0,4,1,405
56162,2024-09-25 15:06:18,0,8,1,379
53405,2024-09-25 15:13:35,0,6,1,335
81398,2024-09-25 15:18:39,0,3,0,0
8469,2024-09-25 15:25:46,1,3,1,161
81358,2024-09-25 15:28:30,0,5,1,343
57382,2024-09-25 15:33:21,0,4,1,230
36362,2024-09-25 15:33:27,0,6,1,572
33152,2024-09-25 15:42:20,0,6,0,0
19540,2024-09-25 15:54:28,0,6,0,0
50576,2024-09-25 15:57:22,0,11,0,0
55538,2024-09-25 16:03:15,0,8,0,0
45107,2024-09-25 16:03:42,0,4,0,0
1313,2024-09-25 16:07:21,1,5,1,336
49852,2024-09-25 16:08:28,0,4,0,0
51855,2024-09-25 16:33:41,1,2,0,0
80118,2024-09-25 16:46:16,0,4,0,0
28112,2024-09-25 16:55:29,0,5,0,0
51481,2024-09-25 16:56:38,0,8,0,0
75203,2024-09-25 17:08:07,0,3,0,0
37924,2024-09-25 17:08:11,0,8,0,0
13187,2024-09-25 17:26:04,0,5,0,0
5281,2024-09-25 17:28:31,0,5,0,0
99987,2024-09-25 17:44:55,1,7,1,157
12814,2024-09-25 17:48:48,0,11,0,0
67777,2024-09-25 17:54:00,0,6,1,259
79093,2024-09-25 17:56:56,1,3,0,0
94421,2024-09-25 17:57:53,0,5,0,0
56972,2024-09-25 18:15:58,0,7,0,0
80869,2024-09-25 18:28:10,1,8,1,272
63227,2024-09-25 18:32:04,0,6,1,232
23803,2024-09-25 18:32:40,0,4,1,382
78324,2024-09-25 18:36:17,1,3,0,0
93664,2024-09-25 18:38:17,0,9,1,381
30360,2024-09-25 18:51:15,0,5,1,350
12149,2024-09-25 18:52:13,0,7,1,257
5491,2024-09-25 19:03:43,0,4,0,0
72387,2024-09-25 19:11:22,1,4,0,0
64796,2024-09-25 19:15:59,0,8,0,0
36448,2024-09-25 19:16:13,1,11,1,480
9824,2024-09-25 19:20:12,0,2,0,0
81396,2024-09-25 19:22:21,1,3,1,184
47692,2024-09-25 19:30:31,0,5,0,0
89871,2024-09-25 19:32:11,0,8,1,357
40689,2024-09-25 19:32:41,1,7,0,0
79878,2024-09-25 19:47:32,0,8,1,423
1313,2024-09-25 19:47:56,0,5,0,0
7262,2024-09-25 19:48:59,0,6,0,0
22904,2024-09-25 19:59:56,1,4,0,0
52346,2024-09-25 20:03:10,1,3,1,405
78251,2024-09-25 20:07:05,1,9,1,226
72873,2024-09-25 20:14:06,1,10,1,232
88066,2024-09-25 20:32:11,0,6,0,0
38396,2024-09-25 20:36:21,0,8,1,369
55538,2024-09-25 20:44:20,0,9,0,0
82132,2024-09-25 20:52:33,0,7,1,290
16782,2024-09-25 21:01:06,0,5,0,0
77509,2024-09-25 21:02:49,1,0,0,0
65474,2024-09-25 21:15:17,0,9,1,385
49983,2024-09-25 21:26:36,1,7,0,0
31082,2024-09-25 21:30:48,0,12,0,0
86456,2024-09-25 21:44:24,1,3,0,0
31178,2024-09-25 21:59:46,0,2,0,0
4565,2024-09-25 22:02:19,1,4,1,497
40608,2024-09-25 22:03:14,1,6,0,0
43995,2024-09-25 22:07:07,0,4,1,253
20868,2024-09-25 22:08:56,0,5,0,0
37761,2024-09-25 22:19:36,1,6,0,0
59345,2024-09-25 22:20:23,1,6,1,416
10395,2024-09-25 22:25:17,1,4,0,0
98374,2024-09-25 22:42:29,1,6,0,0
83539,2024-09-25 22:49:08,0,11,1,320
46323,2024-09-25 22:59:19,0,4,1,516
11947,2024-09-25 23:00:58,1,3,1,187
49362,2024-09-25 23:23:17,0,3,0,0
55539,2024-09-25 23:25:36,0,7,0,0
66160,2024-09-25 23:28:46,0,8,0,0
28685,2024-09-25 23:39:00,0,3,0,0
99455,2024-09-25 23:39:44,1,7,0,0
61752,2024-09-25 23:40:36,0,7,1,228
61817,2024-09-25 23:43:03,0,9,0,0
50540,2024-09-25 23:44:59,0,10,1,187
26422,2024-09-25 23:47:04,1,7,0,0
95584,2024-09-25 23:56:22,1,10,0,0
50857,2024-09-26 00:41:58,0,5,0,0
9235,2024-09-26 00:42:41,1,7,1,350
17015,2024-09-26 00:48:27,1,5,0,0
18831,2024-09-26 01:18:46,0,5,0,0
14944,2024-09-26 01:38:02,1,6,0,0
53615,2024-09-26 01:40:33,1,8,0,0
77722,2024-09-26 01:50:11,0,7,1,352
91097,2024-09-26 01:50:56,1,4,0,0
22223,2024-09-26 02:05:09,0,3,1,268
76826,2024-09-26 02:31:37,0,5,1,204
62181,2024-09-26 02:50:38,0,6,0,0
20190,2024-09-26 02:54:12,0,5,0,0
23028,2024-09-26 03:28:16,0,6,0,0
12513,2024-09-26 03:43:11,0,8,0,0
26324,2024-09-26 04:41:31,1,5,0,0
79971,2024-09-26 04:46:50,0,6,0,0
16607,2024-09-26 05:31:26,0,4,0,0
7293,2024-09-26 05:38:09,0,4,0,0
24817,2024-09-26 05:44:49,0,6,1,390
20422,2024-09-26 06:22:07,0,2,1,306
79986,2024-09-26 06:30:21,0,5,0,0
32134,2024-09-26 06:42:08,0,8,0,0
63483,2024-09-26 06:44:49,0,5,0,0
31786,2024-09-26 06:46:43,1,7,0,0
90247,2024-09-26 07:05:06,0,8,1,290
79791,2024-09-26 07:05:25,0,6,0,0
54197,2024-09-26 07:23:13,0,7,1,184
9613,2024-09-26 07:29:59,0,5,1,281
35505,2024-09-26 07:56:52,0,6,0,0
57761,2024-09-26 08:04:00,0,4,1,325
24239,2024-09-26 08:18:02,0,8,0,0
62898,2024-09-26 08:26:09,0,8,1,357
21541,2024-09-26 08:32:26,0,4,0,0
42377,2024-09-26 08:32:58,0,7,1,439
44592,2024-09-26 08:37:15,0,5,0,0
48922,2024-09-26 08:38:46,0,4,0,0
82478,2024-09-26 08:39:42,0,8,1,391
83645,2024-09-26 08:53:21,0,7,0,0
16234,2024-09-26 09:03:47,0,7,0,0
72393,2024-09-26 09:05:35,0,3,0,0
35366,2024-09-26 09:12:30,1,5,0,0
55605,2024-09-26 09:14:02,0,6,0,0
90696,2024-09-26 09:25:42,0,6,0,0
51855,2024-09-26 09:26:53,1,10,0,0
91723,2024-09-26 09:32:53,0,8,0,0
94686,2024-09-26 10:02:03,0,7,1,246
45259,2024-09-26 10:09:02,0,11,0,0
50889,2024-09-26 10:09:02,0,8,0,0
12149,2024-09-26 10:20:29,0,6,1,358
75781,2024-09-26 10:29:47,0,1,1,596
20676,2024-09-26 10:37:49,1,9,0,0
88203,2024-09-26 10:49:32,0,5,0,0
74870,2024-09-26 10:50:16,1,4,1,210
51809,2024-09-26 10:55:13,0,11,0,0
83383,2024-09-26 11:11:04,0,8,0,0
33154,2024-09-26 11:25:51,0,10,0,0
82337,2024-09-26 11:29:41,1,7,0,0
96947,2024-09-26 11:40:09,1,3,0,0
95180,2024-09-26 11:46:53,0,6,0,0
65335,2024-09-26 11:54:11,0,2,0,0
55415,2024-09-26 12:13:07,0,6,0,0
21576,2024-09-26 12:17:27,0,2,0,0
2720,2024-09-26 12:27:32,0,8,0,0
7818,2024-09-26 12:30:29,0,6,0,0
8479,2024-09-26 12:47:12,0,5,0,0
96123,2024-09-26 12:50:23,1,4,0,0
75325,2024-09-26 13:02:07,0,7,1,362
86585,2024-09-26 13:03:02,0,8,0,0
31182,2024-09-26 13:10:09,0,5,0,0
43772,2024-09-26 13:10:54,0,6,0,0
24460,2024-09-26 13:11:04,0,9,0,0
43743,2024-09-26 13:36:57,0,7,0,0
70872,2024-09-26 13:51:30,0,8,0,0
84807,2024-09-26 13:55:40,1,7,0,0
40689,2024-09-26 13:59:18,0,3,0,0
4780,2024-09-26 14:00:04,0,7,1,338
38807,2024-09-26 14:00:16,0,5,0,0
85460,2024-09-26 14:07:56,1,4,1,297
20190,2024-09-26 14:10:28,0,7,0,0
63175,2024-09-26 14:11:12,1,3,0,0
65907,2024-09-26 14:13:23,0,13,0,0
11805,2024-09-26 14:15:14,0,3,1,206
83406,2024-09-26 14:16:40,0,3,0,0
79325,2024-09-26 14:17:06,0,11,0,0
96221,2024-09-26 14:17:53,0,4,0,0
97381,2024-09-26 14:20:45,0,8,0,0
75325,2024-09-26 14:21:15,0,12,0,0
56456,2024-09-26 14:27:32,0,12,0,0
12243,2024-09-26 14:29:13,1,5,0,0
26623,2024-09-26 14:29:54,0,5,0,0
19134,2024-09-26 14:31:46,1,5,0,0
2705,2024-09-26 14:33:09,0,3,0,0
45521,2024-09-26 14:36:04,0,8,1,228
21335,2024-09-26 14:40:55,0,6,0,0
27285,2024-09-26 14:49:58,1,7,0,0
71048,2024-09-26 14:55:58,0,5,1,318
79971,2024-09-26 14:57:33,1,6,0,0
96108,2024-09-26 15:07:27,1,5,0,0
65313,2024-09-26 15:23:43,0,8,0,0
55649,2024-09-26 15:28:12,0,8,0,0
13913,2024-09-26 15:30:09,1,8,0,0
29815,2024-09-26 15:44:52,0,3,1,512
11099,2024-09-26 15:49:16,0,7,0,0
84440,2024-09-26 15:52:08,0,5,0,0
56647,2024-09-26 15:56:59,1,8,1,411
95947,2024-09-26 16:10:19,1,5,0,0
1440,2024-09-26 16:14:37,1,3,0,0
95986,2024-09-26 16:14:57,1,3,0,0
7605,2024-09-26 16:22:34,0,7,0,0
25568,2024-09-26 16:31:26,1,6,0,0
44707,2024-09-26 16:51:04,1,7,0,0
48277,2024-09-26 16:57:01,0,8,1,297
23425,2024-09-26 16:58:43,1,4,0,0
99063,2024-09-26 17:06:31,0,7,1,323
98211,2024-09-26 17:29:38,1,9,1,243
69687,2024-09-26 17:38:39,0,1,0,0
39107,2024-09-26 17:39:42,0,5,0,0
4192,2024-09-26 17:53:35,0,2,0,0
80502,2024-09-26 17:57:36,1,7,1,251
4192,2024-09-26 17:58:10,1,4,0,0
19952,2024-09-26 18:10:41,0,7,0,0
21576,2024-09-26 18:19:35,0,5,0,0
15950,2024-09-26 18:23:21,1,6,0,0
4136,2024-09-26 18:27:04,0,5,0,0
73036,2024-09-26 18:51:08,0,2,0,0
63873,2024-09-26 19:15:01,1,3,1,253
12780,2024-09-26 19:20:49,0,7,0,0
68698,2024-09-26 19:21:56,1,5,0,0
69611,2024-09-26 19:25:42,1,6,1,253
50584,2024-09-26 19:32:26,0,7,1,396
43956,2024-09-26 19:41:04,1,9,0,0
91327,2024-09-26 19:42:58,0,7,0,0
33035,2024-09-26 19:47:34,0,5,0,0
2104,2024-09-26 20:01:41,0,6,0,0
99987,2024-09-26 20:07:35,0,0,1,372
45259,2024-09-26 20:11:59,0,7,1,498
91167,2024-09-26 20:22:30,0,6,1,179
39748,2024-09-26 20:34:43,0,5,0,0
14961,2024-09-26 20:42:47,1,6,0,0
22242,2024-09-26 20:44:01,1,6,0,0
38663,2024-09-26 21:05:23,1,7,0,0
11780,2024-09-26 21:11:20,0,6,0,0
27116,2024-09-26 21:20:00,1,3,1,276
5338,2024-09-26 21:42:57,1,9,1,258
82791,2024-09-26 21:45:26,1,3,0,0
16994,2024-09-26 21:54:24,0,9,0,0
87066,2024-09-26 22:03:42,1,5,1,321
19540,2024-09-26 22:06:57,1,3,1,382
17663,2024-09-26 22:08:04,0,4,1,351
93586,2024-09-26 22:12:10,0,4,1,464
13187,2024-09-26 22:12:42,0,6,1,525
16458,2024-09-26 22:35:10,1,5,0,0
77080,2024-09-26 22:39:21,1,6,0,0
44709,2024-09-26 22:44:04,0,8,1,309
29627,2024-09-26 22:49:19,0,10,0,0
5281,2024-09-26 22:52:30,1,4,1,334
52153,2024-09-26 22:56:24,0,4,0,0
87458,2024-09-26 23:00:17,0,5,0,0
88203,2024-09-26 23:03:26,0,7,1,410
5774,2024-09-26 23:17:36,1,5,0,0
66415,2024-09-26 23:24:18,0,9,0,0
81358,2024-09-26 23:28:07,0,4,0,0
95584,2024-09-26 23:30:36,0,6,0,0
53073,2024-09-26 23:32:31,0,9,0,0
64851,2024-09-26 23:32:55,0,8,1,232
67804,2024-09-26 23:35:34,0,7,0,0
4732,2024-09-27 01:08:40,0,5,1,169
10079,2024-09-27 01:30:48,0,6,0,0
50576,2024-09-27 01:35:47,0,3,0,0
33062,2024-09-27 01:36:28,0,3,0,0
95904,2024-09-27 01:40:45,0,4,0,0
5020,2024-09-27 01:49:01,1,8,0,0
96014,2024-09-27 02:07:42,0,9,1,317
11826,2024-09-27 02:36:23,0,6,0,0
14961,2024-09-27 02:50:56,0,4,0,0
13091,2024-09-27 03:04:53,0,11,0,0
58723,2024-09-27 03:05:19,0,6,1,286
71811,2024-09-27 03:09:55,0,1,0,0
76514,2024-09-27 03:15:20,1,8,0,0
88180,2024-09-27 03:17:00,0,6,0,0
18055,2024-09-27 03:18:24,0,10,1,414
14290,2024-09-27 03:25:58,1,6,1,170
42241,2024-09-27 03:39:26,0,8,0,0
78231,2024-09-27 03:41:34,0,6,0,0
12814,2024-09-27 03:59:34,1,7,0,0
65963,2024-09-27 04:09:09,0,3,1,326
45761,2024-09-27 04:15:57,0,3,0,0
96031,2024-09-27 04:20:15,0,6,0,0
82787,2024-09-27 04:26:46,0,6,1,130
65578,2024-09-27 04:40:51,0,4,0,0
25646,2024-09-27 05:18:56,0,6,1,447
67804,2024-09-27 05:21:29,0,3,0,0
92790,2024-09-27 05:22:43,1,7,0,0
48541,2024-09-27 05:24:44,0,2,0,0
24817,2024-09-27 05:46:23,0,0,0,0
98385,2024-09-27 05:49:19,0,6,1,301
34102,2024-09-27 05:50:41,0,11,1,277
85305,2024-09-27 06:01:33,0,3,1,168
34009,2024-09-27 06:01:57,0,7,1,525
5991,2024-09-27 06:08:20,0,0,0,0
20467,2024-09-27 06:32:03,0,8,0,0
66807,2024-09-27 07:07:21,0,4,0,0
60036,2024-09-27 07:58:07,1,5,1,145
79400,2024-09-27 08:03:40,0,9,0,0
26989,2024-09-27 08:16:50,0,3,1,339
4215,2024-09-27 08:17:33,0,3,1,369
5020,2024-09-27 08:24:27,0,7,0,0
7293,2024-09-27 08:42:25,0,3,1,279
18897,2024-09-27 08:51:23,0,5,1,399
6553,2024-09-27 08:58:06,0,13,1,186
38396,2024-09-27 09:02:44,1,6,1,340
26501,2024-09-27 09:12:11,1,5,1,352
90891,2024-09-27 09:31:41,0,6,1,367
56642,2024-09-27 09:34:49,0,3,0,0
43617,2024-09-27 09:43:54,1,5,1,360
95998,2024-09-27 09:46:16,1,4,1,333
36362,2024-09-27 09:50:27,0,3,1,182
42056,2024-09-27 10:02:42,0,3,1,169
66504,2024-09-27 10:09:06,0,3,1,243
56869,2024-09-27 10:10:15,1,3,1,412
63873,2024-09-27 10:15:00,1,3,0,0
66774,2024-09-27 10:28:44,1,4,0,0
42423,2024-09-27 10:43:19,0,4,1,297
56625,2024-09-27 10:48:01,0,3,0,0
14961,2024-09-27 10:53:18,0,7,0,0
80145,2024-09-27 11:11:35,0,5,0,0
4828,2024-09-27 11:14:05,1,5,0,0
75384,2024-09-27 11:17:34,0,6,0,0
9532,2024-09-27 11:31:43,1,9,1,267
90495,2024-09-27 11:36:51,0,9,0,0
97240,2024-09-27 11:52:47,0,12,1,342
21933,2024-09-27 12:05:18,0,4,1,174
20068,2024-09-27 12:11:43,1,7,1,306
99183,2024-09-27 12:14:13,1,3,0,0
26165,2024-09-27 12:17:29,0,6,0,0
44891,2024-09-27 12:19:34,0,7,0,0
38663,2024-09-27 12:26:40,1,9,1,261
91906,2024-09-27 12:32:15,0,2,0,0
60888,2024-09-27 12:33:17,0,12,0,0
78972,2024-09-27 12:39:14,0,1,0,0
16425,2024-09-27 12:46:49,0,7,0,0
42047,2024-09-27 12:49:28,1,8,0,0
37805,2024-09-27 12:54:24,1,7,0,0
34009,2024-09-27 13:02:20,0,8,0,0
15116,2024-09-27 13:05:22,0,6,1,218
43478,2024-09-27 13:08:27,0,1,0,0
25669,2024-09-27 13:16:37,0,5,0,0
85500,2024-09-27 13:28:02,0,3,1,254
11907,2024-09-27 13:30:14,1,1,0,0
12498,2024-09-27 13:30:16,1,2,0,0
94773,2024-09-27 13:32:36,0,8,0,0
35804,2024-09-27 13:44:50,1,8,0,0
83530,2024-09-27 13:50:00,0,4,1,221
24037,2024-09-27 13:54:09,1,7,1,385
2705,2024-09-27 13:55:44,0,9,0,0
90658,2024-09-27 13:56:38,0,3,0,0
81519,2024-09-27 14:16:00,0,6,1,132
10271,2024-09-27 14:21:15,0,11,1,234
69930,2024-09-27 14:28:26,1,9,0,0
18831,2024-09-27 14:29:15,0,4,0,0
89244,2024-09-27 14:30:12,0,4,1,558
43617,2024-09-27 14:33:22,0,7,0,0
17844,2024-09-27 14:36:16,0,8,0,0
71817,2024-09-27 14:41:14,0,5,0,0
49362,2024-09-27 14:43:59,0,2,1,511
50009,2024-09-27 15:13:32,0,8,0,0
67517,2024-09-27 15:16:33,0,6,1,275
43874,2024-09-27 15:23:17,0,5,0,0
15574,2024-09-27 15:24:36,0,8,0,0
11907,2024-09-27 15:26:25,0,4,0,0
40622,2024-09-27 15:34:02,1,8,0,0
96223,2024-09-27 15:37:11,0,5,1,429
38083,2024-09-27 15:47:45,0,9,1,405
41649,2024-09-27 15:47:52,1,13,1,311
24037,2024-09-27 15:51:23,0,3,0,0
12243,2024-09-27 15:54:02,1,10,0,0
31343,2024-09-27 15:56:29,0,9,0,0
73165,2024-09-27 15:59:07,0,8,0,0
82347,2024-09-27 16:02:07,1,8,0,0
53683,2024-09-27 16:04:14,1,7,0,0
44345,2024-09-27 16:07:20,0,9,0,0
72393,2024-09-27 16:09:56,0,6,0,0
97244,2024-09-27 16:24:10,1,8,0,0
48852,2024-09-27 16:26:30,0,3,0,0
31382,2024-09-27 16:32:42,0,5,0,0
88066,2024-09-27 16:39:35,1,9,0,0
40713,2024-09-27 16:42:53,0,6,0,0
29589,2024-09-27 16:45:21,1,4,1,278
75781,2024-09-27 16:46:58,0,1,0,0
90247,2024-09-27 17:00:29,1,8,1,233
67517,2024-09-27 17:32:43,0,6,0,0
32894,2024-09-27 17:43:15,0,5,1,400
93586,2024-09-27 18:00:15,1,6,0,0
43743,2024-09-27 18:07:28,1,3,1,244
65313,2024-09-27 18:07:45,1,15,1,267
13206,2024-09-27 18:09:24,1,2,0,0
72345,2024-09-27 18:17:58,0,6,0,0
9056,2024-09-27 18:23:15,0,5,0,0
46628,2024-09-27 18:41:50,0,9,0,0
1552,2024-09-27 18:48:09,0,7,0,0
92586,2024-09-27 18:53:26,0,8,1,332
3712,2024-09-27 18:57:03,0,4,0,0
11629,2024-09-27 18:57:48,0,5,0,0
38841,2024-09-27 19:07:51,1,5,0,0
23806,2024-09-27 19:09:13,0,11,0,0
90891,2024-09-27 19:18:32,1,9,0,0
41909,2024-09-27 19:42:10,1,6,0,0
10790,2024-09-27 19:42:23,1,6,0,0
45406,2024-09-27 19:56:28,0,7,1,195
24825,2024-09-27 19:59:33,0,5,0,0
79201,2024-09-27 20:13:09,1,11,0,0
35134,2024-09-27 20:19:14,0,4,0,0
63227,2024-09-27 20:30:18,0,6,0,0
37428,2024-09-27 20:35:36,1,6,0,0
20068,2024-09-27 20:39:20,0,4,0,0
57290,2024-09-27 20:42:15,0,6,0,0
88828,2024-09-27 20:48:51,0,7,0,0
93455,2024-09-27 20:51:42,0,3,0,0
97093,2024-09-27 20:58:06,0,7,1,259
82364,2024-09-27 21:01:18,0,8,0,0
17849,2024-09-27 21:12:43,0,7,0,0
19562,2024-09-27 21:14:20,1,5,1,201
18055,2024-09-27 21:18:38,0,4,0,0
57029,2024-09-27 21:20:40,0,6,0,0
56647,2024-09-27 21:40:33,1,7,0,0
80587,2024-09-27 21:43:50,1,4,0,0
8778,2024-09-27 22:03:01,0,3,0,0
25568,2024-09-27 22:06:15,0,5,1,174
18055,2024-09-27 22:18:49,0,2,1,456
86585,2024-09-27 22:36:31,0,3,0,0
79503,2024-09-27 22:36:56,1,7,1,494
55415,2024-09-27 22:42:52,0,7,1,346
18933,2024-09-27 22:44:21,0,3,1,940
89437,2024-09-27 23:04:51,0,7,0,0
2357,2024-09-27 23:13:34,1,5,0,0
6535,2024-09-27 23:16:01,1,1,0,0
34151,2024-09-27 23:17:42,0,3,0,0
91510,2024-09-27 23:18:34,1,8,1,223
87463,2024-09-27 23:28:43,0,5,0,0
90298,2024-09-27 23:35:08,0,3,0,0
75203,2024-09-27 23:35:15,0,11,0,0
29859,2024-09-27 23:46:50,0,7,0,0
56647,2024-09-27 23:49:26,0,7,0,0
12903,2024-09-27 23:58:30,1,5,0,0
85730,2024-09-28 00:00:04,1,5,1,296
65033,2024-09-28 00:20:59,1,11,0,0
45544,2024-09-28 00:40:27,0,7,0,0
11805,2024-09-28 00:56:19,0,4,0,0
82223,2024-09-28 01:01:30,1,1,0,0
22788,2024-09-28 01:06:51,0,10,1,121
72522,2024-09-28 01:07:49,0,14,0,0
60723,2024-09-28 01:19:48,1,5,0,0
9793,2024-09-28 01:31:04,1,8,1,509
41496,2024-09-28 01:33:02,0,6,0,0
58141,2024-09-28 01:33:03,0,10,1,389
86029,2024-09-28 01:40:56,1,6,0,0
23466,2024-09-28 01:52:37,1,8,0,0
76237,2024-09-28 01:58:24,0,3,1,314
16025,2024-09-28 02:04:16,0,4,1,192
40178,2024-09-28 02:10:24,1,7,1,428
79400,2024-09-28 02:25:33,0,7,1,236
4469,2024-09-28 02:27:13,1,1,0,0
27503,2024-09-28 02:37:42,0,5,0,0
17398,2024-09-28 02:49:18,0,6,0,0
86102,2024-09-28 02:50:15,0,4,0,0
62699,2024-09-28 03:06:31,0,5,1,256
63458,2024-09-28 03:15:26,1,4,0,0
1440,2024-09-28 03:19:54,0,3,1,266
26443,2024-09-28 03:25:03,0,8,0,0
96223,2024-09-28 03:26:15,0,9,1,726
77985,2024-09-28 03:28:19,0,4,1,341
91944,2024-09-28 03:31:48,1,7,1,205
20216,2024-09-28 03:32:47,0,4,1,225
96965,2024-09-28 03:53:09,0,4,1,206
68400,2024-09-28 04:41:51,0,3,1,614
60295,2024-09-28 04:48:31,0,7,0,0
89061,2024-09-28 05:02:18,0,7,1,354
65536,2024-09-28 05:09:01,0,5,0,0
93825,2024-09-28 06:04:56,0,10,0,0
11629,2024-09-28 06:15:53,1,3,0,0
52639,2024-09-28 06:24:14,0,5,1,179
62656,2024-09-28 07:15:49,0,6,1,409
87463,2024-09-28 07:39:33,0,4,1,421
99401,2024-09-28 07:51:04,0,10,1,590
76514,2024-09-28 08:00:01,0,7,0,0
24825,2024-09-28 08:00:06,1,3,0,0
11096,2024-09-28 08:06:05,0,4,1,324
25669,2024-09-28 08:09:47,0,10,0,0
80681,2024-09-28 08:10:44,1,4,0,0
68299,2024-09-28 08:13:43,0,6,0,0
31082,2024-09-28 08:22:40,0,5,0,0
22621,2024-09-28 08:25:04,0,4,0,0
34671,2024-09-28 08:25:57,0,12,0,0
46401,2024-09-28 08:32:11,0,5,0,0
26458,2024-09-28 08:47:26,0,2,0,0
77080,2024-09-28 09:21:25,1,7,1,476
24806,2024-09-28 09:35:49,0,7,0,0
75417,2024-09-28 09:36:55,0,7,1,248
85258,2024-09-28 09:41:40,0,5,0,0
14905,2024-09-28 09:50:12,0,5,0,0
71997,2024-09-28 09:57:53,0,2,1,356
76706,2024-09-28 09:58:02,1,2,0,0
38265,2024-09-28 10:06:52,0,7,0,0
87066,2024-09-28 10:10:48,0,6,0,0
43202,2024-09-28 10:10:56,0,6,0,0
92375,2024-09-28 10:12:50,1,7,0,0
56150,2024-09-28 10:16:45,0,7,0,0
96123,2024-09-28 10:22:09,0,8,1,280
4347,2024-09-28 10:24:26,0,5,1,258
31712,2024-09-28 10:25:22,1,3,0,0
12510,2024-09-28 10:34:58,0,5,0,0
23803,2024-09-28 11:28:53,1,8,0,0
77509,2024-09-28 11:43:36,0,2,1,283
34360,2024-09-28 11:54:29,0,8,1,183
36685,2024-09-28 11:58:20,0,6,0,0
65335,2024-09-28 12:01:39,1,4,0,0
9151,2024-09-28 12:03:48,0,5,0,0
48810,2024-09-28 12:04:30,0,5,0,0
5991,2024-09-28 12:04:33,0,7,0,0
63079,2024-09-28 12:11:37,0,5,0,0
89182,2024-09-28 12:19:55,0,10,0,0
29838,2024-09-28 12:20:03,0,5,1,262
19540,2024-09-28 12:21:41,1,7,1,318
367,2024-09-28 12:24:11,1,8,0,0
64993,2024-09-28 12:28:58,0,8,0,0
30714,2024-09-28 12:37:49,0,9,0,0
80441,2024-09-28 12:40:58,0,4,1,362
68299,2024-09-28 12:42:35,0,5,0,0
88540,2024-09-28 12:44:25,0,6,0,0
89437,2024-09-28 12:51:38,0,5,0,0
5125,2024-09-28 13:00:42,1,6,0,0
30542,2024-09-28 13:09:11,0,6,0,0
74770,2024-09-28 13:29:46,0,5,0,0
12903,2024-09-28 13:35:56,0,6,1,654
49643,2024-09-28 13:43:07,0,8,0,0
6212,2024-09-28 14:03:16,1,8,0,0
15331,2024-09-28 14:04:12,1,5,0,0
7605,2024-09-28 14:06:24,0,6,1,308
81486,2024-09-28 14:09:42,1,11,1,268
4990,2024-09-28 14:21:57,0,11,0,0
43918,2024-09-28 14:22:01,0,5,0,0
21924,2024-09-28 14:25:24,0,8,0,0
19990,2024-09-28 14:33:27,0,2,0,0
55526,2024-09-28 15:02:09,1,4,1,285
33548,2024-09-28 15:02:11,0,9,0,0
23373,2024-09-28 15:19:19,1,10,1,459
74870,2024-09-28 15:34:29,0,5,1,166
79244,2024-09-28 15:37:37,0,3,0,0
76514,2024-09-28 15:42:06,0,4,1,250
31445,2024-09-28 15:56:51,0,3,0,0
57290,2024-09-28 16:09:55,0,6,0,0
88935,2024-09-28 16:18:39,0,6,0,0
51901,2024-09-28 16:20:05,1,6,1,394
16577,2024-09-28 16:29:03,1,10,0,0
48509,2024-09-28 16:32:43,1,8,0,0
91642,2024-09-28 16:32:56,0,12,0,0
8778,2024-09-28 16:48:41,0,5,0,0
16602,2024-09-28 16:52:36,0,4,0,0
23425,2024-09-28 16:59:15,0,5,0,0
48509,2024-09-28 17:13:48,0,3,0,0
71664,2024-09-28 17:14:36,0,3,0,0
98063,2024-09-28 17:25:28,0,4,1,230
93720,2024-09-28 17:25:52,0,8,0,0
24165,2024-09-28 17:30:19,0,3,1,211
26092,2024-09-28 17:33:56,1,8,0,0
16782,2024-09-28 18:03:04,0,7,1,330
50442,2024-09-28 18:25:40,0,7,1,199
14136,2024-09-28 18:25:48,0,6,0,0
49643,2024-09-28 18:28:23,0,5,1,301
11629,2024-09-28 18:45:47,0,7,0,0
53073,2024-09-28 18:47:09,0,6,0,0
85100,2024-09-28 18:56:20,0,8,0,0
33548,2024-09-28 19:20:10,1,8,0,0
86029,2024-09-28 19:27:37,1,5,1,112
46672,2024-09-28 19:28:55,1,9,0,0
27400,2024-09-28 19:29:39,0,6,1,332
91071,2024-09-28 19:53:24,0,5,0,0
51507,2024-09-28 19:53:35,0,5,0,0
69930,2024-09-28 19:58:07,0,7,1,505
4482,2024-09-28 20:05:19,1,8,0,0
41237,2024-09-28 20:05:23,0,3,0,0
17723,2024-09-28 20:06:02,0,6,0,0
35804,2024-09-28 20:15:31,0,10,0,0
34151,2024-09-28 20:20:48,0,8,0,0
99952,2024-09-28 20:28:15,1,5,0,0
73400,2024-09-28 20:29:04,0,4,1,311
27031,2024-09-28 20:31:49,0,1,1,183
17839,2024-09-28 20:34:51,0,1,0,0
69216,2024-09-28 20:52:13,0,12,0,0
12814,2024-09-28 21:00:36,1,6,0,0
83539,2024-09-28 21:07:01,0,4,1,426
60122,2024-09-28 21:12:25,0,7,1,627
64278,2024-09-28 21:13:51,0,8,0,0
57972,2024-09-28 21:59:11,0,8,1,416
36047,2024-09-28 21:59:32,0,6,1,347
7386,2024-09-28 22:00:15,0,3,1,297
45618,2024-09-28 22:05:28,0,8,0,0
93986,2024-09-28 22:07:31,0,3,0,0
49362,2024-09-28 22:25:59,1,6,0,0
2357,2024-09-28 22:34:26,0,6,0,0
53405,2024-09-28 22:39:16,0,9,0,0
22788,2024-09-28 22:42:02,0,5,1,270
47692,2024-09-28 22:49:39,1,6,0,0
37445,2024-09-28 22:51:37,0,6,0,0
91906,2024-09-28 22:58:00,0,9,0,0
76274,2024-09-28 23:07:50,0,4,0,0
79530,2024-09-28 23:12:32,0,4,0,0
85827,2024-09-28 23:28:43,0,6,0,0
38679,2024-09-28 23:41:01,0,4,0,0
23425,2024-09-28 23:50:35,0,7,0,0
51982,2024-09-28 23:56:39,0,4,1,528
78130,2024-09-28 23:59:03,1,9,1,358
95584,2024-09-28 23:59:47,0,7,0,0
21257,2024-09-29 00:10:43,1,4,0,0
19717,2024-09-29 00:11:00,1,1,0,0
72585,2024-09-29 00:15:09,0,4,0,0
81100,2024-09-29 00:24:05,1,6,1,273
81486,2024-09-29 00:38:11,0,8,1,270
50293,2024-09-29 00:38:46,0,7,1,621
21019,2024-09-29 00:39:40,1,8,1,256
75700,2024-09-29 00:41:43,0,7,1,165
22346,2024-09-29 00:48:43,0,5,0,0
32884,2024-09-29 00:51:31,0,7,1,141
5144,2024-09-29 00:56:38,1,5,1,116
45544,2024-09-29 01:08:34,0,6,1,560
89244,2024-09-29 01:08:34,0,4,0,0
92375,2024-09-29 01:10:21,0,6,1,231
65180,2024-09-29 01:12:26,0,10,0,0
67253,2024-09-29 01:25:56,0,8,0,0
77445,2024-09-29 01:38:24,0,4,0,0
99351,2024-09-29 02:02:00,0,3,0,0
62743,2024-09-29 02:06:36,0,7,1,235
95492,2024-09-29 02:38:34,1,3,0,0
43617,2024-09-29 02:39:36,0,4,1,177
38246,2024-09-29 02:57:47,1,5,0,0
50857,2024-09-29 03:00:46,0,8,1,501
53405,2024-09-29 03:17:05,0,4,0,0
23803,2024-09-29 03:24:49,0,3,0,0
97348,2024-09-29 03:28:46,0,5,0,0
25170,2024-09-29 03:36:13,0,7,1,195
28674,2024-09-29 03:36:21,0,9,0,0
64987,2024-09-29 03:57:13,0,8,0,0
16602,2024-09-29 04:03:08,1,8,0,0
5015,2024-09-29 04:06:22,0,4,1,324
92586,2024-09-29 04:41:57,0,3,0,0
50293,2024-09-29 04:45:06,0,6,0,0
32134,2024-09-29 04:47:11,1,9,0,0
47598,2024-09-29 04:50:28,1,4,1,184
89437,2024-09-29 05:10:00,0,8,0,0
29815,2024-09-29 05:11:19,1,4,1,368
50124,2024-09-29 05:19:12,1,7,0,0
43453,2024-09-29 05:20:53,0,7,0,0
25646,2024-09-29 05:32:47,1,8,0,0
58192,2024-09-29 05:37:46,0,9,1,275
95755,2024-09-29 06:10:26,1,12,0,0
16602,2024-09-29 06:13:29,0,4,1,282
492,2024-09-29 06:30:37,0,6,1,284
21576,2024-09-29 06:34:23,0,7,0,0
43874,2024-09-29 07:11:23,1,4,1,450
85258,2024-09-29 07:30:29,0,8,0,0
25549,2024-09-29 07:45:13,1,5,0,0
15512,2024-09-29 07:54:07,0,4,0,0
54261,2024-09-29 08:01:17,1,5,0,0
76237,2024-09-29 08:02:00,0,3,0,0
49362,2024-09-29 08:08:51,0,6,1,93
4215,2024-09-29 08:13:35,0,8,0,0
65469,2024-09-29 08:29:18,1,3,0,0
27031,2024-09-29 08:36:26,0,11,0,0
27031,2024-09-29 08:37:14,1,4,0,0
59756,2024-09-29 08:37:57,0,4,0,0
88777,2024-09-29 08:40:26,1,4,0,0
43010,2024-09-29 08:43:51,0,3,0,0
86645,2024-09-29 08:50:44,0,6,0,0
26422,2024-09-29 08:53:37,0,8,0,0
51342,2024-09-29 08:56:40,0,5,1,383
83645,2024-09-29 08:57:26,0,8,1,470
62119,2024-09-29 08:58:54,0,3,0,0
35804,2024-09-29 09:17:26,1,3,1,592
7818,2024-09-29 09:18:28,0,7,1,348
88845,2024-09-29 09:21:57,0,5,1,210
71554,2024-09-29 09:25:05,0,3,1,179
42017,2024-09-29 09:41:47,0,4,0,0
48711,2024-09-29 09:46:46,0,3,1,210
75781,2024-09-29 09:52:10,1,4,0,0
69966,2024-09-29 09:54:09,1,12,0,0
53185,2024-09-29 09:57:21,0,5,0,0
86403,2024-09-29 10:05:23,0,4,0,0
13206,2024-09-29 10:13:26,0,5,0,0
21257,2024-09-29 10:43:43,0,4,0,0
80392,2024-09-29 10:48:51,1,3,0,0
24304,2024-09-29 10:48:53,1,4,0,0
49852,2024-09-29 10:52:54,1,5,0,0
91431,2024-09-29 10:57:40,0,3,0,0
53185,2024-09-29 11:04:49,1,3,0,0
34151,2024-09-29 11:06:49,0,5,0,0
15517,2024-09-29 11:15:43,0,4,0,0
12498,2024-09-29 11:16:37,0,4,0,0
96066,2024-09-29 11:19:07,1,3,1,445
17261,2024-09-29 11:23:50,0,6,1,474
5774,2024-09-29 11:25:39,0,5,0,0
85500,2024-09-29 11:29:26,0,9,0,0
40264,2024-09-29 11:30:56,0,5,1,435
88849,2024-09-29 11:32:18,0,5,1,617
95492,2024-09-29 11:47:48,0,5,1,282
73789,2024-09-29 11:51:21,0,6,1,352
5054,2024-09-29 11:51:33,0,2,0,0
624,2024-09-29 11:52:50,0,7,1,168
72585,2024-09-29 11:54:41,1,6,0,0
55667,2024-09-29 12:03:55,1,3,0,0
71664,2024-09-29 12:06:49,0,1,0,0
7564,2024-09-29 12:11:46,0,6,0,0
30360,2024-09-29 12:13:41,0,5,1,447
34170,2024-09-29 12:20:45,0,5,0,0
97240,2024-09-29 12:29:38,1,5,0,0
74870,2024-09-29 12:29:52,0,5,0,0
55107,2024-09-29 13:08:42,0,4,1,172
22346,2024-09-29 13:14:16,0,12,0,0
79503,2024-09-29 13:25:25,0,7,0,0
38841,2024-09-29 13:29:10,0,3,0,0
18744,2024-09-29 13:29:54,0,4,0,0
99987,2024-09-29 13:40:51,0,5,0,0
70071,2024-09-29 13:48:43,0,4,1,306
86484,2024-09-29 13:49:02,0,2,0,0
55577,2024-09-29 13:55:36,0,4,0,0
30425,2024-09-29 13:55:49,0,4,1,414
88203,2024-09-29 14:05:45,1,3,0,0
1477,2024-09-29 14:07:01,0,9,0,0
14290,2024-09-29 14:13:22,0,6,1,267
66354,2024-09-29 14:14:12,0,8,1,187
58567,2024-09-29 14:18:14,1,8,0,0
25617,2024-09-29 14:23:42,0,2,1,635
70071,2024-09-29 14:28:37,0,2,0,0
73732,2024-09-29 14:36:05,0,7,0,0
58339,2024-09-29 14:53:51,0,11,0,0
65993,2024-09-29 15:00:35,0,6,0,0
92191,2024-09-29 15:13:07,1,4,0,0
41655,2024-09-29 15:23:44,1,5,0,0
61437,2024-09-29 15:30:53,0,5,0,0
86521,2024-09-29 15:35:54,0,6,0,0
51855,2024-09-29 15:37:18,1,5,1,386
23267,2024-09-29 15:44:27,1,5,1,419
84523,2024-09-29 15:44:28,0,4,1,199
18616,2024-09-29 15:48:06,0,3,0,0
63070,2024-09-29 15:55:05,1,13,0,0
21811,2024-09-29 15:55:09,0,10,0,0
46205,2024-09-29 16:15:32,1,8,0,0
72989,2024-09-29 16:18:04,0,6,0,0
27563,2024-09-29 16:27:11,1,6,1,412
98213,2024-09-29 16:27:31,1,9,0,0
78381,2024-09-29 16:39:04,1,3,0,0
80182,2024-09-29 16:44:12,0,8,1,389
42321,2024-09-29 16:47:16,1,4,1,494
65201,2024-09-29 16:49:15,0,11,1,457
42886,2024-09-29 16:52:51,0,4,0,0
268,2024-09-29 16:53:20,1,5,0,0
40338,2024-09-29 17:09:30,0,4,0,0
95599,2024-09-29 17:12:39,0,5,0,0
93455,2024-09-29 17:27:26,0,6,1,226
56315,2024-09-29 17:45:01,0,9,1,343
6185,2024-09-29 17:55:54,0,7,0,0
43995,2024-09-29 17:58:38,0,7,0,0
45406,2024-09-29 18:07:37,0,6,0,0
74770,2024-09-29 18:19:30,1,5,0,0
86618,2024-09-29 18:35:23,0,6,0,0
63483,2024-09-29 18:41:18,1,5,0,0
58339,2024-09-29 18:44:42,0,8,0,0
53215,2024-09-29 18:45:24,0,9,0,0
4347,2024-09-29 18:45:42,0,8,0,0
85730,2024-09-29 19:21:37,0,3,0,0
60671,2024-09-29 19:32:12,1,8,0,0
47010,2024-09-29 19:37:09,0,5,0,0
64278,2024-09-29 19:45:09,0,6,1,343
62743,2024-09-29 19:48:29,0,5,0,0
96562,2024-09-29 19:55:07,0,5,0,0
52407,2024-09-29 19:58:58,0,6,0,0
59954,2024-09-29 20:03:32,1,5,1,489
11840,2024-09-29 20:17:08,0,5,1,686
37924,2024-09-29 20:17:50,1,5,0,0
87710,2024-09-29 20:22:22,0,3,0,0
64711,2024-09-29 20:27:43,1,7,0,0
80681,2024-09-29 20:27:52,1,11,0,0
59167,2024-09-29 20:30:58,1,7,1,451
8469,2024-09-29 20:35:43,0,11,0,0
89182,2024-09-29 20:36:48,1,4,1,137
56642,2024-09-29 20:37:20,1,2,0,0
66691,2024-09-29 20:49:33,0,3,0,0
26690,2024-09-29 20:54:44,0,8,0,0
22788,2024-09-29 21:03:00,0,7,1,275
57271,2024-09-29 21:10:00,1,7,0,0
18840,2024-09-29 21:19:36,0,7,0,0
34671,2024-09-29 21:22:18,1,8,0,0
99063,2024-09-29 21:23:57,1,7,0,0
1677,2024-09-29 21:32:13,0,4,1,328
73732,2024-09-29 21:33:26,1,5,1,397
96223,2024-09-29 21:38:53,0,2,1,279
84440,2024-09-29 21:46:47,1,2,0,0
89532,2024-09-29 21:48:04,0,5,1,342
46855,2024-09-29 21:50:18,0,4,0,0
79511,2024-09-29 21:59:25,0,8,0,0
50442,2024-09-29 22:04:20,0,4,0,0
79971,2024-09-29 22:05:51,1,6,0,0
199,2024-09-29 22:10:46,0,5,0,0
86029,2024-09-29 22:13:02,0,8,1,333
38663,2024-09-29 22:16:22,0,8,0,0
16301,2024-09-29 22:26:23,0,3,0,0
82337,2024-09-29 22:29:02,0,4,0,0
20068,2024-09-29 22:29:13,0,4,1,348
23373,2024-09-29 22:34:17,0,5,0,0
70737,2024-09-29 22:39:34,0,3,1,327
9110,2024-09-29 22:50:04,0,4,0,0
37761,2024-09-29 22:53:31,0,6,0,0
58192,2024-09-29 22:56:19,0,4,0,0
47433,2024-09-29 22:59:57,0,9,0,0
57189,2024-09-29 23:34:23,0,4,0,0
77970,2024-09-29 23:39:24,0,9,0,0
86648,2024-09-29 23:50:31,0,5,0,0
56972,2024-09-29 23:51:32,0,8,1,642
93664,2024-09-29 23:53:40,0,3,0,0
99937,2024-09-30 00:00:03,0,6,1,412
86413,2024-09-30 00:01:39,0,3,0,0
26690,2024-09-30 00:03:07,0,4,0,0
6373,2024-09-30 00:11:23,0,12,1,353
20030,2024-09-30 00:14:58,0,7,0,0
86484,2024-09-30 00:28:51,1,6,0,0
71997,2024-09-30 00:54:32,0,7,1,331
42912,2024-09-30 01:02:51,0,8,0,0
75823,2024-09-30 01:18:30,1,8,0,0
20571,2024-09-30 01:47:57,0,8,0,0
11099,2024-09-30 02:07:09,0,5,0,0
22161,2024-09-30 02:08:58,1,13,1,282
6699,2024-09-30 02:23:47,0,5,1,164
64993,2024-09-30 02:26:26,1,3,0,0
37995,2024-09-30 02:32:29,0,7,0,0
64278,2024-09-30 02:35:09,0,3,0,0
16994,2024-09-30 02:40:02,1,5,0,0
79325,2024-09-30 02:41:44,0,4,0,0
98708,2024-09-30 02:44:21,0,5,0,0
55539,2024-09-30 02:46:31,0,7,0,0
11780,2024-09-30 02:54:45,0,4,0,0
65033,2024-09-30 03:04:40,0,6,0,0
47165,2024-09-30 03:49:25,1,12,0,0
95755,2024-09-30 03:53:26,1,8,0,0
65269,2024-09-30 04:14:43,0,6,0,0
80859,2024-09-30 04:21:51,0,7,0,0
31182,2024-09-30 04:25:06,0,6,1,306
52639,2024-09-30 04:33:45,0,5,1,292
71128,2024-09-30 04:44:20,0,7,0,0
96867,2024-09-30 04:54:08,1,8,1,571
18831,2024-09-30 05:12:00,0,3,0,0
4040,2024-09-30 05:29:42,0,9,0,0
74125,2024-09-30 05:31:30,0,6,0,0
38246,2024-09-30 05:41:25,1,5,1,316
76706,2024-09-30 05:45:36,0,5,1,380
74963,2024-09-30 05:53:53,0,4,1,298
81339,2024-09-30 05:55:24,0,8,0,0
58196,2024-09-30 05:57:37,0,6,1,412
79511,2024-09-30 06:23:53,0,3,0,0
12570,2024-09-30 06:36:16,1,5,0,0
18616,2024-09-30 07:57:38,0,8,0,0
27984,2024-09-30 08:09:37,0,7,0,0
95414,2024-09-30 08:11:50,1,3,0,0
52763,2024-09-30 08:25:08,0,4,1,246
45521,2024-09-30 08:25:55,1,2,1,222
53683,2024-09-30 08:26:44,1,9,0,0
82347,2024-09-30 08:36:26,1,2,0,0
41496,2024-09-30 08:58:34,0,7,0,0
35081,2024-09-30 08:58:58,0,10,0,0
93036,2024-09-30 09:00:48,1,7,0,0
99198,2024-09-30 09:02:01,0,8,1,216
50584,2024-09-30 09:08:24,0,8,0,0
5606,2024-09-30 09:11:33,0,6,0,0
53405,2024-09-30 09:14:42,0,10,1,346
59443,2024-09-30 09:27:31,0,6,0,0
85667,2024-09-30 09:29:54,0,7,1,314
16979,2024-09-30 09:32:13,0,4,0,0
96014,2024-09-30 09:38:31,0,6,0,0
79591,2024-09-30 10:06:19,1,4,1,302
68698,2024-09-30 10:20:22,0,6,0,0
23122,2024-09-30 10:28:27,0,8,0,0
2806,2024-09-30 10:30:41,1,7,0,0
12454,2024-09-30 10:36:23,0,9,1,387
58196,2024-09-30 10:53:29,0,5,1,590
54261,2024-09-30 10:59:19,0,5,1,457
86484,2024-09-30 11:09:52,1,5,1,348
48711,2024-09-30 11:11:41,0,5,0,0
93036,2024-09-30 11:12:49,0,2,0,0
78635,2024-09-30 11:24:18,1,9,0,0
67951,2024-09-30 11:25:08,1,9,1,325
60723,2024-09-30 11:27:45,1,6,0,0
51802,2024-09-30 11:37:01,1,11,0,0
11140,2024-09-30 11:37:06,0,7,0,0
4907,2024-09-30 12:01:16,1,11,1,357
31636,2024-09-30 12:03:30,0,6,1,347
32026,2024-09-30 12:07:24,0,3,0,0
15512,2024-09-30 12:21:03,0,5,0,0
86585,2024-09-30 12:24:39,0,4,0,0
80392,2024-09-30 12:26:29,0,3,0,0
16425,2024-09-30 12:29:39,0,6,0,0
6553,2024-09-30 12:45:06,0,7,1,292
46541,2024-09-30 13:13:51,0,8,1,308
13867,2024-09-30 13:17:04,1,4,1,248
1757,2024-09-30 13:19:09,1,8,1,438
12498,2024-09-30 13:22:28,0,3,0,0
62723,2024-09-30 13:23:07,1,6,1,282
53073,2024-09-30 13:25:53,1,7,0,0
23803,2024-09-30 13:34:51,1,8,1,263
90802,2024-09-30 13:53:41,0,8,0,0
9557,2024-09-30 14:02:46,1,6,0,0
48201,2024-09-30 14:46:07,0,9,0,0
12513,2024-09-30 14:47:04,0,7,1,352
85144,2024-09-30 14:48:12,0,5,1,563
86124,2024-09-30 14:50:09,0,8,0,0
56642,2024-09-30 14:54:12,0,6,0,0
11907,2024-09-30 14:57:19,0,4,0,0
12570,2024-09-30 15:09:37,1,6,0,0
69966,2024-09-30 15:15:55,1,3,0,0
35505,2024-09-30 15:21:44,0,6,1,263
90910,2024-09-30 15:32:44,1,6,1,524
50889,2024-09-30 15:42:50,0,3,0,0
83645,2024-09-30 15:44:53,0,5,1,273
86585,2024-09-30 15:46:15,0,8,1,167
75829,2024-09-30 15:47:29,1,6,0,0
18744,2024-09-30 15:49:44,1,5,0,0
96223,2024-09-30 15:56:53,0,9,1,420
29784,2024-09-30 16:05:01,0,5,1,255
85460,2024-09-30 16:19:24,1,4,1,147
59217,2024-09-30 16:20:12,0,8,0,0
86413,2024-09-30 16:20:14,1,7,0,0
5125,2024-09-30 16:28:12,1,10,0,0
66354,2024-09-30 16:34:18,0,8,0,0
90708,2024-09-30 16:46:02,1,6,1,333
37995,2024-09-30 16:52:36,0,9,0,0
20190,2024-09-30 17:05:54,0,6,0,0
20947,2024-09-30 17:10:29,1,6,0,0
17869,2024-09-30 17:18:19,1,2,0,0
80145,2024-09-30 17:27:44,0,9,1,130
72345,2024-09-30 17:32:40,0,6,1,187
9613,2024-09-30 17:34:38,1,5,0,0
65376,2024-09-30 17:46:59,1,6,0,0
23803,2024-09-30 17:50:15,1,2,1,205
10079,2024-09-30 18:00:01,0,4,0,0
77840,2024-09-30 18:00:14,0,9,0,0
5020,2024-09-30 18:24:37,1,5,1,171
81398,2024-09-30 18:34:22,1,9,0,0
60122,2024-09-30 18:38:16,1,10,0,0
79971,2024-09-30 18:39:40,1,11,0,0
10087,2024-09-30 18:44:25,0,7,0,0
72265,2024-09-30 18:48:29,0,6,0,0
34102,2024-09-30 18:51:07,0,4,0,0
15517,2024-09-30 18:52:14,0,4,0,0
624,2024-09-30 18:54:17,1,7,0,0
37626,2024-09-30 19:06:08,0,3,0,0
55107,2024-09-30 19:08:39,0,8,1,173
26422,2024-09-30 19:19:31,0,4,0,0
88540,2024-09-30 19:41:35,0,6,0,0
82337,2024-09-30 20:08:22,1,9,0,0
80801,2024-09-30 20:37:00,0,10,1,290
49341,2024-09-30 20:55:53,1,6,1,383
24422,2024-09-30 21:00:54,0,5,1,242
62343,2024-09-30 21:06:06,0,8,0,0
92559,2024-09-30 21:09:41,1,4,1,183
81225,2024-09-30 21:11:33,0,3,1,308
7818,2024-09-30 21:14:17,0,6,0,0
37710,2024-09-30 21:15:47,0,4,0,0
16473,2024-09-30 21:17:00,0,4,1,485
73439,2024-09-30 21:23:03,0,6,1,329
96273,2024-09-30 21:38:40,1,5,1,491
82791,2024-09-30 21:41:36,1,7,1,357
58623,2024-09-30 21:49:24,0,5,0,0
91764,2024-09-30 22:07:00,0,7,0,0
78472,2024-09-30 22:12:35,0,4,0,0
89244,2024-09-30 22:14:37,1,2,1,315
94686,2024-09-30 22:25:01,0,2,0,0
47812,2024-09-30 22:28:14,0,5,1,389
31712,2024-09-30 22:44:58,0,2,1,232
69897,2024-09-30 22:48:32,0,4,1,229
97401,2024-09-30 22:50:44,1,6,0,0
67603,2024-09-30 22:53:14,0,8,0,0
12163,2024-09-30 22:53:26,0,3,0,0
90813,2024-09-30 23:17:35,0,10,0,0
22169,2024-09-30 23:20:33,0,2,1,297
6185,2024-09-30 23:21:18,0,5,1,617
93928,2024-09-30 23:22:13,0,10,0,0
30961,2024-09-30 23:24:03,0,5,0,0
52705,2024-09-30 23:31:23,0,6,0,0
74125,2024-09-30 23:31:32,0,6,0,0
58939,2024-09-30 23:32:54,0,7,0,0
65269,2024-09-30 23:41:20,0,6,0,0
42170,2024-09-30 23:54:28,0,5,1,376
